year,id,age,sex,race,degree,educ,region,marital,childs,wrkstat,hrs1,income_2000dollars,class,party,political_views,pres16,gunlaw,cappun,cannabis_legal,happy,health,life,trust,fear,satfin,mental_health_bad_days,tv_hours,socbar,relig,attend,god,postlife,bible,read_horoscope,astrology_is_scientific,evolved,bigbang,earthsun,radioact,lasers,electron,viruses,condrift,hotcore,expdesgn,odds1,odds2,science_score,science_answered
2018,1,43,male,white,associate/junior college,14,northeast,never married,0,"with a job, but not at work because of temporary illness, vacation, strike",,,working class,not very strong republican,conservative,trump,favor,favor,,pretty happy,good,routine,,yes,not satisfied at all,20,3,about once a month,christian,2-3 times a month,no doubts,yes,word of god,no,not at all scientific,false,false,earth around sun,false,false,true,true,true,true,don't know,no,yes,6,9
2018,2,74,female,white,high school,10,northeast,separated,3,retired,,,working class,"independent, close to democrat",don't know,trump,favor,oppose,should not be legal,very happy,excellent,exciting,most people can be trusted,no,more or less satisfied,,,,catholic,about once or twice a year,no doubts,yes,word of god,,,,,,,,,,,,,,,0,0
2018,3,42,male,white,bachelor's,16,northeast,married,2,working full time,40,70100,middle class,"independent, close to republican",slightly conservative,trump,,favor,should be legal,very happy,,,can't be too careful,,more or less satisfied,3,1,about once a year,none,about once or twice a year,believe with doubts,yes,inspired word,no,not at all scientific,true,,earth around sun,false,false,false,true,true,true,500 get the drug; 500 don't,no,yes,6,8
2018,4,63,female,white,bachelor's,16,northeast,married,2,working full time,40,84120,middle class,"independent, close to democrat","moderate, middle of the road",don't know,,oppose,should not be legal,very happy,,,most people can be trusted,,pretty well satisfied,1,1,about once a year,protestant,nearly every week,no doubts,yes,inspired word,,,,,,,,,,,,,,,0,0
2018,5,71,male,black,graduate,18,northeast,divorced,0,retired,,,upper class,strong republican,extremely conservative,trump,favor,oppose,should not be legal,pretty happy,excellent,routine,most people can be trusted,no,pretty well satisfied,,,,catholic,several times a week,no doubts,yes,inspired word,,,,,,,,,,,,,,,0,0
2018,6,67,female,white,bachelor's,16,northeast,widowed,2,retired,,,working class,"independent, close to democrat",slightly liberal,clinton,favor,favor,,not too happy,good,routine,,no,more or less satisfied,,10,about once a month,catholic,about once a month,believe with doubts,yes,inspired word,no,sort of scientific,,,earth around sun,false,false,don't know,false,true,true,500 get the drug; 500 don't,no,yes,6,7
2018,7,59,female,black,high school,13,northeast,divorced,6,working full time,35,13143.75,working class,strong democrat,"moderate, middle of the road",clinton,favor,favor,should be legal,pretty happy,good,routine,can't be too careful,yes,more or less satisfied,0,,,protestant,every week,"don't know, no way to find out",yes,inspired word,,,,,,,,,,,,,,,0,0
2018,8,43,male,white,high school,12,northeast,never married,0,working full time,89,26287.5,working class,not very strong republican,slightly conservative,trump,favor,favor,should be legal,pretty happy,excellent,dull,can't be too careful,no,more or less satisfied,1,,,catholic,every week,no doubts,yes,ancient book,,,,,,,,,,,,,,,0,0
2018,9,62,female,white,less than high school,8,northeast,widowed,4,working full time,40,1402,lower class,"independent (neither, no response)","moderate, middle of the road",,,favor,should be legal,not too happy,,,can't be too careful,,not satisfied at all,10,4,never,none,never,believe with doubts,yes,word of god,no,not at all scientific,,,earth around sun,false,true,true,false,true,false,500 get the drug; 500 don't,no,yes,5,7
2018,10,55,male,white,high school,12,northeast,married,2,working full time,40,70100,middle class,not very strong democrat,don't know,trump,,favor,should be legal,pretty happy,,,can't be too careful,,pretty well satisfied,10,2,several times a year,protestant,about once or twice a year,believe with doubts,yes,inspired word,,,,,,,,,,,,,,,0,0
2018,11,59,male,white,graduate,19,northeast,divorced,2,working full time,40,84120,middle class,strong republican,conservative,trump,favor,favor,,pretty happy,excellent,exciting,,yes,more or less satisfied,0,3,several times a month,catholic,about once a month,believe with doubts,yes,inspired word,yes,not at all scientific,,,earth around sun,false,false,true,false,true,true,500 get the drug; 500 don't,no,yes,7,7
2018,12,34,female,other,high school,14,northeast,separated,3,working part time,20,13143.75,working class,not very strong democrat,"moderate, middle of the road",clinton,,favor,don't know,pretty happy,,,can't be too careful,,not satisfied at all,0,3,several times a year,protestant,2-3 times a month,no doubts,yes,word of god,,,,,,,,,,,,,,,0,0
2018,13,61,female,white,high school,13,northeast,divorced,2,retired,,,working class,not very strong democrat,"moderate, middle of the road",,favor,favor,,not too happy,poor,routine,,yes,not satisfied at all,,8,never,catholic,never,no doubts,yes,word of god,yes,sort of scientific,don't know,false,sun around earth,true,true,don't know,true,don't know,true,500 get the drug; 500 don't,no,yes,1,9
2018,14,44,male,black,bachelor's,16,northeast,married,2,working full time,40,70100,working class,strong democrat,slightly liberal,,favor,favor,should be legal,very happy,excellent,exciting,most people can be trusted,yes,more or less satisfied,0,,,catholic,several times a year,no doubts,yes,word of god,,,,,,,,,,,,,,,0,0
2018,15,41,female,black,high school,12,northeast,never married,2,keeping house,,,lower class,"independent, close to republican",liberal,,,favor,should be legal,pretty happy,,,can't be too careful,,not satisfied at all,,8,never,none,never,no doubts,yes,word of god,no,sort of scientific,,,don't know,don't know,don't know,don't know,true,true,true,all 1000 get the drug,no,yes,2,7
2018,16,75,female,white,high school,12,northeast,widowed,4,working part time,19,7886.249999999999,middle class,"independent (neither, no response)",slightly conservative,,favor,oppose,,pretty happy,good,dull,,yes,more or less satisfied,0,5,never,catholic,every week,no doubts,don't know,word of god,yes,sort of scientific,,,sun around earth,don't know,don't know,don't know,true,don't know,don't know,all 1000 get the drug,no,yes,0,7
2018,17,55,female,white,bachelor's,16,northeast,married,0,"unemployed, laid off, looking for work",,47317.5,working class,"independent, close to democrat",liberal,clinton,,oppose,should be legal,not too happy,,,most people can be trusted,,not satisfied at all,,3,about once a month,none,less than once a year,higher power,don't know,ancient book,,,,,,,,,,,,,,,0,0
2018,18,30,female,white,bachelor's,16,northeast,married,2,keeping house,,,middle class,"independent (neither, no response)",conservative,,favor,oppose,,very happy,excellent,routine,,no,more or less satisfied,,1,never,muslim/islam,never,no doubts,yes,inspired word,no,not at all scientific,false,true,earth around sun,false,true,true,false,false,true,500 get the drug; 500 don't,no,yes,6,9
2018,19,40,female,white,graduate,20,northeast,divorced,2,working full time,40,47317.5,middle class,not very strong democrat,liberal,clinton,favor,favor,should not be legal,pretty happy,excellent,routine,can't be too careful,no,more or less satisfied,0,,,protestant,about once a month,believe with doubts,don't know,ancient book,,,,,,,,,,,,,,,0,0
2018,20,30,male,white,graduate,18,northeast,never married,0,working full time,40,,middle class,"independent, close to republican","moderate, middle of the road",trump,,favor,should be legal,not too happy,,,can't be too careful,,more or less satisfied,9,0,several times a month,catholic,2-3 times a month,no doubts,yes,other (vol),,,,,,,,,,,,,,,0,0
2018,21,34,female,white,high school,15,northeast,married,1,working full time,42,26287.5,middle class,not very strong republican,conservative,,favor,oppose,,very happy,excellent,exciting,,yes,more or less satisfied,0,1,about once a year,orthodox-christian,about once or twice a year,believe with doubts,yes,inspired word,no,sort of scientific,true,true,earth around sun,false,false,don't know,false,true,true,500 get the drug; 500 don't,no,no,8,9
2018,22,29,female,other,associate/junior college,14,northeast,never married,0,in school,,,working class,not very strong republican,conservative,trump,favor,,don't know,pretty happy,good,routine,depends,no,more or less satisfied,,,,protestant,every week,no doubts,yes,word of god,,,,,,,,,,,,,,,0,0
2018,23,40,female,white,associate/junior college,14,northeast,married,1,working full time,32,70100,middle class,"independent, close to democrat","moderate, middle of the road",clinton,,favor,should be legal,pretty happy,,,can't be too careful,,not satisfied at all,0,5,several times a year,catholic,less than once a year,believe with doubts,yes,inspired word,yes,not at all scientific,don't know,,earth around sun,false,don't know,true,false,true,true,500 get the drug; 500 don't,no,yes,6,8
2018,24,37,male,white,high school,12,northeast,never married,0,working full time,50,31544.999999999996,working class,strong democrat,extremely liberal,clinton,favor,favor,,very happy,excellent,exciting,,no,more or less satisfied,5,1,several times a month,buddhism,never,higher power,yes,ancient book,yes,very scientific,,,earth around sun,false,false,true,false,true,true,500 get the drug; 500 don't,no,yes,7,7
2018,25,56,female,white,bachelor's,16,northeast,married,3,working part time,15,13143.75,middle class,not very strong republican,conservative,trump,oppose,oppose,,very happy,good,routine,,yes,more or less satisfied,1,2,several times a year,protestant,nearly every week,no doubts,yes,word of god,no,not at all scientific,false,false,earth around sun,false,false,true,false,false,true,500 get the drug; 500 don't,no,yes,6,9
2018,26,82,male,white,less than high school,8,northeast,widowed,2,retired,,,middle class,not very strong republican,"moderate, middle of the road",,favor,favor,should be legal,very happy,excellent,exciting,most people can be trusted,no,pretty well satisfied,,,,catholic,about once or twice a year,believe with doubts,no,inspired word,,,,,,,,,,,,,,,0,0
2018,27,68,female,white,high school,12,northeast,divorced,3,working full time,33,26287.5,working class,not very strong democrat,"moderate, middle of the road",trump,favor,favor,,pretty happy,good,routine,,yes,more or less satisfied,5,2,several times a year,catholic,2-3 times a month,no doubts,yes,inspired word,no,not at all scientific,false,false,earth around sun,false,don't know,don't know,false,true,true,500 get the drug; 500 don't,no,yes,5,9
2018,28,42,female,black,less than high school,9,northeast,never married,5,keeping house,,,middle class,not very strong democrat,"moderate, middle of the road",clinton,oppose,favor,should be legal,not too happy,excellent,routine,can't be too careful,no,more or less satisfied,,,,protestant,nearly every week,no doubts,yes,word of god,,,,,,,,,,,,,,,0,0
2018,29,40,female,white,high school,12,northeast,divorced,3,keeping house,,,middle class,strong republican,extremely conservative,don't know,,favor,should not be legal,not too happy,,,can't be too careful,,more or less satisfied,,3,about once a month,catholic,several times a year,no doubts,yes,word of god,no,sort of scientific,true,,earth around sun,false,true,false,true,true,true,all 1000 get the drug,no,yes,5,8
2018,30,20,male,white,high school,14,northeast,never married,0,working part time,40,9638.75,middle class,"independent, close to republican",liberal,,favor,oppose,don't know,pretty happy,excellent,exciting,can't be too careful,no,pretty well satisfied,0,,,catholic,less than once a year,no doubts,yes,inspired word,,,,,,,,,,,,,,,0,0
2018,31,74,female,white,high school,12,northeast,married,2,retired,,,working class,"independent, close to republican",extremely conservative,trump,,favor,should not be legal,pretty happy,,,can't be too careful,,not satisfied at all,,5,never,catholic,about once or twice a year,no doubts,yes,inspired word,,,,,,,,,,,,,,,0,0
2018,32,89,male,white,less than high school,8,northeast,married,7,retired,,,middle class,strong republican,"moderate, middle of the road",don't know,favor,oppose,should not be legal,not too happy,fair,routine,can't be too careful,no,not satisfied at all,,,,catholic,several times a week,no doubts,yes,word of god,,,,,,,,,,,,,,,0,0
2018,33,60,female,white,bachelor's,16,northeast,married,2,keeping house,,,middle class,"independent (neither, no response)","moderate, middle of the road",clinton,,oppose,should be legal,pretty happy,,,depends,,more or less satisfied,,3,about once a month,protestant,several times a year,no doubts,yes,inspired word,yes,not at all scientific,,,earth around sun,false,false,don't know,false,false,true,500 get the drug; 500 don't,no,yes,5,7
2018,34,56,female,white,bachelor's,16,northeast,divorced,0,working full time,46,84120,middle class,not very strong democrat,extremely liberal,clinton,oppose,oppose,,pretty happy,fair,exciting,,yes,pretty well satisfied,10,3,about once a month,none,never,don't believe,no,ancient book,no,not at all scientific,true,true,earth around sun,false,false,true,false,true,true,500 get the drug; 500 don't,no,yes,9,9
2018,35,55,female,white,less than high school,10,northeast,divorced,3,working part time,16,,middle class,"independent, close to democrat",conservative,clinton,,,should not be legal,very happy,,,can't be too careful,,more or less satisfied,0,2,never,protestant,every week,no doubts,yes,word of god,no,not at all scientific,false,,earth around sun,true,false,don't know,false,true,true,500 get the drug; 500 don't,yes,no,5,8
2018,36,65,male,white,graduate,18,northeast,married,5,working full time,40,70100,working class,strong republican,extremely conservative,trump,oppose,favor,should not be legal,very happy,excellent,exciting,most people can be trusted,no,pretty well satisfied,1,,,jewish,several times a year,no doubts,no,inspired word,,,,,,,,,,,,,,,0,0
2018,37,71,female,white,graduate,20,northeast,widowed,1,working part time,20,,middle class,strong democrat,"moderate, middle of the road",clinton,favor,oppose,,pretty happy,fair,exciting,,no,more or less satisfied,0,2,never,jewish,nearly every week,believe with doubts,no,inspired word,no,not at all scientific,true,true,earth around sun,false,don't know,true,false,true,true,500 get the drug; 500 don't,no,yes,8,9
2018,38,34,male,white,graduate,20,northeast,never married,0,working full time,45,31544.999999999996,lower class,strong democrat,extremely liberal,clinton,favor,oppose,should be legal,not too happy,good,exciting,can't be too careful,no,not satisfied at all,0,,,none,never,don't believe,no,ancient book,,,,,,,,,,,,,,,0,0
2018,39,45,male,white,graduate,19,northeast,married,1,working full time,50,31544.999999999996,working class,"independent, close to republican",slightly conservative,,,oppose,should be legal,pretty happy,,,can't be too careful,,more or less satisfied,0,1,never,protestant,every week,no doubts,yes,inspired word,no,not at all scientific,,,earth around sun,false,false,true,true,true,don't know,500 get the drug; 500 don't,no,yes,5,7
2018,40,50,female,black,high school,12,northeast,,,,,,,,"moderate, middle of the road",,favor,favor,,pretty happy,good,don't know,,no,,,4,about once a year,none,don't know,don't know,don't know,inspired word,no,not at all scientific,,,earth around sun,false,true,true,false,true,true,don't know,no,yes,6,7
2018,41,65,female,white,high school,12,northeast,divorced,2,working part time,30,9638.75,lower class,strong democrat,slightly liberal,clinton,,oppose,should be legal,pretty happy,,,most people can be trusted,,not satisfied at all,7,2,never,none,about once or twice a year,no doubts,yes,ancient book,,,,,,,,,,,,,,,0,0
2018,42,52,male,white,high school,12,northeast,never married,0,working full time,40,26287.5,working class,not very strong democrat,"moderate, middle of the road",,favor,favor,,pretty happy,good,routine,,no,more or less satisfied,10,5,once or twice a week,catholic,never,believe with doubts,yes,word of god,yes,not at all scientific,don't know,don't know,sun around earth,false,don't know,don't know,true,true,don't know,500 get the drug; 500 don't,no,no,2,9
2018,43,62,female,white,high school,12,northeast,widowed,1,retired,,,lower class,strong democrat,"moderate, middle of the road",clinton,,favor,should be legal,very happy,,,can't be too careful,,not satisfied at all,,8,never,catholic,about once or twice a year,believe with doubts,yes,inspired word,,,,,,,,,,,,,,,0,0
2018,44,60,male,other,graduate,18,northeast,married,0,"with a job, but not at work because of temporary illness, vacation, strike",,,middle class,strong democrat,"moderate, middle of the road",clinton,favor,oppose,should be legal,pretty happy,excellent,exciting,most people can be trusted,no,pretty well satisfied,,,,other,about once or twice a year,higher power,yes,inspired word,,,,,,,,,,,,,,,0,0
2018,45,62,female,white,bachelor's,16,northeast,divorced,2,keeping house,,47317.5,working class,"independent, close to democrat",liberal,clinton,favor,oppose,should be legal,pretty happy,excellent,exciting,most people can be trusted,yes,not satisfied at all,,,,muslim/islam,several times a year,no doubts,yes,inspired word,,,,,,,,,,,,,,,0,0
2018,46,46,female,white,high school,12,northeast,widowed,3,working part time,25,22782.5,working class,not very strong democrat,slightly conservative,clinton,,oppose,don't know,not too happy,,,can't be too careful,,more or less satisfied,15,5,never,catholic,never,no doubts,no,word of god,,,,,,,,,,,,,,,0,0
2018,47,40,male,white,graduate,18,northeast,married,2,working part time,20,57832.5,middle class,not very strong democrat,slightly liberal,,,oppose,should be legal,pretty happy,,,most people can be trusted,,not satisfied at all,0,2,several times a year,catholic,never,no doubts,no,inspired word,yes,not at all scientific,,,earth around sun,false,false,true,false,true,true,500 get the drug; 500 don't,no,yes,7,7
2018,48,53,female,white,graduate,18,northeast,married,3,keeping house,,,upper class,not very strong democrat,slightly liberal,clinton,,favor,should be legal,pretty happy,,,most people can be trusted,,pretty well satisfied,,3,several times a year,catholic,every week,higher power,yes,inspired word,,,,,,,,,,,,,,,0,0
2018,49,75,male,white,bachelor's,17,northeast,divorced,1,retired,,,middle class,not very strong republican,conservative,trump,,favor,should not be legal,pretty happy,,,most people can be trusted,,pretty well satisfied,,0,once or twice a week,protestant,every week,no doubts,yes,inspired word,no,not at all scientific,true,,earth around sun,false,false,false,false,true,true,all 1000 get the drug,no,yes,7,8
2018,50,67,female,white,bachelor's,16,northeast,divorced,2,retired,,,middle class,"independent, close to democrat","moderate, middle of the road",clinton,favor,oppose,,pretty happy,good,routine,,no,pretty well satisfied,,2,never,other,several times a year,higher power,yes,inspired word,yes,sort of scientific,,,earth around sun,false,false,true,false,true,true,500 get the drug; 500 don't,yes,no,7,7
2018,51,22,male,white,high school,14,northeast,never married,0,working full time,30,,working class,"independent (neither, no response)",don't know,,favor,oppose,should be legal,pretty happy,excellent,exciting,can't be too careful,no,more or less satisfied,0,,,catholic,about once or twice a year,no doubts,yes,inspired word,,,,,,,,,,,,,,,0,0
2018,52,42,female,white,high school,12,northeast,separated,3,working full time,40,19277.5,working class,not very strong democrat,"moderate, middle of the road",clinton,favor,don't know,,not too happy,good,routine,,no,more or less satisfied,1,2,about once a month,protestant,several times a year,no doubts,yes,word of god,yes,not at all scientific,false,don't know,earth around sun,true,don't know,don't know,false,true,true,500 get the drug; 500 don't,no,yes,4,9
2018,53,59,female,white,graduate,18,northeast,divorced,2,working full time,55,57832.5,middle class,"independent (neither, no response)","moderate, middle of the road",,,favor,don't know,pretty happy,,,most people can be trusted,,not satisfied at all,11,20,never,jewish,several times a year,believe with doubts,don't know,other (vol),no,not at all scientific,,,don't know,true,true,don't know,false,true,don't know,500 get the drug; 500 don't,no,yes,2,7
2018,54,33,female,other,graduate,18,northeast,married,1,in school,,38555,working class,"independent (neither, no response)","moderate, middle of the road",,favor,don't know,should not be legal,very happy,good,routine,can't be too careful,don't know,more or less satisfied,,,,hinduism,several times a year,higher power,yes,other (vol),,,,,,,,,,,,,,,0,0
2018,55,46,male,white,bachelor's,16,northeast,married,2,working full time,40,176200.14942,middle class,"independent (neither, no response)",slightly liberal,trump,,oppose,should be legal,pretty happy,,,most people can be trusted,,pretty well satisfied,0,1,about once a year,none,about once or twice a year,don't believe,no,ancient book,,,,,,,,,,,,,,,0,0
2018,56,55,male,white,bachelor's,14,northeast,divorced,1,working full time,40,98140,middle class,not very strong republican,"moderate, middle of the road",trump,favor,favor,should be legal,pretty happy,fair,routine,most people can be trusted,yes,pretty well satisfied,0,,,catholic,less than once a year,believe with doubts,yes,inspired word,,,,,,,,,,,,,,,0,0
2018,57,43,female,white,bachelor's,16,northeast,married,2,keeping house,,,middle class,"independent (neither, no response)","moderate, middle of the road",clinton,,oppose,should be legal,pretty happy,,,can't be too careful,,not satisfied at all,,1,about once a year,catholic,about once a month,no doubts,yes,inspired word,no,sort of scientific,true,,earth around sun,false,true,false,true,true,true,500 get the drug; 500 don't,no,yes,5,8
2018,58,45,female,black,high school,14,northeast,never married,2,"unemployed, laid off, looking for work",,6309,working class,"independent, close to democrat",don't know,,favor,favor,,not too happy,good,routine,,no,not satisfied at all,,0,about once a year,protestant,never,no doubts,yes,inspired word,no,not at all scientific,true,don't know,sun around earth,false,don't know,true,true,true,true,500 get the drug; 500 don't,don't know,yes,5,9
2018,59,23,male,white,less than high school,11,northeast,never married,0,working full time,35,47317.5,middle class,not very strong democrat,conservative,,oppose,oppose,should be legal,pretty happy,fair,exciting,can't be too careful,no,more or less satisfied,0,,,catholic,several times a year,no doubts,yes,inspired word,,,,,,,,,,,,,,,0,0
2018,60,28,female,black,high school,9,northeast,separated,2,working part time,29,4556.5,lower class,not very strong democrat,"moderate, middle of the road",,,oppose,should be legal,not too happy,,,most people can be trusted,,not satisfied at all,5,12,never,none,never,higher power,yes,ancient book,,,,,,,,,,,,,,,0,0
2018,61,27,female,black,high school,13,northeast,married,1,keeping house,,2453.5,middle class,strong democrat,liberal,,favor,oppose,,pretty happy,fair,exciting,,yes,not satisfied at all,,17,never,other,about once or twice a year,no doubts,yes,inspired word,yes,very scientific,true,false,earth around sun,false,false,true,true,true,true,all 1000 get the drug,no,yes,7,9
2018,62,42,female,black,less than high school,10,northeast,married,3,working part time,25,14896.249999999998,lower class,strong democrat,extremely liberal,clinton,,oppose,should be legal,not too happy,,,most people can be trusted,,not satisfied at all,0,10,several times a year,protestant,about once or twice a year,no doubts,yes,word of god,yes,very scientific,false,,don't know,true,don't know,don't know,true,don't know,false,all 1000 get the drug,no,no,0,8
2018,63,41,female,black,bachelor's,16,northeast,never married,0,working full time,35,38555,middle class,strong democrat,"moderate, middle of the road",clinton,favor,oppose,,pretty happy,good,routine,,no,more or less satisfied,0,4,never,protestant,every week,no doubts,yes,word of god,no,not at all scientific,false,false,earth around sun,false,don't know,true,true,true,true,500 get the drug; 500 don't,no,yes,5,9
2018,64,64,female,black,high school,13,northeast,widowed,1,retired,,,middle class,strong democrat,"moderate, middle of the road",clinton,favor,favor,,pretty happy,excellent,exciting,,yes,not satisfied at all,,5,never,protestant,several times a week,no doubts,yes,word of god,no,not at all scientific,,,earth around sun,true,don't know,true,true,false,true,500 get the drug; 500 don't,yes,yes,3,7
2018,65,53,male,black,less than high school,12,northeast,never married,4,retired,,,working class,"independent, close to republican","moderate, middle of the road",,,oppose,should not be legal,pretty happy,,,can't be too careful,,more or less satisfied,,3,never,none,never,no doubts,yes,don't know,,,,,,,,,,,,,,,0,0
2018,66,79,male,black,graduate,20,northeast,divorced,4,retired,,,lower class,"independent, close to democrat",liberal,clinton,favor,oppose,,not too happy,excellent,routine,,no,more or less satisfied,,1,about once a year,protestant,several times a year,no doubts,yes,inspired word,yes,sort of scientific,true,false,sun around earth,false,true,false,true,don't know,true,500 get the drug; 500 don't,no,no,3,9
2018,67,34,male,white,high school,14,northeast,married,3,working full time,45,38555,working class,not very strong democrat,conservative,,favor,favor,,pretty happy,fair,routine,,no,more or less satisfied,0,1,several times a year,protestant,less than once a year,believe with doubts,no,ancient book,no,sort of scientific,,,earth around sun,false,false,false,true,true,true,500 get the drug; 500 don't,yes,no,5,7
2018,68,59,female,black,high school,14,northeast,separated,3,retired,,,working class,strong democrat,"moderate, middle of the road",clinton,favor,oppose,should be legal,very happy,good,exciting,can't be too careful,yes,not satisfied at all,,,,protestant,several times a week,no doubts,yes,word of god,,,,,,,,,,,,,,,0,0
2018,69,32,female,black,graduate,19,northeast,never married,0,working full time,55,98140,middle class,strong democrat,slightly liberal,clinton,favor,oppose,,pretty happy,excellent,exciting,,no,more or less satisfied,0,0,never,protestant,nearly every week,no doubts,yes,inspired word,no,not at all scientific,false,false,earth around sun,false,false,false,false,true,true,500 get the drug; 500 don't,no,yes,6,9
2018,70,33,female,black,bachelor's,16,northeast,married,3,keeping house,,,lower class,not very strong democrat,extremely liberal,,,oppose,should not be legal,very happy,,,can't be too careful,,not satisfied at all,,4,never,protestant,never,no doubts,no,word of god,no,sort of scientific,true,,sun around earth,true,false,false,true,true,true,500 get the drug; 500 don't,no,no,4,8
2018,71,35,male,white,high school,15,northeast,never married,0,keeping house,,,lower class,strong democrat,"moderate, middle of the road",clinton,,favor,should not be legal,pretty happy,,,most people can be trusted,,pretty well satisfied,,5,several times a year,catholic,several times a year,no doubts,no,ancient book,,,,,,,,,,,,,,,0,0
2018,72,37,male,black,associate/junior college,16,northeast,married,0,working full time,75,47317.5,working class,strong democrat,liberal,,,don't know,should not be legal,pretty happy,,,can't be too careful,,more or less satisfied,0,2,several times a month,protestant,less than once a year,believe with doubts,yes,inspired word,,,,,,,,,,,,,,,0,0
2018,73,28,female,other,bachelor's,16,northeast,married,0,keeping house,,,working class,"independent (neither, no response)",slightly liberal,,favor,favor,,very happy,good,exciting,,no,more or less satisfied,,5,once or twice a week,none,never,higher power,no,ancient book,no,very scientific,true,true,earth around sun,false,don't know,true,true,true,true,500 get the drug; 500 don't,yes,yes,7,9
2018,74,42,female,white,graduate,20,northeast,married,2,working full time,45,22782.5,upper class,not very strong democrat,liberal,clinton,favor,oppose,should be legal,pretty happy,good,routine,most people can be trusted,no,pretty well satisfied,0,,,catholic,about once a month,"don't know, no way to find out",no,ancient book,,,,,,,,,,,,,,,0,0
2018,75,21,male,white,high school,14,northeast,never married,0,working full time,35,5257.5,middle class,other party,liberal,,favor,oppose,should be legal,pretty happy,fair,exciting,can't be too careful,no,not satisfied at all,5,,,none,never,"don't know, no way to find out",yes,inspired word,,,,,,,,,,,,,,,0,0
2018,76,33,female,black,associate/junior college,14,northeast,never married,2,working full time,32,26287.5,working class,"independent (neither, no response)",conservative,clinton,favor,favor,,very happy,excellent,routine,,no,more or less satisfied,0,1,never,protestant,never,no doubts,don't know,inspired word,no,not at all scientific,,,sun around earth,false,true,true,true,true,true,500 get the drug; 500 don't,no,no,4,7
2018,77,37,female,white,bachelor's,16,northeast,married,2,working full time,50,98140,middle class,"independent (neither, no response)","moderate, middle of the road",,favor,favor,don't know,very happy,excellent,routine,most people can be trusted,yes,pretty well satisfied,5,,,catholic,several times a year,believe sometimes,don't know,inspired word,,,,,,,,,,,,,,,0,0
2018,78,89,female,white,less than high school,8,northeast,widowed,3,keeping house,,,middle class,"independent (neither, no response)","moderate, middle of the road",,,don't know,don't know,pretty happy,,,can't be too careful,,more or less satisfied,,2,never,catholic,several times a year,no doubts,yes,inspired word,,,,,,,,,,,,,,,0,0
2018,79,47,female,other,associate/junior college,14,northeast,married,1,keeping house,,,middle class,"independent (neither, no response)","moderate, middle of the road",,favor,favor,don't know,pretty happy,good,routine,can't be too careful,no,more or less satisfied,,,,,don't know,,,,,,,,,,,,,,,,,,0,0
2018,80,63,female,other,less than high school,,northeast,married,,,,,,,,,,,don't know,very happy,,,depends,,more or less satisfied,,3,never,,don't know,,don't know,,,,,,,,,,,,,,,,0,0
2018,81,71,female,black,bachelor's,16,northeast,married,0,retired,,,middle class,"independent, close to democrat",liberal,clinton,favor,oppose,,pretty happy,good,routine,,yes,more or less satisfied,,5,never,protestant,never,higher power,don't know,ancient book,yes,not at all scientific,true,true,earth around sun,false,false,true,false,true,true,500 get the drug; 500 don't,no,yes,9,9
2018,82,42,female,black,high school,12,northeast,married,1,working full time,40,,working class,not very strong democrat,,clinton,favor,oppose,,pretty happy,good,,,no,not satisfied at all,3,2,never,,don't know,no doubts,,,yes,sort of scientific,false,false,don't know,true,don't know,false,don't know,don't know,don't know,500 get the drug; 500 don't,no,yes,0,9
2018,83,37,female,other,high school,12,northeast,divorced,1,working full time,40,11391.25,working class,not very strong democrat,"moderate, middle of the road",,,oppose,should be legal,very happy,,,can't be too careful,,more or less satisfied,3,2,about once a year,catholic,less than once a year,believe with doubts,yes,inspired word,yes,sort of scientific,true,,earth around sun,true,true,false,false,true,true,all 1000 get the drug,yes,yes,5,8
2018,84,40,female,white,high school,13,northeast,married,4,working full time,40,31544.999999999996,working class,not very strong democrat,extremely conservative,clinton,favor,oppose,,very happy,excellent,routine,,no,more or less satisfied,0,1,never,catholic,2-3 times a month,higher power,no,word of god,yes,not at all scientific,,,earth around sun,false,false,true,true,true,true,500 get the drug; 500 don't,no,yes,6,7
2018,85,70,male,white,high school,12,northeast,separated,4,working part time,20,14896.249999999998,working class,not very strong republican,conservative,clinton,favor,favor,should be legal,pretty happy,good,routine,can't be too careful,yes,more or less satisfied,0,,,catholic,never,no doubts,no,inspired word,,,,,,,,,,,,,,,0,0
2018,86,28,male,black,bachelor's,17,northeast,never married,0,working full time,42,31544.999999999996,middle class,not very strong democrat,slightly liberal,clinton,,oppose,,pretty happy,,,most people can be trusted,,more or less satisfied,0,0,about once a month,none,never,higher power,don't know,inspired word,yes,sort of scientific,,,earth around sun,don't know,don't know,true,don't know,don't know,don't know,500 get the drug; 500 don't,no,no,2,7
2018,87,53,female,other,high school,13,northeast,never married,2,working full time,40,350.5,lower class,strong democrat,liberal,clinton,,oppose,should not be legal,pretty happy,,,can't be too careful,,not satisfied at all,0,3,about once a year,protestant,every week,no doubts,yes,word of god,,,,,,,,,,,,,,,0,0
2018,88,46,male,white,high school,16,northeast,married,2,"with a job, but not at work because of temporary illness, vacation, strike",,176200.14942,middle class,strong democrat,extremely liberal,clinton,oppose,oppose,should be legal,pretty happy,good,exciting,most people can be trusted,no,more or less satisfied,0,,,none,never,believe with doubts,no,ancient book,,,,,,,,,,,,,,,0,0
2018,89,55,male,white,graduate,18,northeast,married,0,working full time,35,38555,middle class,strong democrat,liberal,clinton,,favor,should be legal,pretty happy,,,most people can be trusted,,pretty well satisfied,5,3,about once a year,protestant,several times a year,higher power,no,ancient book,,,,,,,,,,,,,,,0,0
2018,90,28,male,other,graduate,18,northeast,never married,0,working full time,35,6309,working class,not very strong democrat,"moderate, middle of the road",other candidate,,favor,should be legal,pretty happy,,,most people can be trusted,,not satisfied at all,1,2,several times a year,muslim/islam,every week,no doubts,yes,inspired word,no,not at all scientific,,,earth around sun,false,false,true,true,true,true,500 get the drug; 500 don't,no,yes,6,7
2018,91,42,male,white,graduate,16,northeast,never married,0,"with a job, but not at work because of temporary illness, vacation, strike",,70100,middle class,"independent, close to democrat","moderate, middle of the road",clinton,,favor,should be legal,pretty happy,,,can't be too careful,,more or less satisfied,1,1,several times a year,none,never,believe with doubts,yes,inspired word,,,,,,,,,,,,,,,0,0
2018,92,77,female,white,graduate,19,northeast,married,0,working part time,3,13143.75,middle class,strong democrat,extremely liberal,clinton,favor,oppose,,not too happy,excellent,exciting,,no,more or less satisfied,3,4,about once a year,protestant,every week,believe sometimes,yes,inspired word,no,not at all scientific,true,don't know,earth around sun,false,false,true,false,true,true,500 get the drug; 500 don't,no,don't know,8,9
2018,93,29,male,other,graduate,16,northeast,never married,0,working part time,30,,middle class,"independent (neither, no response)",slightly liberal,,,oppose,should be legal,very happy,,,can't be too careful,,pretty well satisfied,1,1,once or twice a week,hinduism,several times a year,no doubts,don't know,inspired word,,,,,,,,,,,,,,,0,0
2018,94,62,female,black,less than high school,12,northeast,widowed,1,keeping house,,,middle class,"independent, close to democrat",liberal,,,favor,don't know,not too happy,,,can't be too careful,,don't know,,3,never,none,every week,don't know,yes,other (vol),yes,sort of scientific,,,sun around earth,false,true,don't know,true,true,true,500 get the drug; 500 don't,don't know,don't know,3,7
2018,95,30,female,black,bachelor's,16,northeast,never married,2,working full time,40,70100,working class,"independent, close to democrat",liberal,clinton,favor,oppose,,pretty happy,fair,routine,,no,more or less satisfied,0,5,once or twice a week,protestant,several times a year,no doubts,yes,word of god,yes,sort of scientific,,,earth around sun,false,don't know,true,false,true,true,500 get the drug; 500 don't,no,yes,6,7
2018,96,22,male,black,high school,14,northeast,never married,0,working part time,30,,middle class,not very strong democrat,liberal,,favor,favor,should not be legal,pretty happy,fair,routine,can't be too careful,yes,pretty well satisfied,15,,,protestant,several times a year,believe sometimes,yes,inspired word,,,,,,,,,,,,,,,0,0
2018,97,69,female,black,high school,13,northeast,married,1,retired,,,middle class,strong democrat,liberal,clinton,favor,oppose,should be legal,pretty happy,good,routine,can't be too careful,no,pretty well satisfied,,,,protestant,several times a year,believe sometimes,don't know,ancient book,,,,,,,,,,,,,,,0,0
2018,98,45,male,black,bachelor's,16,northeast,separated,0,"with a job, but not at work because of temporary illness, vacation, strike",,38555,working class,strong democrat,slightly conservative,clinton,favor,favor,,very happy,good,exciting,,no,not satisfied at all,0,0,about once a month,catholic,several times a year,no doubts,yes,other (vol),yes,not at all scientific,false,false,earth around sun,false,false,true,false,true,true,500 get the drug; 500 don't,no,yes,7,9
2018,99,32,female,other,high school,12,northeast,married,1,keeping house,,,middle class,not very strong democrat,"moderate, middle of the road",clinton,,oppose,should be legal,pretty happy,excellent,exciting,can't be too careful,no,more or less satisfied,,,,muslim/islam,never,no doubts,yes,inspired word,,,,,,,,,,,,,,,0,0
2018,100,60,female,white,less than high school,4,northeast,widowed,1,keeping house,,,working class,"independent, close to republican","moderate, middle of the road",,favor,favor,should not be legal,very happy,good,dull,can't be too careful,yes,more or less satisfied,,,,catholic,several times a year,no doubts,don't know,ancient book,,,,,,,,,,,,,,,0,0
2018,101,48,male,other,less than high school,12,northeast,divorced,1,working full time,40,38555,lower class,"independent, close to republican",conservative,trump,oppose,oppose,,not too happy,fair,routine,,yes,not satisfied at all,0,3,about once a year,catholic,never,higher power,don't know,other (vol),yes,sort of scientific,,,earth around sun,false,false,true,true,true,true,500 get the drug; 500 don't,no,no,6,7
2018,102,81,female,other,high school,12,northeast,divorced,1,retired,,,don't know,not very strong democrat,liberal,,favor,favor,,not too happy,poor,routine,,yes,not satisfied at all,,3,never,hinduism,about once or twice a year,no doubts,no,don't know,no,don't know,true,don't know,sun around earth,true,don't know,true,true,true,true,500 get the drug; 500 don't,yes,yes,4,9
2018,103,50,male,other,graduate,18,northeast,married,0,working full time,40,84120,middle class,"independent, close to democrat",liberal,clinton,favor,oppose,should be legal,pretty happy,excellent,routine,most people can be trusted,no,pretty well satisfied,0,,,none,never,don't believe,no,ancient book,,,,,,,,,,,,,,,0,0
2018,104,78,female,white,high school,14,northeast,married,2,retired,,,middle class,"independent, close to republican",slightly conservative,trump,favor,favor,should not be legal,very happy,fair,exciting,most people can be trusted,no,pretty well satisfied,,,,catholic,never,no doubts,yes,inspired word,,,,,,,,,,,,,,,0,0
2018,105,56,male,white,graduate,18,northeast,never married,0,"with a job, but not at work because of temporary illness, vacation, strike",,47317.5,middle class,strong democrat,extremely liberal,clinton,,oppose,should be legal,pretty happy,,,depends,,pretty well satisfied,0,8,about once a year,jewish,several times a year,"don't know, no way to find out",no,ancient book,,,,,,,,,,,,,,,0,0
2018,106,60,male,white,high school,14,northeast,never married,0,working full time,40,70100,working class,"independent, close to republican",slightly conservative,trump,oppose,oppose,,pretty happy,good,routine,,no,more or less satisfied,2,1,never,catholic,every week,no doubts,yes,inspired word,yes,not at all scientific,true,true,earth around sun,false,false,false,false,true,true,500 get the drug; 500 don't,no,no,8,9
2018,107,23,male,white,high school,12,northeast,never married,0,working full time,64,31544.999999999996,middle class,not very strong republican,"moderate, middle of the road",trump,,favor,should not be legal,pretty happy,,,can't be too careful,,pretty well satisfied,0,12,several times a month,catholic,never,higher power,yes,ancient book,,,,,,,,,,,,,,,0,0
2018,108,67,female,white,high school,12,northeast,never married,0,"with a job, but not at work because of temporary illness, vacation, strike",,,working class,"independent (neither, no response)",don't know,,,don't know,should be legal,pretty happy,,,can't be too careful,,not satisfied at all,0,5,never,catholic,never,no doubts,yes,inspired word,,,,,,,,,,,,,,,0,0
2018,109,54,female,white,bachelor's,16,northeast,married,5,working part time,30,,working class,"independent (neither, no response)",,,favor,,should not be legal,very happy,good,routine,can't be too careful,no,more or less satisfied,0,,,catholic,less than once a year,no doubts,yes,word of god,,,,,,,,,,,,,,,0,0
2018,110,62,female,white,associate/junior college,14,northeast,married,2,keeping house,,,middle class,"independent (neither, no response)",slightly liberal,clinton,,,should be legal,not too happy,,,can't be too careful,,not satisfied at all,,6,several times a year,catholic,nearly every week,no doubts,yes,inspired word,,,,,,,,,,,,,,,0,0
2018,111,55,female,white,associate/junior college,14,northeast,divorced,2,working full time,36,70100,working class,strong democrat,"moderate, middle of the road",clinton,favor,favor,should be legal,very happy,good,exciting,can't be too careful,no,pretty well satisfied,0,,,protestant,about once or twice a year,higher power,don't know,inspired word,,,,,,,,,,,,,,,0,0
2018,112,56,female,white,high school,12,northeast,married,1,working part time,28,9638.75,middle class,not very strong democrat,conservative,,,favor,don't know,very happy,,,can't be too careful,,more or less satisfied,0,1,once or twice a week,catholic,several times a year,no doubts,yes,inspired word,yes,not at all scientific,true,,earth around sun,false,true,true,false,true,false,500 get the drug; 500 don't,no,yes,6,8
2018,113,58,male,white,associate/junior college,14,northeast,never married,0,keeping house,,,middle class,strong democrat,extremely liberal,,,oppose,should be legal,pretty happy,,,most people can be trusted,,more or less satisfied,,8,never,none,never,"don't know, no way to find out",no,ancient book,,,,,,,,,,,,,,,0,0
2018,114,74,female,white,high school,12,northeast,divorced,1,retired,,,lower class,not very strong democrat,don't know,clinton,,favor,should not be legal,not too happy,,,can't be too careful,,not satisfied at all,,0,never,catholic,never,believe with doubts,don't know,don't know,no,sort of scientific,don't know,,earth around sun,false,don't know,don't know,false,true,true,all 1000 get the drug,don't know,don't know,5,8
2018,115,70,male,white,bachelor's,16,northeast,married,3,working full time,40,98140,middle class,not very strong democrat,slightly liberal,clinton,,oppose,should be legal,pretty happy,,,most people can be trusted,,pretty well satisfied,0,2,several times a month,protestant,about once or twice a year,higher power,no,ancient book,,,,,,,,,,,,,,,0,0
2018,116,35,male,white,bachelor's,17,northeast,married,2,working full time,40,,middle class,other party,slightly conservative,trump,favor,favor,,very happy,good,exciting,,no,pretty well satisfied,0,2,about once a year,catholic,less than once a year,"don't know, no way to find out",yes,ancient book,no,not at all scientific,true,true,earth around sun,false,don't know,false,false,true,true,500 get the drug; 500 don't,no,yes,7,9
2018,117,65,male,black,less than high school,8,northeast,married,2,retired,,,working class,not very strong democrat,"moderate, middle of the road",clinton,,favor,should be legal,pretty happy,,,can't be too careful,,more or less satisfied,,4,several times a year,none,never,higher power,yes,ancient book,,,,,,,,,,,,,,,0,0
2018,118,42,female,white,associate/junior college,14,northeast,married,2,other,,,working class,"independent (neither, no response)","moderate, middle of the road",clinton,favor,favor,should be legal,pretty happy,fair,dull,can't be too careful,no,more or less satisfied,,,,none,never,believe with doubts,yes,inspired word,,,,,,,,,,,,,,,0,0
2018,119,48,female,white,high school,13,northeast,married,2,working part time,16,9638.75,working class,not very strong republican,slightly conservative,,favor,favor,should be legal,very happy,excellent,routine,can't be too careful,no,not satisfied at all,1,,,catholic,2-3 times a month,no doubts,yes,inspired word,,,,,,,,,,,,,,,0,0
2018,120,32,male,white,high school,13,northeast,never married,0,working full time,40,31544.999999999996,working class,"independent, close to republican","moderate, middle of the road",trump,favor,favor,,pretty happy,good,exciting,,no,more or less satisfied,1,4,about once a year,catholic,never,believe sometimes,no,ancient book,no,sort of scientific,,,earth around sun,don't know,don't know,true,true,true,true,500 get the drug; 500 don't,no,yes,4,7
2018,121,56,female,white,high school,12,northeast,married,3,keeping house,,,middle class,"independent, close to republican",conservative,,favor,favor,should not be legal,pretty happy,good,exciting,can't be too careful,yes,more or less satisfied,,,,none,never,believe with doubts,yes,inspired word,,,,,,,,,,,,,,,0,0
2018,122,61,female,white,high school,12,northeast,married,2,working full time,40,31544.999999999996,working class,"independent (neither, no response)",extremely conservative,,oppose,favor,,pretty happy,good,exciting,,no,more or less satisfied,0,3,never,catholic,every week,no doubts,yes,inspired word,no,not at all scientific,true,false,sun around earth,false,false,true,true,true,true,500 get the drug; 500 don't,no,yes,6,9
2018,123,76,female,white,bachelor's,16,west,widowed,2,working part time,12,7886.249999999999,middle class,strong democrat,extremely liberal,clinton,favor,oppose,should be legal,pretty happy,good,exciting,can't be too careful,yes,more or less satisfied,3,,,protestant,several times a year,higher power,don't know,ancient book,,,,,,,,,,,,,,,0,0
2018,124,59,female,white,bachelor's,16,west,married,2,working part time,30,22782.5,middle class,"independent, close to democrat",slightly conservative,clinton,oppose,favor,should be legal,pretty happy,good,exciting,most people can be trusted,no,more or less satisfied,0,,,protestant,several times a year,believe sometimes,yes,inspired word,,,,,,,,,,,,,,,0,0
2018,125,69,male,white,bachelor's,16,west,never married,0,working part time,30,22782.5,middle class,strong democrat,liberal,clinton,favor,favor,,pretty happy,good,routine,,no,more or less satisfied,0,4,never,protestant,never,higher power,yes,inspired word,no,not at all scientific,true,true,earth around sun,false,false,false,true,true,true,500 get the drug; 500 don't,no,yes,7,9
2018,126,48,male,other,graduate,18,west,never married,0,working full time,40,70100,middle class,not very strong democrat,slightly liberal,clinton,,favor,should not be legal,pretty happy,,,most people can be trusted,,more or less satisfied,2,2,several times a month,none,never,"don't know, no way to find out",no,ancient book,no,not at all scientific,true,,earth around sun,true,don't know,true,false,true,true,500 get the drug; 500 don't,no,yes,6,8
2018,127,68,female,white,graduate,20,west,married,2,working full time,40,57832.5,working class,strong republican,conservative,trump,favor,favor,,pretty happy,good,exciting,,no,more or less satisfied,0,2,several times a year,jewish,about once or twice a year,no doubts,yes,inspired word,no,not at all scientific,,,earth around sun,don't know,don't know,don't know,false,true,true,500 get the drug; 500 don't,no,yes,4,7
2018,128,39,female,white,bachelor's,16,west,never married,0,working part time,15,,middle class,not very strong democrat,slightly liberal,,favor,favor,should be legal,very happy,excellent,exciting,most people can be trusted,yes,more or less satisfied,0,,,protestant,never,believe sometimes,yes,inspired word,,,,,,,,,,,,,,,0,0
2018,129,38,male,white,graduate,18,west,married,2,working full time,50,31544.999999999996,middle class,not very strong democrat,"moderate, middle of the road",clinton,favor,favor,,pretty happy,good,exciting,,no,more or less satisfied,0,1,several times a year,catholic,every week,believe with doubts,no,ancient book,no,not at all scientific,,,earth around sun,false,false,don't know,false,true,true,500 get the drug; 500 don't,no,yes,6,7
2018,130,39,female,white,graduate,18,west,never married,1,working full time,40,112160,middle class,strong democrat,liberal,clinton,favor,oppose,should be legal,very happy,good,exciting,can't be too careful,yes,more or less satisfied,2,,,none,never,don't believe,no,ancient book,,,,,,,,,,,,,,,0,0
2018,131,52,female,white,high school,12,west,married,4,keeping house,,,working class,"independent (neither, no response)","moderate, middle of the road",,,oppose,should not be legal,very happy,,,can't be too careful,,more or less satisfied,,0,never,protestant,several times a week,no doubts,yes,word of god,,,,,,,,,,,,,,,0,0
2018,132,41,female,white,graduate,20,west,married,1,keeping house,,,middle class,not very strong democrat,extremely liberal,,favor,oppose,,very happy,excellent,exciting,,no,pretty well satisfied,,1,several times a year,none,never,"don't know, no way to find out",no,other (vol),no,not at all scientific,true,true,earth around sun,false,false,true,false,true,true,500 get the drug; 500 don't,no,yes,9,9
2018,133,60,male,white,bachelor's,17,west,married,3,working full time,40,98140,middle class,strong democrat,liberal,clinton,,oppose,should be legal,pretty happy,,,most people can be trusted,,more or less satisfied,2,0,several times a year,none,never,don't believe,no,ancient book,no,not at all scientific,true,,earth around sun,false,false,true,false,true,true,500 get the drug; 500 don't,no,yes,8,8
2018,134,69,male,white,high school,15,west,married,2,working full time,40,112160,middle class,strong democrat,liberal,clinton,favor,oppose,should not be legal,pretty happy,fair,exciting,depends,no,not satisfied at all,3,,,protestant,every week,no doubts,yes,inspired word,,,,,,,,,,,,,,,0,0
2018,135,60,male,white,high school,13,west,married,0,working full time,55,84120,middle class,strong democrat,liberal,,,oppose,should be legal,pretty happy,,,can't be too careful,,more or less satisfied,20,2,about once a year,buddhism,never,"don't know, no way to find out",no,ancient book,,,,,,,,,,,,,,,0,0
2018,136,22,female,other,high school,12,west,never married,0,working full time,40,,working class,"independent (neither, no response)",slightly liberal,,,oppose,should be legal,pretty happy,,,most people can be trusted,,more or less satisfied,10,0,several times a month,catholic,several times a year,no doubts,yes,inspired word,no,sort of scientific,,,earth around sun,false,false,don't know,true,don't know,true,500 get the drug; 500 don't,no,no,4,7
2018,137,33,male,other,high school,16,west,never married,0,in school,,6309,middle class,"independent (neither, no response)","moderate, middle of the road",,oppose,favor,,pretty happy,fair,exciting,,no,more or less satisfied,,2,never,none,about once or twice a year,don't believe,no,ancient book,no,sort of scientific,,,earth around sun,true,false,false,false,true,true,all 1000 get the drug,no,yes,5,7
2018,138,35,female,other,bachelor's,16,west,married,0,working full time,55,31544.999999999996,working class,"independent (neither, no response)",slightly conservative,,oppose,favor,should be legal,not too happy,excellent,exciting,can't be too careful,no,not satisfied at all,3,,,none,never,believe sometimes,yes,ancient book,,,,,,,,,,,,,,,0,0
2018,139,38,female,white,less than high school,12,west,married,2,working full time,40,6309,working class,"independent, close to democrat","moderate, middle of the road",,,oppose,should not be legal,very happy,,,can't be too careful,,more or less satisfied,0,1,never,catholic,about once a month,no doubts,don't know,word of god,,,,,,,,,,,,,,,0,0
2018,140,25,female,white,high school,15,west,never married,0,working full time,6,7886.249999999999,middle class,"independent, close to republican","moderate, middle of the road",,favor,favor,,pretty happy,good,exciting,,yes,pretty well satisfied,5,3,once or twice a week,none,never,"don't know, no way to find out",yes,ancient book,no,very scientific,don't know,don't know,sun around earth,false,don't know,don't know,true,true,true,500 get the drug; 500 don't,no,yes,3,9
2018,141,55,male,white,associate/junior college,14,west,divorced,2,working full time,40,31544.999999999996,working class,strong republican,conservative,trump,favor,favor,should not be legal,not too happy,good,routine,can't be too careful,yes,not satisfied at all,0,,,none,less than once a year,believe with doubts,don't know,inspired word,,,,,,,,,,,,,,,0,0
2018,142,34,male,white,high school,17,west,married,0,working part time,22,6309,working class,not very strong democrat,liberal,clinton,,oppose,should be legal,pretty happy,,,most people can be trusted,,not satisfied at all,3,2,never,protestant,every week,believe with doubts,yes,inspired word,,,,,,,,,,,,,,,0,0
2018,143,49,male,other,less than high school,11,west,divorced,0,keeping house,,,lower class,"independent (neither, no response)",,,favor,favor,,not too happy,fair,routine,,no,not satisfied at all,,4,about once a year,catholic,don't know,no doubts,no,word of god,no,not at all scientific,false,true,earth around sun,false,true,true,true,false,true,all 1000 get the drug,no,yes,5,9
2018,144,18,male,black,high school,12,west,never married,0,in school,,,middle class,"independent (neither, no response)","moderate, middle of the road",,,oppose,don't know,pretty happy,,,depends,,not satisfied at all,,4,never,protestant,every week,no doubts,yes,inspired word,no,sort of scientific,,,earth around sun,false,false,false,true,true,true,all 1000 get the drug,no,yes,5,7
2018,145,56,male,other,high school,12,west,divorced,3,working full time,65,47317.5,working class,strong democrat,slightly liberal,clinton,,favor,should be legal,pretty happy,,,can't be too careful,,more or less satisfied,0,1,about once a month,catholic,2-3 times a month,no doubts,yes,inspired word,,,,,,,,,,,,,,,0,0
2018,146,19,male,black,high school,12,west,never married,0,working full time,45,,middle class,"independent, close to republican",conservative,,oppose,favor,,pretty happy,fair,routine,,no,pretty well satisfied,3,0,never,protestant,about once or twice a year,no doubts,no,word of god,no,sort of scientific,true,true,sun around earth,true,true,true,true,don't know,don't know,500 get the drug; 500 don't,no,don't know,3,9
2018,147,34,male,black,high school,12,west,never married,0,"unemployed, laid off, looking for work",,47317.5,lower class,not very strong democrat,"moderate, middle of the road",,,oppose,should be legal,not too happy,,,can't be too careful,,not satisfied at all,,1,about once a year,protestant,about once a month,higher power,yes,ancient book,no,not at all scientific,false,,earth around sun,true,false,false,true,true,true,don't know,don't know,don't know,4,8
2018,148,26,female,black,bachelor's,17,west,never married,0,working full time,40,9638.75,working class,"independent (neither, no response)",don't know,clinton,,oppose,should be legal,pretty happy,,,can't be too careful,,more or less satisfied,7,3,several times a year,catholic,several times a year,no doubts,yes,inspired word,,,,,,,,,,,,,,,0,0
2018,149,28,male,white,high school,14,west,never married,0,in school,,,working class,"independent (neither, no response)","moderate, middle of the road",,favor,favor,,pretty happy,good,exciting,,no,more or less satisfied,,0,about once a year,none,never,higher power,don't know,ancient book,yes,not at all scientific,don't know,don't know,earth around sun,false,false,false,false,true,true,500 get the drug; 500 don't,no,yes,6,9
2018,150,59,female,white,graduate,19,west,separated,2,working full time,40,70100,middle class,strong democrat,liberal,clinton,,oppose,should be legal,very happy,,,most people can be trusted,,pretty well satisfied,0,2,about once a month,jewish,never,higher power,yes,ancient book,,,,,,,,,,,,,,,0,0
2018,151,39,female,black,graduate,16,west,never married,0,working full time,40,47317.5,working class,"independent, close to democrat","moderate, middle of the road",,favor,oppose,should be legal,pretty happy,good,routine,can't be too careful,no,more or less satisfied,0,,,protestant,about once a month,believe with doubts,yes,inspired word,,,,,,,,,,,,,,,0,0
2018,152,77,female,black,high school,13,west,separated,4,retired,,,working class,strong democrat,conservative,clinton,favor,oppose,should not be legal,pretty happy,good,exciting,depends,yes,pretty well satisfied,,,,protestant,several times a week,no doubts,don't know,word of god,,,,,,,,,,,,,,,0,0
2018,153,35,female,black,high school,12,west,never married,1,"unemployed, laid off, looking for work",,,working class,"independent (neither, no response)",slightly conservative,clinton,,favor,don't know,not too happy,,,can't be too careful,,pretty well satisfied,,5,never,protestant,never,no doubts,yes,word of god,,,,,,,,,,,,,,,0,0
2018,154,46,female,other,bachelor's,16,west,separated,4,working full time,40,13143.75,working class,"independent (neither, no response)","moderate, middle of the road",,favor,don't know,don't know,pretty happy,fair,don't know,depends,yes,pretty well satisfied,0,,,catholic,never,no doubts,don't know,inspired word,,,,,,,,,,,,,,,0,0
2018,155,57,male,other,less than high school,8,west,never married,0,working full time,32,31544.999999999996,working class,not very strong republican,"moderate, middle of the road",,,favor,should be legal,very happy,,,can't be too careful,,more or less satisfied,0,2,about once a year,catholic,about once or twice a year,higher power,don't know,ancient book,,,,,,,,,,,,,,,0,0
2018,156,35,female,other,less than high school,11,west,married,4,working full time,40,1402,working class,not very strong democrat,"moderate, middle of the road",,favor,oppose,should not be legal,pretty happy,good,exciting,can't be too careful,yes,more or less satisfied,2,,,none,never,no doubts,yes,inspired word,,,,,,,,,,,,,,,0,0
2018,157,58,female,white,high school,12,west,separated,4,working full time,52,19277.5,middle class,not very strong republican,slightly conservative,clinton,favor,oppose,,not too happy,fair,routine,,yes,not satisfied at all,0,2,never,protestant,nearly every week,no doubts,no,word of god,no,sort of scientific,,,sun around earth,true,false,false,true,true,true,all 1000 get the drug,yes,yes,3,7
2018,158,20,female,other,high school,14,west,never married,0,working part time,30,4556.5,working class,other party,"moderate, middle of the road",,oppose,oppose,,pretty happy,fair,exciting,,yes,not satisfied at all,0,1,never,catholic,every week,no doubts,yes,inspired word,yes,sort of scientific,false,don't know,earth around sun,false,don't know,don't know,true,true,don't know,500 get the drug; 500 don't,no,yes,3,9
2018,159,48,female,other,less than high school,7,west,married,5,working full time,40,5257.5,lower class,"independent, close to democrat","moderate, middle of the road",,,oppose,should not be legal,very happy,,,can't be too careful,,more or less satisfied,0,1,never,catholic,several times a week,no doubts,yes,inspired word,,,,,,,,,,,,,,,0,0
2018,160,51,female,white,less than high school,2,west,separated,3,working full time,50,9638.75,working class,"independent (neither, no response)","moderate, middle of the road",,favor,favor,,pretty happy,fair,exciting,,yes,more or less satisfied,15,0,never,catholic,nearly every week,no doubts,yes,ancient book,yes,sort of scientific,false,don't know,sun around earth,true,don't know,don't know,true,don't know,don't know,500 get the drug; 500 don't,don't know,don't know,0,9
2018,161,18,female,other,less than high school,11,west,never married,0,in school,,,working class,strong democrat,liberal,,favor,oppose,should be legal,not too happy,excellent,exciting,can't be too careful,no,more or less satisfied,,,,none,never,believe sometimes,yes,inspired word,,,,,,,,,,,,,,,0,0
2018,162,18,female,white,high school,12,west,never married,0,in school,,,middle class,not very strong democrat,liberal,,,favor,should be legal,pretty happy,,,can't be too careful,,more or less satisfied,,4,never,none,never,don't believe,yes,inspired word,yes,sort of scientific,,,sun around earth,true,don't know,false,true,true,false,500 get the drug; 500 don't,no,yes,1,7
2018,163,41,female,other,high school,12,west,married,2,working full time,45,26287.5,working class,not very strong democrat,"moderate, middle of the road",,oppose,favor,,pretty happy,good,routine,,no,more or less satisfied,8,2,several times a year,none,never,higher power,yes,inspired word,yes,sort of scientific,,,sun around earth,don't know,true,don't know,false,true,true,500 get the drug; 500 don't,don't know,don't know,3,7
2018,164,51,female,other,high school,15,west,married,2,keeping house,,,working class,not very strong democrat,"moderate, middle of the road",,favor,oppose,should not be legal,not too happy,fair,exciting,can't be too careful,no,more or less satisfied,,,,catholic,about once a month,no doubts,no,inspired word,,,,,,,,,,,,,,,0,0
2018,165,41,female,white,less than high school,6,west,married,4,keeping house,,,working class,"independent (neither, no response)","moderate, middle of the road",,favor,favor,,pretty happy,good,routine,,yes,not satisfied at all,,3,never,catholic,about once or twice a year,no doubts,yes,inspired word,yes,not at all scientific,true,true,sun around earth,true,false,false,true,true,true,500 get the drug; 500 don't,no,yes,5,9
2018,166,71,female,white,high school,13,west,never married,1,retired,,,working class,"independent, close to democrat",liberal,clinton,,oppose,don't know,pretty happy,,,most people can be trusted,,more or less satisfied,,0,never,none,never,"don't know, no way to find out",don't know,ancient book,no,don't know,don't know,,earth around sun,false,don't know,true,false,true,true,500 get the drug; 500 don't,no,yes,6,8
2018,167,43,male,white,less than high school,9,west,never married,0,working full time,45,,working class,not very strong democrat,"moderate, middle of the road",,favor,favor,should be legal,very happy,fair,exciting,can't be too careful,no,more or less satisfied,15,,,none,never,no doubts,yes,inspired word,,,,,,,,,,,,,,,0,0
2018,168,53,male,other,bachelor's,16,west,never married,0,working part time,6,,middle class,"independent (neither, no response)",liberal,,favor,oppose,,pretty happy,good,exciting,,no,not satisfied at all,,8,never,catholic,every week,,yes,word of god,no,not at all scientific,,,,,,,,,,,,,0,0
2018,169,46,male,white,associate/junior college,18,west,never married,0,working full time,53,38555,working class,not very strong democrat,slightly liberal,,favor,favor,don't know,not too happy,poor,exciting,most people can be trusted,no,not satisfied at all,0,,,none,about once or twice a year,"don't know, no way to find out",don't know,ancient book,,,,,,,,,,,,,,,0,0
2018,170,36,male,white,high school,13,west,married,3,working full time,42,38555,working class,strong democrat,slightly liberal,,favor,favor,,pretty happy,good,routine,,no,not satisfied at all,0,3,several times a year,protestant,several times a year,"don't know, no way to find out",no,ancient book,no,not at all scientific,,,earth around sun,false,false,false,false,false,true,500 get the drug; 500 don't,no,yes,5,7
2018,171,19,male,white,high school,12,west,never married,0,working full time,45,5257.5,middle class,"independent, close to republican",slightly conservative,,oppose,favor,should not be legal,pretty happy,fair,routine,can't be too careful,no,not satisfied at all,7,,,none,never,"don't know, no way to find out",yes,ancient book,,,,,,,,,,,,,,,0,0
2018,172,65,male,other,high school,14,west,married,1,working part time,30,19277.5,working class,"independent, close to democrat",liberal,,,oppose,should not be legal,very happy,,,can't be too careful,,not satisfied at all,0,2,never,catholic,several times a week,no doubts,don't know,word of god,,,,,,,,,,,,,,,0,0
2018,173,60,female,white,high school,13,west,divorced,0,working full time,40,31544.999999999996,working class,strong republican,"moderate, middle of the road",trump,favor,don't know,should not be legal,not too happy,good,routine,most people can be trusted,no,not satisfied at all,0,,,protestant,several times a year,no doubts,yes,word of god,,,,,,,,,,,,,,,0,0
2018,174,63,female,white,bachelor's,16,west,never married,0,retired,,,middle class,strong democrat,conservative,clinton,,favor,should not be legal,pretty happy,,,can't be too careful,,more or less satisfied,,2,several times a year,jewish,about once a month,"don't know, no way to find out",yes,inspired word,yes,sort of scientific,,,sun around earth,false,false,false,true,true,don't know,all 1000 get the drug,no,no,3,7
2018,175,36,male,white,graduate,20,west,married,2,working full time,60,176200.14942,middle class,strong democrat,liberal,clinton,favor,don't know,should be legal,very happy,excellent,exciting,can't be too careful,no,pretty well satisfied,0,,,jewish,never,"don't know, no way to find out",no,ancient book,,,,,,,,,,,,,,,0,0
2018,176,40,female,other,bachelor's,16,west,married,2,keeping house,,,middle class,"independent (neither, no response)",conservative,,,don't know,should be legal,pretty happy,,,most people can be trusted,,more or less satisfied,,1,several times a year,buddhism,never,believe with doubts,yes,don't know,,,,,,,,,,,,,,,0,0
2018,177,42,female,white,graduate,18,west,married,3,working full time,40,112160,upper class,strong democrat,extremely liberal,clinton,favor,oppose,,very happy,good,exciting,,yes,pretty well satisfied,1,1,several times a year,jewish,about once or twice a year,"don't know, no way to find out",no,ancient book,yes,not at all scientific,true,don't know,earth around sun,false,don't know,don't know,true,true,true,500 get the drug; 500 don't,no,yes,5,9
2018,178,61,male,white,high school,14,west,separated,0,working full time,60,98140,middle class,"independent, close to republican",don't know,trump,oppose,oppose,should be legal,pretty happy,good,exciting,can't be too careful,no,more or less satisfied,1,,,other,every week,no doubts,yes,inspired word,,,,,,,,,,,,,,,0,0
2018,179,27,male,other,bachelor's,16,west,never married,0,working full time,43,57832.5,middle class,not very strong democrat,slightly liberal,clinton,,favor,should be legal,very happy,,,most people can be trusted,,pretty well satisfied,1,0,several times a month,none,never,don't believe,yes,don't know,no,not at all scientific,,,earth around sun,false,don't know,true,false,true,true,500 get the drug; 500 don't,no,yes,6,7
2018,180,52,male,white,high school,14,west,never married,1,keeping house,,,middle class,"independent (neither, no response)","moderate, middle of the road",,favor,favor,,very happy,good,exciting,,no,pretty well satisfied,,3,several times a year,protestant,about once a month,no doubts,yes,inspired word,no,sort of scientific,,,earth around sun,false,false,true,false,true,true,500 get the drug; 500 don't,yes,no,7,7
2018,181,36,female,black,high school,12,west,never married,0,working part time,20,,don't know,"independent (neither, no response)",don't know,,oppose,don't know,should not be legal,don't know,don't know,don't know,depends,yes,don't know,,,,none,several times a week,no doubts,yes,don't know,,,,,,,,,,,,,,,0,0
2018,182,74,female,white,high school,16,west,divorced,4,retired,,,lower class,"independent, close to democrat",liberal,,,favor,should be legal,pretty happy,,,can't be too careful,,not satisfied at all,,1,never,protestant,never,no doubts,yes,word of god,,,,,,,,,,,,,,,0,0
2018,183,36,male,white,graduate,20,west,never married,0,working full time,50,47317.5,middle class,strong democrat,liberal,clinton,favor,oppose,,pretty happy,fair,routine,,yes,not satisfied at all,0,1,about once a month,none,never,"don't know, no way to find out",no,ancient book,no,not at all scientific,true,true,earth around sun,false,don't know,true,false,true,true,500 get the drug; 500 don't,no,yes,8,9
2018,184,34,male,white,graduate,17,west,never married,0,working full time,50,57832.5,upper class,strong democrat,"moderate, middle of the road",clinton,,don't know,should be legal,pretty happy,,,most people can be trusted,,pretty well satisfied,2,2,several times a month,protestant,about once a month,no doubts,yes,inspired word,no,not at all scientific,false,,earth around sun,false,false,true,true,true,true,500 get the drug; 500 don't,no,yes,6,8
2018,185,46,male,other,bachelor's,16,west,divorced,1,working full time,72,98140,middle class,"independent, close to democrat","moderate, middle of the road",,favor,oppose,,not too happy,excellent,dull,,yes,more or less satisfied,3,3,about once a month,none,never,don't believe,yes,ancient book,no,sort of scientific,,,earth around sun,false,don't know,don't know,true,true,true,all 1000 get the drug,yes,yes,4,7
2018,186,21,female,white,high school,14,west,never married,0,in school,,1402,middle class,strong democrat,liberal,clinton,favor,oppose,should be legal,very happy,excellent,exciting,can't be too careful,yes,pretty well satisfied,,,,none,never,don't believe,no,ancient book,,,,,,,,,,,,,,,0,0
2018,187,72,female,white,less than high school,11,west,divorced,3,retired,,70100,middle class,"independent, close to democrat","moderate, middle of the road",,,oppose,should not be legal,pretty happy,,,can't be too careful,,more or less satisfied,,8,several times a year,catholic,less than once a year,believe with doubts,yes,inspired word,yes,sort of scientific,,,earth around sun,don't know,don't know,don't know,true,true,true,all 1000 get the drug,yes,no,3,7
2018,188,46,male,other,bachelor's,16,west,married,2,working full time,60,70100,working class,not very strong democrat,slightly liberal,clinton,favor,oppose,,pretty happy,poor,routine,,no,not satisfied at all,0,2,never,catholic,2-3 times a month,no doubts,yes,inspired word,no,sort of scientific,,,earth around sun,false,don't know,don't know,false,true,true,500 get the drug; 500 don't,no,yes,5,7
2018,189,21,female,white,high school,14,west,never married,0,in school,,,upper class,,"moderate, middle of the road",,favor,favor,should be legal,pretty happy,good,routine,can't be too careful,yes,pretty well satisfied,,,,none,never,"don't know, no way to find out",no,ancient book,,,,,,,,,,,,,,,0,0
2018,190,46,male,other,high school,13,west,never married,1,working full time,60,47317.5,working class,"independent, close to republican",conservative,,,favor,should be legal,not too happy,,,can't be too careful,,pretty well satisfied,0,1,once or twice a week,catholic,never,"don't know, no way to find out",no,ancient book,yes,not at all scientific,true,,earth around sun,false,don't know,true,don't know,true,true,500 get the drug; 500 don't,no,yes,6,8
2018,191,53,male,other,high school,12,west,divorced,3,working full time,60,84120,middle class,strong republican,"moderate, middle of the road",didn't vote for president,favor,favor,should be legal,very happy,good,exciting,most people can be trusted,no,pretty well satisfied,1,,,protestant,nearly every week,no doubts,yes,inspired word,,,,,,,,,,,,,,,0,0
2018,192,74,female,white,graduate,18,west,widowed,4,retired,,,working class,not very strong republican,conservative,didn't vote for president,favor,favor,should be legal,not too happy,good,routine,can't be too careful,yes,more or less satisfied,,,,protestant,every week,no doubts,yes,inspired word,,,,,,,,,,,,,,,0,0
2018,193,70,male,white,less than high school,6,west,divorced,1,keeping house,,,working class,"independent, close to democrat","moderate, middle of the road",,,favor,should not be legal,pretty happy,,,can't be too careful,,not satisfied at all,,2,about once a month,catholic,several times a year,no doubts,yes,ancient book,yes,not at all scientific,,,earth around sun,true,true,true,don't know,false,true,don't know,yes,yes,3,7
2018,194,36,female,other,bachelor's,16,west,married,1,working full time,40,38555,middle class,"independent, close to republican","moderate, middle of the road",other candidate,favor,oppose,,pretty happy,poor,exciting,,no,more or less satisfied,10,0,never,protestant,2-3 times a month,believe with doubts,yes,inspired word,no,not at all scientific,,,earth around sun,false,don't know,true,false,true,true,500 get the drug; 500 don't,no,yes,6,7
2018,195,57,male,white,less than high school,11,west,married,1,retired,,,lower class,strong republican,extremely conservative,,,favor,don't know,pretty happy,,,most people can be trusted,,not satisfied at all,,10,never,none,about once or twice a year,higher power,don't know,ancient book,,,,,,,,,,,,,,,0,0
2018,196,60,male,white,bachelor's,16,west,never married,0,working full time,45,70100,middle class,"independent, close to republican",conservative,trump,favor,favor,,not too happy,good,routine,,yes,pretty well satisfied,3,2,never,protestant,every week,no doubts,yes,word of god,no,not at all scientific,false,false,earth around sun,false,false,true,true,true,true,500 get the drug; 500 don't,no,yes,6,9
2018,197,53,female,other,less than high school,12,west,divorced,3,working full time,40,16648.75,middle class,strong republican,extremely conservative,,,favor,should not be legal,pretty happy,,,can't be too careful,,more or less satisfied,1,3,never,catholic,several times a year,believe with doubts,don't know,inspired word,no,don't know,false,,sun around earth,don't know,don't know,don't know,true,false,true,all 1000 get the drug,no,yes,1,8
2018,198,69,male,white,high school,12,west,married,4,working full time,35,16648.75,working class,not very strong democrat,slightly liberal,clinton,favor,oppose,,pretty happy,fair,routine,,no,more or less satisfied,0,3,never,none,about once or twice a year,no doubts,yes,inspired word,no,sort of scientific,,,earth around sun,true,false,don't know,true,true,true,500 get the drug; 500 don't,no,no,4,7
2018,199,38,female,white,bachelor's,16,west,married,3,working full time,40,47317.5,middle class,not very strong democrat,"moderate, middle of the road",clinton,favor,favor,should be legal,very happy,excellent,routine,most people can be trusted,yes,more or less satisfied,0,,,none,never,no doubts,yes,inspired word,,,,,,,,,,,,,,,0,0
2018,200,48,female,white,high school,14,west,married,3,working part time,10,7886.249999999999,middle class,not very strong republican,conservative,trump,favor,favor,,pretty happy,good,exciting,,yes,pretty well satisfied,0,1,never,christian,every week,no doubts,yes,word of god,no,not at all scientific,false,false,sun around earth,false,false,true,false,true,true,500 get the drug; 500 don't,no,yes,6,9
2018,201,30,male,other,bachelor's,16,west,never married,0,working full time,60,57832.5,middle class,"independent, close to republican","moderate, middle of the road",,favor,favor,,pretty happy,fair,dull,,no,more or less satisfied,14,1,about once a month,protestant,never,higher power,yes,inspired word,yes,not at all scientific,true,true,earth around sun,false,true,true,false,true,true,all 1000 get the drug,no,yes,8,9
2018,202,29,male,white,high school,13,west,never married,0,keeping house,,98140,middle class,not very strong democrat,"moderate, middle of the road",clinton,favor,favor,,very happy,excellent,exciting,,no,pretty well satisfied,,1,several times a year,none,several times a year,believe with doubts,yes,inspired word,yes,sort of scientific,,,sun around earth,don't know,true,don't know,true,true,don't know,500 get the drug; 500 don't,no,no,1,7
2018,203,68,female,white,bachelor's,16,west,married,2,retired,,,middle class,strong democrat,liberal,clinton,oppose,favor,should be legal,very happy,good,routine,most people can be trusted,no,pretty well satisfied,,,,jewish,about once a month,higher power,yes,inspired word,,,,,,,,,,,,,,,0,0
2018,204,64,female,white,high school,13,west,married,5,keeping house,,,middle class,"independent, close to democrat","moderate, middle of the road",,favor,oppose,,pretty happy,fair,exciting,,no,more or less satisfied,,6,several times a month,protestant,about once or twice a year,no doubts,yes,inspired word,yes,sort of scientific,true,true,earth around sun,true,true,true,true,true,false,500 get the drug; 500 don't,no,no,5,9
2018,205,43,male,other,graduate,16,west,married,2,"unemployed, laid off, looking for work",,,working class,"independent (neither, no response)",liberal,,oppose,favor,should not be legal,very happy,good,routine,can't be too careful,yes,more or less satisfied,,,,protestant,several times a week,believe with doubts,yes,word of god,,,,,,,,,,,,,,,0,0
2018,206,69,female,white,high school,12,west,widowed,1,retired,,,middle class,other party,"moderate, middle of the road",,,favor,should be legal,not too happy,,,can't be too careful,,pretty well satisfied,,4,never,other,never,no doubts,yes,inspired word,no,sort of scientific,,,sun around earth,false,don't know,don't know,false,don't know,true,500 get the drug; 500 don't,no,yes,3,7
2018,207,47,male,white,high school,12,west,married,3,working full time,48,38555,working class,"independent, close to republican",conservative,,oppose,favor,,pretty happy,fair,routine,,no,more or less satisfied,14,0,once or twice a week,none,never,don't believe,no,ancient book,yes,sort of scientific,,,earth around sun,false,false,don't know,true,false,true,all 1000 get the drug,no,no,4,7
2018,208,57,male,white,high school,12,west,married,2,keeping house,,,middle class,other party,extremely conservative,trump,,favor,should not be legal,pretty happy,,,can't be too careful,,more or less satisfied,,6,about once a month,protestant,2-3 times a month,believe with doubts,yes,word of god,,,,,,,,,,,,,,,0,0
2018,209,50,male,white,graduate,16,west,married,0,working full time,40,,middle class,not very strong democrat,liberal,clinton,favor,oppose,should be legal,not too happy,good,routine,most people can be trusted,no,not satisfied at all,20,,,catholic,about once or twice a year,"don't know, no way to find out",yes,ancient book,,,,,,,,,,,,,,,0,0
2018,210,25,female,other,high school,12,west,never married,0,"unemployed, laid off, looking for work",,,middle class,"independent (neither, no response)","moderate, middle of the road",clinton,,favor,should not be legal,pretty happy,,,most people can be trusted,,more or less satisfied,,8,once or twice a week,catholic,about once or twice a year,believe with doubts,yes,inspired word,yes,sort of scientific,true,,earth around sun,don't know,don't know,don't know,don't know,true,true,500 get the drug; 500 don't,yes,yes,4,8
2018,211,75,male,white,high school,14,west,divorced,2,retired,,,middle class,strong democrat,extremely liberal,clinton,favor,don't know,should be legal,very happy,excellent,exciting,depends,no,pretty well satisfied,,,,buddhism,2-3 times a month,don't believe,yes,ancient book,,,,,,,,,,,,,,,0,0
2018,212,46,male,white,high school,14,west,married,2,working full time,54,84120,middle class,strong republican,conservative,trump,,favor,should not be legal,very happy,,,can't be too careful,,more or less satisfied,0,1,about once a year,catholic,about once or twice a year,believe sometimes,no,word of god,,,,,,,,,,,,,,,0,0
2018,213,77,female,white,less than high school,10,west,divorced,2,retired,,,middle class,"independent, close to democrat","moderate, middle of the road",,favor,favor,,not too happy,poor,routine,,no,more or less satisfied,,15,about once a month,catholic,never,believe with doubts,yes,inspired word,yes,sort of scientific,true,don't know,sun around earth,true,don't know,don't know,true,true,false,500 get the drug; 500 don't,yes,don't know,2,9
2018,214,18,female,black,less than high school,11,west,never married,0,in school,,,middle class,strong democrat,"moderate, middle of the road",,,oppose,should be legal,pretty happy,,,most people can be trusted,,pretty well satisfied,,0,never,none,never,higher power,yes,ancient book,no,sort of scientific,,,sun around earth,true,false,true,true,false,false,500 get the drug; 500 don't,yes,no,2,7
2018,215,62,female,white,high school,12,west,married,1,retired,,,lower class,strong republican,conservative,trump,favor,favor,don't know,pretty happy,excellent,routine,can't be too careful,yes,more or less satisfied,,,,protestant,every week,no doubts,yes,word of god,,,,,,,,,,,,,,,0,0
2018,216,30,female,white,associate/junior college,15,west,married,2,working part time,30,13143.75,working class,not very strong democrat,"moderate, middle of the road",clinton,favor,oppose,,pretty happy,good,exciting,,no,more or less satisfied,0,2,about once a year,catholic,about once or twice a year,believe with doubts,yes,inspired word,yes,sort of scientific,true,true,sun around earth,false,false,don't know,true,true,true,500 get the drug; 500 don't,no,no,6,9
2018,217,70,female,other,less than high school,7,west,widowed,1,retired,,,working class,strong democrat,don't know,clinton,favor,oppose,should be legal,not too happy,poor,routine,can't be too careful,yes,not satisfied at all,,,,catholic,every week,no doubts,yes,word of god,,,,,,,,,,,,,,,0,0
2018,218,50,male,white,less than high school,3,west,married,1,working full time,40,3855.4999999999995,middle class,"independent (neither, no response)",slightly liberal,,,oppose,should not be legal,not too happy,,,can't be too careful,,more or less satisfied,0,0,never,none,never,no doubts,yes,inspired word,no,sort of scientific,true,,sun around earth,false,true,don't know,true,true,false,all 1000 get the drug,yes,yes,3,8
2018,219,44,female,other,high school,12,west,separated,5,keeping house,,,middle class,"independent, close to democrat",conservative,,favor,favor,,pretty happy,good,routine,,no,more or less satisfied,,3,never,catholic,about once a month,no doubts,yes,word of god,no,not at all scientific,,,sun around earth,false,true,don't know,true,true,true,500 get the drug; 500 don't,no,no,3,7
2018,220,33,female,white,high school,12,west,married,1,working full time,45,26287.5,working class,"independent (neither, no response)",liberal,,oppose,oppose,should not be legal,very happy,good,routine,can't be too careful,no,pretty well satisfied,3,,,protestant,nearly every week,no doubts,yes,word of god,,,,,,,,,,,,,,,0,0
2018,221,34,female,white,graduate,19,west,married,2,working full time,35,57832.5,middle class,strong republican,conservative,trump,oppose,favor,should be legal,pretty happy,good,routine,can't be too careful,no,more or less satisfied,10,,,protestant,every week,no doubts,yes,inspired word,,,,,,,,,,,,,,,0,0
2018,222,46,female,white,bachelor's,16,west,married,2,working part time,8,,middle class,strong democrat,extremely liberal,clinton,favor,oppose,should be legal,pretty happy,fair,routine,most people can be trusted,no,more or less satisfied,5,,,none,never,don't believe,no,ancient book,,,,,,,,,,,,,,,0,0
2018,223,51,male,white,high school,12,west,married,3,working part time,30,,middle class,not very strong democrat,"moderate, middle of the road",,favor,favor,,very happy,excellent,exciting,,yes,more or less satisfied,0,2,almost daily,protestant,2-3 times a month,no doubts,yes,inspired word,no,sort of scientific,,,earth around sun,false,false,true,don't know,true,true,500 get the drug; 500 don't,no,yes,6,7
2018,224,28,male,black,high school,14,west,never married,0,working full time,40,26287.5,working class,strong democrat,conservative,didn't vote for president,oppose,oppose,should be legal,not too happy,fair,routine,most people can be trusted,no,pretty well satisfied,0,,,protestant,several times a year,believe with doubts,yes,word of god,,,,,,,,,,,,,,,0,0
2018,225,74,male,other,bachelor's,16,west,divorced,5,working part time,16,6309,working class,"independent, close to democrat","moderate, middle of the road",clinton,oppose,favor,,very happy,excellent,exciting,,yes,more or less satisfied,0,3,never,catholic,less than once a year,don't know,yes,ancient book,no,not at all scientific,false,true,earth around sun,false,don't know,false,false,true,true,500 get the drug; 500 don't,no,yes,6,9
2018,226,29,female,white,high school,15,west,never married,2,working part time,30,7886.249999999999,working class,"independent (neither, no response)","moderate, middle of the road",other candidate,,oppose,should be legal,pretty happy,,,can't be too careful,,pretty well satisfied,15,2,several times a year,protestant,about once or twice a year,higher power,yes,ancient book,yes,not at all scientific,,,earth around sun,don't know,don't know,true,false,true,true,500 get the drug; 500 don't,no,yes,5,7
2018,227,49,male,other,less than high school,11,west,married,8,"unemployed, laid off, looking for work",,13143.75,middle class,"independent, close to democrat",liberal,,favor,favor,,very happy,good,exciting,,no,more or less satisfied,,2,never,catholic,never,no doubts,yes,word of god,no,very scientific,,,earth around sun,false,true,false,true,true,true,500 get the drug; 500 don't,yes,no,4,7
2018,228,28,female,white,bachelor's,17,west,never married,0,working full time,20,26287.5,working class,"independent, close to democrat",slightly liberal,,favor,oppose,should be legal,pretty happy,fair,routine,can't be too careful,yes,more or less satisfied,6,,,protestant,several times a year,believe with doubts,yes,inspired word,,,,,,,,,,,,,,,0,0
2018,229,48,female,white,high school,12,west,separated,4,keeping house,,,working class,"independent, close to republican",slightly conservative,,,favor,don't know,not too happy,,,can't be too careful,,not satisfied at all,,6,about once a month,catholic,about once or twice a year,no doubts,yes,inspired word,,,,,,,,,,,,,,,0,0
2018,230,24,female,white,high school,12,west,never married,1,working part time,25,,middle class,"independent, close to democrat","moderate, middle of the road",,,oppose,should be legal,very happy,,,depends,,pretty well satisfied,0,3,several times a year,protestant,never,no doubts,yes,word of god,yes,not at all scientific,false,,sun around earth,false,true,false,true,true,true,500 get the drug; 500 don't,no,no,3,8
2018,231,51,female,other,high school,15,west,divorced,1,working full time,70,6309,middle class,"independent, close to republican","moderate, middle of the road",,favor,oppose,should be legal,very happy,excellent,exciting,most people can be trusted,yes,more or less satisfied,0,,,protestant,never,believe with doubts,yes,inspired word,,,,,,,,,,,,,,,0,0
2018,232,42,female,white,bachelor's,16,west,divorced,2,working full time,40,47317.5,middle class,strong republican,conservative,,,favor,should not be legal,pretty happy,,,most people can be trusted,,more or less satisfied,6,1,about once a month,protestant,2-3 times a month,no doubts,no,inspired word,yes,not at all scientific,,,earth around sun,false,false,don't know,false,true,true,500 get the drug; 500 don't,no,yes,6,7
2018,233,44,male,black,bachelor's,17,west,married,3,working full time,60,,middle class,"independent (neither, no response)","moderate, middle of the road",clinton,favor,favor,should not be legal,very happy,good,exciting,can't be too careful,yes,pretty well satisfied,0,,,catholic,every week,no doubts,yes,word of god,,,,,,,,,,,,,,,0,0
2018,234,33,female,white,high school,12,west,married,0,keeping house,,,working class,"independent, close to republican",extremely liberal,,favor,favor,,very happy,good,exciting,,yes,more or less satisfied,,6,several times a year,protestant,never,higher power,yes,inspired word,yes,very scientific,false,false,earth around sun,false,true,true,true,true,true,all 1000 get the drug,no,yes,5,9
2018,235,29,male,white,high school,12,west,married,0,working full time,40,26287.5,working class,not very strong republican,slightly conservative,,oppose,favor,should not be legal,pretty happy,fair,routine,depends,no,more or less satisfied,5,,,none,never,higher power,don't know,ancient book,,,,,,,,,,,,,,,0,0
2018,236,48,female,white,bachelor's,17,west,married,0,working full time,50,57832.5,upper class,"independent, close to democrat",liberal,clinton,,oppose,should be legal,pretty happy,,,most people can be trusted,,pretty well satisfied,2,2,several times a year,none,never,don't believe,no,ancient book,no,not at all scientific,true,,earth around sun,false,false,true,false,true,true,500 get the drug; 500 don't,no,yes,8,8
2018,237,62,female,white,less than high school,10,west,widowed,4,working full time,40,22782.5,middle class,strong republican,"moderate, middle of the road",trump,favor,favor,,very happy,good,routine,,no,pretty well satisfied,0,2,never,protestant,every week,no doubts,yes,word of god,no,not at all scientific,,,earth around sun,false,true,false,true,true,true,500 get the drug; 500 don't,yes,no,4,7
2018,238,88,female,white,high school,12,west,widowed,4,keeping house,,,middle class,strong republican,conservative,trump,favor,favor,should not be legal,not too happy,good,routine,can't be too careful,yes,more or less satisfied,,,,protestant,every week,no doubts,yes,word of god,,,,,,,,,,,,,,,0,0
2018,239,65,male,white,graduate,18,west,married,4,"with a job, but not at work because of temporary illness, vacation, strike",,57832.5,middle class,"independent, close to republican",slightly conservative,trump,,favor,should be legal,pretty happy,,,most people can be trusted,,more or less satisfied,0,4,about once a year,catholic,2-3 times a month,believe with doubts,yes,inspired word,,,,,,,,,,,,,,,0,0
2018,240,28,female,white,high school,13,west,married,0,keeping house,,,middle class,"independent (neither, no response)",slightly liberal,clinton,oppose,favor,,pretty happy,excellent,routine,,yes,pretty well satisfied,,2,once or twice a week,none,never,higher power,don't know,inspired word,yes,sort of scientific,don't know,don't know,earth around sun,don't know,don't know,don't know,true,true,true,500 get the drug; 500 don't,no,no,3,9
2018,241,58,female,white,associate/junior college,14,west,married,3,working full time,40,26287.5,working class,not very strong republican,"moderate, middle of the road",clinton,favor,favor,should not be legal,very happy,good,exciting,most people can be trusted,yes,more or less satisfied,0,,,protestant,every week,no doubts,no,word of god,,,,,,,,,,,,,,,0,0
2018,242,26,male,white,high school,13,west,never married,2,working full time,45,31544.999999999996,working class,"independent (neither, no response)","moderate, middle of the road",,favor,favor,should be legal,pretty happy,good,routine,can't be too careful,no,pretty well satisfied,3,,,none,about once or twice a year,no doubts,yes,word of god,,,,,,,,,,,,,,,0,0
2018,243,61,female,white,high school,13,west,married,3,working full time,40,19277.5,working class,strong republican,extremely conservative,trump,,favor,should be legal,pretty happy,,,can't be too careful,,not satisfied at all,0,3,never,catholic,2-3 times a month,no doubts,yes,word of god,,,,,,,,,,,,,,,0,0
2018,244,30,female,white,high school,13,west,married,3,working full time,40,26287.5,working class,"independent (neither, no response)",slightly liberal,,favor,don't know,,pretty happy,good,exciting,,no,more or less satisfied,10,2,about once a month,catholic,never,no doubts,don't know,inspired word,yes,sort of scientific,false,false,sun around earth,true,don't know,don't know,true,true,true,500 get the drug; 500 don't,no,yes,2,9
2018,245,22,female,white,high school,14,west,never married,0,working part time,15,,lower class,strong democrat,liberal,clinton,,favor,should be legal,not too happy,,,can't be too careful,,not satisfied at all,30,3,never,none,about once or twice a year,higher power,yes,other (vol),yes,sort of scientific,true,,earth around sun,true,false,false,true,true,true,500 get the drug; 500 don't,no,no,5,8
2018,246,24,female,other,high school,12,west,never married,0,working full time,40,,working class,strong democrat,"moderate, middle of the road",,favor,oppose,,pretty happy,good,exciting,,no,more or less satisfied,0,1,several times a month,catholic,about once a month,no doubts,yes,inspired word,yes,sort of scientific,false,true,earth around sun,true,true,false,false,true,true,500 get the drug; 500 don't,no,yes,5,9
2018,247,29,male,other,high school,12,west,never married,2,working full time,40,31544.999999999996,working class,"independent (neither, no response)","moderate, middle of the road",clinton,favor,favor,should be legal,very happy,good,exciting,can't be too careful,yes,pretty well satisfied,5,,,catholic,several times a year,no doubts,yes,word of god,,,,,,,,,,,,,,,0,0
2018,248,70,male,white,high school,13,midwest,widowed,1,retired,,,working class,"independent, close to republican","moderate, middle of the road",trump,oppose,favor,should not be legal,pretty happy,poor,exciting,most people can be trusted,no,pretty well satisfied,,,,protestant,several times a year,no doubts,yes,word of god,,,,,,,,,,,,,,,0,0
2018,249,34,male,white,graduate,16,midwest,never married,0,working full time,,,middle class,"independent, close to republican","moderate, middle of the road",,favor,oppose,should be legal,pretty happy,good,exciting,most people can be trusted,yes,more or less satisfied,,,,none,less than once a year,believe sometimes,yes,ancient book,,,,,,,,,,,,,,,0,0
2018,250,66,male,white,high school,12,midwest,married,0,retired,,,upper class,"independent, close to republican",slightly conservative,,favor,favor,,very happy,good,exciting,,no,pretty well satisfied,,3,about once a year,jewish,about once or twice a year,higher power,no,ancient book,no,not at all scientific,,,earth around sun,false,true,true,false,true,true,500 get the drug; 500 don't,no,yes,6,7
2018,251,84,female,white,high school,12,midwest,divorced,2,retired,,,lower class,"independent, close to republican",slightly conservative,,favor,favor,should be legal,pretty happy,good,routine,most people can be trusted,yes,pretty well satisfied,,,,none,2-3 times a month,higher power,yes,ancient book,,,,,,,,,,,,,,,0,0
2018,252,37,male,white,bachelor's,16,midwest,married,2,working full time,60,176200.14942,middle class,"independent, close to democrat",slightly liberal,clinton,,oppose,should be legal,very happy,,,can't be too careful,,pretty well satisfied,0,1,several times a month,none,never,higher power,no,ancient book,,,,,,,,,,,,,,,0,0
2018,253,61,female,white,associate/junior college,14,midwest,divorced,3,"unemployed, laid off, looking for work",,4556.5,middle class,"independent (neither, no response)",liberal,,,oppose,should be legal,not too happy,,,can't be too careful,,not satisfied at all,,18,never,protestant,every week,believe with doubts,yes,word of god,,,,,,,,,,,,,,,0,0
2018,254,58,female,black,high school,12,midwest,never married,7,keeping house,,,working class,strong democrat,conservative,,,oppose,should not be legal,pretty happy,,,can't be too careful,,more or less satisfied,,8,about once a year,protestant,nearly every week,no doubts,yes,word of god,yes,very scientific,false,,earth around sun,true,don't know,false,true,true,true,500 get the drug; 500 don't,no,no,3,8
2018,255,88,male,black,less than high school,10,midwest,divorced,6,retired,,,working class,not very strong democrat,slightly liberal,,favor,favor,,pretty happy,fair,routine,,yes,not satisfied at all,,10,never,protestant,never,no doubts,yes,word of god,no,not at all scientific,,,earth around sun,true,true,true,true,true,false,500 get the drug; 500 don't,no,no,3,7
2018,256,80,female,other,less than high school,1,midwest,separated,8,keeping house,,,lower class,"independent (neither, no response)",extremely liberal,,favor,favor,,pretty happy,excellent,exciting,,yes,pretty well satisfied,,1,never,protestant,several times a week,,no,ancient book,,,,,,,,,,,,,,,0,0
2018,257,36,male,other,high school,12,midwest,never married,1,working full time,48,22782.5,lower class,"independent, close to republican","moderate, middle of the road",,favor,oppose,should be legal,pretty happy,fair,exciting,can't be too careful,no,not satisfied at all,30,,,none,never,no doubts,yes,inspired word,,,,,,,,,,,,,,,0,0
2018,258,33,female,white,bachelor's,16,midwest,never married,0,working full time,40,,working class,strong democrat,liberal,clinton,favor,oppose,,pretty happy,good,exciting,,yes,not satisfied at all,2,0,several times a month,none,never,believe with doubts,don't know,inspired word,no,not at all scientific,true,true,earth around sun,true,false,true,false,true,true,500 get the drug; 500 don't,no,yes,8,9
2018,259,81,male,white,bachelor's,16,midwest,widowed,7,retired,,,working class,"independent, close to republican","moderate, middle of the road",other candidate,favor,oppose,,pretty happy,good,exciting,,yes,more or less satisfied,,2,about once a year,catholic,every week,believe with doubts,yes,inspired word,no,not at all scientific,,,earth around sun,false,false,true,true,true,true,all 1000 get the drug,no,no,6,7
2018,260,31,male,other,high school,12,midwest,married,3,working full time,40,47317.5,working class,not very strong democrat,slightly conservative,clinton,,favor,should be legal,pretty happy,,,can't be too careful,,more or less satisfied,0,2,about once a month,catholic,about once a month,believe with doubts,no,inspired word,yes,sort of scientific,,,don't know,false,don't know,don't know,true,false,don't know,500 get the drug; 500 don't,no,yes,1,7
2018,261,69,female,white,bachelor's,16,midwest,married,3,retired,,,middle class,strong democrat,liberal,clinton,favor,oppose,,very happy,excellent,exciting,,no,pretty well satisfied,,1,several times a year,catholic,2-3 times a month,no doubts,yes,inspired word,yes,not at all scientific,true,don't know,earth around sun,false,don't know,don't know,false,true,true,500 get the drug; 500 don't,no,yes,6,9
2018,262,26,male,white,bachelor's,16,midwest,never married,0,working full time,38,9638.75,middle class,strong democrat,liberal,clinton,favor,oppose,should be legal,pretty happy,excellent,exciting,can't be too careful,no,pretty well satisfied,0,,,protestant,never,higher power,don't know,ancient book,,,,,,,,,,,,,,,0,0
2018,263,45,male,white,bachelor's,16,midwest,married,0,working full time,70,47317.5,middle class,other party,"moderate, middle of the road",,,oppose,should be legal,very happy,,,can't be too careful,,more or less satisfied,20,1,about once a month,christian,several times a year,no doubts,yes,inspired word,no,sort of scientific,don't know,,earth around sun,false,false,true,false,true,true,500 get the drug; 500 don't,no,no,7,8
2018,264,54,female,white,bachelor's,16,midwest,married,1,working part time,30,,middle class,"independent (neither, no response)",conservative,trump,,oppose,should be legal,pretty happy,,,most people can be trusted,,not satisfied at all,2,3,several times a year,protestant,about once a month,believe with doubts,yes,inspired word,,,,,,,,,,,,,,,0,0
2018,265,61,female,white,bachelor's,16,midwest,married,2,"unemployed, laid off, looking for work",,22782.5,middle class,"independent, close to republican",slightly conservative,other candidate,favor,favor,,pretty happy,good,exciting,,no,not satisfied at all,,2,about once a month,catholic,2-3 times a month,believe with doubts,yes,inspired word,no,not at all scientific,true,don't know,earth around sun,false,don't know,true,false,true,true,500 get the drug; 500 don't,no,yes,7,9
2018,266,19,male,white,high school,13,midwest,never married,0,in school,,,middle class,not very strong democrat,liberal,,,oppose,should be legal,pretty happy,,,can't be too careful,,more or less satisfied,,1,never,buddhism,every week,don't believe,yes,ancient book,no,not at all scientific,,,earth around sun,false,false,true,true,true,true,500 get the drug; 500 don't,no,yes,6,7
2018,267,58,male,white,bachelor's,16,midwest,separated,2,working full time,42,57832.5,working class,"independent, close to democrat",liberal,clinton,favor,oppose,should be legal,pretty happy,good,exciting,can't be too careful,no,more or less satisfied,0,,,none,about once or twice a year,don't believe,no,ancient book,,,,,,,,,,,,,,,0,0
2018,268,50,female,white,associate/junior college,14,midwest,divorced,1,working full time,40,57832.5,middle class,"independent, close to democrat","moderate, middle of the road",clinton,,oppose,should be legal,pretty happy,,,can't be too careful,,pretty well satisfied,10,0,once or twice a week,catholic,less than once a year,no doubts,yes,word of god,,,,,,,,,,,,,,,0,0
2018,269,36,male,black,bachelor's,16,midwest,never married,0,working full time,40,47317.5,middle class,strong democrat,slightly liberal,clinton,favor,oppose,should be legal,pretty happy,good,exciting,most people can be trusted,no,more or less satisfied,0,,,catholic,several times a year,no doubts,yes,inspired word,,,,,,,,,,,,,,,0,0
2018,270,27,female,white,high school,12,midwest,never married,1,working full time,40,26287.5,working class,not very strong democrat,liberal,other candidate,favor,favor,,pretty happy,fair,exciting,,no,more or less satisfied,2,1,several times a month,catholic,several times a year,no doubts,yes,inspired word,yes,very scientific,,,earth around sun,true,true,false,false,true,true,500 get the drug; 500 don't,yes,yes,4,7
2018,271,51,male,other,high school,12,midwest,never married,0,working full time,50,31544.999999999996,working class,"independent, close to democrat","moderate, middle of the road",trump,favor,oppose,should not be legal,pretty happy,good,routine,can't be too careful,no,pretty well satisfied,2,,,catholic,about once or twice a year,believe with doubts,yes,ancient book,,,,,,,,,,,,,,,0,0
2018,272,48,male,white,bachelor's,18,midwest,married,2,working full time,50,,working class,not very strong democrat,slightly conservative,,favor,oppose,,pretty happy,excellent,exciting,,no,more or less satisfied,0,1,about once a year,catholic,several times a week,no doubts,yes,inspired word,yes,not at all scientific,,,earth around sun,false,false,true,false,true,true,500 get the drug; 500 don't,no,yes,7,7
2018,273,29,female,white,high school,14,midwest,never married,2,working full time,40,13143.75,working class,not very strong democrat,slightly liberal,clinton,favor,oppose,should be legal,not too happy,good,exciting,can't be too careful,no,more or less satisfied,1,,,catholic,every week,believe with doubts,yes,inspired word,,,,,,,,,,,,,,,0,0
2018,274,65,female,white,graduate,19,midwest,divorced,3,working full time,35,9638.75,middle class,strong democrat,extremely liberal,clinton,favor,oppose,,very happy,good,exciting,,no,not satisfied at all,0,2,several times a month,protestant,nearly every week,believe with doubts,yes,inspired word,yes,not at all scientific,,,earth around sun,false,false,true,false,true,true,500 get the drug; 500 don't,no,yes,7,7
2018,275,67,female,white,bachelor's,16,midwest,never married,0,retired,,38555,middle class,strong democrat,liberal,clinton,favor,oppose,should not be legal,pretty happy,good,routine,can't be too careful,yes,pretty well satisfied,,,,protestant,every week,no doubts,yes,inspired word,,,,,,,,,,,,,,,0,0
2018,276,53,male,white,bachelor's,16,midwest,married,1,working full time,70,70100,upper class,not very strong democrat,slightly liberal,,,favor,should be legal,pretty happy,,,can't be too careful,,pretty well satisfied,3,1,several times a month,none,never,higher power,don't know,inspired word,,,,,,,,,,,,,,,0,0
2018,277,45,male,white,graduate,18,midwest,married,2,working full time,55,176200.14942,middle class,strong democrat,liberal,clinton,favor,favor,should be legal,very happy,good,exciting,most people can be trusted,no,pretty well satisfied,0,,,none,less than once a year,"don't know, no way to find out",yes,inspired word,,,,,,,,,,,,,,,0,0
2018,278,36,female,white,high school,15,midwest,divorced,1,working part time,25,9638.75,working class,not very strong democrat,liberal,clinton,oppose,favor,should be legal,pretty happy,excellent,exciting,can't be too careful,no,more or less satisfied,3,,,none,never,higher power,yes,ancient book,,,,,,,,,,,,,,,0,0
2018,279,60,male,white,high school,12,midwest,married,1,working full time,40,70100,middle class,other party,extremely conservative,other candidate,favor,favor,should be legal,very happy,excellent,routine,can't be too careful,no,pretty well satisfied,0,,,none,never,don't believe,no,ancient book,,,,,,,,,,,,,,,0,0
2018,280,63,female,black,bachelor's,16,midwest,married,3,working full time,40,38555,middle class,not very strong democrat,"moderate, middle of the road",clinton,,oppose,should be legal,very happy,,,most people can be trusted,,pretty well satisfied,0,2,about once a year,christian,several times a week,no doubts,yes,inspired word,no,not at all scientific,false,,don't know,don't know,don't know,don't know,true,don't know,true,500 get the drug; 500 don't,yes,no,1,8
2018,281,52,female,white,high school,12,midwest,divorced,1,working full time,55,47317.5,middle class,not very strong republican,"moderate, middle of the road",trump,favor,favor,,pretty happy,excellent,exciting,,no,more or less satisfied,3,2,several times a month,protestant,about once or twice a year,believe with doubts,yes,word of god,yes,not at all scientific,,,earth around sun,true,false,true,true,true,don't know,all 1000 get the drug,no,yes,4,7
2018,282,34,male,white,high school,13,midwest,married,3,working full time,40,26287.5,middle class,"independent, close to democrat",liberal,,favor,oppose,should be legal,very happy,good,routine,most people can be trusted,no,not satisfied at all,0,,,none,about once or twice a year,"don't know, no way to find out",don't know,ancient book,,,,,,,,,,,,,,,0,0
2018,283,58,male,white,high school,14,midwest,married,0,working full time,52,26287.5,middle class,not very strong republican,slightly conservative,trump,,favor,should be legal,pretty happy,,,most people can be trusted,,not satisfied at all,0,3,several times a year,catholic,about once or twice a year,believe sometimes,don't know,inspired word,,,,,,,,,,,,,,,0,0
2018,284,63,male,white,high school,12,midwest,married,1,retired,,84120,middle class,not very strong republican,slightly conservative,trump,oppose,favor,,pretty happy,good,routine,,no,more or less satisfied,,3,several times a year,protestant,about once or twice a year,believe sometimes,yes,ancient book,no,not at all scientific,true,true,earth around sun,false,false,true,false,true,true,500 get the drug; 500 don't,no,yes,9,9
2018,285,71,female,white,bachelor's,16,midwest,divorced,0,retired,,,middle class,not very strong democrat,liberal,clinton,favor,favor,should be legal,very happy,good,exciting,most people can be trusted,yes,more or less satisfied,,,,none,less than once a year,higher power,no,ancient book,,,,,,,,,,,,,,,0,0
2018,286,67,female,white,high school,12,midwest,married,2,retired,,,middle class,not very strong democrat,"moderate, middle of the road",clinton,,oppose,should be legal,pretty happy,,,most people can be trusted,,pretty well satisfied,,3,never,catholic,several times a year,no doubts,yes,word of god,,,,,,,,,,,,,,,0,0
2018,287,65,female,white,bachelor's,18,midwest,divorced,3,"unemployed, laid off, looking for work",,98140,middle class,not very strong republican,"moderate, middle of the road",clinton,oppose,favor,should be legal,pretty happy,good,exciting,most people can be trusted,no,not satisfied at all,,,,protestant,every week,no doubts,yes,inspired word,,,,,,,,,,,,,,,0,0
2018,288,39,female,white,high school,15,midwest,never married,1,working full time,40,31544.999999999996,middle class,not very strong republican,slightly liberal,clinton,favor,favor,,pretty happy,good,exciting,,no,not satisfied at all,0,2,about once a month,none,never,higher power,yes,inspired word,yes,sort of scientific,,,earth around sun,true,true,true,true,true,true,500 get the drug; 500 don't,no,yes,4,7
2018,289,46,female,white,high school,12,midwest,separated,3,working full time,44,,working class,"independent (neither, no response)","moderate, middle of the road",,,,don't know,very happy,,,can't be too careful,,pretty well satisfied,0,1,about once a month,protestant,several times a year,no doubts,yes,word of god,,,,,,,,,,,,,,,0,0
2018,290,83,female,white,high school,12,midwest,widowed,4,retired,,,middle class,strong democrat,slightly liberal,clinton,favor,oppose,,pretty happy,fair,routine,,no,more or less satisfied,,6,several times a year,catholic,about once a month,no doubts,yes,inspired word,no,not at all scientific,,,earth around sun,false,true,false,false,true,true,500 get the drug; 500 don't,yes,yes,5,7
2018,291,59,male,white,bachelor's,17,midwest,divorced,1,working full time,45,84120,working class,not very strong republican,extremely conservative,trump,oppose,favor,should be legal,very happy,excellent,exciting,can't be too careful,no,more or less satisfied,1,,,protestant,every week,no doubts,yes,inspired word,,,,,,,,,,,,,,,0,0
2018,292,63,female,white,graduate,19,midwest,married,1,working full time,30,,middle class,,"moderate, middle of the road",don't know,favor,oppose,should be legal,very happy,good,exciting,most people can be trusted,no,pretty well satisfied,3,,,catholic,don't know,believe with doubts,yes,inspired word,,,,,,,,,,,,,,,0,0
2018,293,38,female,white,high school,12,midwest,never married,2,working full time,40,31544.999999999996,working class,not very strong democrat,"moderate, middle of the road",trump,,favor,should be legal,pretty happy,,,can't be too careful,,not satisfied at all,0,1,about once a month,none,never,don't believe,no,ancient book,no,not at all scientific,true,,earth around sun,false,true,true,true,true,true,500 get the drug; 500 don't,no,yes,6,8
2018,294,50,male,white,high school,12,midwest,divorced,2,working full time,40,31544.999999999996,working class,not very strong republican,slightly conservative,trump,oppose,favor,,pretty happy,fair,routine,,no,not satisfied at all,2,2,several times a year,catholic,never,believe with doubts,yes,inspired word,yes,not at all scientific,,,earth around sun,false,don't know,true,false,true,true,500 get the drug; 500 don't,no,yes,6,7
2018,295,18,female,white,high school,11,midwest,never married,0,in school,,,middle class,"independent (neither, no response)",don't know,,favor,oppose,should not be legal,pretty happy,good,routine,can't be too careful,yes,more or less satisfied,,,,none,never,no doubts,yes,inspired word,,,,,,,,,,,,,,,0,0
2018,296,45,female,white,bachelor's,16,midwest,married,3,working full time,40,38555,middle class,"independent, close to democrat",liberal,clinton,favor,favor,,pretty happy,good,routine,,no,pretty well satisfied,2,3,several times a month,none,never,higher power,yes,ancient book,yes,sort of scientific,true,don't know,earth around sun,don't know,don't know,false,false,true,true,500 get the drug; 500 don't,no,yes,5,9
2018,297,18,female,white,less than high school,11,south,never married,0,in school,,,middle class,not very strong republican,slightly conservative,,,favor,should be legal,pretty happy,,,can't be too careful,,more or less satisfied,,1,never,catholic,several times a year,no doubts,yes,inspired word,don't know,not at all scientific,,,earth around sun,false,don't know,true,true,true,true,don't know,yes,yes,5,7
2018,298,39,male,black,graduate,20,south,never married,0,retired,,,upper class,strong democrat,slightly liberal,trump,don't know,favor,,pretty happy,good,routine,,no,not satisfied at all,,7,never,protestant,every week,no doubts,yes,inspired word,yes,not at all scientific,,,earth around sun,false,false,true,false,true,true,all 1000 get the drug,no,no,7,7
2018,299,31,female,white,graduate,20,south,never married,0,working full time,37,47317.5,working class,not very strong democrat,"moderate, middle of the road",clinton,favor,oppose,,pretty happy,excellent,routine,,yes,not satisfied at all,2,4,several times a month,catholic,about once or twice a year,no doubts,yes,inspired word,yes,not at all scientific,true,true,earth around sun,false,true,true,false,true,true,all 1000 get the drug,don't know,yes,8,9
2018,300,44,female,black,bachelor's,16,south,never married,1,working full time,40,57832.5,working class,"independent (neither, no response)","moderate, middle of the road",,oppose,oppose,should be legal,pretty happy,excellent,exciting,can't be too careful,no,more or less satisfied,0,,,protestant,every week,no doubts,yes,inspired word,,,,,,,,,,,,,,,0,0
2018,301,46,female,black,bachelor's,16,south,married,1,working full time,40,47317.5,middle class,strong democrat,slightly liberal,clinton,,oppose,should not be legal,very happy,,,can't be too careful,,pretty well satisfied,2,2,several times a year,protestant,several times a week,no doubts,yes,word of god,no,not at all scientific,false,,sun around earth,false,false,true,false,true,don't know,don't know,no,yes,5,8
2018,302,56,female,white,high school,13,south,married,2,"unemployed, laid off, looking for work",,22782.5,middle class,strong republican,extremely conservative,trump,favor,favor,should not be legal,pretty happy,excellent,routine,can't be too careful,no,pretty well satisfied,,,,protestant,several times a year,no doubts,yes,word of god,,,,,,,,,,,,,,,0,0
2018,303,37,male,white,high school,12,south,married,2,working full time,40,57832.5,middle class,not very strong democrat,"moderate, middle of the road",clinton,favor,oppose,,very happy,good,exciting,,no,pretty well satisfied,0,1,about once a month,protestant,several times a year,believe with doubts,yes,inspired word,no,sort of scientific,,,sun around earth,true,false,true,true,true,true,500 get the drug; 500 don't,no,yes,4,7
2018,304,52,female,white,graduate,20,south,divorced,1,working full time,40,84120,middle class,"independent, close to democrat",liberal,clinton,,don't know,should be legal,very happy,,,don't know,,pretty well satisfied,0,2,several times a month,protestant,less than once a year,higher power,don't know,inspired word,,,,,,,,,,,,,,,0,0
2018,305,69,male,white,high school,14,south,married,3,working part time,6,3154.5,working class,"independent, close to republican","moderate, middle of the road",,favor,favor,should be legal,pretty happy,good,routine,most people can be trusted,no,more or less satisfied,0,,,protestant,several times a year,no doubts,don't know,word of god,,,,,,,,,,,,,,,0,0
2018,306,34,male,other,high school,12,south,separated,2,working full time,60,38555,working class,"independent (neither, no response)",liberal,,favor,favor,,very happy,fair,exciting,,no,more or less satisfied,0,1,never,none,several times a year,don't know,don't know,inspired word,yes,sort of scientific,,,sun around earth,true,don't know,false,don't know,don't know,true,500 get the drug; 500 don't,no,yes,1,7
2018,307,25,male,white,bachelor's,17,south,never married,0,working full time,40,,middle class,"independent, close to republican",conservative,trump,oppose,favor,should not be legal,pretty happy,good,exciting,most people can be trusted,no,more or less satisfied,0,,,protestant,every week,no doubts,yes,inspired word,,,,,,,,,,,,,,,0,0
2018,308,33,male,other,less than high school,8,south,never married,0,working full time,40,,working class,"independent (neither, no response)","moderate, middle of the road",,don't know,don't know,don't know,very happy,good,routine,depends,no,more or less satisfied,0,,,none,never,no doubts,don't know,word of god,,,,,,,,,,,,,,,0,0
2018,309,45,female,white,high school,12,south,divorced,2,working full time,45,16648.75,working class,not very strong republican,"moderate, middle of the road",trump,,favor,should be legal,pretty happy,,,can't be too careful,,not satisfied at all,30,2,about once a month,protestant,never,believe with doubts,yes,inspired word,yes,not at all scientific,,,earth around sun,false,false,true,false,true,true,all 1000 get the drug,no,yes,7,7
2018,310,57,male,white,bachelor's,16,south,married,3,retired,,176200.14942,middle class,"independent, close to republican",slightly liberal,trump,oppose,oppose,should be legal,very happy,excellent,routine,can't be too careful,no,pretty well satisfied,,,,protestant,about once a month,believe with doubts,yes,inspired word,,,,,,,,,,,,,,,0,0
2018,311,77,male,white,high school,14,south,divorced,3,retired,,,upper class,other party,slightly conservative,trump,oppose,favor,,pretty happy,good,exciting,,no,pretty well satisfied,,4,once or twice a week,protestant,every week,no doubts,yes,ancient book,no,sort of scientific,true,true,earth around sun,false,true,true,true,true,true,500 get the drug; 500 don't,no,yes,7,9
2018,312,29,male,other,bachelor's,16,south,never married,3,working full time,40,70100,middle class,"independent, close to democrat","moderate, middle of the road",clinton,oppose,favor,,pretty happy,fair,routine,,no,more or less satisfied,0,0,several times a year,protestant,about once a month,believe sometimes,don't know,inspired word,no,not at all scientific,,,earth around sun,false,false,true,false,true,true,500 get the drug; 500 don't,no,yes,7,7
2018,313,58,male,white,graduate,18,south,widowed,0,working full time,45,176200.14942,middle class,strong democrat,extremely liberal,clinton,favor,oppose,should be legal,very happy,excellent,exciting,most people can be trusted,no,more or less satisfied,0,,,jewish,several times a year,"don't know, no way to find out",no,ancient book,,,,,,,,,,,,,,,0,0
2018,314,42,male,white,graduate,20,south,married,2,working full time,40,84120,middle class,"independent, close to democrat",slightly liberal,clinton,oppose,oppose,should be legal,very happy,good,routine,most people can be trusted,no,pretty well satisfied,0,,,none,never,don't believe,no,ancient book,,,,,,,,,,,,,,,0,0
2018,315,65,male,white,high school,13,south,divorced,0,working full time,35,38555,middle class,not very strong democrat,"moderate, middle of the road",clinton,favor,favor,,not too happy,excellent,exciting,,yes,pretty well satisfied,10,1,about once a year,none,never,don't believe,no,ancient book,no,not at all scientific,true,don't know,earth around sun,true,don't know,don't know,true,false,false,500 get the drug; 500 don't,no,yes,2,9
2018,316,25,female,black,bachelor's,16,south,never married,0,working full time,45,22782.5,working class,"independent, close to republican",slightly conservative,clinton,favor,oppose,should be legal,not too happy,fair,exciting,most people can be trusted,yes,more or less satisfied,5,,,christian,every week,believe with doubts,yes,word of god,,,,,,,,,,,,,,,0,0
2018,317,76,male,white,graduate,19,south,married,8,retired,,,middle class,"independent, close to republican",conservative,didn't vote for president,favor,favor,,very happy,excellent,routine,,yes,pretty well satisfied,,0,never,jewish,several times a week,no doubts,yes,word of god,no,not at all scientific,,,earth around sun,false,false,true,false,true,true,500 get the drug; 500 don't,no,yes,7,7
2018,318,73,female,black,high school,12,south,widowed,5,keeping house,,,middle class,not very strong democrat,slightly conservative,clinton,,favor,should not be legal,not too happy,,,can't be too careful,,pretty well satisfied,,4,never,protestant,2-3 times a month,believe with doubts,yes,ancient book,,,,,,,,,,,,,,,0,0
2018,319,34,female,white,graduate,20,south,married,5,working full time,35,57832.5,middle class,not very strong republican,conservative,trump,,favor,should not be legal,pretty happy,,,can't be too careful,,more or less satisfied,0,0,never,jewish,about once a month,no doubts,yes,word of god,no,sort of scientific,,,sun around earth,false,true,true,true,false,true,500 get the drug; 500 don't,no,no,3,7
2018,320,51,male,black,high school,12,south,married,2,working full time,70,47317.5,working class,strong democrat,conservative,clinton,favor,oppose,,very happy,excellent,routine,,no,not satisfied at all,0,8,never,christian,every week,no doubts,yes,inspired word,yes,sort of scientific,,,sun around earth,false,false,false,true,false,true,500 get the drug; 500 don't,no,don't know,3,7
2018,321,78,female,white,high school,14,south,married,3,keeping house,,,middle class,strong republican,conservative,trump,oppose,favor,should not be legal,pretty happy,fair,routine,most people can be trusted,no,more or less satisfied,,,,catholic,don't know,no doubts,yes,inspired word,,,,,,,,,,,,,,,0,0
2018,322,53,male,black,high school,12,south,married,3,working part time,30,6309,working class,"independent, close to democrat",liberal,clinton,oppose,oppose,,very happy,good,routine,,no,more or less satisfied,0,8,never,protestant,several times a year,no doubts,yes,word of god,no,sort of scientific,false,false,sun around earth,true,false,don't know,true,don't know,don't know,500 get the drug; 500 don't,no,no,1,9
2018,323,83,male,black,less than high school,11,south,married,7,retired,,,middle class,not very strong democrat,don't know,,oppose,oppose,,very happy,good,routine,,no,not satisfied at all,,2,never,protestant,never,no doubts,don't know,inspired word,no,sort of scientific,,,sun around earth,false,false,false,true,false,false,500 get the drug; 500 don't,no,no,2,7
2018,324,58,female,black,less than high school,7,south,never married,1,other,,,working class,not very strong democrat,conservative,,oppose,favor,should not be legal,pretty happy,fair,routine,can't be too careful,yes,not satisfied at all,,,,protestant,never,no doubts,don't know,word of god,,,,,,,,,,,,,,,0,0
2018,325,73,male,black,less than high school,12,south,widowed,4,retired,,,middle class,strong republican,"moderate, middle of the road",clinton,,favor,should not be legal,pretty happy,,,can't be too careful,,pretty well satisfied,,8,once or twice a week,catholic,about once a month,believe sometimes,yes,inspired word,no,very scientific,,,earth around sun,false,true,false,true,true,true,500 get the drug; 500 don't,no,no,4,7
2018,326,83,female,white,high school,10,south,widowed,4,retired,,,working class,not very strong republican,extremely conservative,clinton,,favor,should not be legal,not too happy,,,can't be too careful,,more or less satisfied,,2,never,catholic,every week,believe with doubts,no,word of god,yes,sort of scientific,false,,sun around earth,false,don't know,don't know,true,false,true,500 get the drug; 500 don't,no,no,2,8
2018,327,86,male,black,high school,12,south,separated,8,retired,,,working class,"independent, close to democrat","moderate, middle of the road",clinton,favor,oppose,,not too happy,poor,dull,,yes,not satisfied at all,,16,never,protestant,never,don't know,no,ancient book,no,not at all scientific,,,earth around sun,false,false,true,false,true,true,500 get the drug; 500 don't,yes,yes,7,7
2018,328,70,female,other,high school,14,south,widowed,0,other,,,middle class,strong democrat,"moderate, middle of the road",clinton,favor,oppose,should be legal,pretty happy,fair,routine,can't be too careful,no,not satisfied at all,,,,protestant,several times a year,no doubts,no,ancient book,,,,,,,,,,,,,,,0,0
2018,329,31,female,black,bachelor's,17,south,never married,0,keeping house,,,middle class,not very strong democrat,liberal,clinton,,oppose,don't know,pretty happy,,,most people can be trusted,,more or less satisfied,,1,about once a year,none,never,higher power,yes,inspired word,no,sort of scientific,,,earth around sun,false,don't know,true,true,false,true,500 get the drug; 500 don't,no,no,4,7
2018,330,24,female,black,bachelor's,16,south,never married,0,in school,,3154.5,middle class,not very strong democrat,slightly liberal,clinton,favor,oppose,should be legal,very happy,excellent,exciting,can't be too careful,no,more or less satisfied,,,,protestant,every week,no doubts,yes,inspired word,,,,,,,,,,,,,,,0,0
2018,331,42,male,white,associate/junior college,14,south,never married,0,working full time,45,13143.75,middle class,strong democrat,liberal,clinton,,,should be legal,pretty happy,,,most people can be trusted,,pretty well satisfied,7,2,never,protestant,every week,believe sometimes,no,ancient book,,,,,,,,,,,,,,,0,0
2018,332,34,female,white,graduate,16,south,married,0,working full time,40,84120,middle class,not very strong democrat,liberal,clinton,favor,oppose,should be legal,pretty happy,good,exciting,can't be too careful,no,pretty well satisfied,0,,,catholic,about once or twice a year,believe sometimes,don't know,ancient book,,,,,,,,,,,,,,,0,0
2018,333,70,female,white,graduate,19,south,divorced,3,in school,,,middle class,"independent (neither, no response)","moderate, middle of the road",don't know,,oppose,should not be legal,pretty happy,,,depends,,not satisfied at all,,2,never,catholic,about once or twice a year,believe sometimes,yes,ancient book,yes,very scientific,true,,earth around sun,true,true,true,true,true,true,500 get the drug; 500 don't,no,no,5,8
2018,334,37,female,white,high school,12,south,never married,2,keeping house,,26287.5,working class,"independent, close to republican",extremely liberal,clinton,,favor,should be legal,pretty happy,,,can't be too careful,,more or less satisfied,,5,several times a year,protestant,never,no doubts,yes,inspired word,,,,,,,,,,,,,,,0,0
2018,335,70,male,white,graduate,18,south,married,2,retired,,47317.5,middle class,strong republican,extremely conservative,trump,oppose,favor,,very happy,excellent,exciting,,no,more or less satisfied,,1,never,protestant,nearly every week,no doubts,yes,word of god,no,not at all scientific,,,earth around sun,false,false,true,false,true,true,all 1000 get the drug,no,no,7,7
2018,336,71,male,white,high school,12,south,married,2,retired,,,middle class,not very strong republican,"moderate, middle of the road",,favor,favor,,pretty happy,good,routine,,no,pretty well satisfied,,3,about once a year,protestant,every week,believe sometimes,yes,inspired word,no,not at all scientific,true,don't know,earth around sun,false,false,don't know,false,true,true,all 1000 get the drug,no,yes,7,9
2018,337,26,female,white,graduate,16,south,never married,0,working full time,60,26287.5,middle class,not very strong republican,slightly conservative,clinton,,favor,should not be legal,pretty happy,,,most people can be trusted,,more or less satisfied,14,1,about once a month,protestant,about once or twice a year,believe sometimes,yes,ancient book,,,,,,,,,,,,,,,0,0
2018,338,54,male,white,graduate,16,south,married,4,working full time,60,176200.14942,upper class,strong democrat,slightly liberal,clinton,favor,oppose,should not be legal,very happy,excellent,exciting,most people can be trusted,yes,pretty well satisfied,0,,,jewish,several times a year,higher power,no,ancient book,,,,,,,,,,,,,,,0,0
2018,339,40,female,white,bachelor's,16,south,married,2,working full time,40,98140,upper class,"independent, close to democrat",slightly liberal,clinton,favor,oppose,should be legal,pretty happy,good,exciting,most people can be trusted,no,more or less satisfied,2,,,protestant,every week,no doubts,yes,inspired word,,,,,,,,,,,,,,,0,0
2018,340,56,female,white,bachelor's,16,south,divorced,0,working full time,50,176200.14942,middle class,"independent, close to republican",conservative,trump,,favor,should be legal,very happy,,,most people can be trusted,,more or less satisfied,0,2,once or twice a week,catholic,never,no doubts,yes,inspired word,,,,,,,,,,,,,,,0,0
2018,341,60,male,white,graduate,20,south,widowed,3,working full time,40,98140,middle class,not very strong republican,conservative,trump,oppose,favor,should not be legal,pretty happy,fair,routine,most people can be trusted,no,pretty well satisfied,15,,,catholic,every week,no doubts,yes,inspired word,,,,,,,,,,,,,,,0,0
2018,342,72,male,white,bachelor's,16,south,married,0,working full time,,2453.5,middle class,other party,don't know,clinton,,oppose,,pretty happy,good,exciting,,yes,pretty well satisfied,,4,about once a month,none,never,"don't know, no way to find out",no,ancient book,no,not at all scientific,,,earth around sun,false,false,true,false,true,true,500 get the drug; 500 don't,no,don't know,7,7
2018,343,35,female,black,bachelor's,16,south,married,2,working full time,40,98140,upper class,"independent (neither, no response)",slightly conservative,clinton,favor,oppose,should not be legal,very happy,excellent,exciting,depends,no,pretty well satisfied,0,,,protestant,every week,no doubts,yes,inspired word,,,,,,,,,,,,,,,0,0
2018,344,55,male,white,graduate,18,south,married,4,working full time,40,176200.14942,upper class,strong republican,conservative,trump,,oppose,should not be legal,very happy,,,most people can be trusted,,pretty well satisfied,0,0,several times a year,catholic,every week,no doubts,yes,word of god,,,,,,,,,,,,,,,0,0
2018,345,28,female,black,associate/junior college,14,south,married,3,in school,,19277.5,working class,strong democrat,liberal,clinton,favor,favor,,very happy,excellent,exciting,,no,more or less satisfied,,3,never,protestant,nearly every week,no doubts,yes,word of god,no,sort of scientific,true,false,sun around earth,false,true,false,true,true,true,500 get the drug; 500 don't,yes,no,4,9
2018,346,77,female,white,high school,13,south,divorced,5,other,,,lower class,strong democrat,"moderate, middle of the road",clinton,favor,favor,should be legal,pretty happy,good,exciting,most people can be trusted,no,more or less satisfied,,,,catholic,never,no doubts,yes,word of god,,,,,,,,,,,,,,,0,0
2018,347,30,female,black,high school,12,south,never married,2,working full time,40,26287.5,working class,strong democrat,"moderate, middle of the road",,,oppose,should not be legal,pretty happy,,,can't be too careful,,more or less satisfied,10,2,about once a month,protestant,several times a year,no doubts,don't know,inspired word,yes,very scientific,,,earth around sun,don't know,false,true,false,true,don't know,500 get the drug; 500 don't,no,yes,5,7
2018,348,67,female,white,high school,12,south,widowed,3,retired,,,working class,"independent, close to democrat","moderate, middle of the road",clinton,favor,favor,,pretty happy,poor,routine,,yes,not satisfied at all,,6,never,protestant,every week,no doubts,yes,word of god,no,sort of scientific,,,earth around sun,true,false,true,false,true,true,all 1000 get the drug,yes,no,6,7
2018,349,53,female,black,high school,12,south,never married,0,in school,,,middle class,not very strong democrat,"moderate, middle of the road",,favor,favor,,not too happy,fair,routine,,yes,not satisfied at all,,8,about once a year,protestant,about once or twice a year,no doubts,yes,word of god,no,not at all scientific,,,sun around earth,don't know,don't know,don't know,true,true,don't know,500 get the drug; 500 don't,no,yes,1,7
2018,350,37,female,black,high school,15,south,married,4,"unemployed, laid off, looking for work",,350.5,lower class,not very strong democrat,slightly conservative,clinton,favor,favor,should be legal,pretty happy,fair,routine,can't be too careful,yes,not satisfied at all,,,,protestant,several times a week,no doubts,yes,word of god,,,,,,,,,,,,,,,0,0
2018,351,51,female,black,graduate,14,south,married,1,working full time,40,176200.14942,working class,"independent, close to democrat","moderate, middle of the road",,,,should not be legal,very happy,,,can't be too careful,,pretty well satisfied,0,2,never,none,about once a month,believe with doubts,yes,inspired word,yes,sort of scientific,,,earth around sun,false,false,true,false,true,true,500 get the drug; 500 don't,no,yes,7,7
2018,352,35,female,black,high school,12,south,married,8,other,,7886.249999999999,working class,"independent (neither, no response)","moderate, middle of the road",clinton,favor,favor,,pretty happy,good,routine,,yes,not satisfied at all,,2,never,protestant,never,no doubts,don't know,word of god,yes,not at all scientific,,,earth around sun,true,don't know,don't know,true,true,don't know,500 get the drug; 500 don't,no,no,2,7
2018,353,60,female,white,graduate,20,south,married,2,retired,,,upper class,"independent, close to republican","moderate, middle of the road",trump,favor,favor,don't know,pretty happy,good,exciting,most people can be trusted,no,pretty well satisfied,,,,protestant,nearly every week,believe with doubts,yes,inspired word,,,,,,,,,,,,,,,0,0
2018,354,68,male,other,graduate,16,south,married,1,retired,,84120,middle class,not very strong democrat,"moderate, middle of the road",clinton,oppose,favor,,pretty happy,fair,routine,,no,pretty well satisfied,,5,several times a year,none,about once or twice a year,"don't know, no way to find out",no,ancient book,no,very scientific,,,earth around sun,false,false,true,false,true,true,500 get the drug; 500 don't,no,yes,7,7
2018,355,43,male,white,graduate,20,south,married,2,working full time,45,84120,middle class,strong democrat,liberal,clinton,favor,oppose,,very happy,excellent,routine,,no,pretty well satisfied,0,1,several times a year,none,every week,higher power,yes,inspired word,yes,not at all scientific,true,true,earth around sun,false,false,true,false,true,true,500 get the drug; 500 don't,no,yes,9,9
2018,356,36,female,other,high school,12,south,married,6,keeping house,,,working class,strong democrat,"moderate, middle of the road",clinton,favor,oppose,should not be legal,very happy,excellent,routine,can't be too careful,no,more or less satisfied,,,,catholic,about once a month,no doubts,yes,inspired word,,,,,,,,,,,,,,,0,0
2018,357,34,female,black,less than high school,9,south,never married,2,working full time,37,6309,upper class,strong democrat,conservative,clinton,favor,favor,should be legal,very happy,good,routine,can't be too careful,yes,not satisfied at all,0,,,protestant,about once or twice a year,no doubts,yes,word of god,,,,,,,,,,,,,,,0,0
2018,358,39,male,black,graduate,18,south,married,3,working full time,40,70100,working class,"independent (neither, no response)",conservative,clinton,,oppose,should not be legal,very happy,,,most people can be trusted,,more or less satisfied,0,1,never,protestant,every week,no doubts,yes,word of god,,,,,,,,,,,,,,,0,0
2018,359,52,male,white,associate/junior college,14,south,never married,1,working full time,60,57832.5,middle class,strong republican,slightly conservative,trump,oppose,oppose,,pretty happy,excellent,routine,,no,more or less satisfied,0,3,about once a month,protestant,about once or twice a year,higher power,no,inspired word,no,not at all scientific,,,sun around earth,false,don't know,false,true,true,true,500 get the drug; 500 don't,no,no,3,7
2018,360,70,male,white,high school,12,south,separated,0,working full time,60,38555,working class,"independent, close to republican",conservative,trump,favor,favor,don't know,pretty happy,fair,routine,can't be too careful,no,pretty well satisfied,0,,,protestant,several times a year,believe with doubts,don't know,inspired word,,,,,,,,,,,,,,,0,0
2018,361,60,male,white,high school,12,south,married,4,retired,,,middle class,strong republican,extremely conservative,trump,,favor,should not be legal,pretty happy,,,can't be too careful,,pretty well satisfied,,2,once or twice a week,protestant,every week,no doubts,yes,word of god,,,,,,,,,,,,,,,0,0
2018,362,61,female,white,high school,13,south,married,2,keeping house,,,middle class,other party,"moderate, middle of the road",,favor,favor,,very happy,excellent,exciting,,no,more or less satisfied,,3,several times a year,protestant,never,believe with doubts,yes,word of god,no,don't know,false,don't know,earth around sun,true,don't know,true,true,true,true,500 get the drug; 500 don't,no,yes,4,9
2018,363,32,female,white,high school,14,south,married,2,working part time,10,,working class,not very strong republican,"moderate, middle of the road",trump,,,should be legal,pretty happy,,,can't be too careful,,more or less satisfied,15,1,about once a month,protestant,every week,no doubts,yes,word of god,no,not at all scientific,false,,earth around sun,false,false,false,false,true,true,all 1000 get the drug,no,yes,6,8
2018,364,40,female,white,bachelor's,16,south,separated,3,working full time,30,22782.5,middle class,not very strong republican,slightly conservative,trump,favor,favor,,very happy,excellent,exciting,,no,more or less satisfied,0,1,several times a month,catholic,never,no doubts,no,inspired word,yes,not at all scientific,true,don't know,sun around earth,don't know,don't know,true,false,true,true,500 get the drug; 500 don't,no,yes,5,9
2018,365,44,male,white,associate/junior college,17,south,divorced,2,working full time,45,57832.5,working class,strong republican,slightly conservative,trump,oppose,favor,should be legal,pretty happy,fair,dull,can't be too careful,no,more or less satisfied,15,,,orthodox-christian,about once a month,believe with doubts,yes,inspired word,,,,,,,,,,,,,,,0,0
2018,366,67,female,black,less than high school,6,northeast,divorced,1,keeping house,,,working class,strong democrat,"moderate, middle of the road",clinton,favor,oppose,should not be legal,pretty happy,good,routine,depends,yes,not satisfied at all,,,,protestant,every week,no doubts,yes,inspired word,,,,,,,,,,,,,,,0,0
2018,367,70,female,white,graduate,16,northeast,never married,0,working full time,40,98140,middle class,strong democrat,liberal,clinton,favor,oppose,,very happy,excellent,exciting,,no,pretty well satisfied,0,0,about once a year,protestant,about once or twice a year,higher power,don't know,ancient book,no,not at all scientific,true,true,earth around sun,false,false,true,false,true,true,500 get the drug; 500 don't,no,yes,9,9
2018,368,27,female,white,bachelor's,16,northeast,never married,0,working full time,45,57832.5,middle class,"independent, close to democrat",slightly liberal,clinton,favor,favor,should be legal,very happy,good,exciting,can't be too careful,no,more or less satisfied,1,,,catholic,never,higher power,yes,inspired word,,,,,,,,,,,,,,,0,0
2018,369,30,female,white,graduate,18,northeast,married,0,working full time,55,70100,upper class,"independent, close to democrat",slightly conservative,,,favor,should be legal,pretty happy,,,can't be too careful,,pretty well satisfied,6,0,several times a year,none,less than once a year,"don't know, no way to find out",no,ancient book,no,not at all scientific,true,,sun around earth,false,true,false,false,true,false,500 get the drug; 500 don't,no,yes,4,8
2018,370,61,male,white,high school,16,northeast,married,2,working full time,40,176200.14942,upper class,"independent, close to republican","moderate, middle of the road",didn't vote for president,favor,oppose,,very happy,good,exciting,,no,pretty well satisfied,,10,once or twice a week,protestant,about once or twice a year,,no,inspired word,yes,not at all scientific,,,,,,,,,,500 get the drug; 500 don't,,,0,0
2018,371,30,male,white,bachelor's,16,northeast,never married,0,working full time,60,176200.14942,middle class,not very strong republican,slightly conservative,,favor,favor,,pretty happy,good,exciting,,yes,pretty well satisfied,2,1,once or twice a week,catholic,about once a month,believe with doubts,yes,inspired word,no,not at all scientific,true,false,earth around sun,true,false,true,false,true,true,500 get the drug; 500 don't,no,don't know,7,9
2018,372,38,male,white,bachelor's,16,northeast,married,0,working full time,52,70100,upper class,strong democrat,liberal,clinton,favor,oppose,should be legal,pretty happy,excellent,exciting,most people can be trusted,no,more or less satisfied,6,,,none,several times a year,"don't know, no way to find out",no,ancient book,,,,,,,,,,,,,,,0,0
2018,373,27,female,white,bachelor's,16,northeast,never married,0,working full time,40,57832.5,middle class,strong democrat,liberal,clinton,favor,oppose,,very happy,excellent,exciting,,yes,more or less satisfied,5,1,once or twice a week,catholic,never,believe sometimes,yes,ancient book,yes,not at all scientific,true,true,earth around sun,false,true,true,false,true,true,500 get the drug; 500 don't,no,yes,8,9
2018,374,67,female,white,associate/junior college,15,northeast,married,4,retired,,,working class,not very strong democrat,slightly conservative,clinton,,favor,should be legal,very happy,,,can't be too careful,,more or less satisfied,,5,about once a month,catholic,about once or twice a year,no doubts,no,word of god,yes,not at all scientific,true,,earth around sun,false,true,don't know,true,true,true,500 get the drug; 500 don't,no,yes,5,8
2018,375,45,male,white,bachelor's,16,northeast,separated,2,working full time,40,22782.5,working class,not very strong republican,slightly conservative,trump,favor,favor,,pretty happy,excellent,routine,,no,more or less satisfied,2,3,once or twice a week,none,never,"don't know, no way to find out",no,ancient book,no,sort of scientific,true,don't know,earth around sun,false,false,true,false,true,true,500 get the drug; 500 don't,no,yes,8,9
2018,376,68,female,white,associate/junior college,14,northeast,married,0,retired,,38555,middle class,"independent, close to democrat","moderate, middle of the road",clinton,favor,favor,should be legal,pretty happy,fair,routine,most people can be trusted,no,pretty well satisfied,,,,catholic,less than once a year,believe with doubts,no,inspired word,,,,,,,,,,,,,,,0,0
2018,377,18,female,white,high school,14,northeast,never married,0,working full time,60,3855.4999999999995,working class,"independent, close to democrat",liberal,,,oppose,should be legal,pretty happy,,,can't be too careful,,more or less satisfied,2,1,several times a month,catholic,about once or twice a year,believe with doubts,yes,inspired word,no,sort of scientific,,,earth around sun,false,true,true,false,true,true,500 get the drug; 500 don't,no,yes,6,7
2018,378,77,female,white,high school,14,northeast,widowed,2,retired,,,middle class,"independent (neither, no response)","moderate, middle of the road",trump,oppose,oppose,,pretty happy,fair,exciting,,yes,pretty well satisfied,,2,never,catholic,every week,no doubts,yes,inspired word,no,not at all scientific,,,earth around sun,false,false,true,false,true,true,500 get the drug; 500 don't,no,yes,7,7
2018,379,78,female,white,bachelor's,16,northeast,widowed,3,keeping house,,,upper class,"independent, close to republican",slightly conservative,trump,oppose,oppose,,pretty happy,good,exciting,,no,pretty well satisfied,,2,about once a year,protestant,several times a year,higher power,don't know,ancient book,no,not at all scientific,true,false,sun around earth,false,true,true,false,true,don't know,500 get the drug; 500 don't,no,yes,5,9
2018,380,61,female,white,bachelor's,16,northeast,married,2,working part time,,,middle class,strong democrat,liberal,clinton,,oppose,should be legal,pretty happy,,,most people can be trusted,,more or less satisfied,,2,several times a month,none,several times a year,don't believe,no,ancient book,yes,not at all scientific,true,,earth around sun,false,false,false,false,false,true,500 get the drug; 500 don't,no,yes,6,8
2018,381,72,male,white,high school,12,northeast,married,2,working part time,20,350.5,working class,"independent (neither, no response)","moderate, middle of the road",,,favor,should be legal,pretty happy,,,can't be too careful,,pretty well satisfied,0,3,several times a month,protestant,about once or twice a year,believe with doubts,yes,inspired word,yes,sort of scientific,,,earth around sun,false,false,don't know,don't know,true,true,500 get the drug; 500 don't,no,yes,5,7
2018,382,89,female,white,high school,12,northeast,widowed,5,keeping house,,,middle class,not very strong republican,don't know,clinton,don't know,don't know,don't know,pretty happy,fair,routine,most people can be trusted,yes,more or less satisfied,,,,catholic,never,no doubts,no,don't know,,,,,,,,,,,,,,,0,0
2018,383,75,female,white,bachelor's,19,northeast,widowed,3,retired,,,middle class,"independent, close to democrat",liberal,clinton,favor,favor,,very happy,good,exciting,,yes,pretty well satisfied,,2,several times a year,protestant,nearly every week,believe with doubts,yes,inspired word,yes,not at all scientific,true,true,earth around sun,false,false,true,false,true,true,500 get the drug; 500 don't,no,yes,9,9
2018,384,48,male,other,bachelor's,15,northeast,married,1,working part time,15,26287.5,middle class,not very strong democrat,liberal,clinton,favor,favor,should not be legal,not too happy,fair,exciting,can't be too careful,no,more or less satisfied,10,,,none,never,don't believe,no,ancient book,,,,,,,,,,,,,,,0,0
2018,385,48,female,white,graduate,16,northeast,married,3,working full time,50,70100,middle class,strong democrat,liberal,clinton,favor,oppose,,pretty happy,excellent,exciting,,no,more or less satisfied,0,1,several times a year,catholic,2-3 times a month,no doubts,yes,inspired word,no,not at all scientific,,,earth around sun,false,don't know,false,false,true,true,500 get the drug; 500 don't,no,yes,5,7
2018,386,41,female,white,bachelor's,16,northeast,never married,0,working full time,30,38555,middle class,strong democrat,extremely liberal,clinton,favor,oppose,,pretty happy,excellent,routine,,yes,not satisfied at all,2,4,about once a month,jewish,about once or twice a year,don't believe,no,ancient book,yes,not at all scientific,,,earth around sun,false,false,true,false,true,true,500 get the drug; 500 don't,no,yes,7,7
2018,387,30,female,white,bachelor's,16,northeast,never married,0,working full time,35,47317.5,middle class,"independent (neither, no response)","moderate, middle of the road",other candidate,,oppose,should be legal,pretty happy,,,most people can be trusted,,more or less satisfied,5,1,about once a month,protestant,several times a year,believe with doubts,don't know,inspired word,,,,,,,,,,,,,,,0,0
2018,388,29,female,white,graduate,20,northeast,never married,0,working full time,40,26287.5,middle class,other party,"moderate, middle of the road",other candidate,oppose,favor,,pretty happy,good,exciting,,yes,more or less satisfied,10,0,about once a month,protestant,several times a year,believe with doubts,yes,inspired word,yes,not at all scientific,true,true,earth around sun,false,false,true,false,true,true,500 get the drug; 500 don't,no,yes,9,9
2018,389,38,male,black,associate/junior college,14,northeast,married,0,working full time,40,,middle class,strong democrat,slightly liberal,trump,oppose,oppose,should not be legal,pretty happy,fair,routine,can't be too careful,yes,more or less satisfied,0,,,catholic,nearly every week,believe with doubts,yes,inspired word,,,,,,,,,,,,,,,0,0
2018,390,76,female,black,high school,14,northeast,widowed,7,retired,,,middle class,"independent (neither, no response)",don't know,clinton,,don't know,should not be legal,very happy,,,can't be too careful,,pretty well satisfied,,3,never,protestant,several times a week,no doubts,yes,word of god,no,not at all scientific,false,,earth around sun,true,don't know,false,true,false,true,500 get the drug; 500 don't,no,no,2,8
2018,391,55,female,other,high school,13,northeast,divorced,2,working full time,40,,working class,"independent (neither, no response)","moderate, middle of the road",,oppose,oppose,don't know,not too happy,poor,routine,most people can be trusted,no,not satisfied at all,15,,,protestant,never,no doubts,yes,inspired word,,,,,,,,,,,,,,,0,0
2018,392,28,male,white,graduate,18,northeast,never married,0,working full time,40,,middle class,strong democrat,slightly liberal,clinton,,oppose,should be legal,pretty happy,,,most people can be trusted,,more or less satisfied,3,1,several times a month,none,about once or twice a year,higher power,no,ancient book,,,,,,,,,,,,,,,0,0
2018,393,18,female,black,less than high school,9,northeast,never married,0,keeping house,,,working class,not very strong democrat,,,oppose,oppose,,pretty happy,fair,dull,,yes,more or less satisfied,,5,never,christian,2-3 times a month,believe sometimes,yes,word of god,no,sort of scientific,true,true,earth around sun,don't know,don't know,don't know,false,true,true,500 get the drug; 500 don't,no,yes,6,9
2018,394,24,female,other,graduate,17,northeast,never married,0,"with a job, but not at work because of temporary illness, vacation, strike",,,middle class,"independent, close to democrat",extremely liberal,,favor,favor,should be legal,pretty happy,good,exciting,most people can be trusted,no,pretty well satisfied,2,,,none,never,higher power,no,ancient book,,,,,,,,,,,,,,,0,0
2018,395,34,male,white,less than high school,0,northeast,married,0,working full time,40,57832.5,middle class,not very strong democrat,liberal,clinton,don't know,oppose,,not too happy,good,don't know,,no,pretty well satisfied,25,0,about once a month,other,less than once a year,"don't know, no way to find out",don't know,ancient book,yes,not at all scientific,,,earth around sun,false,false,true,false,true,true,500 get the drug; 500 don't,no,yes,7,7
2018,396,77,female,white,high school,16,northeast,married,3,working part time,,,upper class,strong republican,conservative,other candidate,favor,oppose,don't know,very happy,excellent,exciting,most people can be trusted,no,pretty well satisfied,0,,,protestant,2-3 times a month,no doubts,yes,inspired word,,,,,,,,,,,,,,,0,0
2018,397,89,male,white,high school,12,northeast,never married,0,retired,,,lower class,"independent, close to republican",conservative,trump,,favor,should not be legal,pretty happy,,,most people can be trusted,,not satisfied at all,,6,never,protestant,every week,believe sometimes,yes,inspired word,,,,,,,,,,,,,,,0,0
2018,398,69,male,white,graduate,19,northeast,married,2,working part time,30,84120,middle class,strong democrat,extremely liberal,clinton,,oppose,should be legal,not too happy,,,most people can be trusted,,pretty well satisfied,0,1,about once a month,protestant,2-3 times a month,higher power,no,ancient book,no,not at all scientific,true,,earth around sun,false,false,true,false,true,true,,no,no,8,8
2018,399,70,male,white,high school,12,northeast,divorced,2,retired,,19277.5,middle class,"independent, close to democrat","moderate, middle of the road",clinton,favor,oppose,,very happy,fair,exciting,,no,pretty well satisfied,,2,never,none,never,"don't know, no way to find out",don't know,ancient book,no,not at all scientific,,,earth around sun,false,false,true,false,true,true,all 1000 get the drug,no,yes,7,7
2018,400,71,female,white,bachelor's,16,northeast,married,4,retired,,,middle class,"independent (neither, no response)","moderate, middle of the road",trump,favor,favor,,very happy,excellent,exciting,,no,pretty well satisfied,,3,about once a month,catholic,about once or twice a year,believe with doubts,yes,inspired word,no,not at all scientific,true,false,earth around sun,false,false,false,false,true,true,500 get the drug; 500 don't,no,no,7,9
2018,401,34,male,white,bachelor's,16,northeast,never married,0,working full time,32,19277.5,middle class,"independent (neither, no response)",slightly liberal,clinton,,oppose,should be legal,pretty happy,,,can't be too careful,,more or less satisfied,2,0,once or twice a week,protestant,several times a year,believe with doubts,yes,other (vol),yes,not at all scientific,,,earth around sun,false,false,true,true,true,true,500 get the drug; 500 don't,no,yes,6,7
2018,402,77,female,other,high school,12,northeast,never married,0,other,,,upper class,"independent (neither, no response)",slightly conservative,,,oppose,should not be legal,pretty happy,,,can't be too careful,,more or less satisfied,,9,never,catholic,never,no doubts,yes,ancient book,,,,,,,,,,,,,,,0,0
2018,403,20,female,white,high school,12,northeast,never married,0,working full time,38,1402,working class,"independent (neither, no response)",don't know,,oppose,don't know,should be legal,pretty happy,excellent,exciting,depends,no,pretty well satisfied,0,,,catholic,2-3 times a month,believe with doubts,yes,inspired word,,,,,,,,,,,,,,,0,0
2018,404,38,female,white,less than high school,3,northeast,married,2,working part time,8,,working class,not very strong republican,extremely liberal,,,favor,should not be legal,pretty happy,,,can't be too careful,,more or less satisfied,0,1,never,protestant,every week,no doubts,yes,word of god,,,,,,,,,,,,,,,0,0
2018,405,29,female,white,high school,12,northeast,never married,4,keeping house,,,lower class,"independent, close to republican","moderate, middle of the road",,oppose,favor,,pretty happy,good,routine,,yes,more or less satisfied,,1,never,catholic,about once or twice a year,no doubts,yes,word of god,yes,not at all scientific,don't know,false,sun around earth,false,don't know,don't know,true,false,true,500 get the drug; 500 don't,no,yes,2,9
2018,406,69,male,white,high school,15,northeast,married,2,retired,,,middle class,"independent, close to republican",conservative,trump,,favor,should not be legal,pretty happy,,,most people can be trusted,,pretty well satisfied,,3,several times a month,catholic,about once or twice a year,higher power,yes,inspired word,no,sort of scientific,,,earth around sun,false,false,true,true,true,true,500 get the drug; 500 don't,no,yes,6,7
2018,407,36,female,white,high school,11,northeast,never married,4,"unemployed, laid off, looking for work",,,working class,"independent, close to democrat",conservative,clinton,favor,favor,,pretty happy,excellent,routine,,no,not satisfied at all,,2,about once a year,catholic,about once a month,believe with doubts,yes,inspired word,yes,sort of scientific,,,earth around sun,true,don't know,true,false,true,true,500 get the drug; 500 don't,no,yes,5,7
2018,408,43,female,other,high school,14,northeast,married,3,"with a job, but not at work because of temporary illness, vacation, strike",,,working class,,conservative,,,,should not be legal,very happy,,,most people can be trusted,,not satisfied at all,0,0,never,protestant,about once or twice a year,no doubts,don't know,word of god,,,,,,,,,,,,,,,0,0
2018,409,64,female,white,high school,13,northeast,divorced,3,other,,,lower class,"independent (neither, no response)",liberal,,,favor,should be legal,pretty happy,,,can't be too careful,,more or less satisfied,,15,never,catholic,never,believe with doubts,yes,word of god,yes,very scientific,false,,sun around earth,false,false,false,true,true,true,500 get the drug; 500 don't,no,yes,4,8
2018,410,53,male,white,high school,13,northeast,married,3,working full time,40,31544.999999999996,working class,"independent, close to republican",slightly conservative,trump,oppose,favor,,very happy,fair,routine,,no,more or less satisfied,3,2,several times a year,protestant,about once or twice a year,higher power,yes,inspired word,no,not at all scientific,false,true,earth around sun,false,false,true,false,true,true,500 get the drug; 500 don't,no,yes,8,9
2018,411,69,female,white,high school,15,northeast,married,2,retired,,,middle class,"independent (neither, no response)",conservative,don't know,,oppose,should not be legal,very happy,,,most people can be trusted,,pretty well satisfied,,3,about once a month,catholic,several times a week,no doubts,yes,inspired word,no,sort of scientific,,,earth around sun,false,true,don't know,false,don't know,don't know,500 get the drug; 500 don't,no,yes,3,7
2018,412,39,female,white,high school,10,northeast,divorced,3,"with a job, but not at work because of temporary illness, vacation, strike",,,middle class,not very strong democrat,"moderate, middle of the road",clinton,favor,favor,,very happy,fair,routine,,no,pretty well satisfied,0,2,never,protestant,never,believe with doubts,no,inspired word,yes,not at all scientific,,,earth around sun,false,false,don't know,false,,true,500 get the drug; 500 don't,no,yes,5,6
2018,413,57,male,white,high school,14,northeast,married,2,working full time,50,,working class,"independent (neither, no response)","moderate, middle of the road",trump,favor,don't know,,pretty happy,good,exciting,,no,pretty well satisfied,0,2,never,catholic,never,no doubts,don't know,inspired word,no,don't know,don't know,don't know,earth around sun,true,don't know,false,true,don't know,don't know,500 get the drug; 500 don't,no,yes,1,9
2018,414,63,female,white,associate/junior college,15,northeast,married,1,working full time,40,70100,upper class,strong republican,conservative,trump,,favor,should not be legal,pretty happy,,,can't be too careful,,pretty well satisfied,0,3,about once a month,protestant,about once a month,no doubts,yes,word of god,yes,sort of scientific,true,,earth around sun,false,false,false,false,don't know,true,500 get the drug; 500 don't,no,yes,6,8
2018,415,75,female,white,less than high school,8,northeast,never married,1,retired,,,middle class,"independent (neither, no response)",don't know,,,,should not be legal,not too happy,,,can't be too careful,,not satisfied at all,,9,never,protestant,2-3 times a month,no doubts,yes,word of god,,,,,,,,,,,,,,,0,0
2018,416,32,male,white,bachelor's,16,northeast,married,2,working full time,45,176200.14942,upper class,"independent, close to democrat","moderate, middle of the road",clinton,favor,favor,,very happy,good,exciting,,no,pretty well satisfied,0,2,several times a year,none,less than once a year,don't believe,yes,ancient book,no,not at all scientific,true,true,earth around sun,false,false,false,false,true,true,500 get the drug; 500 don't,no,yes,8,9
2018,417,46,male,white,high school,13,northeast,separated,2,working full time,70,38555,working class,"independent (neither, no response)","moderate, middle of the road",trump,favor,favor,should be legal,pretty happy,excellent,routine,can't be too careful,no,more or less satisfied,0,,,none,never,higher power,don't know,ancient book,,,,,,,,,,,,,,,0,0
2018,418,41,male,white,high school,12,northeast,divorced,3,"unemployed, laid off, looking for work",,31544.999999999996,working class,"independent (neither, no response)","moderate, middle of the road",,favor,favor,should be legal,pretty happy,good,exciting,can't be too careful,no,more or less satisfied,,,,catholic,less than once a year,higher power,no,inspired word,,,,,,,,,,,,,,,0,0
2018,419,,female,other,associate/junior college,14,northeast,married,3,working full time,35,38555,working class,strong democrat,"moderate, middle of the road",clinton,,oppose,should not be legal,pretty happy,,,most people can be trusted,,more or less satisfied,10,1,never,catholic,several times a week,no doubts,yes,inspired word,,,,,,,,,,,,,,,0,0
2018,420,49,female,white,bachelor's,16,northeast,divorced,2,"with a job, but not at work because of temporary illness, vacation, strike",,38555,working class,"independent, close to democrat",slightly liberal,,favor,oppose,,not too happy,good,routine,,yes,not satisfied at all,10,2,several times a month,catholic,less than once a year,believe sometimes,yes,inspired word,yes,sort of scientific,true,true,earth around sun,true,false,don't know,false,true,true,500 get the drug; 500 don't,no,yes,7,9
2018,421,65,male,white,associate/junior college,13,northeast,married,2,retired,,,working class,strong republican,extremely conservative,trump,,favor,should be legal,pretty happy,,,can't be too careful,,not satisfied at all,,4,about once a year,none,never,believe sometimes,no,ancient book,no,not at all scientific,false,,earth around sun,false,false,true,true,true,true,500 get the drug; 500 don't,no,yes,6,8
2018,422,59,female,white,associate/junior college,14,northeast,married,1,working full time,40,57832.5,middle class,not very strong democrat,slightly liberal,clinton,favor,oppose,should be legal,pretty happy,good,routine,can't be too careful,yes,pretty well satisfied,0,,,catholic,less than once a year,believe with doubts,yes,ancient book,,,,,,,,,,,,,,,0,0
2018,423,47,male,white,high school,12,northeast,divorced,2,working full time,41,47317.5,middle class,"independent, close to republican","moderate, middle of the road",trump,,favor,should be legal,pretty happy,,,can't be too careful,,not satisfied at all,2,7,several times a year,catholic,several times a year,believe with doubts,yes,word of god,,,,,,,,,,,,,,,0,0
2018,424,27,female,other,high school,13,northeast,never married,1,working full time,40,,middle class,not very strong democrat,"moderate, middle of the road",,favor,favor,should be legal,not too happy,fair,routine,can't be too careful,yes,not satisfied at all,0,,,buddhism,about once or twice a year,no doubts,yes,inspired word,,,,,,,,,,,,,,,0,0
2018,425,57,female,white,high school,12,northeast,married,2,working full time,38,14896.249999999998,working class,"independent (neither, no response)",,,,favor,should be legal,very happy,,,can't be too careful,,more or less satisfied,1,4,about once a month,catholic,never,don't believe,no,inspired word,yes,not at all scientific,,,sun around earth,false,true,true,true,true,true,500 get the drug; 500 don't,no,yes,4,7
2018,426,74,female,white,graduate,20,northeast,married,1,working part time,18,4556.5,middle class,"independent, close to republican",slightly conservative,trump,oppose,oppose,should be legal,very happy,excellent,exciting,most people can be trusted,no,more or less satisfied,0,,,catholic,every week,no doubts,yes,inspired word,,,,,,,,,,,,,,,0,0
2018,427,51,female,white,graduate,18,west,married,2,working part time,25,2453.5,upper class,not very strong republican,conservative,trump,,favor,should not be legal,pretty happy,,,most people can be trusted,,more or less satisfied,0,2,several times a year,protestant,several times a week,no doubts,yes,word of god,no,not at all scientific,false,,earth around sun,false,false,true,false,false,true,500 get the drug; 500 don't,no,yes,6,8
2018,428,44,male,other,graduate,20,west,married,2,working full time,60,176200.14942,upper class,not very strong democrat,liberal,clinton,favor,favor,,pretty happy,fair,routine,,no,pretty well satisfied,0,1,about once a month,none,never,don't believe,no,ancient book,yes,not at all scientific,,,earth around sun,false,false,true,true,true,true,500 get the drug; 500 don't,no,yes,6,7
2018,429,46,female,white,bachelor's,16,west,divorced,0,working full time,40,47317.5,working class,strong democrat,extremely liberal,clinton,,oppose,should be legal,very happy,,,most people can be trusted,,more or less satisfied,2,3,several times a month,none,less than once a year,no doubts,yes,inspired word,,,,,,,,,,,,,,,0,0
2018,430,42,female,other,high school,12,west,married,3,working full time,40,31544.999999999996,middle class,not very strong democrat,"moderate, middle of the road",,favor,favor,,very happy,fair,exciting,,no,pretty well satisfied,0,1,never,protestant,every week,no doubts,yes,word of god,yes,very scientific,true,true,earth around sun,true,don't know,true,true,true,true,500 get the drug; 500 don't,no,yes,6,9
2018,431,65,female,white,bachelor's,16,west,divorced,2,working full time,50,98140,middle class,strong democrat,conservative,clinton,favor,oppose,should not be legal,pretty happy,excellent,exciting,most people can be trusted,no,more or less satisfied,0,,,catholic,about once or twice a year,no doubts,yes,inspired word,,,,,,,,,,,,,,,0,0
2018,432,36,male,white,bachelor's,16,west,married,2,working full time,60,176200.14942,middle class,not very strong republican,slightly conservative,other candidate,favor,favor,should be legal,very happy,excellent,routine,most people can be trusted,no,pretty well satisfied,0,,,protestant,2-3 times a month,no doubts,yes,inspired word,,,,,,,,,,,,,,,0,0
2018,433,80,female,white,graduate,18,west,widowed,5,retired,,,middle class,strong democrat,"moderate, middle of the road",clinton,,don't know,should not be legal,very happy,,,depends,,pretty well satisfied,,4,never,protestant,every week,no doubts,yes,inspired word,,,,,,,,,,,,,,,0,0
2018,434,32,female,other,bachelor's,16,west,married,0,working full time,40,11391.25,working class,"independent (neither, no response)",liberal,,,oppose,don't know,pretty happy,,,most people can be trusted,,not satisfied at all,0,1,several times a month,protestant,2-3 times a month,believe with doubts,yes,ancient book,,,,,,,,,,,,,,,0,0
2018,435,89,male,white,less than high school,5,west,widowed,3,retired,,,working class,strong democrat,liberal,clinton,favor,favor,,pretty happy,good,routine,,yes,pretty well satisfied,,7,never,catholic,never,don't know,don't know,inspired word,no,don't know,don't know,don't know,don't know,don't know,don't know,don't know,don't know,don't know,don't know,don't know,don't know,don't know,0,9
2018,436,40,female,other,bachelor's,16,west,married,2,keeping house,,,working class,other party,"moderate, middle of the road",didn't vote for president,favor,favor,,very happy,excellent,exciting,,no,more or less satisfied,,3,several times a year,catholic,several times a year,higher power,yes,ancient book,yes,sort of scientific,,,earth around sun,false,don't know,true,true,true,true,500 get the drug; 500 don't,no,yes,5,7
2018,437,88,female,white,less than high school,12,west,widowed,0,retired,,,middle class,strong democrat,liberal,clinton,favor,don't know,,pretty happy,excellent,routine,,no,pretty well satisfied,,3,several times a year,protestant,never,"don't know, no way to find out",no,ancient book,no,not at all scientific,true,don't know,don't know,false,don't know,don't know,don't know,true,true,don't know,don't know,don't know,4,9
2018,438,59,female,white,bachelor's,16,west,married,2,keeping house,,6309,middle class,strong republican,conservative,trump,oppose,favor,should not be legal,very happy,fair,exciting,can't be too careful,no,more or less satisfied,,,,protestant,several times a year,no doubts,yes,inspired word,,,,,,,,,,,,,,,0,0
2018,439,55,female,white,graduate,18,west,married,2,working full time,60,176200.14942,upper class,"independent, close to republican","moderate, middle of the road",trump,,favor,should not be legal,very happy,,,most people can be trusted,,pretty well satisfied,0,0,once or twice a week,catholic,never,believe sometimes,yes,inspired word,yes,not at all scientific,,,earth around sun,false,don't know,don't know,false,false,true,500 get the drug; 500 don't,no,yes,4,7
2018,440,31,female,black,high school,14,west,never married,0,working full time,45,26287.5,lower class,"independent, close to republican","moderate, middle of the road",,favor,don't know,should be legal,pretty happy,good,routine,can't be too careful,no,not satisfied at all,0,,,protestant,about once or twice a year,believe with doubts,no,word of god,,,,,,,,,,,,,,,0,0
2018,441,31,male,other,graduate,18,west,married,0,working full time,40,16648.75,working class,"independent, close to democrat",liberal,,favor,oppose,should not be legal,very happy,good,routine,can't be too careful,yes,not satisfied at all,2,,,hinduism,about once or twice a year,higher power,no,ancient book,,,,,,,,,,,,,,,0,0
2018,442,35,female,white,bachelor's,16,west,married,1,working full time,40,38555,working class,strong democrat,"moderate, middle of the road",clinton,favor,oppose,don't know,pretty happy,fair,routine,can't be too careful,yes,more or less satisfied,15,,,none,about once or twice a year,higher power,don't know,inspired word,,,,,,,,,,,,,,,0,0
2018,443,32,female,other,bachelor's,17,west,never married,0,in school,,,middle class,other party,liberal,clinton,,don't know,should be legal,not too happy,,,can't be too careful,,not satisfied at all,,1,several times a year,none,never,"don't know, no way to find out",don't know,ancient book,,,,,,,,,,,,,,,0,0
2018,444,48,female,other,high school,12,west,married,5,keeping house,,,working class,strong democrat,liberal,clinton,don't know,oppose,,very happy,excellent,routine,,yes,more or less satisfied,,3,never,muslim/islam,about once or twice a year,no doubts,yes,ancient book,no,not at all scientific,false,don't know,sun around earth,true,true,true,true,false,don't know,500 get the drug; 500 don't,yes,yes,1,9
2018,445,24,female,black,high school,12,west,married,1,"unemployed, laid off, looking for work",,,working class,"independent (neither, no response)",don't know,,favor,oppose,should be legal,pretty happy,good,routine,can't be too careful,yes,not satisfied at all,,,,catholic,never,no doubts,yes,word of god,,,,,,,,,,,,,,,0,0
2018,446,22,male,other,high school,12,west,never married,0,working full time,48,38555,middle class,"independent, close to republican","moderate, middle of the road",clinton,,favor,should be legal,pretty happy,,,can't be too careful,,pretty well satisfied,7,4,several times a year,protestant,every week,no doubts,yes,,no,not at all scientific,,,don't know,true,false,false,true,true,true,all 1000 get the drug,yes,yes,3,7
2018,447,37,female,other,high school,16,west,never married,1,working full time,40,22782.5,working class,not very strong democrat,conservative,,favor,oppose,should not be legal,not too happy,fair,exciting,can't be too careful,yes,more or less satisfied,5,,,catholic,every week,no doubts,yes,word of god,,,,,,,,,,,,,,,0,0
2018,448,34,female,black,bachelor's,16,west,never married,0,working full time,36,112160,middle class,"independent, close to democrat",liberal,clinton,oppose,don't know,,pretty happy,good,exciting,,yes,more or less satisfied,5,0,several times a year,none,never,believe with doubts,yes,other (vol),no,very scientific,true,don't know,sun around earth,false,true,false,false,true,true,500 get the drug; 500 don't,no,yes,5,9
2018,449,89,female,white,high school,12,west,widowed,1,retired,,,middle class,not very strong democrat,"moderate, middle of the road",clinton,favor,oppose,don't know,pretty happy,fair,exciting,can't be too careful,yes,not satisfied at all,,,,protestant,never,believe sometimes,don't know,other (vol),,,,,,,,,,,,,,,0,0
2018,450,55,female,black,less than high school,0,west,never married,5,keeping house,,,middle class,not very strong democrat,don't know,,,oppose,should be legal,pretty happy,,,can't be too careful,,not satisfied at all,,12,never,catholic,about once or twice a year,no doubts,yes,word of god,yes,sort of scientific,true,,sun around earth,false,true,false,true,true,true,500 get the drug; 500 don't,no,yes,4,8
2018,451,46,male,black,high school,12,west,never married,4,working full time,40,38555,working class,strong democrat,slightly liberal,clinton,favor,oppose,,pretty happy,excellent,routine,,yes,more or less satisfied,0,2,several times a year,,don't know,believe with doubts,yes,,yes,very scientific,,,earth around sun,true,true,false,false,true,true,,yes,yes,4,7
2018,452,29,female,white,bachelor's,17,west,married,0,"unemployed, laid off, looking for work",,22782.5,lower class,not very strong democrat,liberal,,favor,oppose,should be legal,pretty happy,good,exciting,can't be too careful,yes,more or less satisfied,,,,none,never,higher power,yes,ancient book,,,,,,,,,,,,,,,0,0
2018,453,83,female,other,less than high school,12,west,widowed,4,retired,,,middle class,"independent (neither, no response)",slightly liberal,,,oppose,should not be legal,very happy,,,can't be too careful,,pretty well satisfied,,4,never,none,about once or twice a year,no doubts,yes,word of god,,,,,,,,,,,,,,,0,0
2018,454,33,female,white,bachelor's,16,west,never married,0,working full time,55,38555,middle class,strong democrat,slightly liberal,clinton,favor,favor,should be legal,very happy,excellent,routine,can't be too careful,yes,more or less satisfied,1,,,protestant,less than once a year,higher power,yes,ancient book,,,,,,,,,,,,,,,0,0
2018,455,46,female,black,graduate,18,west,divorced,3,working full time,40,70100,lower class,strong democrat,liberal,clinton,favor,oppose,,pretty happy,excellent,exciting,,yes,not satisfied at all,0,1,once or twice a week,protestant,every week,no doubts,yes,inspired word,yes,sort of scientific,,,earth around sun,false,false,false,false,false,true,all 1000 get the drug,no,yes,5,7
2018,456,19,male,other,high school,13,west,never married,0,in school,,,middle class,not very strong democrat,slightly liberal,,favor,don't know,,very happy,good,exciting,,yes,more or less satisfied,,1,several times a year,catholic,nearly every week,believe with doubts,yes,inspired word,no,not at all scientific,true,don't know,earth around sun,don't know,don't know,false,true,true,true,500 get the drug; 500 don't,no,no,4,9
2018,457,65,male,black,bachelor's,19,west,separated,5,retired,,,working class,"independent, close to democrat","moderate, middle of the road",clinton,oppose,oppose,should be legal,pretty happy,fair,exciting,can't be too careful,no,more or less satisfied,,,,none,never,higher power,yes,other (vol),,,,,,,,,,,,,,,0,0
2018,458,37,female,other,high school,16,west,married,1,in school,,,working class,not very strong republican,extremely liberal,,favor,favor,should not be legal,very happy,good,exciting,depends,yes,not satisfied at all,,,,none,never,believe sometimes,yes,ancient book,,,,,,,,,,,,,,,0,0
2018,459,64,female,white,high school,12,west,married,2,retired,,,working class,other party,conservative,trump,favor,favor,,pretty happy,poor,routine,,yes,pretty well satisfied,,4,never,protestant,every week,no doubts,yes,word of god,no,not at all scientific,,,sun around earth,false,don't know,false,true,true,true,500 get the drug; 500 don't,no,don't know,3,7
2018,460,22,female,white,associate/junior college,14,west,married,0,working full time,40,,working class,not very strong democrat,slightly conservative,,,oppose,should not be legal,pretty happy,,,can't be too careful,,pretty well satisfied,2,20,about once a month,protestant,nearly every week,no doubts,no,word of god,,,,,,,,,,,,,,,0,0
2018,461,28,male,white,bachelor's,16,west,married,0,working full time,50,57832.5,middle class,strong democrat,liberal,other candidate,favor,oppose,should be legal,pretty happy,excellent,routine,most people can be trusted,no,more or less satisfied,0,,,none,about once or twice a year,higher power,yes,ancient book,,,,,,,,,,,,,,,0,0
2018,462,24,female,other,bachelor's,17,west,never married,0,working full time,50,6309,working class,"independent, close to republican",slightly conservative,,favor,favor,should be legal,very happy,good,routine,can't be too careful,yes,more or less satisfied,5,,,catholic,several times a year,believe with doubts,yes,inspired word,,,,,,,,,,,,,,,0,0
2018,463,43,male,white,associate/junior college,15,west,married,0,working full time,40,57832.5,middle class,"independent (neither, no response)","moderate, middle of the road",,favor,favor,should be legal,pretty happy,fair,exciting,most people can be trusted,yes,more or less satisfied,2,,,none,don't know,no doubts,don't know,inspired word,,,,,,,,,,,,,,,0,0
2018,464,32,male,white,bachelor's,16,west,never married,1,working full time,37,26287.5,working class,"independent, close to democrat",liberal,clinton,,oppose,should be legal,pretty happy,,,can't be too careful,,more or less satisfied,5,4,several times a year,none,about once or twice a year,believe sometimes,yes,ancient book,yes,not at all scientific,,,earth around sun,false,don't know,true,false,true,true,500 get the drug; 500 don't,no,no,6,7
2018,465,76,female,white,bachelor's,16,west,married,3,retired,,,upper class,"independent, close to democrat","moderate, middle of the road",clinton,favor,oppose,,very happy,good,exciting,,no,pretty well satisfied,,5,about once a year,protestant,several times a week,no doubts,yes,inspired word,no,not at all scientific,false,don't know,earth around sun,false,don't know,true,false,true,don't know,500 get the drug; 500 don't,no,yes,5,9
2018,466,21,female,white,high school,14,west,never married,0,working part time,30,5257.5,middle class,"independent (neither, no response)","moderate, middle of the road",,oppose,don't know,should be legal,not too happy,excellent,exciting,can't be too careful,yes,more or less satisfied,4,,,protestant,2-3 times a month,believe with doubts,yes,inspired word,,,,,,,,,,,,,,,0,0
2018,467,48,female,other,associate/junior college,14,west,married,2,working full time,40,47317.5,working class,not very strong democrat,"moderate, middle of the road",trump,,favor,should not be legal,pretty happy,,,most people can be trusted,,not satisfied at all,1,1,about once a month,catholic,never,"don't know, no way to find out",no,ancient book,,,,,,,,,,,,,,,0,0
2018,468,76,male,white,high school,15,west,married,2,retired,,,working class,not very strong republican,slightly conservative,clinton,,favor,should be legal,pretty happy,,,can't be too careful,,pretty well satisfied,,6,several times a month,protestant,2-3 times a month,higher power,no,inspired word,,,,,,,,,,,,,,,0,0
2018,469,55,female,white,bachelor's,16,west,married,0,working full time,37,57832.5,upper class,"independent, close to republican",slightly conservative,,favor,favor,,pretty happy,excellent,routine,,no,pretty well satisfied,2,3,several times a year,protestant,less than once a year,no doubts,no,inspired word,no,not at all scientific,false,false,earth around sun,false,true,true,true,don't know,false,all 1000 get the drug,no,yes,3,9
2018,470,70,female,white,high school,14,west,divorced,1,working full time,40,22782.5,working class,other party,slightly conservative,don't know,,favor,should be legal,pretty happy,,,can't be too careful,,not satisfied at all,0,4,never,catholic,never,higher power,no,ancient book,no,sort of scientific,true,,earth around sun,false,true,true,false,true,true,500 get the drug; 500 don't,no,yes,7,8
2018,471,66,female,white,graduate,18,west,divorced,3,retired,,,middle class,strong democrat,extremely liberal,clinton,favor,oppose,,not too happy,good,exciting,,no,pretty well satisfied,,0,never,protestant,2-3 times a month,"don't know, no way to find out",don't know,ancient book,yes,not at all scientific,,,earth around sun,false,don't know,don't know,true,true,true,500 get the drug; 500 don't,no,yes,4,7
2018,472,37,female,other,graduate,19,west,divorced,1,working full time,40,22782.5,working class,not very strong democrat,"moderate, middle of the road",,favor,favor,should not be legal,pretty happy,good,exciting,most people can be trusted,no,more or less satisfied,3,,,protestant,every week,no doubts,yes,inspired word,,,,,,,,,,,,,,,0,0
2018,473,70,female,white,graduate,16,west,married,2,retired,,,middle class,strong democrat,liberal,clinton,favor,oppose,,pretty happy,good,exciting,,no,pretty well satisfied,,2,several times a month,protestant,nearly every week,believe with doubts,yes,inspired word,yes,not at all scientific,true,true,earth around sun,false,true,false,false,true,true,500 get the drug; 500 don't,no,no,7,9
2018,474,43,male,white,graduate,18,west,married,0,working full time,57,84120,middle class,not very strong democrat,slightly liberal,,favor,favor,should not be legal,pretty happy,good,exciting,most people can be trusted,no,more or less satisfied,0,,,catholic,about once or twice a year,no doubts,yes,inspired word,,,,,,,,,,,,,,,0,0
2018,475,19,female,other,less than high school,9,west,never married,1,in school,,,middle class,"independent (neither, no response)",don't know,,oppose,oppose,should be legal,pretty happy,excellent,routine,can't be too careful,no,more or less satisfied,,,,none,never,higher power,yes,word of god,,,,,,,,,,,,,,,0,0
2018,476,70,male,white,high school,15,west,married,3,retired,,,middle class,strong democrat,"moderate, middle of the road",didn't vote for president,,oppose,should not be legal,very happy,,,most people can be trusted,,pretty well satisfied,,4,never,protestant,every week,no doubts,yes,inspired word,,,,,,,,,,,,,,,0,0
2018,477,40,female,white,graduate,18,south,married,0,working full time,42,57832.5,working class,"independent, close to democrat",liberal,,oppose,favor,should be legal,pretty happy,fair,routine,can't be too careful,no,more or less satisfied,5,,,none,never,believe with doubts,yes,inspired word,,,,,,,,,,,,,,,0,0
2018,478,59,male,other,bachelor's,20,south,married,2,working full time,35,2453.5,middle class,not very strong democrat,slightly liberal,,,oppose,should not be legal,not too happy,,,most people can be trusted,,pretty well satisfied,2,2,never,muslim/islam,nearly every week,no doubts,yes,don't know,no,not at all scientific,don't know,,earth around sun,false,don't know,true,false,true,don't know,500 get the drug; 500 don't,no,yes,5,8
2018,479,70,female,white,high school,12,south,married,3,retired,,,middle class,strong republican,"moderate, middle of the road",trump,favor,favor,,not too happy,excellent,dull,,no,more or less satisfied,,5,never,protestant,several times a year,no doubts,yes,word of god,yes,not at all scientific,,,earth around sun,false,don't know,don't know,false,true,don't know,500 get the drug; 500 don't,no,yes,4,7
2018,480,31,male,white,high school,13,south,never married,0,working part time,30,16648.75,working class,"independent, close to democrat",slightly liberal,,favor,favor,should be legal,not too happy,fair,routine,can't be too careful,no,more or less satisfied,15,,,none,about once or twice a year,"don't know, no way to find out",yes,ancient book,,,,,,,,,,,,,,,0,0
2018,481,51,female,other,graduate,18,south,never married,0,working full time,36,57832.5,middle class,not very strong republican,slightly conservative,trump,,oppose,should not be legal,pretty happy,,,can't be too careful,,pretty well satisfied,1,2,several times a year,protestant,every week,no doubts,yes,word of god,,,,,,,,,,,,,,,0,0
2018,482,32,female,black,high school,15,south,married,0,working part time,30,13143.75,working class,"independent, close to democrat",extremely liberal,clinton,,oppose,should be legal,pretty happy,,,can't be too careful,,more or less satisfied,4,2,several times a year,none,never,higher power,yes,inspired word,yes,sort of scientific,,,earth around sun,false,false,true,false,true,true,all 1000 get the drug,no,yes,7,7
2018,483,60,female,white,high school,12,south,married,2,"unemployed, laid off, looking for work",,,middle class,,"moderate, middle of the road",,favor,favor,,very happy,fair,routine,,no,not satisfied at all,,5,several times a month,protestant,about once or twice a year,no doubts,no,,no,not at all scientific,,,earth around sun,false,don't know,false,true,true,false,500 get the drug; 500 don't,don't know,,3,7
2018,484,27,male,white,high school,12,south,never married,0,working full time,35,13143.75,working class,"independent, close to republican","moderate, middle of the road",,oppose,favor,should be legal,pretty happy,fair,routine,can't be too careful,no,more or less satisfied,10,,,none,never,higher power,don't know,ancient book,,,,,,,,,,,,,,,0,0
2018,485,89,male,white,bachelor's,16,south,widowed,2,retired,,,working class,"independent, close to republican",conservative,trump,favor,favor,,very happy,good,exciting,,no,pretty well satisfied,,1,never,protestant,every week,no doubts,yes,inspired word,no,not at all scientific,false,false,earth around sun,false,false,false,false,true,true,500 get the drug; 500 don't,no,yes,6,9
2018,486,50,female,black,high school,11,south,divorced,5,keeping house,,,lower class,strong democrat,slightly conservative,clinton,oppose,favor,should be legal,not too happy,poor,exciting,can't be too careful,yes,not satisfied at all,,,,protestant,about once a month,no doubts,yes,inspired word,,,,,,,,,,,,,,,0,0
2018,487,44,female,black,bachelor's,16,south,never married,6,working part time,20,22782.5,middle class,strong democrat,slightly conservative,clinton,oppose,favor,,pretty happy,excellent,routine,,no,more or less satisfied,3,6,about once a month,protestant,several times a year,no doubts,yes,word of god,yes,sort of scientific,,,earth around sun,false,true,true,true,true,don't know,all 1000 get the drug,no,no,4,7
2018,488,85,female,white,high school,12,south,widowed,4,retired,,,middle class,"independent, close to democrat","moderate, middle of the road",clinton,,oppose,should not be legal,pretty happy,,,most people can be trusted,,pretty well satisfied,,10,never,protestant,about once or twice a year,no doubts,yes,word of god,,,,,,,,,,,,,,,0,0
2018,489,33,male,white,less than high school,12,south,married,3,working full time,60,22782.5,middle class,"independent, close to democrat",slightly liberal,,,oppose,should be legal,very happy,,,can't be too careful,,more or less satisfied,0,1,never,catholic,about once or twice a year,believe with doubts,no,inspired word,no,very scientific,,,earth around sun,true,true,false,true,true,true,all 1000 get the drug,no,yes,3,7
2018,490,31,female,white,high school,14,south,never married,1,keeping house,,,middle class,strong democrat,slightly liberal,clinton,favor,favor,should not be legal,not too happy,good,routine,depends,yes,more or less satisfied,,,,protestant,every week,no doubts,yes,ancient book,,,,,,,,,,,,,,,0,0
2018,491,46,female,white,bachelor's,16,south,married,2,working full time,50,112160,middle class,not very strong republican,conservative,clinton,,favor,should not be legal,very happy,,,most people can be trusted,,pretty well satisfied,5,1,never,protestant,several times a year,no doubts,yes,inspired word,,,,,,,,,,,,,,,0,0
2018,492,72,male,white,graduate,16,south,married,3,working full time,70,176200.14942,upper class,strong democrat,extremely liberal,clinton,favor,oppose,don't know,very happy,excellent,exciting,most people can be trusted,no,pretty well satisfied,0,,,protestant,2-3 times a month,higher power,no,ancient book,,,,,,,,,,,,,,,0,0
2018,493,50,female,white,graduate,20,south,divorced,2,working part time,15,57832.5,upper class,strong democrat,liberal,clinton,favor,oppose,should be legal,pretty happy,excellent,exciting,most people can be trusted,yes,more or less satisfied,3,,,protestant,2-3 times a month,no doubts,yes,inspired word,,,,,,,,,,,,,,,0,0
2018,494,66,male,white,graduate,20,south,married,2,retired,,,middle class,strong republican,conservative,trump,favor,favor,should not be legal,very happy,excellent,exciting,most people can be trusted,no,pretty well satisfied,,,,protestant,2-3 times a month,believe sometimes,don't know,inspired word,,,,,,,,,,,,,,,0,0
2018,495,35,female,white,bachelor's,17,south,never married,0,working full time,38,31544.999999999996,middle class,strong republican,extremely conservative,trump,favor,favor,should be legal,pretty happy,excellent,routine,can't be too careful,no,pretty well satisfied,0,,,protestant,several times a week,no doubts,yes,inspired word,,,,,,,,,,,,,,,0,0
2018,496,35,female,black,less than high school,11,south,never married,2,working full time,44,,working class,strong democrat,"moderate, middle of the road",,favor,don't know,,pretty happy,fair,routine,,yes,pretty well satisfied,15,4,never,protestant,every week,no doubts,yes,word of god,yes,sort of scientific,don't know,don't know,sun around earth,don't know,don't know,true,true,false,true,500 get the drug; 500 don't,no,yes,2,9
2018,497,33,female,black,high school,13,south,never married,1,working full time,35,,upper class,"independent, close to republican","moderate, middle of the road",,favor,oppose,should be legal,very happy,excellent,exciting,can't be too careful,no,pretty well satisfied,0,,,protestant,several times a year,no doubts,no,word of god,,,,,,,,,,,,,,,0,0
2018,498,66,female,white,less than high school,6,south,separated,5,retired,,,lower class,"independent (neither, no response)",liberal,,oppose,favor,should not be legal,pretty happy,fair,dull,can't be too careful,yes,not satisfied at all,,,,catholic,about once or twice a year,no doubts,no,ancient book,,,,,,,,,,,,,,,0,0
2018,499,53,male,white,less than high school,10,south,married,5,working full time,10,22782.5,upper class,"independent (neither, no response)",slightly conservative,,,oppose,should be legal,very happy,,,can't be too careful,,pretty well satisfied,0,0,about once a year,catholic,several times a year,believe sometimes,don't know,word of god,no,not at all scientific,,,earth around sun,true,true,false,true,true,true,500 get the drug; 500 don't,no,yes,3,7
2018,500,37,female,black,bachelor's,16,south,married,4,keeping house,,,middle class,,,,favor,oppose,,not too happy,excellent,exciting,,no,more or less satisfied,,3,never,protestant,every week,no doubts,yes,word of god,no,don't know,true,don't know,don't know,don't know,don't know,don't know,true,don't know,don't know,500 get the drug; 500 don't,no,no,1,9
2018,501,33,male,white,high school,12,south,married,0,working full time,44,57832.5,middle class,"independent, close to democrat","moderate, middle of the road",,,oppose,should be legal,pretty happy,,,depends,,pretty well satisfied,0,2,about once a month,none,never,no doubts,yes,ancient book,no,sort of scientific,true,,earth around sun,false,false,true,don't know,true,true,500 get the drug; 500 don't,no,no,7,8
2018,502,28,male,black,bachelor's,16,south,married,2,working full time,40,,middle class,"independent, close to democrat",slightly liberal,other candidate,favor,oppose,,very happy,excellent,exciting,,no,pretty well satisfied,0,3,several times a month,catholic,2-3 times a month,higher power,yes,inspired word,no,not at all scientific,,,sun around earth,true,true,don't know,true,false,true,500 get the drug; 500 don't,no,no,1,7
2018,503,30,female,white,bachelor's,16,south,married,1,"with a job, but not at work because of temporary illness, vacation, strike",,,middle class,not very strong republican,slightly conservative,trump,favor,oppose,should be legal,very happy,good,routine,most people can be trusted,yes,more or less satisfied,0,,,protestant,nearly every week,no doubts,yes,inspired word,,,,,,,,,,,,,,,0,0
2018,504,37,male,white,high school,11,south,married,1,working full time,40,,working class,"independent, close to republican",conservative,trump,oppose,favor,should be legal,very happy,good,routine,can't be too careful,no,pretty well satisfied,0,,,none,less than once a year,higher power,yes,ancient book,,,,,,,,,,,,,,,0,0
2018,505,38,male,other,high school,16,south,married,0,working full time,40,57832.5,middle class,not very strong democrat,liberal,clinton,,favor,should be legal,pretty happy,,,most people can be trusted,,pretty well satisfied,0,4,never,none,never,higher power,yes,ancient book,no,sort of scientific,,,earth around sun,false,false,false,true,true,true,500 get the drug; 500 don't,no,yes,5,7
2018,506,84,male,white,high school,14,south,married,2,retired,,,middle class,strong republican,slightly liberal,trump,favor,oppose,should not be legal,pretty happy,poor,routine,most people can be trusted,no,more or less satisfied,,,,protestant,never,no doubts,yes,word of god,,,,,,,,,,,,,,,0,0
2018,507,66,male,white,graduate,17,south,married,2,working full time,50,47317.5,middle class,"independent (neither, no response)",slightly conservative,other candidate,,oppose,should not be legal,very happy,,,can't be too careful,,more or less satisfied,0,2,several times a month,protestant,every week,no doubts,yes,word of god,,,,,,,,,,,,,,,0,0
2018,508,29,female,other,bachelor's,16,south,married,0,working full time,40,38555,working class,not very strong democrat,"moderate, middle of the road",clinton,favor,oppose,,very happy,fair,routine,,yes,pretty well satisfied,2,3,never,muslim/islam,2-3 times a month,no doubts,yes,inspired word,yes,not at all scientific,true,don't know,earth around sun,false,don't know,don't know,true,false,don't know,500 get the drug; 500 don't,yes,yes,3,9
2018,509,39,male,white,graduate,17,south,married,1,working full time,45,84120,middle class,"independent, close to democrat",liberal,,oppose,oppose,should be legal,pretty happy,good,exciting,most people can be trusted,no,more or less satisfied,0,,,none,never,higher power,no,ancient book,,,,,,,,,,,,,,,0,0
2018,510,33,female,black,bachelor's,16,south,married,2,working full time,45,70100,middle class,"independent, close to democrat","moderate, middle of the road",clinton,,oppose,should not be legal,pretty happy,,,most people can be trusted,,more or less satisfied,1,1,never,protestant,every week,no doubts,yes,word of god,no,not at all scientific,false,,sun around earth,false,don't know,don't know,true,true,true,500 get the drug; 500 don't,no,yes,3,8
2018,511,68,female,other,graduate,18,south,widowed,0,working part time,2,31544.999999999996,middle class,"independent, close to democrat","moderate, middle of the road",clinton,favor,favor,should not be legal,not too happy,fair,routine,can't be too careful,no,not satisfied at all,0,,,catholic,every week,no doubts,yes,word of god,,,,,,,,,,,,,,,0,0
2018,512,70,female,white,bachelor's,16,south,married,2,working part time,30,,upper class,"independent (neither, no response)",slightly conservative,trump,oppose,favor,,very happy,good,exciting,,no,pretty well satisfied,0,1,several times a year,protestant,2-3 times a month,no doubts,yes,inspired word,no,not at all scientific,false,false,sun around earth,false,don't know,false,false,true,true,500 get the drug; 500 don't,no,yes,4,9
2018,513,50,male,white,bachelor's,16,south,married,2,"unemployed, laid off, looking for work",,,middle class,"independent (neither, no response)","moderate, middle of the road",,favor,oppose,,pretty happy,good,exciting,,no,not satisfied at all,,0,never,other,several times a year,no doubts,yes,inspired word,yes,sort of scientific,,,earth around sun,false,true,true,false,true,true,all 1000 get the drug,no,no,6,7
2018,514,54,male,white,bachelor's,17,south,married,2,working full time,40,112160,middle class,"independent (neither, no response)","moderate, middle of the road",clinton,oppose,favor,,pretty happy,good,routine,,no,pretty well satisfied,3,3,about once a month,jewish,about once or twice a year,believe with doubts,don't know,inspired word,no,not at all scientific,true,true,earth around sun,false,false,true,false,true,true,500 get the drug; 500 don't,no,yes,9,9
2018,515,45,male,white,bachelor's,16,south,married,2,keeping house,,,middle class,not very strong republican,slightly conservative,trump,oppose,favor,,pretty happy,good,exciting,,no,pretty well satisfied,,3,about once a year,catholic,about once or twice a year,"don't know, no way to find out",no,ancient book,no,not at all scientific,,,earth around sun,false,false,true,false,true,true,500 get the drug; 500 don't,no,yes,7,7
2018,516,48,female,white,high school,14,south,married,1,working full time,65,,upper class,not very strong republican,"moderate, middle of the road",,favor,favor,don't know,pretty happy,excellent,exciting,can't be too careful,no,pretty well satisfied,0,,,protestant,several times a year,believe with doubts,yes,inspired word,,,,,,,,,,,,,,,0,0
2018,517,73,male,white,bachelor's,16,south,married,2,retired,,,middle class,not very strong republican,"moderate, middle of the road",trump,favor,favor,should not be legal,very happy,good,exciting,most people can be trusted,no,pretty well satisfied,,,,protestant,several times a year,no doubts,yes,inspired word,,,,,,,,,,,,,,,0,0
2018,518,77,female,white,bachelor's,18,south,married,1,retired,,,middle class,not very strong democrat,liberal,clinton,favor,don't know,,very happy,good,routine,,no,more or less satisfied,,2,never,protestant,never,higher power,don't know,inspired word,no,not at all scientific,,,earth around sun,false,false,true,false,true,true,500 get the drug; 500 don't,no,don't know,7,7
2018,519,59,female,white,bachelor's,16,south,widowed,1,working full time,50,84120,upper class,not very strong democrat,"moderate, middle of the road",clinton,favor,favor,should be legal,pretty happy,good,exciting,most people can be trusted,no,pretty well satisfied,7,,,protestant,several times a week,believe with doubts,don't know,inspired word,,,,,,,,,,,,,,,0,0
2018,520,72,male,white,high school,12,south,married,2,retired,,19277.5,middle class,strong republican,slightly liberal,trump,,favor,should be legal,pretty happy,,,can't be too careful,,pretty well satisfied,,6,about once a month,protestant,several times a year,believe with doubts,yes,inspired word,,,,,,,,,,,,,,,0,0
2018,521,68,male,white,bachelor's,18,south,married,6,retired,,,working class,not very strong republican,conservative,trump,oppose,favor,should not be legal,pretty happy,fair,exciting,most people can be trusted,no,pretty well satisfied,,,,protestant,every week,no doubts,yes,word of god,,,,,,,,,,,,,,,0,0
2018,522,60,female,white,high school,12,south,married,1,working full time,44,11391.25,working class,strong republican,slightly conservative,trump,,,should not be legal,very happy,,,most people can be trusted,,pretty well satisfied,7,2,never,protestant,several times a week,no doubts,yes,inspired word,yes,sort of scientific,false,,sun around earth,false,false,don't know,true,true,true,all 1000 get the drug,no,yes,4,8
2018,523,63,male,white,high school,12,south,married,3,working full time,60,38555,middle class,other party,extremely conservative,trump,,favor,should not be legal,very happy,,,can't be too careful,,pretty well satisfied,0,1,several times a year,protestant,about once a month,no doubts,yes,word of god,,,,,,,,,,,,,,,0,0
2018,524,45,male,white,high school,14,south,never married,0,working part time,25,9638.75,lower class,,"moderate, middle of the road",,oppose,oppose,,pretty happy,fair,routine,,yes,not satisfied at all,3,4,never,protestant,about once or twice a year,no doubts,yes,inspired word,yes,not at all scientific,false,don't know,earth around sun,false,false,don't know,don't know,don't know,true,500 get the drug; 500 don't,no,yes,4,9
2018,525,35,female,white,high school,13,south,married,4,working part time,30,176200.14942,middle class,not very strong republican,slightly conservative,,oppose,favor,should be legal,pretty happy,good,exciting,most people can be trusted,yes,pretty well satisfied,2,,,protestant,never,higher power,yes,inspired word,,,,,,,,,,,,,,,0,0
2018,526,22,female,white,high school,12,south,never married,2,"unemployed, laid off, looking for work",,350.5,lower class,"independent (neither, no response)",,,,favor,should be legal,pretty happy,,,can't be too careful,,not satisfied at all,,4,about once a month,protestant,2-3 times a month,no doubts,yes,word of god,yes,sort of scientific,,,earth around sun,true,don't know,false,false,false,true,500 get the drug; 500 don't,no,yes,3,7
2018,527,36,female,white,high school,12,south,married,3,working full time,35,,working class,"independent (neither, no response)","moderate, middle of the road",,don't know,don't know,,very happy,good,routine,,no,more or less satisfied,0,1,about once a year,protestant,several times a week,no doubts,yes,inspired word,no,don't know,,,earth around sun,false,false,true,false,true,true,500 get the drug; 500 don't,no,yes,7,7
2018,528,76,female,white,high school,13,south,widowed,4,working part time,6,350.5,lower class,not very strong republican,"moderate, middle of the road",trump,,favor,should be legal,pretty happy,,,most people can be trusted,,pretty well satisfied,2,2,never,protestant,2-3 times a month,no doubts,yes,inspired word,,,,,,,,,,,,,,,0,0
2018,529,61,female,white,high school,12,south,married,2,keeping house,,,middle class,not very strong republican,slightly conservative,,oppose,favor,,pretty happy,good,routine,,yes,more or less satisfied,,5,about once a year,protestant,2-3 times a month,no doubts,yes,inspired word,no,not at all scientific,false,false,earth around sun,false,don't know,false,true,true,true,all 1000 get the drug,no,no,4,9
2018,530,56,female,white,high school,12,south,divorced,1,working full time,45,38555,working class,"independent, close to democrat","moderate, middle of the road",,favor,favor,should be legal,pretty happy,fair,routine,can't be too careful,yes,not satisfied at all,3,,,protestant,about once or twice a year,believe with doubts,don't know,inspired word,,,,,,,,,,,,,,,0,0
2018,531,26,female,black,high school,12,south,never married,0,working full time,48,1402,working class,strong democrat,slightly conservative,clinton,favor,favor,,pretty happy,fair,exciting,,no,pretty well satisfied,0,4,about once a month,protestant,every week,no doubts,yes,inspired word,no,very scientific,,,sun around earth,false,false,true,true,false,true,all 1000 get the drug,yes,no,4,7
2018,532,59,male,black,high school,13,south,divorced,6,keeping house,,,lower class,strong democrat,slightly liberal,clinton,,favor,should not be legal,not too happy,,,most people can be trusted,,not satisfied at all,,5,never,protestant,several times a year,no doubts,yes,inspired word,no,not at all scientific,,,earth around sun,don't know,true,true,true,true,true,500 get the drug; 500 don't,no,no,4,7
2018,533,55,male,black,high school,12,south,never married,1,working full time,40,31544.999999999996,working class,"independent, close to democrat",slightly liberal,,,favor,should not be legal,pretty happy,,,can't be too careful,,pretty well satisfied,0,4,never,protestant,about once a month,no doubts,yes,inspired word,,,,,,,,,,,,,,,0,0
2018,534,57,male,white,graduate,18,south,married,2,working full time,40,70100,middle class,strong republican,conservative,trump,oppose,favor,should be legal,very happy,good,exciting,most people can be trusted,no,pretty well satisfied,0,,,protestant,about once a month,no doubts,yes,inspired word,,,,,,,,,,,,,,,0,0
2018,535,59,female,white,high school,14,south,married,3,retired,,,middle class,strong republican,slightly liberal,trump,,favor,,very happy,good,exciting,,no,pretty well satisfied,,1,about once a month,catholic,about once a month,no doubts,yes,inspired word,yes,not at all scientific,,,earth around sun,false,false,true,false,true,true,500 get the drug; 500 don't,no,yes,7,7
2018,536,33,female,white,high school,14,south,married,0,working part time,18,6309,working class,other party,extremely conservative,,favor,oppose,should not be legal,very happy,excellent,exciting,most people can be trusted,no,not satisfied at all,0,,,protestant,several times a week,no doubts,yes,word of god,,,,,,,,,,,,,,,0,0
2018,537,75,female,other,less than high school,2,south,widowed,6,keeping house,,,working class,"independent (neither, no response)",don't know,clinton,,favor,should not be legal,not too happy,,,can't be too careful,,pretty well satisfied,,1,never,catholic,never,no doubts,no,inspired word,,,,,,,,,,,,,,,0,0
2018,538,61,male,white,bachelor's,18,south,married,2,working full time,44,57832.5,middle class,not very strong republican,conservative,trump,favor,favor,,pretty happy,excellent,routine,,no,more or less satisfied,2,2,never,protestant,every week,no doubts,yes,word of god,no,not at all scientific,false,false,earth around sun,false,false,true,false,false,true,all 1000 get the drug,no,yes,6,9
2018,539,39,female,white,high school,13,south,married,3,working full time,60,22782.5,working class,"independent, close to republican","moderate, middle of the road",trump,favor,favor,,pretty happy,fair,routine,most people can be trusted,no,not satisfied at all,5,,,protestant,every week,believe with doubts,don't know,word of god,,,,,,,,,,,,,,,0,0
2018,540,38,female,white,high school,12,south,married,2,working full time,40,22782.5,working class,"independent, close to republican","moderate, middle of the road",,oppose,favor,,pretty happy,good,routine,,no,more or less satisfied,5,0,several times a year,protestant,several times a year,no doubts,yes,word of god,no,sort of scientific,,,earth around sun,false,don't know,false,true,true,true,500 get the drug; 500 don't,don't know,don't know,4,7
2018,541,49,female,white,graduate,17,south,divorced,2,working full time,55,70100,middle class,"independent, close to democrat",liberal,clinton,oppose,oppose,should be legal,not too happy,good,exciting,most people can be trusted,yes,not satisfied at all,25,,,protestant,about once a month,no doubts,yes,ancient book,,,,,,,,,,,,,,,0,0
2018,542,71,male,white,bachelor's,16,south,married,2,retired,,,middle class,"independent, close to republican","moderate, middle of the road",trump,,oppose,should be legal,pretty happy,,,most people can be trusted,,pretty well satisfied,,0,never,protestant,every week,believe with doubts,yes,inspired word,,,,,,,,,,,,,,,0,0
2018,543,47,male,black,bachelor's,16,south,never married,0,working full time,60,70100,middle class,strong democrat,"moderate, middle of the road",clinton,favor,favor,,very happy,good,exciting,,no,more or less satisfied,0,1,once or twice a week,protestant,about once a month,no doubts,yes,word of god,yes,sort of scientific,true,false,earth around sun,false,false,true,true,true,false,all 1000 get the drug,no,yes,6,9
2018,544,52,male,other,high school,13,south,married,4,working full time,50,57832.5,working class,"independent, close to democrat","moderate, middle of the road",,favor,favor,should be legal,pretty happy,excellent,exciting,can't be too careful,no,pretty well satisfied,0,,,none,2-3 times a month,higher power,no,ancient book,,,,,,,,,,,,,,,0,0
2018,545,35,female,white,associate/junior college,17,south,divorced,2,working part time,30,47317.5,middle class,"independent (neither, no response)",liberal,,,favor,should not be legal,pretty happy,,,can't be too careful,,not satisfied at all,5,5,about once a month,protestant,never,believe with doubts,yes,inspired word,no,sort of scientific,false,,sun around earth,true,false,true,true,false,true,500 get the drug; 500 don't,yes,yes,3,8
2018,546,54,female,white,high school,12,south,married,2,keeping house,,,middle class,strong republican,slightly liberal,,oppose,favor,should be legal,pretty happy,poor,exciting,most people can be trusted,yes,not satisfied at all,,,,protestant,never,no doubts,yes,word of god,,,,,,,,,,,,,,,0,0
2018,547,39,female,white,high school,12,south,married,3,other,,,working class,not very strong republican,"moderate, middle of the road",trump,favor,favor,,very happy,fair,exciting,,no,not satisfied at all,,1,about once a month,other,never,believe with doubts,yes,inspired word,no,not at all scientific,true,true,earth around sun,false,don't know,don't know,false,true,true,500 get the drug; 500 don't,don't know,yes,7,9
2018,548,70,male,black,less than high school,11,south,never married,2,retired,,,middle class,not very strong democrat,slightly conservative,,favor,oppose,,pretty happy,fair,routine,,no,more or less satisfied,,2,about once a year,none,every week,no doubts,no,word of god,no,don't know,,,earth around sun,false,false,false,false,false,false,500 get the drug; 500 don't,yes,no,4,7
2018,549,78,female,black,less than high school,12,south,widowed,4,keeping house,,,middle class,strong democrat,slightly conservative,clinton,oppose,oppose,,pretty happy,fair,exciting,,yes,more or less satisfied,,6,never,protestant,2-3 times a month,no doubts,yes,word of god,no,not at all scientific,,,earth around sun,true,false,false,true,true,true,all 1000 get the drug,no,no,4,7
2018,550,74,female,white,graduate,20,south,divorced,2,retired,,,middle class,"independent, close to democrat",slightly liberal,didn't vote for president,favor,favor,,very happy,excellent,exciting,,no,pretty well satisfied,,2,never,protestant,about once a month,higher power,yes,ancient book,yes,not at all scientific,true,don't know,earth around sun,false,false,false,false,true,true,500 get the drug; 500 don't,no,yes,7,9
2018,551,65,male,white,bachelor's,16,south,married,2,working part time,5,14896.249999999998,middle class,"independent (neither, no response)","moderate, middle of the road",,favor,oppose,,very happy,excellent,exciting,,no,more or less satisfied,1,2,several times a year,catholic,several times a week,no doubts,yes,inspired word,no,not at all scientific,,,earth around sun,false,false,true,true,true,true,500 get the drug; 500 don't,no,yes,6,7
2018,552,61,male,white,high school,13,south,divorced,1,working full time,30,176200.14942,middle class,not very strong democrat,liberal,clinton,,favor,should be legal,pretty happy,,,most people can be trusted,,pretty well satisfied,1,2,several times a month,jewish,less than once a year,don't believe,no,ancient book,no,not at all scientific,true,,earth around sun,false,false,true,false,true,true,all 1000 get the drug,no,yes,8,8
2018,553,53,female,white,bachelor's,16,northeast,married,2,working full time,55,70100,middle class,not very strong republican,"moderate, middle of the road",trump,favor,favor,,pretty happy,good,routine,,no,more or less satisfied,2,3,several times a year,catholic,every week,believe with doubts,yes,inspired word,no,sort of scientific,true,false,earth around sun,false,false,true,true,true,true,all 1000 get the drug,no,no,7,9
2018,554,21,female,other,high school,12,northeast,never married,0,working part time,20,4556.5,middle class,not very strong democrat,"moderate, middle of the road",clinton,favor,favor,should be legal,not too happy,excellent,exciting,can't be too careful,no,pretty well satisfied,0,,,protestant,every week,no doubts,no,word of god,,,,,,,,,,,,,,,0,0
2018,555,41,female,white,bachelor's,17,northeast,married,2,working full time,36,,middle class,other party,"moderate, middle of the road",don't know,,oppose,should not be legal,very happy,,,most people can be trusted,,more or less satisfied,0,1,never,catholic,every week,no doubts,yes,inspired word,yes,not at all scientific,,,earth around sun,false,don't know,true,false,true,true,500 get the drug; 500 don't,no,don't know,6,7
2018,556,62,female,white,associate/junior college,14,northeast,married,4,working part time,25,7886.249999999999,middle class,strong republican,conservative,trump,oppose,favor,,very happy,good,routine,,yes,pretty well satisfied,0,4,about once a year,none,about once or twice a year,no doubts,yes,ancient book,no,not at all scientific,,,earth around sun,false,false,don't know,true,true,true,500 get the drug; 500 don't,no,yes,5,7
2018,557,71,male,white,bachelor's,16,northeast,married,3,retired,,,middle class,not very strong republican,conservative,trump,,favor,should not be legal,very happy,,,can't be too careful,,pretty well satisfied,,6,about once a year,catholic,every week,no doubts,yes,inspired word,,,,,,,,,,,,,,,0,0
2018,558,89,male,white,bachelor's,16,northeast,widowed,2,retired,,,working class,not very strong democrat,"moderate, middle of the road",clinton,favor,oppose,should be legal,pretty happy,good,routine,most people can be trusted,no,more or less satisfied,,,,protestant,every week,no doubts,yes,inspired word,,,,,,,,,,,,,,,0,0
2018,559,66,male,white,bachelor's,17,northeast,married,3,working full time,50,38555,middle class,not very strong democrat,slightly liberal,clinton,,favor,should be legal,pretty happy,,,most people can be trusted,,pretty well satisfied,1,2,several times a month,catholic,about once or twice a year,believe with doubts,yes,inspired word,,,,,,,,,,,,,,,0,0
2018,560,28,male,white,graduate,16,northeast,never married,0,working full time,89,38555,middle class,strong democrat,liberal,clinton,favor,oppose,should be legal,pretty happy,excellent,exciting,most people can be trusted,no,pretty well satisfied,20,,,none,never,"don't know, no way to find out",don't know,inspired word,,,,,,,,,,,,,,,0,0
2018,561,85,female,white,graduate,17,northeast,widowed,2,retired,,,middle class,strong democrat,"moderate, middle of the road",clinton,,favor,don't know,pretty happy,,,most people can be trusted,,pretty well satisfied,,5,about once a month,protestant,every week,no doubts,yes,inspired word,no,not at all scientific,,,don't know,don't know,don't know,don't know,false,true,don't know,don't know,don't know,yes,2,7
2018,562,70,male,white,high school,12,northeast,married,2,working part time,25,2453.5,middle class,strong democrat,"moderate, middle of the road",clinton,,favor,don't know,very happy,,,can't be too careful,,pretty well satisfied,0,6,about once a month,catholic,never,no doubts,yes,inspired word,no,not at all scientific,false,,sun around earth,false,don't know,false,true,true,true,all 1000 get the drug,no,yes,3,8
2018,563,29,female,other,bachelor's,16,northeast,never married,0,working full time,45,47317.5,working class,other party,don't know,,favor,oppose,,pretty happy,good,exciting,,no,pretty well satisfied,2,1,never,none,every week,higher power,no,word of god,no,sort of scientific,true,don't know,earth around sun,true,don't know,true,don't know,false,true,500 get the drug; 500 don't,,don't know,4,9
2018,564,39,male,other,bachelor's,16,northeast,married,2,working full time,40,57832.5,working class,,"moderate, middle of the road",,favor,oppose,,very happy,good,exciting,,no,more or less satisfied,0,1,about once a year,,several times a year,believe with doubts,yes,,yes,sort of scientific,,,earth around sun,false,false,true,true,true,true,500 get the drug; 500 don't,no,yes,6,7
2018,565,28,male,white,high school,16,northeast,never married,0,working full time,40,14896.249999999998,working class,not very strong democrat,slightly liberal,clinton,favor,favor,should be legal,pretty happy,good,routine,most people can be trusted,no,more or less satisfied,1,,,catholic,never,believe sometimes,no,ancient book,,,,,,,,,,,,,,,0,0
2018,566,74,female,white,bachelor's,16,northeast,widowed,2,keeping house,,,middle class,strong democrat,liberal,clinton,favor,oppose,don't know,pretty happy,good,routine,most people can be trusted,yes,more or less satisfied,,,,protestant,nearly every week,no doubts,don't know,inspired word,,,,,,,,,,,,,,,0,0
2018,567,53,female,white,bachelor's,16,northeast,married,2,working full time,40,26287.5,working class,not very strong democrat,slightly conservative,,,favor,don't know,pretty happy,,,can't be too careful,,more or less satisfied,0,2,about once a month,catholic,several times a year,no doubts,don't know,inspired word,yes,sort of scientific,true,,earth around sun,don't know,false,true,false,true,true,500 get the drug; 500 don't,no,yes,7,8
2018,568,66,male,white,graduate,20,northeast,divorced,2,retired,,,middle class,strong democrat,extremely liberal,clinton,favor,favor,,very happy,excellent,exciting,,no,pretty well satisfied,,0,don't know,none,never,"don't know, no way to find out",don't know,ancient book,no,not at all scientific,,,earth around sun,false,false,true,false,true,true,500 get the drug; 500 don't,no,yes,7,7
2018,569,67,male,white,bachelor's,16,northeast,married,3,working full time,50,112160,middle class,"independent, close to democrat","moderate, middle of the road",trump,,favor,should be legal,very happy,,,can't be too careful,,pretty well satisfied,0,2,about once a month,protestant,several times a year,believe sometimes,no,inspired word,,,,,,,,,,,,,,,0,0
2018,570,,female,other,bachelor's,16,northeast,married,0,working full time,45,,middle class,"independent (neither, no response)",,,,,don't know,pretty happy,,,can't be too careful,,pretty well satisfied,0,1,about once a month,,don't know,,don't know,,no,,,,don't know,false,don't know,true,false,don't know,don't know,500 get the drug; 500 don't,no,yes,3,7
2018,571,28,female,white,graduate,20,northeast,never married,0,working full time,40,,middle class,strong democrat,liberal,clinton,,oppose,should be legal,not too happy,,,most people can be trusted,,pretty well satisfied,10,0,once or twice a week,none,never,don't believe,no,ancient book,no,not at all scientific,true,,earth around sun,false,false,true,false,true,true,500 get the drug; 500 don't,no,yes,8,8
2018,572,23,female,white,bachelor's,16,northeast,never married,0,working full time,55,22782.5,middle class,not very strong republican,"moderate, middle of the road",,favor,oppose,should be legal,pretty happy,excellent,routine,most people can be trusted,yes,more or less satisfied,3,,,christian,less than once a year,believe with doubts,yes,inspired word,,,,,,,,,,,,,,,0,0
2018,573,37,male,white,graduate,20,northeast,married,0,working full time,60,57832.5,middle class,strong democrat,extremely liberal,clinton,,oppose,should be legal,not too happy,,,can't be too careful,,pretty well satisfied,5,1,several times a month,none,never,believe sometimes,no,ancient book,,,,,,,,,,,,,,,0,0
2018,574,27,male,black,high school,12,northeast,never married,0,working full time,60,47317.5,working class,not very strong democrat,"moderate, middle of the road",clinton,favor,favor,should be legal,pretty happy,good,exciting,can't be too careful,yes,more or less satisfied,0,,,none,never,higher power,yes,ancient book,,,,,,,,,,,,,,,0,0
2018,575,32,female,black,associate/junior college,14,northeast,never married,3,keeping house,,1402,working class,not very strong democrat,liberal,clinton,favor,oppose,should be legal,not too happy,poor,routine,can't be too careful,yes,not satisfied at all,,,,none,about once or twice a year,higher power,yes,ancient book,,,,,,,,,,,,,,,0,0
2018,576,40,female,black,high school,12,northeast,divorced,6,working part time,20,2453.5,lower class,not very strong democrat,"moderate, middle of the road",clinton,favor,favor,,pretty happy,fair,routine,,yes,not satisfied at all,0,5,about once a month,protestant,never,higher power,yes,ancient book,yes,sort of scientific,,,earth around sun,false,don't know,don't know,true,don't know,true,500 get the drug; 500 don't,no,yes,3,7
2018,577,22,female,white,bachelor's,16,northeast,never married,0,in school,,,working class,not very strong democrat,slightly liberal,,favor,oppose,should be legal,very happy,excellent,exciting,most people can be trusted,yes,more or less satisfied,,,,catholic,about once or twice a year,believe sometimes,yes,inspired word,,,,,,,,,,,,,,,0,0
2018,578,38,male,black,high school,14,northeast,separated,1,working full time,40,13143.75,working class,strong democrat,slightly liberal,clinton,favor,oppose,should be legal,pretty happy,fair,routine,most people can be trusted,no,pretty well satisfied,2,,,protestant,nearly every week,believe with doubts,no,ancient book,,,,,,,,,,,,,,,0,0
2018,579,45,female,black,high school,15,northeast,never married,3,"with a job, but not at work because of temporary illness, vacation, strike",,22782.5,middle class,strong democrat,liberal,clinton,,oppose,don't know,very happy,,,can't be too careful,,more or less satisfied,0,4,about once a month,catholic,several times a year,no doubts,yes,inspired word,yes,sort of scientific,,,earth around sun,true,false,false,true,true,true,500 get the drug; 500 don't,no,yes,4,7
2018,580,63,male,white,high school,12,northeast,divorced,1,retired,,,working class,"independent, close to republican",slightly conservative,trump,oppose,favor,,not too happy,fair,routine,,no,more or less satisfied,,6,several times a year,none,several times a year,"don't know, no way to find out",no,ancient book,yes,not at all scientific,,,earth around sun,false,false,don't know,false,true,true,500 get the drug; 500 don't,no,yes,6,7
2018,581,30,female,white,graduate,20,northeast,never married,0,working full time,37,38555,middle class,not very strong democrat,liberal,clinton,,favor,should be legal,not too happy,,,can't be too careful,,not satisfied at all,10,4,several times a month,none,never,higher power,yes,ancient book,,,,,,,,,,,,,,,0,0
2018,582,25,male,white,high school,12,northeast,never married,0,working part time,20,,working class,"independent (neither, no response)","moderate, middle of the road",,favor,favor,,pretty happy,good,routine,,no,not satisfied at all,0,1,never,none,never,don't believe,no,ancient book,no,not at all scientific,true,true,earth around sun,false,false,true,true,true,don't know,500 get the drug; 500 don't,no,yes,7,9
2018,583,44,female,other,high school,12,northeast,divorced,1,working full time,40,31544.999999999996,working class,"independent, close to democrat","moderate, middle of the road",,oppose,oppose,should not be legal,pretty happy,fair,routine,can't be too careful,yes,more or less satisfied,8,,,buddhism,about once a month,believe with doubts,yes,ancient book,,,,,,,,,,,,,,,0,0
2018,584,56,male,white,high school,12,northeast,never married,1,working full time,45,16648.75,middle class,"independent, close to republican",conservative,,,oppose,should be legal,pretty happy,,,can't be too careful,,not satisfied at all,14,6,never,protestant,never,higher power,no,ancient book,yes,not at all scientific,,,sun around earth,false,false,true,true,true,don't know,all 1000 get the drug,no,no,4,7
2018,585,45,female,white,high school,12,northeast,married,2,working part time,17,5257.5,working class,"independent (neither, no response)","moderate, middle of the road",clinton,favor,oppose,should be legal,pretty happy,good,routine,can't be too careful,yes,more or less satisfied,30,,,none,about once or twice a year,believe with doubts,yes,inspired word,,,,,,,,,,,,,,,0,0
2018,586,27,female,other,less than high school,7,northeast,never married,3,working full time,30,7886.249999999999,working class,"independent (neither, no response)",liberal,,,oppose,should be legal,pretty happy,,,can't be too careful,,more or less satisfied,0,1,never,none,never,believe with doubts,yes,inspired word,,,,,,,,,,,,,,,0,0
2018,587,53,male,other,bachelor's,17,northeast,married,2,working full time,40,31544.999999999996,working class,not very strong democrat,"moderate, middle of the road",,,favor,should be legal,very happy,,,can't be too careful,,not satisfied at all,0,3,never,catholic,about once or twice a year,believe with doubts,yes,inspired word,,,,,,,,,,,,,,,0,0
2018,588,66,female,black,associate/junior college,15,south,widowed,1,working full time,32,19277.5,middle class,strong democrat,slightly conservative,clinton,,oppose,should be legal,very happy,,,can't be too careful,,not satisfied at all,0,5,once or twice a week,protestant,every week,no doubts,yes,word of god,yes,sort of scientific,,,earth around sun,false,don't know,false,false,true,true,500 get the drug; 500 don't,no,don't know,5,7
2018,589,48,female,black,bachelor's,18,south,divorced,3,working full time,40,38555,working class,not very strong democrat,slightly liberal,clinton,favor,favor,,pretty happy,good,exciting,,yes,not satisfied at all,25,2,several times a year,protestant,several times a week,no doubts,yes,word of god,no,sort of scientific,,,earth around sun,false,false,false,true,don't know,true,all 1000 get the drug,no,yes,4,7
2018,590,50,female,black,high school,14,south,married,2,working full time,40,26287.5,working class,strong democrat,"moderate, middle of the road",clinton,,favor,should not be legal,very happy,,,can't be too careful,,pretty well satisfied,0,3,about once a month,protestant,every week,no doubts,yes,ancient book,,,,,,,,,,,,,,,0,0
2018,591,18,female,other,less than high school,11,south,never married,0,working part time,20,,working class,"independent (neither, no response)","moderate, middle of the road",,,favor,should be legal,pretty happy,,,can't be too careful,,pretty well satisfied,4,3,never,catholic,about once or twice a year,no doubts,yes,inspired word,no,not at all scientific,false,,earth around sun,don't know,false,false,false,true,true,500 get the drug; 500 don't,no,yes,5,8
2018,592,51,male,black,bachelor's,16,south,never married,1,working part time,25,16648.75,middle class,"independent, close to democrat",extremely liberal,clinton,favor,oppose,should be legal,pretty happy,good,exciting,can't be too careful,yes,not satisfied at all,0,,,protestant,several times a year,no doubts,yes,inspired word,,,,,,,,,,,,,,,0,0
2018,593,63,female,black,high school,13,south,divorced,4,working full time,36,38555,working class,strong democrat,slightly liberal,,,oppose,should be legal,very happy,,,most people can be trusted,,more or less satisfied,0,4,never,protestant,never,no doubts,yes,word of god,,,,,,,,,,,,,,,0,0
2018,594,57,female,black,high school,12,south,married,3,working part time,22,3154.5,working class,not very strong democrat,"moderate, middle of the road",clinton,favor,oppose,should not be legal,pretty happy,excellent,exciting,can't be too careful,yes,not satisfied at all,0,,,none,several times a week,no doubts,yes,word of god,,,,,,,,,,,,,,,0,0
2018,595,68,male,black,bachelor's,16,south,widowed,3,retired,,,middle class,strong democrat,slightly conservative,clinton,,oppose,should be legal,not too happy,,,can't be too careful,,not satisfied at all,,4,several times a year,protestant,about once or twice a year,higher power,yes,inspired word,no,not at all scientific,,,sun around earth,false,true,true,true,true,true,500 get the drug; 500 don't,yes,yes,4,7
2018,596,64,male,white,high school,14,south,married,1,working full time,40,,middle class,strong republican,conservative,trump,,favor,should not be legal,very happy,,,can't be too careful,,pretty well satisfied,0,2,never,protestant,never,higher power,yes,inspired word,,,,,,,,,,,,,,,0,0
2018,597,26,male,other,high school,12,south,never married,1,working full time,50,19277.5,working class,"independent, close to republican",slightly liberal,,favor,favor,,pretty happy,excellent,exciting,,no,pretty well satisfied,0,1,about once a month,catholic,about once or twice a year,no doubts,yes,inspired word,no,sort of scientific,true,true,sun around earth,true,true,true,true,true,true,all 1000 get the drug,no,no,5,9
2018,598,58,female,white,associate/junior college,16,south,married,0,keeping house,,112160,working class,"independent (neither, no response)",conservative,trump,oppose,favor,should not be legal,very happy,good,routine,most people can be trusted,yes,pretty well satisfied,,,,protestant,every week,no doubts,yes,word of god,,,,,,,,,,,,,,,0,0
2018,599,53,female,black,graduate,19,south,married,1,working full time,60,98140,working class,strong democrat,slightly liberal,clinton,,favor,should be legal,pretty happy,,,can't be too careful,,pretty well satisfied,0,2,never,none,several times a week,no doubts,yes,inspired word,no,not at all scientific,false,,earth around sun,false,false,true,true,true,true,500 get the drug; 500 don't,no,yes,6,8
2018,600,28,male,other,high school,12,south,never married,0,working full time,38,3855.4999999999995,working class,"independent (neither, no response)",slightly conservative,,,oppose,should not be legal,very happy,,,can't be too careful,,more or less satisfied,0,1,never,none,about once a month,higher power,don't know,word of god,,,,,,,,,,,,,,,0,0
2018,601,30,female,white,less than high school,11,south,married,1,keeping house,,,lower class,not very strong democrat,extremely liberal,didn't vote for president,favor,favor,,pretty happy,poor,dull,,yes,more or less satisfied,,4,about once a year,none,never,higher power,yes,ancient book,no,sort of scientific,false,true,earth around sun,false,false,false,true,true,true,500 get the drug; 500 don't,no,yes,6,9
2018,602,53,male,white,associate/junior college,14,south,married,1,retired,,,middle class,strong republican,conservative,trump,,favor,should not be legal,very happy,,,most people can be trusted,,pretty well satisfied,,6,about once a month,protestant,several times a year,no doubts,yes,inspired word,no,not at all scientific,,,sun around earth,false,false,true,true,true,don't know,all 1000 get the drug,no,yes,4,7
2018,603,56,male,white,high school,13,south,married,3,working full time,50,38555,middle class,strong republican,conservative,trump,,favor,should not be legal,pretty happy,,,can't be too careful,,more or less satisfied,0,4,never,protestant,several times a week,no doubts,yes,word of god,,,,,,,,,,,,,,,0,0
2018,604,20,male,white,high school,12,south,never married,0,in school,,350.5,working class,"independent (neither, no response)","moderate, middle of the road",,favor,favor,,pretty happy,good,routine,,no,not satisfied at all,,2,about once a month,none,2-3 times a month,no doubts,yes,inspired word,yes,sort of scientific,true,true,earth around sun,false,false,true,true,true,true,500 get the drug; 500 don't,no,yes,8,9
2018,605,64,female,white,bachelor's,16,south,never married,0,"unemployed, laid off, looking for work",,176200.14942,middle class,not very strong democrat,"moderate, middle of the road",clinton,,oppose,should be legal,very happy,,,most people can be trusted,,more or less satisfied,,4,never,catholic,never,don't know,yes,,no,not at all scientific,false,,earth around sun,false,false,true,false,true,true,500 get the drug; 500 don't,no,no,7,8
2018,606,40,male,other,high school,12,south,never married,2,keeping house,,2453.5,working class,"independent (neither, no response)",conservative,,oppose,favor,,pretty happy,poor,routine,,no,not satisfied at all,,10,about once a year,catholic,never,believe with doubts,don't know,inspired word,yes,not at all scientific,true,don't know,earth around sun,true,false,don't know,true,true,don't know,all 1000 get the drug,no,yes,4,9
2018,607,64,female,other,high school,9,south,married,4,keeping house,,,working class,"independent (neither, no response)",slightly liberal,clinton,,oppose,should not be legal,very happy,,,can't be too careful,,more or less satisfied,,1,never,protestant,every week,no doubts,yes,word of god,yes,sort of scientific,,,earth around sun,true,don't know,false,true,true,true,all 1000 get the drug,no,no,3,7
2018,608,39,female,white,high school,14,south,married,3,working full time,30,13143.75,working class,not very strong democrat,"moderate, middle of the road",,favor,favor,,very happy,good,routine,,no,pretty well satisfied,0,0,about once a month,protestant,2-3 times a month,believe with doubts,yes,inspired word,no,not at all scientific,,,sun around earth,true,true,true,true,true,true,500 get the drug; 500 don't,no,yes,3,7
2018,609,42,female,white,less than high school,9,south,married,3,keeping house,,,working class,strong republican,conservative,,favor,oppose,should not be legal,pretty happy,good,exciting,can't be too careful,yes,more or less satisfied,,,,protestant,every week,no doubts,no,word of god,,,,,,,,,,,,,,,0,0
2018,610,22,male,other,less than high school,11,south,never married,0,working full time,45,3154.5,working class,"independent, close to republican",extremely liberal,,favor,favor,,pretty happy,good,exciting,,yes,pretty well satisfied,0,1,once or twice a week,catholic,several times a year,believe with doubts,no,inspired word,no,sort of scientific,true,true,earth around sun,false,true,don't know,true,true,true,500 get the drug; 500 don't,no,don't know,6,9
2018,611,51,male,other,less than high school,5,south,married,6,working full time,30,,lower class,strong republican,conservative,,oppose,favor,,not too happy,good,exciting,,yes,more or less satisfied,3,1,about once a month,catholic,every week,no doubts,no,inspired word,yes,sort of scientific,,,earth around sun,true,false,,true,true,true,500 get the drug; 500 don't,no,no,4,6
2018,612,40,female,other,less than high school,9,south,divorced,5,working full time,32,,working class,"independent (neither, no response)","moderate, middle of the road",,favor,oppose,should not be legal,not too happy,good,routine,can't be too careful,no,pretty well satisfied,0,,,protestant,about once a month,no doubts,yes,inspired word,,,,,,,,,,,,,,,0,0
2018,613,40,male,other,less than high school,10,south,divorced,2,working full time,70,38555,working class,"independent (neither, no response)","moderate, middle of the road",,favor,favor,,pretty happy,good,exciting,,yes,not satisfied at all,0,2,never,protestant,about once a month,no doubts,yes,word of god,yes,not at all scientific,false,true,don't know,true,true,true,true,true,don't know,all 1000 get the drug,no,yes,3,9
2018,614,24,female,white,high school,15,south,married,1,keeping house,,,working class,"independent (neither, no response)",slightly conservative,,,favor,should not be legal,very happy,,,can't be too careful,,more or less satisfied,,4,never,catholic,about once a month,no doubts,yes,inspired word,yes,sort of scientific,,,sun around earth,false,don't know,true,true,don't know,don't know,500 get the drug; 500 don't,no,yes,2,7
2018,615,27,female,white,less than high school,9,south,never married,3,keeping house,,,working class,"independent (neither, no response)",liberal,,,oppose,should not be legal,pretty happy,,,can't be too careful,,more or less satisfied,,4,never,catholic,never,no doubts,no,word of god,no,sort of scientific,false,,sun around earth,false,don't know,don't know,true,true,true,all 1000 get the drug,yes,no,3,8
2018,616,34,female,other,less than high school,7,south,married,2,keeping house,,,lower class,not very strong democrat,extremely conservative,,favor,oppose,should not be legal,pretty happy,good,routine,can't be too careful,yes,more or less satisfied,,,,catholic,several times a week,no doubts,yes,word of god,,,,,,,,,,,,,,,0,0
2018,617,24,female,other,high school,14,south,never married,0,keeping house,,,lower class,"independent (neither, no response)","moderate, middle of the road",,favor,favor,should not be legal,pretty happy,excellent,routine,most people can be trusted,no,pretty well satisfied,,,,none,never,no doubts,yes,don't know,,,,,,,,,,,,,,,0,0
2018,618,34,female,other,high school,12,south,married,2,keeping house,,,middle class,"independent, close to republican",liberal,,,favor,should not be legal,very happy,,,can't be too careful,,pretty well satisfied,,3,never,none,never,believe with doubts,don't know,word of god,no,very scientific,,,earth around sun,true,true,true,true,true,true,all 1000 get the drug,no,no,4,7
2018,619,44,female,other,bachelor's,16,south,married,2,"unemployed, laid off, looking for work",,,working class,"independent, close to democrat","moderate, middle of the road",,favor,favor,should not be legal,pretty happy,excellent,routine,can't be too careful,yes,not satisfied at all,,,,muslim/islam,never,no doubts,yes,inspired word,,,,,,,,,,,,,,,0,0
2018,620,80,female,white,high school,12,south,widowed,4,keeping house,,,working class,strong republican,"moderate, middle of the road",trump,,oppose,should not be legal,pretty happy,,,can't be too careful,,more or less satisfied,,6,never,catholic,every week,no doubts,yes,word of god,,,,,,,,,,,,,,,0,0
2018,621,61,female,white,bachelor's,16,south,married,2,keeping house,,,upper class,not very strong republican,conservative,trump,,favor,should not be legal,pretty happy,,,can't be too careful,,pretty well satisfied,,5,several times a year,catholic,several times a year,believe with doubts,don't know,inspired word,yes,sort of scientific,true,,earth around sun,don't know,don't know,don't know,false,false,true,500 get the drug; 500 don't,no,yes,4,8
2018,622,39,female,black,high school,12,south,divorced,3,working part time,13,11391.25,working class,"independent, close to democrat",slightly liberal,clinton,favor,favor,,pretty happy,excellent,routine,,yes,not satisfied at all,2,8,about once a year,protestant,about once a month,no doubts,yes,word of god,yes,not at all scientific,,,sun around earth,true,false,true,true,don't know,don't know,all 1000 get the drug,no,yes,2,7
2018,623,41,female,white,graduate,20,south,never married,1,working full time,60,57832.5,middle class,"independent, close to democrat",slightly conservative,other candidate,,favor,don't know,very happy,,,can't be too careful,,pretty well satisfied,2,0,several times a year,none,2-3 times a month,believe with doubts,don't know,inspired word,,,,,,,,,,,,,,,0,0
2018,624,34,male,other,high school,14,south,married,2,working full time,53,47317.5,lower class,"independent, close to democrat","moderate, middle of the road",,favor,oppose,,very happy,fair,exciting,,no,pretty well satisfied,0,1,never,protestant,several times a week,no doubts,yes,inspired word,no,not at all scientific,,,earth around sun,false,true,don't know,true,true,true,500 get the drug; 500 don't,no,yes,4,7
2018,625,70,female,white,graduate,19,south,married,3,retired,,,middle class,"independent, close to republican",conservative,trump,oppose,favor,,pretty happy,excellent,exciting,,no,don't know,,1,never,protestant,every week,no doubts,yes,word of god,no,not at all scientific,false,false,earth around sun,false,don't know,don't know,false,true,true,all 1000 get the drug,no,yes,5,9
2018,626,49,female,white,high school,15,south,separated,3,working full time,72,70100,working class,"independent, close to democrat","moderate, middle of the road",clinton,favor,favor,should be legal,pretty happy,good,exciting,can't be too careful,no,not satisfied at all,0,,,none,less than once a year,higher power,yes,inspired word,,,,,,,,,,,,,,,0,0
2018,627,59,female,other,graduate,19,south,married,1,in school,,,middle class,not very strong republican,conservative,,,oppose,should not be legal,pretty happy,,,most people can be trusted,,pretty well satisfied,,1,never,protestant,every week,no doubts,yes,inspired word,no,not at all scientific,false,,earth around sun,false,don't know,true,false,true,true,500 get the drug; 500 don't,no,yes,6,8
2018,628,31,female,black,graduate,20,south,never married,1,working full time,50,26287.5,working class,"independent, close to democrat","moderate, middle of the road",,favor,oppose,should be legal,not too happy,good,exciting,most people can be trusted,no,more or less satisfied,7,,,none,never,no doubts,yes,inspired word,,,,,,,,,,,,,,,0,0
2018,629,77,male,white,bachelor's,16,south,separated,1,retired,,,middle class,strong republican,slightly conservative,trump,favor,oppose,,pretty happy,good,routine,,no,more or less satisfied,,5,never,protestant,every week,"don't know, no way to find out",yes,inspired word,no,sort of scientific,true,false,earth around sun,false,false,true,false,true,true,500 get the drug; 500 don't,no,yes,8,9
2018,630,40,female,white,bachelor's,17,south,divorced,3,working part time,30,,middle class,"independent (neither, no response)",don't know,,favor,don't know,,pretty happy,excellent,exciting,,no,pretty well satisfied,10,0,about once a month,jewish,about once a month,no doubts,yes,don't know,no,sort of scientific,,,earth around sun,false,false,false,false,true,true,don't know,don't know,don't know,6,7
2018,631,53,female,black,graduate,16,south,married,1,working part time,25,,don't know,,don't know,,don't know,don't know,should not be legal,very happy,good,exciting,can't be too careful,no,more or less satisfied,,,,,every week,,,,,,,,,,,,,,,,,,0,0
2018,632,29,female,black,high school,12,south,never married,3,"unemployed, laid off, looking for work",,13143.75,working class,not very strong democrat,"moderate, middle of the road",,,don't know,should not be legal,pretty happy,,,can't be too careful,,not satisfied at all,,15,never,protestant,about once or twice a year,no doubts,yes,inspired word,,,,,,,,,,,,,,,0,0
2018,633,39,female,black,high school,15,south,never married,1,working full time,40,26287.5,working class,strong democrat,extremely liberal,clinton,favor,favor,should be legal,pretty happy,excellent,exciting,can't be too careful,no,more or less satisfied,0,,,protestant,2-3 times a month,no doubts,no,word of god,,,,,,,,,,,,,,,0,0
2018,634,27,female,black,high school,15,south,never married,1,"with a job, but not at work because of temporary illness, vacation, strike",,26287.5,working class,not very strong democrat,"moderate, middle of the road",clinton,,favor,should be legal,pretty happy,,,most people can be trusted,,not satisfied at all,0,1,several times a year,none,never,believe with doubts,yes,ancient book,yes,very scientific,true,,earth around sun,false,true,true,true,true,true,500 get the drug; 500 don't,no,yes,6,8
2018,635,62,male,black,graduate,18,south,divorced,3,working full time,40,57832.5,middle class,strong democrat,"moderate, middle of the road",clinton,favor,oppose,,pretty happy,good,routine,,no,more or less satisfied,0,2,about once a year,protestant,about once a month,no doubts,yes,word of god,no,not at all scientific,,,sun around earth,don't know,true,true,don't know,false,true,500 get the drug; 500 don't,no,no,2,7
2018,636,48,female,black,high school,12,south,separated,4,working part time,32,7886.249999999999,working class,"independent, close to democrat",slightly liberal,,oppose,favor,should not be legal,pretty happy,fair,routine,can't be too careful,yes,pretty well satisfied,0,,,protestant,2-3 times a month,no doubts,no,word of god,,,,,,,,,,,,,,,0,0
2018,637,28,female,other,high school,12,south,married,1,working full time,40,19277.5,working class,"independent, close to democrat","moderate, middle of the road",,,favor,should be legal,pretty happy,,,can't be too careful,,pretty well satisfied,0,1,several times a year,catholic,never,believe sometimes,yes,inspired word,,,,,,,,,,,,,,,0,0
2018,638,47,male,black,high school,12,south,married,6,"unemployed, laid off, looking for work",,9638.75,lower class,"independent, close to democrat",liberal,clinton,oppose,oppose,,very happy,good,exciting,,no,not satisfied at all,,5,about once a year,protestant,about once or twice a year,no doubts,yes,word of god,yes,sort of scientific,true,true,earth around sun,true,false,false,true,true,true,500 get the drug; 500 don't,no,yes,6,9
2018,639,42,female,black,high school,13,south,never married,1,working full time,36,26287.5,lower class,strong democrat,conservative,clinton,,,should be legal,very happy,,,can't be too careful,,not satisfied at all,10,5,several times a month,protestant,never,no doubts,yes,word of god,yes,very scientific,,,earth around sun,true,true,true,true,false,true,500 get the drug; 500 don't,no,yes,3,7
2018,640,38,female,white,high school,12,south,married,3,working part time,15,2453.5,working class,not very strong republican,conservative,,,favor,should be legal,pretty happy,,,most people can be trusted,,more or less satisfied,0,0,never,protestant,never,believe with doubts,yes,inspired word,,,,,,,,,,,,,,,0,0
2018,641,53,male,white,bachelor's,16,south,married,1,"with a job, but not at work because of temporary illness, vacation, strike",,31544.999999999996,middle class,other party,"moderate, middle of the road",other candidate,oppose,favor,,very happy,good,exciting,,no,pretty well satisfied,0,2,about once a year,none,about once or twice a year,"don't know, no way to find out",no,ancient book,no,not at all scientific,,,earth around sun,false,false,false,true,true,true,500 get the drug; 500 don't,no,yes,5,7
2018,642,40,male,black,high school,14,south,divorced,4,working full time,50,47317.5,working class,"independent, close to democrat",liberal,clinton,oppose,favor,should be legal,very happy,excellent,exciting,can't be too careful,no,more or less satisfied,0,,,none,never,higher power,no,ancient book,,,,,,,,,,,,,,,0,0
2018,643,57,male,white,associate/junior college,15,south,married,2,working full time,75,98140,middle class,strong republican,conservative,trump,,favor,should not be legal,very happy,,,can't be too careful,,pretty well satisfied,0,1,several times a year,none,several times a year,don't believe,no,ancient book,,,,,,,,,,,,,,,0,0
2018,644,51,male,white,high school,11,south,married,1,working full time,40,6309,working class,"independent (neither, no response)",slightly liberal,,favor,oppose,,very happy,good,exciting,,no,more or less satisfied,0,1,several times a year,protestant,nearly every week,no doubts,yes,inspired word,no,not at all scientific,true,true,earth around sun,false,false,false,false,true,true,500 get the drug; 500 don't,no,yes,8,9
2018,645,60,female,white,associate/junior college,14,south,separated,2,retired,,,working class,"independent (neither, no response)",extremely liberal,clinton,favor,favor,should be legal,pretty happy,fair,exciting,can't be too careful,no,more or less satisfied,,,,none,every week,believe with doubts,yes,inspired word,,,,,,,,,,,,,,,0,0
2018,646,55,female,white,graduate,18,south,divorced,0,working full time,40,84120,middle class,not very strong republican,conservative,trump,,favor,should be legal,pretty happy,,,most people can be trusted,,pretty well satisfied,0,0,several times a month,protestant,every week,no doubts,yes,inspired word,no,not at all scientific,,,earth around sun,false,false,true,false,don't know,true,500 get the drug; 500 don't,no,yes,6,7
2018,647,40,female,white,high school,14,south,married,3,working full time,52,176200.14942,working class,strong republican,conservative,trump,favor,favor,,very happy,good,exciting,,no,pretty well satisfied,3,2,about once a year,protestant,about once a month,no doubts,yes,word of god,yes,not at all scientific,,,sun around earth,true,true,don't know,true,don't know,true,500 get the drug; 500 don't,no,yes,1,7
2018,648,25,male,white,less than high school,11,south,married,2,working full time,35,,working class,"independent (neither, no response)",don't know,,,don't know,should not be legal,pretty happy,,,can't be too careful,,more or less satisfied,2,1,never,none,every week,no doubts,yes,word of god,,,,,,,,,,,,,,,0,0
2018,649,19,female,other,less than high school,6,south,never married,0,keeping house,,7886.249999999999,working class,"independent, close to democrat","moderate, middle of the road",,,,should not be legal,very happy,,,can't be too careful,,more or less satisfied,,3,never,catholic,2-3 times a month,no doubts,yes,word of god,no,sort of scientific,,,sun around earth,true,false,false,true,true,true,all 1000 get the drug,no,no,3,7
2018,650,46,male,other,less than high school,3,south,never married,0,"unemployed, laid off, looking for work",,14896.249999999998,working class,"independent, close to democrat",slightly liberal,,oppose,favor,,not too happy,fair,don't know,,yes,more or less satisfied,,3,about once a year,catholic,never,no doubts,no,other (vol),no,not at all scientific,,,don't know,true,true,true,true,true,true,all 1000 get the drug,no,no,3,7
2018,651,60,female,black,less than high school,9,south,divorced,5,other,,,lower class,not very strong republican,conservative,clinton,,oppose,should be legal,pretty happy,,,can't be too careful,,more or less satisfied,,6,once or twice a week,protestant,several times a year,no doubts,yes,word of god,,,,,,,,,,,,,,,0,0
2018,652,22,female,other,high school,12,south,never married,2,working part time,30,3154.5,middle class,"independent (neither, no response)","moderate, middle of the road",,favor,favor,,pretty happy,good,exciting,,yes,more or less satisfied,0,1,about once a month,protestant,2-3 times a month,no doubts,yes,word of god,yes,sort of scientific,false,false,sun around earth,true,false,false,false,false,true,500 get the drug; 500 don't,no,no,3,9
2018,653,29,female,black,graduate,19,south,never married,0,working full time,38,38555,working class,not very strong democrat,liberal,clinton,favor,favor,,very happy,good,exciting,,yes,more or less satisfied,2,1,several times a month,none,never,higher power,no,inspired word,yes,sort of scientific,,,earth around sun,false,false,true,false,true,true,500 get the drug; 500 don't,no,no,7,7
2018,654,28,male,black,bachelor's,16,south,never married,0,working part time,25,22782.5,middle class,"independent, close to democrat",extremely liberal,other candidate,oppose,oppose,should be legal,not too happy,good,exciting,can't be too careful,no,more or less satisfied,3,,,none,never,higher power,don't know,ancient book,,,,,,,,,,,,,,,0,0
2018,655,36,female,black,high school,12,south,never married,2,working full time,45,9638.75,lower class,strong democrat,conservative,,,oppose,should be legal,pretty happy,,,can't be too careful,,not satisfied at all,0,4,never,protestant,never,believe with doubts,yes,inspired word,yes,sort of scientific,,,sun around earth,false,don't know,true,true,true,true,500 get the drug; 500 don't,no,yes,4,7
2018,656,29,female,white,bachelor's,16,south,married,2,keeping house,,22782.5,middle class,"independent (neither, no response)","moderate, middle of the road",,oppose,favor,should be legal,very happy,excellent,exciting,most people can be trusted,yes,pretty well satisfied,,,,jewish,about once a month,believe sometimes,no,word of god,,,,,,,,,,,,,,,0,0
2018,657,40,male,black,high school,12,south,married,2,working full time,52,31544.999999999996,working class,not very strong democrat,slightly liberal,clinton,,oppose,should be legal,pretty happy,,,can't be too careful,,more or less satisfied,0,5,once or twice a week,protestant,about once or twice a year,no doubts,yes,inspired word,,,,,,,,,,,,,,,0,0
2018,658,47,male,white,high school,14,south,married,0,working full time,40,47317.5,middle class,"independent (neither, no response)","moderate, middle of the road",trump,oppose,oppose,should be legal,very happy,excellent,exciting,most people can be trusted,yes,pretty well satisfied,0,,,none,less than once a year,no doubts,yes,ancient book,,,,,,,,,,,,,,,0,0
2018,659,,female,black,high school,13,south,never married,1,working full time,,57832.5,working class,"independent (neither, no response)","moderate, middle of the road",other candidate,,don't know,should be legal,pretty happy,,,can't be too careful,,not satisfied at all,,2,several times a year,none,less than once a year,no doubts,no,inspired word,yes,not at all scientific,true,,sun around earth,false,true,false,false,false,true,500 get the drug; 500 don't,no,yes,4,8
2018,660,51,male,black,high school,14,south,divorced,2,working full time,30,22782.5,working class,strong democrat,slightly liberal,clinton,favor,favor,,pretty happy,good,routine,,no,not satisfied at all,0,3,never,protestant,2-3 times a month,no doubts,yes,word of god,no,sort of scientific,,,sun around earth,false,true,false,false,true,true,all 1000 get the drug,no,no,4,7
2018,661,63,male,white,high school,13,south,never married,0,"unemployed, laid off, looking for work",,,working class,"independent, close to democrat",slightly liberal,,oppose,oppose,should be legal,not too happy,good,routine,most people can be trusted,no,not satisfied at all,,,,protestant,several times a year,no doubts,yes,inspired word,,,,,,,,,,,,,,,0,0
2018,662,33,male,black,high school,13,south,never married,0,working full time,60,,middle class,"independent, close to democrat","moderate, middle of the road",clinton,favor,oppose,,pretty happy,excellent,exciting,,no,not satisfied at all,0,1,several times a month,none,never,higher power,yes,inspired word,yes,sort of scientific,false,false,earth around sun,true,true,false,false,true,true,500 get the drug; 500 don't,no,yes,4,9
2018,663,47,female,black,high school,12,south,married,2,working full time,40,26287.5,working class,"independent (neither, no response)","moderate, middle of the road",clinton,favor,oppose,should not be legal,pretty happy,fair,routine,depends,yes,more or less satisfied,,,,catholic,about once a month,higher power,yes,word of god,,,,,,,,,,,,,,,0,0
2018,664,26,female,other,high school,15,south,married,1,working part time,28,16648.75,working class,"independent, close to republican",slightly conservative,trump,oppose,favor,,pretty happy,good,routine,,no,more or less satisfied,5,1,never,protestant,every week,believe with doubts,yes,inspired word,no,sort of scientific,false,true,earth around sun,false,true,false,true,false,true,500 get the drug; 500 don't,no,yes,4,9
2018,665,68,male,black,bachelor's,16,south,married,2,working full time,20,26287.5,middle class,strong democrat,liberal,clinton,favor,favor,,very happy,excellent,exciting,,no,pretty well satisfied,0,1,about once a month,protestant,several times a week,no doubts,yes,ancient book,yes,sort of scientific,,,earth around sun,false,true,true,true,true,true,500 get the drug; 500 don't,yes,no,5,7
2018,666,36,female,black,bachelor's,16,south,married,1,working full time,40,,working class,not very strong republican,"moderate, middle of the road",clinton,favor,favor,should not be legal,pretty happy,good,routine,can't be too careful,no,more or less satisfied,0,,,protestant,every week,no doubts,yes,word of god,,,,,,,,,,,,,,,0,0
2018,667,34,male,white,associate/junior college,14,south,never married,0,working full time,89,31544.999999999996,working class,"independent, close to republican","moderate, middle of the road",trump,,favor,should not be legal,pretty happy,,,most people can be trusted,,pretty well satisfied,0,3,several times a year,protestant,about once or twice a year,no doubts,yes,inspired word,,,,,,,,,,,,,,,0,0
2018,668,30,female,black,bachelor's,17,south,never married,0,working full time,40,5257.5,middle class,not very strong democrat,"moderate, middle of the road",clinton,favor,oppose,should be legal,pretty happy,fair,exciting,can't be too careful,no,more or less satisfied,7,,,protestant,about once a month,believe with doubts,yes,inspired word,,,,,,,,,,,,,,,0,0
2018,669,71,female,white,high school,13,south,married,2,retired,,,middle class,strong democrat,slightly liberal,clinton,,oppose,should be legal,pretty happy,,,most people can be trusted,,pretty well satisfied,,2,about once a year,none,never,higher power,no,ancient book,no,not at all scientific,,,earth around sun,false,true,true,false,true,true,500 get the drug; 500 don't,no,yes,6,7
2018,670,28,female,white,high school,12,south,never married,0,working part time,55,,working class,strong republican,conservative,clinton,favor,favor,should not be legal,pretty happy,good,exciting,can't be too careful,yes,more or less satisfied,5,,,jewish,every week,no doubts,yes,inspired word,,,,,,,,,,,,,,,0,0
2018,671,65,male,black,bachelor's,16,south,married,2,working part time,16,9638.75,working class,strong democrat,liberal,clinton,,oppose,should be legal,very happy,,,most people can be trusted,,more or less satisfied,0,2,once or twice a week,protestant,several times a week,no doubts,yes,word of god,,,,,,,,,,,,,,,0,0
2018,672,49,male,white,high school,12,south,married,4,working full time,20,176200.14942,upper class,other party,extremely conservative,trump,oppose,favor,should be legal,very happy,good,exciting,most people can be trusted,no,pretty well satisfied,0,,,protestant,every week,no doubts,yes,word of god,,,,,,,,,,,,,,,0,0
2018,673,32,male,white,high school,12,south,divorced,1,working part time,20,,working class,"independent (neither, no response)","moderate, middle of the road",,,oppose,should be legal,pretty happy,,,most people can be trusted,,more or less satisfied,0,0,about once a year,none,less than once a year,believe sometimes,no,don't know,no,sort of scientific,don't know,,earth around sun,false,false,true,false,true,true,500 get the drug; 500 don't,no,no,7,8
2018,674,21,female,white,high school,15,south,never married,0,"unemployed, laid off, looking for work",,3154.5,middle class,not very strong democrat,liberal,,favor,favor,,pretty happy,excellent,routine,,no,pretty well satisfied,,2,several times a month,none,never,don't believe,no,ancient book,yes,sort of scientific,,,earth around sun,false,don't know,true,don't know,true,true,500 get the drug; 500 don't,no,yes,5,7
2018,675,38,female,white,associate/junior college,14,south,married,2,working part time,27,9638.75,working class,strong republican,conservative,trump,favor,favor,,very happy,good,exciting,,yes,more or less satisfied,0,2,never,protestant,every week,no doubts,yes,word of god,no,sort of scientific,false,false,earth around sun,false,don't know,false,false,false,true,500 get the drug; 500 don't,no,yes,4,9
2018,676,22,male,white,high school,14,south,never married,0,working full time,40,16648.75,working class,other party,"moderate, middle of the road",other candidate,favor,favor,should be legal,pretty happy,good,routine,can't be too careful,no,more or less satisfied,25,,,other,never,higher power,yes,ancient book,,,,,,,,,,,,,,,0,0
2018,677,50,male,black,high school,14,south,divorced,3,working full time,48,26287.5,middle class,not very strong democrat,slightly liberal,clinton,oppose,oppose,,pretty happy,good,exciting,,no,more or less satisfied,0,3,several times a year,protestant,several times a year,no doubts,yes,inspired word,no,not at all scientific,true,don't know,earth around sun,false,don't know,true,true,true,true,500 get the drug; 500 don't,no,yes,6,9
2018,678,86,male,black,high school,13,south,married,4,retired,,,middle class,strong democrat,slightly conservative,clinton,,oppose,should not be legal,very happy,,,can't be too careful,,not satisfied at all,,3,never,protestant,2-3 times a month,"don't know, no way to find out",no,inspired word,yes,not at all scientific,false,,sun around earth,false,false,true,false,true,true,500 get the drug; 500 don't,yes,yes,6,8
2018,679,59,female,other,high school,12,south,married,4,working full time,40,14896.249999999998,lower class,,don't know,,,favor,should not be legal,not too happy,,,can't be too careful,,not satisfied at all,0,1,never,protestant,several times a week,no doubts,yes,word of god,,,,,,,,,,,,,,,0,0
2018,680,28,female,black,associate/junior college,15,south,divorced,0,in school,,,working class,"independent (neither, no response)",don't know,didn't vote for president,favor,oppose,,not too happy,fair,routine,,no,more or less satisfied,,0,about once a month,none,never,no doubts,yes,word of god,no,sort of scientific,true,don't know,don't know,true,true,true,true,true,true,500 get the drug; 500 don't,no,yes,4,9
2018,681,54,male,black,high school,15,south,married,2,working full time,40,47317.5,middle class,strong democrat,"moderate, middle of the road",clinton,favor,oppose,should be legal,pretty happy,good,exciting,can't be too careful,no,not satisfied at all,0,,,protestant,several times a week,no doubts,yes,inspired word,,,,,,,,,,,,,,,0,0
2018,682,71,female,black,bachelor's,15,south,married,0,"with a job, but not at work because of temporary illness, vacation, strike",,26287.5,middle class,strong democrat,"moderate, middle of the road",clinton,,favor,should not be legal,very happy,,,can't be too careful,,pretty well satisfied,0,5,never,protestant,every week,no doubts,yes,word of god,no,don't know,,,sun around earth,don't know,don't know,don't know,true,don't know,don't know,don't know,don't know,don't know,0,7
2018,683,58,female,black,associate/junior college,16,south,married,2,working full time,37,31544.999999999996,middle class,"independent, close to republican","moderate, middle of the road",clinton,favor,favor,,pretty happy,good,routine,,no,pretty well satisfied,0,8,never,none,several times a year,higher power,don't know,inspired word,yes,not at all scientific,,,earth around sun,false,true,true,true,false,true,500 get the drug; 500 don't,no,yes,4,7
2018,684,88,female,white,less than high school,3,south,widowed,2,other,,,working class,"independent (neither, no response)",don't know,,,don't know,should not be legal,pretty happy,,,can't be too careful,,pretty well satisfied,,2,never,protestant,every week,no doubts,yes,word of god,,,,,,,,,,,,,,,0,0
2018,685,34,male,white,high school,12,south,married,2,working full time,40,57832.5,middle class,"independent, close to republican","moderate, middle of the road",,favor,favor,don't know,pretty happy,good,exciting,can't be too careful,no,more or less satisfied,0,,,catholic,about once or twice a year,no doubts,yes,inspired word,,,,,,,,,,,,,,,0,0
2018,686,52,female,white,high school,12,south,never married,4,"unemployed, laid off, looking for work",,11391.25,middle class,"independent (neither, no response)",conservative,clinton,favor,favor,should be legal,pretty happy,fair,don't know,can't be too careful,no,not satisfied at all,,,,none,about once or twice a year,no doubts,don't know,word of god,,,,,,,,,,,,,,,0,0
2018,687,71,female,white,less than high school,12,south,married,2,retired,,,working class,"independent (neither, no response)","moderate, middle of the road",,oppose,favor,,not too happy,excellent,routine,,no,more or less satisfied,,1,never,catholic,2-3 times a month,no doubts,yes,word of god,yes,not at all scientific,false,true,sun around earth,true,false,true,true,true,true,500 get the drug; 500 don't,yes,no,5,9
2018,688,21,female,other,high school,11,south,married,1,working part time,20,7886.249999999999,working class,"independent, close to democrat","moderate, middle of the road",,favor,favor,,pretty happy,fair,routine,,no,not satisfied at all,2,4,about once a year,protestant,several times a year,believe with doubts,yes,inspired word,yes,sort of scientific,don't know,don't know,sun around earth,false,false,don't know,true,true,true,500 get the drug; 500 don't,yes,no,4,9
2018,689,23,male,black,high school,12,south,never married,2,working full time,32,,lower class,"independent (neither, no response)","moderate, middle of the road",,oppose,oppose,should be legal,very happy,excellent,exciting,can't be too careful,no,not satisfied at all,0,,,none,never,no doubts,yes,inspired word,,,,,,,,,,,,,,,0,0
2018,690,82,male,black,high school,12,south,widowed,0,retired,,,middle class,strong democrat,extremely liberal,clinton,favor,favor,,very happy,fair,exciting,,yes,not satisfied at all,,6,never,protestant,never,no doubts,yes,word of god,no,not at all scientific,false,false,sun around earth,true,true,don't know,true,true,don't know,500 get the drug; 500 don't,no,no,1,9
2018,691,34,male,black,high school,12,south,married,3,working part time,30,31544.999999999996,lower class,not very strong democrat,"moderate, middle of the road",,favor,favor,should be legal,pretty happy,excellent,routine,can't be too careful,yes,not satisfied at all,0,,,protestant,about once or twice a year,higher power,no,ancient book,,,,,,,,,,,,,,,0,0
2018,692,32,female,black,high school,14,south,divorced,3,working full time,37,13143.75,working class,not very strong democrat,don't know,clinton,,favor,should be legal,not too happy,,,can't be too careful,,not satisfied at all,30,2,about once a month,protestant,less than once a year,higher power,no,ancient book,yes,very scientific,,,earth around sun,don't know,don't know,true,false,true,true,500 get the drug; 500 don't,no,yes,5,7
2018,693,43,female,black,graduate,15,south,divorced,0,working part time,30,31544.999999999996,working class,not very strong democrat,"moderate, middle of the road",,favor,favor,,pretty happy,good,exciting,,no,not satisfied at all,0,2,never,protestant,every week,no doubts,no,word of god,yes,not at all scientific,,,sun around earth,don't know,don't know,true,true,false,don't know,all 1000 get the drug,yes,yes,1,7
2018,694,75,female,black,high school,12,south,widowed,2,keeping house,,,middle class,strong democrat,"moderate, middle of the road",,favor,oppose,,pretty happy,fair,routine,,yes,more or less satisfied,,1,never,protestant,2-3 times a month,no doubts,no,word of god,no,not at all scientific,false,false,don't know,don't know,don't know,don't know,true,don't know,true,all 1000 get the drug,no,yes,1,9
2018,695,46,male,white,high school,12,south,married,1,working full time,50,22782.5,lower class,"independent, close to republican",slightly conservative,,,favor,should not be legal,very happy,,,can't be too careful,,more or less satisfied,0,2,several times a year,catholic,never,believe with doubts,no,inspired word,no,sort of scientific,true,,earth around sun,true,true,false,true,true,true,500 get the drug; 500 don't,no,yes,4,8
2018,696,33,male,other,high school,12,south,never married,0,working full time,60,19277.5,working class,"independent (neither, no response)",conservative,,favor,favor,,not too happy,good,routine,,no,not satisfied at all,20,1,about once a year,other,never,believe with doubts,don't know,ancient book,yes,very scientific,,,sun around earth,true,true,true,true,true,true,500 get the drug; 500 don't,no,yes,3,7
2018,697,79,female,other,less than high school,4,south,divorced,4,retired,,,lower class,"independent, close to republican",conservative,trump,,favor,should not be legal,not too happy,,,can't be too careful,,pretty well satisfied,,2,never,catholic,every week,no doubts,yes,word of god,,,,,,,,,,,,,,,0,0
2018,698,50,female,white,high school,12,south,divorced,2,"with a job, but not at work because of temporary illness, vacation, strike",,,working class,"independent (neither, no response)",extremely conservative,,favor,don't know,should not be legal,pretty happy,good,routine,can't be too careful,no,more or less satisfied,30,,,protestant,about once a month,no doubts,yes,word of god,,,,,,,,,,,,,,,0,0
2018,699,40,female,white,bachelor's,16,south,divorced,4,working part time,20,,working class,"independent (neither, no response)","moderate, middle of the road",,favor,oppose,should not be legal,very happy,good,exciting,can't be too careful,no,more or less satisfied,0,,,protestant,every week,no doubts,yes,word of god,,,,,,,,,,,,,,,0,0
2018,700,89,female,black,less than high school,4,south,widowed,6,retired,,,middle class,strong democrat,don't know,clinton,favor,favor,should not be legal,not too happy,poor,routine,can't be too careful,yes,not satisfied at all,,,,protestant,several times a year,no doubts,yes,inspired word,,,,,,,,,,,,,,,0,0
2018,701,65,male,other,high school,13,south,married,3,working full time,40,38555,working class,"independent (neither, no response)",conservative,,,oppose,should not be legal,very happy,,,can't be too careful,,pretty well satisfied,0,6,never,catholic,every week,believe with doubts,no,word of god,no,sort of scientific,true,,sun around earth,false,true,don't know,true,false,true,all 1000 get the drug,no,yes,3,8
2018,702,69,female,black,high school,13,south,divorced,2,retired,,,middle class,strong democrat,slightly conservative,clinton,favor,favor,should not be legal,pretty happy,good,exciting,can't be too careful,yes,pretty well satisfied,,,,catholic,nearly every week,no doubts,yes,inspired word,,,,,,,,,,,,,,,0,0
2018,703,73,male,black,high school,12,south,divorced,3,retired,,,lower class,strong democrat,slightly conservative,clinton,,favor,should not be legal,very happy,,,can't be too careful,,more or less satisfied,,4,never,protestant,every week,no doubts,don't know,word of god,,,,,,,,,,,,,,,0,0
2018,704,53,female,white,less than high school,9,south,never married,2,working part time,30,7886.249999999999,working class,not very strong democrat,liberal,,favor,favor,,pretty happy,good,exciting,,no,more or less satisfied,0,2,never,none,never,believe with doubts,no,inspired word,yes,not at all scientific,,,earth around sun,false,false,don't know,true,true,don't know,500 get the drug; 500 don't,no,yes,4,7
2018,705,46,female,white,associate/junior college,14,south,married,1,keeping house,,,middle class,not very strong republican,conservative,trump,favor,oppose,don't know,pretty happy,fair,routine,can't be too careful,yes,more or less satisfied,,,,protestant,several times a year,no doubts,yes,inspired word,,,,,,,,,,,,,,,0,0
2018,706,56,female,white,high school,12,south,divorced,1,working full time,50,57832.5,middle class,"independent, close to democrat","moderate, middle of the road",,favor,oppose,,not too happy,good,routine,,yes,more or less satisfied,3,2,several times a year,catholic,about once or twice a year,no doubts,yes,inspired word,yes,not at all scientific,,,earth around sun,false,don't know,don't know,false,don't know,true,500 get the drug; 500 don't,no,yes,4,7
2018,707,71,male,white,high school,12,south,married,5,working full time,40,112160,upper class,strong republican,conservative,trump,,favor,should not be legal,very happy,,,can't be too careful,,pretty well satisfied,0,4,never,jewish,several times a week,no doubts,yes,inspired word,,,,,,,,,,,,,,,0,0
2018,708,33,male,white,high school,12,south,never married,0,working full time,40,57832.5,working class,"independent (neither, no response)","moderate, middle of the road",,favor,favor,,very happy,excellent,exciting,,no,more or less satisfied,0,2,once or twice a week,protestant,several times a year,no doubts,yes,word of god,yes,sort of scientific,,,sun around earth,false,false,true,true,true,true,500 get the drug; 500 don't,no,no,5,7
2018,709,68,female,white,high school,15,south,divorced,1,retired,,,middle class,strong democrat,liberal,clinton,,oppose,don't know,not too happy,,,depends,,more or less satisfied,,3,about once a month,jewish,2-3 times a month,believe with doubts,don't know,inspired word,,,,,,,,,,,,,,,0,0
2018,710,89,female,white,high school,12,south,widowed,4,retired,,,middle class,other party,"moderate, middle of the road",clinton,oppose,favor,,pretty happy,good,routine,,no,more or less satisfied,,4,never,jewish,several times a year,no doubts,no,inspired word,yes,sort of scientific,false,true,earth around sun,false,don't know,don't know,true,true,true,500 get the drug; 500 don't,no,no,5,9
2018,711,19,male,white,less than high school,9,south,never married,0,working part time,22,,lower class,"independent (neither, no response)",don't know,,oppose,don't know,,not too happy,fair,exciting,,no,more or less satisfied,0,0,never,protestant,several times a year,no doubts,don't know,word of god,no,sort of scientific,true,don't know,sun around earth,true,true,don't know,true,true,true,500 get the drug; 500 don't,no,yes,3,9
2018,712,26,male,black,bachelor's,16,south,never married,0,keeping house,,3154.5,middle class,"independent, close to democrat",conservative,,favor,favor,should be legal,not too happy,excellent,routine,can't be too careful,no,not satisfied at all,,,,protestant,2-3 times a month,no doubts,yes,word of god,,,,,,,,,,,,,,,0,0
2018,713,28,female,white,graduate,18,south,divorced,0,working full time,44,26287.5,upper class,not very strong republican,"moderate, middle of the road",,favor,oppose,,very happy,excellent,exciting,,no,pretty well satisfied,0,1,never,protestant,less than once a year,no doubts,yes,word of god,no,very scientific,true,don't know,earth around sun,true,don't know,true,false,true,true,500 get the drug; 500 don't,no,yes,6,9
2018,714,70,male,white,high school,12,south,divorced,2,retired,,,middle class,strong democrat,"moderate, middle of the road",clinton,favor,favor,should be legal,not too happy,fair,routine,can't be too careful,yes,not satisfied at all,,,,none,never,believe with doubts,no,ancient book,,,,,,,,,,,,,,,0,0
2018,715,38,female,black,less than high school,11,south,married,1,working full time,35,14896.249999999998,middle class,strong democrat,extremely liberal,clinton,favor,oppose,should be legal,not too happy,good,don't know,can't be too careful,yes,not satisfied at all,0,,,protestant,every week,no doubts,yes,inspired word,,,,,,,,,,,,,,,0,0
2018,716,39,male,white,graduate,18,midwest,married,4,working full time,40,98140,middle class,not very strong republican,slightly conservative,trump,favor,don't know,don't know,very happy,excellent,exciting,most people can be trusted,no,more or less satisfied,3,,,catholic,several times a year,no doubts,yes,inspired word,,,,,,,,,,,,,,,0,0
2018,717,19,male,other,high school,13,midwest,never married,0,keeping house,,,middle class,not very strong democrat,slightly liberal,,favor,oppose,should be legal,pretty happy,good,exciting,can't be too careful,yes,pretty well satisfied,,,,protestant,every week,believe with doubts,yes,inspired word,,,,,,,,,,,,,,,0,0
2018,718,45,male,white,graduate,18,midwest,married,1,"with a job, but not at work because of temporary illness, vacation, strike",,84120,middle class,"independent (neither, no response)","moderate, middle of the road",other candidate,,oppose,should be legal,pretty happy,,,most people can be trusted,,pretty well satisfied,0,2,several times a year,catholic,about once or twice a year,no doubts,yes,inspired word,,,,,,,,,,,,,,,0,0
2018,719,47,female,white,graduate,18,midwest,married,1,working full time,50,98140,middle class,strong democrat,liberal,clinton,favor,oppose,,very happy,excellent,exciting,,no,more or less satisfied,0,1,about once a year,protestant,less than once a year,don't believe,no,ancient book,no,not at all scientific,true,true,earth around sun,false,false,true,false,true,true,500 get the drug; 500 don't,no,yes,9,9
2018,720,46,male,white,graduate,18,midwest,married,2,working full time,40,57832.5,middle class,not very strong democrat,"moderate, middle of the road",clinton,favor,favor,,very happy,excellent,routine,,no,more or less satisfied,0,1,several times a month,protestant,several times a year,believe with doubts,yes,inspired word,no,sort of scientific,,,earth around sun,false,false,false,false,true,true,500 get the drug; 500 don't,no,yes,6,7
2018,721,19,female,white,less than high school,11,midwest,never married,0,working part time,,1402,middle class,not very strong republican,"moderate, middle of the road",,favor,favor,should be legal,pretty happy,excellent,exciting,can't be too careful,no,pretty well satisfied,,,,none,less than once a year,higher power,yes,ancient book,,,,,,,,,,,,,,,0,0
2018,722,48,female,black,bachelor's,16,midwest,divorced,2,working full time,45,112160,middle class,not very strong democrat,"moderate, middle of the road",clinton,,oppose,should not be legal,pretty happy,,,can't be too careful,,pretty well satisfied,0,3,about once a year,protestant,about once a month,no doubts,yes,word of god,,,,,,,,,,,,,,,0,0
2018,723,38,female,white,high school,15,midwest,married,3,keeping house,,,middle class,"independent, close to democrat","moderate, middle of the road",clinton,favor,oppose,should be legal,very happy,good,routine,can't be too careful,no,pretty well satisfied,,,,catholic,2-3 times a month,no doubts,yes,inspired word,,,,,,,,,,,,,,,0,0
2018,724,24,male,black,bachelor's,16,midwest,never married,0,"unemployed, laid off, looking for work",,,working class,other party,extremely liberal,,oppose,oppose,should be legal,pretty happy,excellent,dull,can't be too careful,no,pretty well satisfied,,,,protestant,about once or twice a year,no doubts,yes,inspired word,,,,,,,,,,,,,,,0,0
2018,725,54,female,black,high school,12,midwest,never married,1,keeping house,,,lower class,strong democrat,extremely conservative,clinton,favor,oppose,,pretty happy,fair,routine,,no,more or less satisfied,,8,never,catholic,never,higher power,yes,ancient book,no,not at all scientific,don't know,don't know,earth around sun,don't know,don't know,false,true,false,true,500 get the drug; 500 don't,yes,yes,2,9
2018,726,50,male,black,associate/junior college,15,midwest,widowed,3,working full time,36,14896.249999999998,working class,strong democrat,"moderate, middle of the road",clinton,,favor,should be legal,very happy,,,most people can be trusted,,not satisfied at all,0,0,never,muslim/islam,every week,no doubts,yes,word of god,no,don't know,,,earth around sun,false,true,true,true,true,true,500 get the drug; 500 don't,no,yes,5,7
2018,727,48,male,black,high school,13,midwest,divorced,2,working full time,53,38555,working class,not very strong democrat,slightly liberal,,,oppose,don't know,pretty happy,,,can't be too careful,,more or less satisfied,0,1,once or twice a week,none,never,higher power,yes,inspired word,,,,,,,,,,,,,,,0,0
2018,728,25,male,black,high school,14,midwest,never married,0,working part time,20,3855.4999999999995,working class,not very strong democrat,extremely liberal,clinton,favor,oppose,,pretty happy,good,routine,,yes,not satisfied at all,0,4,several times a year,protestant,never,believe with doubts,no,word of god,yes,not at all scientific,true,true,earth around sun,false,true,false,false,true,true,500 get the drug; 500 don't,no,yes,7,9
2018,729,59,male,black,high school,12,midwest,divorced,3,working full time,40,38555,working class,"independent, close to democrat",extremely conservative,clinton,oppose,favor,should be legal,very happy,fair,routine,can't be too careful,no,not satisfied at all,0,,,none,never,"don't know, no way to find out",yes,inspired word,,,,,,,,,,,,,,,0,0
2018,730,25,male,black,high school,12,midwest,never married,0,working full time,40,,working class,"independent (neither, no response)","moderate, middle of the road",,,favor,should be legal,pretty happy,,,can't be too careful,,more or less satisfied,5,2,several times a month,none,never,don't believe,no,ancient book,,,,,,,,,,,,,,,0,0
2018,731,28,female,black,associate/junior college,14,midwest,married,1,working full time,47,22782.5,middle class,not very strong democrat,don't know,,favor,favor,,very happy,excellent,exciting,,no,more or less satisfied,0,1,about once a month,protestant,several times a week,no doubts,yes,word of god,yes,don't know,false,false,earth around sun,true,don't know,false,true,true,don't know,500 get the drug; 500 don't,no,no,2,9
2018,732,40,female,black,high school,13,midwest,never married,2,working full time,40,7886.249999999999,working class,strong democrat,conservative,,favor,favor,should be legal,not too happy,good,routine,can't be too careful,no,not satisfied at all,0,,,protestant,2-3 times a month,no doubts,yes,inspired word,,,,,,,,,,,,,,,0,0
2018,733,73,female,white,graduate,18,midwest,married,3,retired,,,middle class,strong democrat,liberal,clinton,,favor,should be legal,very happy,,,depends,,pretty well satisfied,,3,never,none,about once or twice a year,"don't know, no way to find out",don't know,ancient book,no,not at all scientific,,,earth around sun,false,false,true,false,true,true,500 get the drug; 500 don't,no,yes,7,7
2018,734,50,male,white,less than high school,10,midwest,married,2,working full time,57,57832.5,middle class,"independent, close to republican","moderate, middle of the road",,favor,favor,,pretty happy,good,routine,,no,more or less satisfied,8,4,several times a year,protestant,about once or twice a year,believe with doubts,yes,inspired word,yes,sort of scientific,,,earth around sun,true,don't know,don't know,true,don't know,true,500 get the drug; 500 don't,no,yes,2,7
2018,735,20,female,white,high school,16,midwest,never married,0,working full time,42,5257.5,middle class,not very strong democrat,slightly liberal,clinton,favor,oppose,,very happy,good,exciting,,no,more or less satisfied,1,2,several times a month,catholic,never,believe sometimes,yes,ancient book,yes,not at all scientific,true,true,earth around sun,false,true,false,false,true,true,500 get the drug; 500 don't,no,yes,7,9
2018,736,43,male,white,high school,14,midwest,married,2,working full time,60,47317.5,working class,"independent, close to democrat","moderate, middle of the road",clinton,favor,favor,should be legal,very happy,good,routine,most people can be trusted,no,pretty well satisfied,1,,,catholic,about once a month,no doubts,yes,word of god,,,,,,,,,,,,,,,0,0
2018,737,68,female,white,bachelor's,16,midwest,married,0,retired,,,middle class,strong republican,conservative,trump,oppose,don't know,should not be legal,pretty happy,good,exciting,don't know,no,pretty well satisfied,,,,protestant,2-3 times a month,believe with doubts,yes,inspired word,,,,,,,,,,,,,,,0,0
2018,738,18,male,white,high school,12,midwest,never married,0,working part time,35,1402,middle class,not very strong republican,"moderate, middle of the road",,favor,favor,should not be legal,very happy,excellent,exciting,most people can be trusted,no,pretty well satisfied,0,,,catholic,nearly every week,believe with doubts,yes,inspired word,,,,,,,,,,,,,,,0,0
2018,739,54,female,black,high school,14,midwest,married,4,working full time,40,,middle class,strong democrat,liberal,clinton,favor,oppose,should be legal,very happy,excellent,routine,most people can be trusted,no,more or less satisfied,0,,,protestant,about once or twice a year,no doubts,yes,inspired word,,,,,,,,,,,,,,,0,0
2018,740,71,female,white,graduate,17,midwest,divorced,1,working part time,20,16648.75,working class,"independent (neither, no response)","moderate, middle of the road",,,oppose,should not be legal,pretty happy,,,most people can be trusted,,more or less satisfied,0,1,about once a year,none,never,don't believe,no,don't know,yes,sort of scientific,true,,earth around sun,false,true,true,false,true,don't know,500 get the drug; 500 don't,yes,no,6,8
2018,741,28,female,white,high school,12,midwest,married,0,working full time,40,19277.5,working class,"independent, close to democrat","moderate, middle of the road",other candidate,favor,oppose,should be legal,very happy,good,exciting,can't be too careful,yes,more or less satisfied,10,,,none,never,higher power,yes,inspired word,,,,,,,,,,,,,,,0,0
2018,742,46,male,black,bachelor's,16,midwest,never married,0,working full time,40,38555,working class,strong democrat,"moderate, middle of the road",clinton,favor,favor,should be legal,not too happy,fair,routine,can't be too careful,yes,pretty well satisfied,1,,,protestant,never,no doubts,no,word of god,,,,,,,,,,,,,,,0,0
2018,743,47,male,white,less than high school,10,midwest,married,4,working full time,42,14896.249999999998,middle class,"independent (neither, no response)","moderate, middle of the road",clinton,,favor,should be legal,pretty happy,,,can't be too careful,,more or less satisfied,0,4,about once a year,protestant,less than once a year,believe sometimes,yes,inspired word,no,not at all scientific,,,sun around earth,true,don't know,true,true,true,true,all 1000 get the drug,no,yes,3,7
2018,744,65,female,white,high school,12,midwest,widowed,0,working full time,37,31544.999999999996,working class,"independent, close to republican","moderate, middle of the road",trump,favor,don't know,,not too happy,poor,dull,,yes,more or less satisfied,10,3,several times a year,catholic,several times a year,no doubts,yes,inspired word,yes,not at all scientific,don't know,true,earth around sun,false,false,false,false,true,don't know,all 1000 get the drug,no,don't know,6,9
2018,745,18,male,white,high school,12,midwest,never married,0,working full time,33,,middle class,not very strong republican,"moderate, middle of the road",,favor,favor,should not be legal,pretty happy,good,dull,can't be too careful,no,more or less satisfied,0,,,catholic,less than once a year,believe sometimes,yes,ancient book,,,,,,,,,,,,,,,0,0
2018,746,57,female,black,high school,14,midwest,married,3,working full time,50,31544.999999999996,middle class,strong democrat,liberal,clinton,favor,oppose,,pretty happy,good,routine,,no,more or less satisfied,0,4,never,protestant,2-3 times a month,no doubts,no,word of god,no,sort of scientific,,,sun around earth,true,true,don't know,true,true,true,all 1000 get the drug,no,yes,2,7
2018,747,65,female,white,bachelor's,16,midwest,widowed,1,working part time,14,3855.4999999999995,working class,strong democrat,liberal,clinton,,favor,should be legal,pretty happy,,,can't be too careful,,not satisfied at all,30,8,once or twice a week,protestant,several times a year,no doubts,yes,inspired word,,,,,,,,,,,,,,,0,0
2018,748,25,female,black,high school,12,midwest,never married,1,working part time,20,11391.25,lower class,not very strong democrat,"moderate, middle of the road",clinton,favor,oppose,should not be legal,pretty happy,excellent,routine,can't be too careful,no,more or less satisfied,0,,,protestant,about once or twice a year,believe with doubts,yes,inspired word,,,,,,,,,,,,,,,0,0
2018,749,30,male,black,high school,12,midwest,never married,0,working full time,60,38555,working class,strong democrat,slightly conservative,,oppose,oppose,should not be legal,pretty happy,good,routine,can't be too careful,no,pretty well satisfied,0,,,none,less than once a year,"don't know, no way to find out",no,inspired word,,,,,,,,,,,,,,,0,0
2018,750,37,female,black,high school,13,midwest,never married,2,"with a job, but not at work because of temporary illness, vacation, strike",,,working class,strong democrat,"moderate, middle of the road",clinton,favor,oppose,,very happy,poor,exciting,,no,more or less satisfied,14,4,about once a month,none,about once or twice a year,no doubts,yes,word of god,yes,sort of scientific,true,true,sun around earth,don't know,true,false,true,true,false,500 get the drug; 500 don't,yes,no,3,9
2018,751,68,female,white,high school,12,midwest,married,2,retired,,,middle class,"independent, close to democrat","moderate, middle of the road",clinton,favor,oppose,should be legal,pretty happy,good,routine,most people can be trusted,yes,pretty well satisfied,,,,protestant,every week,no doubts,yes,word of god,,,,,,,,,,,,,,,0,0
2018,752,47,male,white,high school,15,midwest,divorced,3,working full time,48,84120,middle class,strong democrat,extremely liberal,clinton,,oppose,should be legal,pretty happy,,,most people can be trusted,,pretty well satisfied,1,0,several times a month,none,never,don't believe,no,ancient book,,,,,,,,,,,,,,,0,0
2018,753,61,male,white,less than high school,10,midwest,never married,0,keeping house,,,middle class,"independent, close to democrat",conservative,clinton,,favor,should be legal,pretty happy,,,can't be too careful,,more or less satisfied,,10,never,protestant,never,believe with doubts,yes,inspired word,no,not at all scientific,don't know,,don't know,false,true,don't know,don't know,true,false,don't know,yes,yes,2,8
2018,754,23,male,other,high school,12,west,never married,0,working full time,40,16648.75,middle class,not very strong democrat,"moderate, middle of the road",,oppose,favor,should be legal,not too happy,fair,routine,can't be too careful,no,not satisfied at all,16,,,protestant,2-3 times a month,no doubts,yes,word of god,,,,,,,,,,,,,,,0,0
2018,755,27,male,white,high school,18,west,never married,0,working full time,40,22782.5,working class,other party,"moderate, middle of the road",other candidate,favor,favor,,very happy,excellent,exciting,,no,more or less satisfied,0,2,several times a year,none,never,don't believe,no,ancient book,yes,not at all scientific,don't know,don't know,earth around sun,false,false,true,false,don't know,true,500 get the drug; 500 don't,no,yes,6,9
2018,756,19,male,white,high school,11,west,never married,0,working full time,54,,working class,"independent (neither, no response)",slightly conservative,,oppose,favor,should be legal,not too happy,good,routine,can't be too careful,no,not satisfied at all,1,,,other,never,higher power,yes,ancient book,,,,,,,,,,,,,,,0,0
2018,757,54,male,white,bachelor's,20,west,married,0,working full time,45,57832.5,working class,strong democrat,extremely liberal,clinton,favor,oppose,,very happy,good,exciting,,no,more or less satisfied,0,0,never,protestant,every week,believe with doubts,yes,ancient book,no,not at all scientific,,,earth around sun,false,false,true,false,true,true,500 get the drug; 500 don't,no,yes,7,7
2018,758,34,female,white,associate/junior college,16,west,married,0,in school,,3855.4999999999995,working class,strong democrat,liberal,clinton,favor,oppose,should be legal,very happy,excellent,exciting,can't be too careful,no,pretty well satisfied,,,,none,never,higher power,yes,ancient book,,,,,,,,,,,,,,,0,0
2018,759,89,female,white,graduate,18,west,widowed,3,retired,,,middle class,strong democrat,slightly liberal,clinton,favor,favor,,very happy,fair,exciting,,no,pretty well satisfied,,4,never,protestant,every week,no doubts,no,inspired word,no,not at all scientific,false,true,sun around earth,false,don't know,false,false,true,true,all 1000 get the drug,no,yes,5,9
2018,760,34,male,other,high school,14,west,married,1,"unemployed, laid off, looking for work",,31544.999999999996,working class,not very strong democrat,"moderate, middle of the road",,favor,oppose,,very happy,excellent,exciting,,no,more or less satisfied,,4,about once a month,catholic,2-3 times a month,no doubts,yes,inspired word,yes,sort of scientific,true,true,earth around sun,don't know,don't know,don't know,true,true,true,500 get the drug; 500 don't,no,yes,5,9
2018,761,64,male,white,bachelor's,16,west,married,6,retired,,,upper class,strong republican,conservative,trump,,favor,should not be legal,very happy,,,most people can be trusted,,pretty well satisfied,,1,several times a year,catholic,every week,no doubts,yes,word of god,,,,,,,,,,,,,,,0,0
2018,762,36,female,white,bachelor's,16,west,married,2,working full time,40,70100,middle class,"independent, close to democrat","moderate, middle of the road",clinton,favor,don't know,,very happy,excellent,exciting,,no,pretty well satisfied,7,1,several times a year,none,never,don't believe,no,ancient book,yes,not at all scientific,true,true,earth around sun,false,don't know,don't know,don't know,true,true,500 get the drug; 500 don't,no,yes,6,9
2018,763,42,female,white,bachelor's,16,west,divorced,3,keeping house,,38555,middle class,"independent (neither, no response)","moderate, middle of the road",clinton,,favor,should be legal,very happy,,,most people can be trusted,,pretty well satisfied,,2,once or twice a week,none,never,"don't know, no way to find out",no,ancient book,no,not at all scientific,,,sun around earth,don't know,don't know,don't know,true,true,true,don't know,no,yes,2,7
2018,764,44,female,other,associate/junior college,16,west,married,0,working part time,40,2453.5,middle class,"independent (neither, no response)","moderate, middle of the road",,favor,favor,don't know,pretty happy,good,exciting,can't be too careful,yes,more or less satisfied,3,,,none,less than once a year,no doubts,don't know,ancient book,,,,,,,,,,,,,,,0,0
2018,765,44,male,white,high school,15,west,widowed,2,working full time,40,176200.14942,middle class,strong republican,conservative,,favor,oppose,,very happy,excellent,exciting,,no,pretty well satisfied,0,4,almost daily,catholic,about once or twice a year,"don't know, no way to find out",don't know,inspired word,yes,not at all scientific,false,true,earth around sun,false,false,don't know,false,true,true,500 get the drug; 500 don't,no,yes,7,9
2018,766,43,male,white,bachelor's,18,west,never married,0,working full time,45,98140,middle class,"independent, close to democrat",slightly liberal,clinton,oppose,oppose,should be legal,pretty happy,fair,exciting,most people can be trusted,no,more or less satisfied,2,,,none,never,don't believe,no,ancient book,,,,,,,,,,,,,,,0,0
2018,767,77,female,white,bachelor's,17,west,widowed,3,retired,,,middle class,"independent, close to democrat","moderate, middle of the road",other candidate,favor,oppose,,pretty happy,good,exciting,,no,pretty well satisfied,,1,never,catholic,every week,no doubts,yes,inspired word,yes,not at all scientific,false,false,earth around sun,false,true,don't know,true,true,true,all 1000 get the drug,no,no,4,9
2018,768,43,male,white,high school,9,west,divorced,2,working full time,40,,working class,,,clinton,favor,favor,,pretty happy,fair,routine,,no,more or less satisfied,0,2,several times a month,none,about once or twice a year,higher power,yes,ancient book,yes,not at all scientific,,,earth around sun,false,false,true,false,true,true,500 get the drug; 500 don't,no,yes,7,7
2018,769,36,male,white,high school,12,west,divorced,2,working part time,16,19277.5,working class,"independent, close to republican","moderate, middle of the road",other candidate,favor,favor,should be legal,pretty happy,fair,routine,can't be too careful,yes,more or less satisfied,2,,,protestant,several times a year,no doubts,yes,inspired word,,,,,,,,,,,,,,,0,0
2018,770,30,male,white,bachelor's,16,west,never married,0,working part time,24,7886.249999999999,upper class,strong democrat,liberal,,favor,oppose,should be legal,pretty happy,good,exciting,most people can be trusted,yes,pretty well satisfied,5,,,none,never,"don't know, no way to find out",no,ancient book,,,,,,,,,,,,,,,0,0
2018,771,58,male,white,bachelor's,19,west,divorced,3,"with a job, but not at work because of temporary illness, vacation, strike",,38555,middle class,"independent, close to democrat","moderate, middle of the road",,,favor,should not be legal,very happy,,,most people can be trusted,,pretty well satisfied,0,0,once or twice a week,other,never,believe sometimes,yes,ancient book,no,not at all scientific,true,,earth around sun,false,false,true,false,true,true,500 get the drug; 500 don't,no,yes,8,8
2018,772,89,female,white,bachelor's,16,west,divorced,2,retired,,,middle class,not very strong republican,slightly conservative,,favor,oppose,,pretty happy,good,routine,,yes,pretty well satisfied,,6,about once a month,protestant,about once or twice a year,no doubts,yes,inspired word,yes,not at all scientific,,,sun around earth,false,don't know,don't know,false,true,true,500 get the drug; 500 don't,no,yes,4,7
2018,773,62,male,white,high school,12,west,never married,0,other,,,working class,"independent (neither, no response)",conservative,,oppose,favor,,not too happy,poor,routine,,no,not satisfied at all,,8,never,none,never,"don't know, no way to find out",no,inspired word,yes,don't know,don't know,don't know,sun around earth,don't know,don't know,true,true,true,don't know,don't know,no,don't know,2,9
2018,774,76,female,white,high school,14,west,widowed,1,working part time,27,,working class,"independent (neither, no response)",conservative,don't know,favor,favor,,very happy,good,exciting,,yes,not satisfied at all,0,6,never,catholic,never,no doubts,yes,inspired word,no,not at all scientific,,,don't know,false,true,false,true,true,true,500 get the drug; 500 don't,no,yes,3,7
2018,775,51,female,white,associate/junior college,14,west,married,3,"with a job, but not at work because of temporary illness, vacation, strike",,31544.999999999996,working class,strong democrat,extremely liberal,clinton,favor,don't know,should be legal,pretty happy,good,routine,most people can be trusted,no,more or less satisfied,5,,,none,less than once a year,higher power,yes,ancient book,,,,,,,,,,,,,,,0,0
2018,776,27,female,white,associate/junior college,14,west,never married,0,working full time,68,11391.25,working class,not very strong democrat,slightly liberal,,favor,oppose,should be legal,pretty happy,good,exciting,most people can be trusted,no,more or less satisfied,5,,,none,about once or twice a year,believe with doubts,yes,inspired word,,,,,,,,,,,,,,,0,0
2018,777,73,male,white,high school,14,west,married,0,retired,,,middle class,"independent (neither, no response)",liberal,clinton,favor,favor,,very happy,excellent,exciting,,no,more or less satisfied,,3,never,none,never,higher power,no,ancient book,yes,not at all scientific,,,earth around sun,false,false,false,false,true,true,500 get the drug; 500 don't,no,yes,6,7
2018,778,28,male,white,less than high school,8,west,never married,0,working full time,50,57832.5,working class,"independent, close to republican","moderate, middle of the road",trump,favor,favor,should not be legal,pretty happy,excellent,exciting,can't be too careful,no,pretty well satisfied,0,,,none,never,don't believe,no,ancient book,,,,,,,,,,,,,,,0,0
2018,779,34,male,white,bachelor's,16,west,married,0,working full time,40,31544.999999999996,middle class,not very strong democrat,liberal,clinton,favor,favor,should be legal,pretty happy,good,exciting,most people can be trusted,no,more or less satisfied,3,,,none,never,"don't know, no way to find out",no,ancient book,,,,,,,,,,,,,,,0,0
2018,780,40,female,white,high school,12,west,never married,6,keeping house,,,working class,not very strong republican,"moderate, middle of the road",,,favor,should not be legal,pretty happy,,,can't be too careful,,more or less satisfied,,4,never,protestant,2-3 times a month,no doubts,yes,word of god,no,not at all scientific,true,,earth around sun,true,true,don't know,true,don't know,don't know,all 1000 get the drug,no,yes,2,8
2018,781,35,female,white,bachelor's,16,west,married,1,working full time,40,31544.999999999996,working class,not very strong democrat,"moderate, middle of the road",,favor,favor,should not be legal,very happy,good,exciting,depends,yes,more or less satisfied,0,,,catholic,several times a year,no doubts,yes,inspired word,,,,,,,,,,,,,,,0,0
2018,782,70,male,white,high school,14,west,widowed,0,working full time,50,,middle class,not very strong republican,"moderate, middle of the road",,,oppose,should not be legal,very happy,,,most people can be trusted,,pretty well satisfied,0,2,never,protestant,every week,no doubts,yes,word of god,,,,,,,,,,,,,,,0,0
2018,783,82,female,white,high school,13,west,widowed,3,retired,,,working class,not very strong republican,slightly liberal,trump,favor,favor,don't know,very happy,excellent,routine,most people can be trusted,no,pretty well satisfied,,,,protestant,never,"don't know, no way to find out",yes,inspired word,,,,,,,,,,,,,,,0,0
2018,784,52,female,white,associate/junior college,17,west,divorced,4,working part time,32,11391.25,working class,strong democrat,liberal,clinton,favor,favor,,pretty happy,good,exciting,,no,more or less satisfied,0,3,about once a month,catholic,about once a month,no doubts,yes,inspired word,yes,not at all scientific,,,earth around sun,true,don't know,true,false,true,true,500 get the drug; 500 don't,no,yes,5,7
2018,785,56,male,white,high school,12,west,divorced,1,working full time,48,47317.5,working class,"independent, close to democrat","moderate, middle of the road",,,favor,should be legal,pretty happy,,,most people can be trusted,,more or less satisfied,1,4,about once a month,protestant,about once a month,believe with doubts,yes,inspired word,,,,,,,,,,,,,,,0,0
2018,786,46,female,white,high school,15,west,married,0,"with a job, but not at work because of temporary illness, vacation, strike",,26287.5,working class,strong republican,conservative,trump,favor,favor,,very happy,excellent,routine,,yes,not satisfied at all,0,1,never,christian,every week,no doubts,yes,inspired word,no,not at all scientific,false,false,sun around earth,false,false,true,don't know,true,true,500 get the drug; 500 don't,no,yes,5,9
2018,787,33,female,white,high school,12,west,married,3,working part time,11,7886.249999999999,working class,strong republican,conservative,trump,favor,oppose,should be legal,very happy,excellent,exciting,most people can be trusted,no,not satisfied at all,0,,,protestant,every week,no doubts,yes,word of god,,,,,,,,,,,,,,,0,0
2018,788,23,female,other,less than high school,8,west,never married,0,working part time,24,9638.75,middle class,not very strong republican,"moderate, middle of the road",,oppose,favor,,pretty happy,excellent,routine,,no,more or less satisfied,0,5,several times a month,catholic,about once or twice a year,believe with doubts,yes,inspired word,yes,sort of scientific,don't know,don't know,earth around sun,don't know,don't know,false,true,true,true,500 get the drug; 500 don't,no,no,3,9
2018,789,48,male,white,high school,12,west,married,2,working full time,42,57832.5,middle class,"independent (neither, no response)","moderate, middle of the road",,favor,favor,,pretty happy,good,exciting,,no,more or less satisfied,22,4,about once a month,none,never,higher power,no,inspired word,yes,not at all scientific,,,earth around sun,false,false,false,false,true,true,500 get the drug; 500 don't,no,yes,6,7
2018,790,55,male,white,associate/junior college,14,west,divorced,2,working full time,42,47317.5,middle class,"independent, close to democrat",slightly liberal,clinton,oppose,oppose,should be legal,pretty happy,good,routine,can't be too careful,no,more or less satisfied,12,,,none,never,higher power,no,ancient book,,,,,,,,,,,,,,,0,0
2018,791,56,female,white,high school,12,west,divorced,0,keeping house,,,middle class,not very strong democrat,"moderate, middle of the road",clinton,favor,don't know,,pretty happy,good,routine,,don't know,more or less satisfied,,3,never,protestant,never,no doubts,don't know,ancient book,yes,sort of scientific,true,true,earth around sun,don't know,false,false,true,true,false,all 1000 get the drug,don't know,no,5,9
2018,792,74,female,white,bachelor's,16,west,married,2,retired,,,middle class,not very strong republican,extremely liberal,clinton,favor,oppose,should be legal,very happy,good,routine,can't be too careful,yes,pretty well satisfied,,,,protestant,never,no doubts,yes,inspired word,,,,,,,,,,,,,,,0,0
2018,793,28,female,white,high school,12,west,never married,3,working full time,38,26287.5,working class,not very strong republican,slightly conservative,,favor,favor,,pretty happy,fair,routine,,yes,more or less satisfied,5,1,about once a month,none,never,don't believe,yes,ancient book,yes,sort of scientific,,,sun around earth,true,don't know,don't know,true,true,true,500 get the drug; 500 don't,no,yes,2,7
2018,794,24,female,black,high school,,west,married,2,working full time,32,14896.249999999998,working class,"independent (neither, no response)",conservative,,favor,oppose,should not be legal,pretty happy,good,exciting,most people can be trusted,no,more or less satisfied,0,,,catholic,nearly every week,no doubts,no,word of god,,,,,,,,,,,,,,,0,0
2018,795,62,male,black,bachelor's,20,west,married,2,retired,,,working class,"independent, close to democrat",slightly conservative,clinton,,oppose,should be legal,not too happy,,,can't be too careful,,more or less satisfied,,1,never,none,never,higher power,yes,inspired word,,,,,,,,,,,,,,,0,0
2018,796,74,female,black,associate/junior college,15,west,widowed,2,working part time,15,,working class,strong democrat,liberal,clinton,favor,favor,should be legal,not too happy,good,exciting,can't be too careful,no,not satisfied at all,5,,,protestant,about once or twice a year,no doubts,yes,word of god,,,,,,,,,,,,,,,0,0
2018,797,24,female,other,high school,12,west,never married,1,working full time,37,14896.249999999998,working class,not very strong republican,slightly liberal,,,oppose,should be legal,pretty happy,,,can't be too careful,,not satisfied at all,0,1,never,catholic,about once or twice a year,believe with doubts,yes,inspired word,yes,not at all scientific,,,sun around earth,true,true,true,true,true,true,500 get the drug; 500 don't,no,yes,3,7
2018,798,29,female,black,high school,15,west,married,0,working full time,89,7886.249999999999,working class,strong democrat,extremely liberal,,favor,favor,,pretty happy,fair,routine,,no,more or less satisfied,25,1,about once a year,none,never,don't believe,no,ancient book,yes,not at all scientific,,,earth around sun,false,false,false,false,true,true,500 get the drug; 500 don't,no,yes,6,7
2018,799,59,female,white,high school,14,west,widowed,3,working full time,70,26287.5,working class,not very strong democrat,slightly liberal,,,favor,should not be legal,very happy,,,can't be too careful,,pretty well satisfied,3,3,about once a year,catholic,never,believe with doubts,don't know,inspired word,,,,,,,,,,,,,,,0,0
2018,800,73,male,white,associate/junior college,15,west,never married,0,retired,,,lower class,strong democrat,slightly liberal,clinton,favor,favor,,pretty happy,good,exciting,,yes,not satisfied at all,,4,never,catholic,every week,no doubts,yes,word of god,yes,sort of scientific,false,true,earth around sun,true,true,false,false,true,true,all 1000 get the drug,no,no,5,9
2018,801,65,male,other,less than high school,3,west,married,6,"with a job, but not at work because of temporary illness, vacation, strike",,16648.75,lower class,not very strong democrat,slightly conservative,,oppose,oppose,should not be legal,very happy,excellent,routine,can't be too careful,yes,more or less satisfied,0,,,none,never,no doubts,don't know,inspired word,,,,,,,,,,,,,,,0,0
2018,802,19,female,white,high school,12,west,married,0,working full time,38,16648.75,middle class,"independent, close to republican","moderate, middle of the road",,,favor,should not be legal,very happy,,,can't be too careful,,more or less satisfied,7,1,never,protestant,several times a week,no doubts,yes,inspired word,no,not at all scientific,false,,earth around sun,false,false,true,true,true,true,all 1000 get the drug,no,no,6,8
2018,803,22,female,other,high school,12,west,never married,0,working part time,20,3855.4999999999995,working class,"independent (neither, no response)",don't know,,favor,don't know,,very happy,good,exciting,,no,more or less satisfied,,3,never,none,several times a year,no doubts,yes,inspired word,yes,sort of scientific,,,sun around earth,don't know,don't know,don't know,true,don't know,don't know,500 get the drug; 500 don't,no,yes,0,7
2018,804,40,male,white,bachelor's,16,west,married,3,working part time,15,7886.249999999999,middle class,"independent, close to republican",slightly conservative,other candidate,,favor,should be legal,pretty happy,,,most people can be trusted,,not satisfied at all,4,1,several times a year,none,less than once a year,no doubts,yes,inspired word,,,,,,,,,,,,,,,0,0
2018,805,48,male,other,less than high school,7,west,married,0,working full time,70,14896.249999999998,working class,not very strong democrat,liberal,,oppose,favor,,pretty happy,poor,exciting,,no,not satisfied at all,5,2,about once a year,none,never,believe with doubts,yes,word of god,no,not at all scientific,,,earth around sun,false,false,false,true,true,true,500 get the drug; 500 don't,no,no,5,7
2018,806,61,male,black,high school,12,west,married,6,retired,,,lower class,not very strong democrat,slightly liberal,clinton,,oppose,should be legal,not too happy,,,can't be too careful,,not satisfied at all,,12,never,protestant,never,believe sometimes,yes,inspired word,,,,,,,,,,,,,,,0,0
2018,807,49,female,white,graduate,16,west,married,3,working full time,52,98140,middle class,"independent, close to democrat",slightly liberal,clinton,oppose,favor,,very happy,excellent,routine,,no,more or less satisfied,0,2,several times a year,none,never,higher power,don't know,ancient book,no,not at all scientific,true,true,earth around sun,don't know,false,true,false,true,true,500 get the drug; 500 don't,no,yes,8,9
2018,808,39,male,other,high school,12,west,married,3,working full time,40,38555,working class,"independent, close to democrat",slightly liberal,clinton,oppose,favor,should be legal,pretty happy,good,exciting,most people can be trusted,no,more or less satisfied,1,,,catholic,every week,no doubts,yes,inspired word,,,,,,,,,,,,,,,0,0
2018,809,45,female,other,associate/junior college,16,west,separated,6,working full time,40,19277.5,working class,"independent, close to democrat","moderate, middle of the road",other candidate,oppose,oppose,should be legal,not too happy,fair,exciting,most people can be trusted,no,more or less satisfied,4,,,none,never,higher power,yes,ancient book,,,,,,,,,,,,,,,0,0
2018,810,60,male,white,high school,13,west,never married,0,retired,,,lower class,other party,liberal,clinton,,favor,should be legal,pretty happy,,,can't be too careful,,more or less satisfied,,10,never,none,never,don't believe,no,ancient book,,,,,,,,,,,,,,,0,0
2018,811,32,male,white,bachelor's,16,west,never married,0,working full time,40,31544.999999999996,working class,"independent, close to democrat",slightly liberal,clinton,favor,oppose,should be legal,very happy,good,routine,most people can be trusted,no,more or less satisfied,0,,,none,never,don't believe,no,ancient book,,,,,,,,,,,,,,,0,0
2018,812,39,male,white,bachelor's,18,west,never married,0,working part time,32,26287.5,working class,"independent, close to democrat","moderate, middle of the road",other candidate,favor,oppose,should be legal,not too happy,good,don't know,can't be too careful,no,more or less satisfied,30,,,none,never,"don't know, no way to find out",no,ancient book,,,,,,,,,,,,,,,0,0
2018,813,52,female,black,bachelor's,16,west,married,3,working full time,40,,lower class,"independent, close to democrat","moderate, middle of the road",clinton,,oppose,should be legal,pretty happy,,,can't be too careful,,not satisfied at all,7,1,never,protestant,every week,no doubts,yes,word of god,no,not at all scientific,false,,earth around sun,false,don't know,don't know,true,don't know,true,500 get the drug; 500 don't,yes,yes,3,8
2018,814,44,female,other,high school,15,west,married,2,working part time,32,13143.75,working class,"independent, close to democrat","moderate, middle of the road",other candidate,,favor,should be legal,very happy,,,can't be too careful,,not satisfied at all,0,9,never,protestant,don't know,higher power,yes,ancient book,no,not at all scientific,,,sun around earth,false,false,false,false,true,true,all 1000 get the drug,no,yes,5,7
2018,815,59,female,black,high school,12,midwest,divorced,2,working part time,20,5257.5,working class,strong democrat,conservative,clinton,,oppose,should be legal,very happy,,,can't be too careful,,not satisfied at all,1,2,about once a year,protestant,every week,no doubts,yes,word of god,no,not at all scientific,,,sun around earth,false,don't know,don't know,true,false,true,500 get the drug; 500 don't,no,yes,2,7
2018,816,46,female,white,high school,12,midwest,divorced,6,working part time,28,14896.249999999998,working class,strong democrat,liberal,other candidate,oppose,oppose,don't know,not too happy,poor,exciting,can't be too careful,no,more or less satisfied,0,,,protestant,every week,no doubts,yes,inspired word,,,,,,,,,,,,,,,0,0
2018,817,63,male,white,high school,12,midwest,never married,0,"unemployed, laid off, looking for work",,,lower class,strong republican,conservative,trump,favor,oppose,,pretty happy,good,routine,,yes,more or less satisfied,,2,never,protestant,about once or twice a year,no doubts,yes,inspired word,yes,not at all scientific,true,false,earth around sun,false,false,false,false,true,true,500 get the drug; 500 don't,no,no,7,9
2018,818,26,male,black,high school,12,midwest,never married,0,"unemployed, laid off, looking for work",,,middle class,"independent (neither, no response)",don't know,clinton,favor,favor,don't know,pretty happy,good,exciting,can't be too careful,no,more or less satisfied,,,,none,never,no doubts,no,word of god,,,,,,,,,,,,,,,0,0
2018,819,31,male,other,high school,12,midwest,never married,0,"unemployed, laid off, looking for work",,,lower class,"independent (neither, no response)",slightly liberal,,,favor,should be legal,not too happy,,,can't be too careful,,more or less satisfied,,0,about once a year,other,less than once a year,higher power,yes,ancient book,yes,sort of scientific,true,,earth around sun,true,true,don't know,true,true,true,500 get the drug; 500 don't,no,yes,4,8
2018,820,19,male,black,high school,12,midwest,never married,0,"unemployed, laid off, looking for work",,4556.5,middle class,"independent, close to democrat","moderate, middle of the road",,oppose,favor,should be legal,pretty happy,excellent,routine,can't be too careful,no,more or less satisfied,,,,protestant,about once or twice a year,believe with doubts,yes,inspired word,,,,,,,,,,,,,,,0,0
2018,821,40,female,white,graduate,18,midwest,never married,0,working part time,45,7886.249999999999,middle class,"independent (neither, no response)","moderate, middle of the road",other candidate,,oppose,should be legal,very happy,,,most people can be trusted,,pretty well satisfied,0,2,once or twice a week,catholic,every week,believe with doubts,don't know,ancient book,,,,,,,,,,,,,,,0,0
2018,822,64,male,black,high school,16,midwest,married,3,retired,,,middle class,strong democrat,"moderate, middle of the road",clinton,oppose,favor,don't know,very happy,fair,exciting,can't be too careful,no,more or less satisfied,,,,protestant,about once a month,higher power,no,inspired word,,,,,,,,,,,,,,,0,0
2018,823,25,male,white,high school,15,midwest,never married,0,in school,,5257.5,middle class,"independent, close to republican","moderate, middle of the road",didn't vote for president,favor,favor,should be legal,pretty happy,fair,exciting,most people can be trusted,no,more or less satisfied,,,,none,never,higher power,don't know,ancient book,,,,,,,,,,,,,,,0,0
2018,824,56,male,white,high school,12,midwest,married,4,retired,,,lower class,"independent (neither, no response)",slightly conservative,,,favor,should be legal,pretty happy,,,can't be too careful,,more or less satisfied,,10,about once a year,catholic,less than once a year,believe with doubts,yes,inspired word,,,,,,,,,,,,,,,0,0
2018,825,41,female,white,associate/junior college,14,midwest,married,2,keeping house,,,middle class,"independent (neither, no response)","moderate, middle of the road",,favor,favor,should be legal,pretty happy,good,exciting,can't be too careful,no,more or less satisfied,,,,none,less than once a year,believe with doubts,yes,inspired word,,,,,,,,,,,,,,,0,0
2018,826,54,female,black,bachelor's,16,midwest,divorced,2,working full time,48,47317.5,working class,"independent, close to republican",liberal,,,don't know,don't know,very happy,,,most people can be trusted,,not satisfied at all,,1,about once a year,,don't know,,yes,,yes,sort of scientific,false,,earth around sun,false,false,false,false,true,true,all 1000 get the drug,no,no,6,8
2018,827,40,male,white,high school,12,midwest,separated,2,working full time,40,,middle class,not very strong republican,slightly conservative,trump,favor,oppose,,pretty happy,good,routine,,no,more or less satisfied,2,2,several times a year,protestant,about once or twice a year,higher power,yes,word of god,no,sort of scientific,true,don't know,earth around sun,false,true,don't know,don't know,true,true,all 1000 get the drug,no,no,5,9
2018,828,64,male,white,bachelor's,16,midwest,married,2,working full time,40,98140,upper class,not very strong republican,"moderate, middle of the road",didn't vote for president,oppose,favor,,not too happy,fair,exciting,,no,more or less satisfied,0,1,several times a year,catholic,about once or twice a year,no doubts,no,inspired word,no,not at all scientific,,,earth around sun,false,false,true,false,true,true,500 get the drug; 500 don't,no,yes,7,7
2018,829,56,female,white,bachelor's,16,midwest,divorced,2,working full time,32,57832.5,working class,"independent, close to republican",slightly conservative,trump,favor,oppose,don't know,very happy,good,routine,most people can be trusted,yes,more or less satisfied,0,,,catholic,about once a month,believe with doubts,yes,inspired word,,,,,,,,,,,,,,,0,0
2018,830,71,female,white,high school,12,midwest,widowed,3,retired,,,middle class,,"moderate, middle of the road",,,favor,should be legal,pretty happy,,,can't be too careful,,pretty well satisfied,,5,about once a month,catholic,several times a year,believe with doubts,don't know,inspired word,,,,,,,,,,,,,,,0,0
2018,831,50,male,white,bachelor's,16,midwest,married,0,working full time,40,98140,middle class,not very strong democrat,liberal,other candidate,favor,favor,should be legal,very happy,good,routine,depends,no,pretty well satisfied,0,,,none,never,"don't know, no way to find out",no,ancient book,,,,,,,,,,,,,,,0,0
2018,832,69,male,white,high school,13,midwest,divorced,3,retired,,,middle class,,slightly liberal,clinton,favor,oppose,should be legal,pretty happy,good,dull,can't be too careful,no,not satisfied at all,,,,catholic,never,believe with doubts,don't know,ancient book,,,,,,,,,,,,,,,0,0
2018,833,49,male,white,high school,12,midwest,never married,0,working full time,36,2453.5,working class,"independent, close to republican","moderate, middle of the road",trump,,favor,should not be legal,pretty happy,,,most people can be trusted,,more or less satisfied,0,4,never,none,never,higher power,yes,inspired word,no,not at all scientific,,,earth around sun,false,false,true,true,true,true,500 get the drug; 500 don't,no,yes,6,7
2018,834,61,male,white,high school,12,midwest,married,2,working full time,60,176200.14942,middle class,strong republican,slightly conservative,trump,,favor,should be legal,pretty happy,,,can't be too careful,,not satisfied at all,0,3,once or twice a week,protestant,about once or twice a year,believe with doubts,yes,inspired word,,,,,,,,,,,,,,,0,0
2018,835,38,female,white,associate/junior college,19,midwest,divorced,0,"unemployed, laid off, looking for work",,38555,middle class,"independent, close to republican","moderate, middle of the road",,oppose,oppose,should be legal,not too happy,good,routine,can't be too careful,no,more or less satisfied,,,,protestant,less than once a year,no doubts,yes,inspired word,,,,,,,,,,,,,,,0,0
2018,836,74,male,white,bachelor's,16,midwest,married,5,working full time,60,176200.14942,middle class,not very strong democrat,liberal,clinton,,favor,should not be legal,very happy,,,most people can be trusted,,pretty well satisfied,0,1,never,protestant,never,higher power,no,ancient book,,,,,,,,,,,,,,,0,0
2018,837,40,female,white,high school,12,midwest,married,4,keeping house,,,working class,other party,slightly conservative,,,favor,don't know,pretty happy,,,can't be too careful,,more or less satisfied,,2,several times a month,protestant,several times a week,no doubts,yes,inspired word,no,not at all scientific,,,earth around sun,true,false,true,false,true,true,500 get the drug; 500 don't,no,yes,6,7
2018,838,34,male,other,high school,12,west,married,0,keeping house,,,middle class,"independent (neither, no response)",,,favor,oppose,,pretty happy,good,exciting,,no,pretty well satisfied,,4,never,none,never,don't believe,no,other (vol),no,sort of scientific,true,false,earth around sun,true,true,false,false,false,true,all 1000 get the drug,no,yes,4,9
2018,839,41,male,other,associate/junior college,14,west,divorced,0,working full time,40,38555,middle class,"independent (neither, no response)","moderate, middle of the road",,,favor,should be legal,pretty happy,,,can't be too careful,,more or less satisfied,12,1,about once a year,buddhism,less than once a year,higher power,yes,inspired word,yes,not at all scientific,true,,earth around sun,false,don't know,true,true,true,true,500 get the drug; 500 don't,yes,yes,6,8
2018,840,78,male,white,less than high school,10,west,married,0,working full time,30,47317.5,middle class,strong republican,extremely conservative,trump,,favor,should be legal,pretty happy,,,depends,,pretty well satisfied,0,4,about once a year,catholic,about once or twice a year,no doubts,yes,inspired word,,,,,,,,,,,,,,,0,0
2018,841,47,female,other,less than high school,9,west,married,4,working part time,20,3855.4999999999995,working class,"independent (neither, no response)",conservative,,favor,oppose,,very happy,fair,exciting,,yes,more or less satisfied,0,0,never,catholic,several times a week,no doubts,yes,word of god,no,not at all scientific,false,don't know,earth around sun,true,true,don't know,true,false,true,500 get the drug; 500 don't,no,yes,2,9
2018,842,50,female,white,high school,14,west,never married,3,working part time,30,9638.75,working class,strong democrat,"moderate, middle of the road",clinton,favor,favor,should be legal,not too happy,good,exciting,depends,yes,not satisfied at all,0,,,none,never,don't believe,no,ancient book,,,,,,,,,,,,,,,0,0
2018,843,41,female,white,high school,12,west,separated,3,working full time,40,14896.249999999998,working class,"independent, close to democrat",slightly liberal,other candidate,,favor,should be legal,pretty happy,,,can't be too careful,,not satisfied at all,0,2,never,none,about once a month,believe sometimes,yes,ancient book,no,not at all scientific,,,earth around sun,false,true,false,false,true,true,500 get the drug; 500 don't,no,yes,5,7
2018,844,63,female,white,associate/junior college,15,west,divorced,3,"unemployed, laid off, looking for work",,,lower class,strong democrat,"moderate, middle of the road",clinton,oppose,oppose,,pretty happy,good,routine,,yes,more or less satisfied,,2,never,protestant,2-3 times a month,no doubts,yes,word of god,no,sort of scientific,,,earth around sun,true,don't know,false,true,false,true,500 get the drug; 500 don't,no,yes,2,7
2018,845,56,male,white,high school,14,west,married,1,working full time,40,47317.5,middle class,strong republican,extremely conservative,trump,oppose,favor,should not be legal,very happy,fair,exciting,don't know,no,more or less satisfied,0,,,protestant,every week,no doubts,yes,inspired word,,,,,,,,,,,,,,,0,0
2018,846,18,female,white,high school,12,west,never married,0,keeping house,,,middle class,not very strong republican,slightly liberal,,favor,favor,,very happy,excellent,exciting,,no,pretty well satisfied,,1,never,catholic,never,believe with doubts,yes,inspired word,yes,not at all scientific,false,false,sun around earth,don't know,true,don't know,true,true,true,500 get the drug; 500 don't,no,yes,2,9
2018,847,25,male,other,high school,12,west,married,3,working full time,84,22782.5,working class,"independent (neither, no response)","moderate, middle of the road",,oppose,favor,should be legal,very happy,good,exciting,can't be too careful,no,more or less satisfied,0,,,other,never,don't believe,yes,ancient book,,,,,,,,,,,,,,,0,0
2018,848,55,female,white,associate/junior college,14,west,married,2,working full time,40,31544.999999999996,working class,not very strong democrat,"moderate, middle of the road",clinton,,oppose,should be legal,very happy,,,can't be too careful,,pretty well satisfied,0,1,about once a year,none,never,higher power,no,ancient book,yes,sort of scientific,false,,earth around sun,true,false,don't know,false,true,true,500 get the drug; 500 don't,no,yes,5,8
2018,849,58,male,white,high school,14,west,divorced,2,working part time,28,7886.249999999999,working class,not very strong democrat,"moderate, middle of the road",clinton,favor,favor,,pretty happy,fair,routine,,no,more or less satisfied,3,12,several times a year,protestant,every week,no doubts,yes,inspired word,yes,sort of scientific,,,sun around earth,false,true,don't know,true,true,true,500 get the drug; 500 don't,no,yes,3,7
2018,850,39,female,white,associate/junior college,14,west,married,2,working part time,30,26287.5,working class,not very strong democrat,"moderate, middle of the road",clinton,favor,favor,should be legal,pretty happy,excellent,exciting,can't be too careful,yes,more or less satisfied,0,,,catholic,several times a year,no doubts,yes,inspired word,,,,,,,,,,,,,,,0,0
2018,851,42,female,other,bachelor's,16,west,married,3,keeping house,,,working class,"independent, close to republican",slightly liberal,,,oppose,should not be legal,very happy,,,can't be too careful,,not satisfied at all,,3,about once a month,protestant,about once a month,no doubts,yes,inspired word,,,,,,,,,,,,,,,0,0
2018,852,25,male,other,high school,12,west,never married,1,in school,,31544.999999999996,working class,"independent (neither, no response)","moderate, middle of the road",,favor,favor,should be legal,very happy,excellent,dull,can't be too careful,no,pretty well satisfied,,,,catholic,about once a month,believe with doubts,yes,ancient book,,,,,,,,,,,,,,,0,0
2018,853,76,female,white,less than high school,6,west,married,7,retired,,,middle class,"independent, close to democrat",slightly liberal,,,oppose,should not be legal,pretty happy,,,can't be too careful,,more or less satisfied,,4,never,protestant,about once or twice a year,no doubts,yes,word of god,no,not at all scientific,,,sun around earth,true,don't know,don't know,true,false,true,500 get the drug; 500 don't,don't know,yes,1,7
2018,854,53,female,other,bachelor's,17,west,divorced,4,working full time,40,57832.5,working class,"independent (neither, no response)","moderate, middle of the road",,favor,oppose,,very happy,good,routine,,yes,more or less satisfied,0,2,several times a year,protestant,never,no doubts,yes,inspired word,no,not at all scientific,,,earth around sun,false,don't know,don't know,false,true,true,500 get the drug; 500 don't,no,yes,5,7
2018,855,57,male,white,high school,14,west,never married,0,working full time,50,47317.5,working class,strong democrat,liberal,clinton,favor,oppose,,not too happy,good,routine,,yes,more or less satisfied,0,0,several times a year,none,never,higher power,don't know,ancient book,no,not at all scientific,true,true,don't know,false,don't know,true,false,true,true,500 get the drug; 500 don't,no,yes,7,9
2018,856,53,female,white,associate/junior college,14,west,married,3,working full time,54,38555,middle class,not very strong republican,"moderate, middle of the road",trump,oppose,favor,should be legal,very happy,good,exciting,most people can be trusted,no,pretty well satisfied,5,,,catholic,about once a month,no doubts,yes,inspired word,,,,,,,,,,,,,,,0,0
2018,857,63,male,white,high school,16,west,married,6,retired,,,working class,"independent, close to republican",conservative,trump,oppose,favor,,not too happy,good,exciting,,no,more or less satisfied,,0,never,protestant,every week,no doubts,yes,inspired word,no,not at all scientific,,,earth around sun,false,false,true,false,false,true,500 get the drug; 500 don't,no,yes,6,7
2018,858,62,female,white,bachelor's,16,west,married,2,keeping house,,,upper class,"independent, close to republican",slightly liberal,trump,oppose,oppose,should not be legal,pretty happy,good,exciting,can't be too careful,no,pretty well satisfied,,,,protestant,less than once a year,no doubts,yes,inspired word,,,,,,,,,,,,,,,0,0
2018,859,56,female,black,bachelor's,17,west,married,2,working full time,1,70100,middle class,strong democrat,,clinton,,,should be legal,very happy,,,can't be too careful,,pretty well satisfied,0,3,never,protestant,several times a week,no doubts,yes,word of god,,,,,,,,,,,,,,,0,0
2018,860,70,male,black,high school,12,west,divorced,0,retired,,,middle class,not very strong democrat,slightly liberal,clinton,favor,favor,should not be legal,not too happy,good,exciting,can't be too careful,no,not satisfied at all,,,,protestant,several times a year,no doubts,yes,word of god,,,,,,,,,,,,,,,0,0
2018,861,35,male,black,bachelor's,16,west,never married,0,working full time,60,47317.5,middle class,"independent (neither, no response)","moderate, middle of the road",other candidate,,oppose,should be legal,pretty happy,,,can't be too careful,,more or less satisfied,0,1,several times a month,none,never,higher power,don't know,inspired word,,,,,,,,,,,,,,,0,0
2018,862,64,female,white,bachelor's,16,west,married,2,working full time,40,350.5,middle class,"independent (neither, no response)",slightly liberal,clinton,oppose,oppose,,pretty happy,excellent,exciting,,yes,more or less satisfied,0,1,about once a year,none,less than once a year,"don't know, no way to find out",don't know,ancient book,no,not at all scientific,true,true,earth around sun,false,false,false,false,true,true,500 get the drug; 500 don't,no,yes,8,9
2018,863,32,male,white,high school,13,west,married,3,working full time,70,,working class,other party,liberal,clinton,favor,oppose,should be legal,pretty happy,good,routine,can't be too careful,no,more or less satisfied,0,,,none,never,"don't know, no way to find out",no,ancient book,,,,,,,,,,,,,,,0,0
2018,864,27,female,white,bachelor's,16,west,never married,0,"unemployed, laid off, looking for work",,13143.75,lower class,strong republican,conservative,,oppose,oppose,should not be legal,very happy,good,exciting,most people can be trusted,no,pretty well satisfied,,,,none,every week,no doubts,yes,word of god,,,,,,,,,,,,,,,0,0
2018,865,67,male,black,high school,12,west,married,4,working part time,28,31544.999999999996,working class,strong republican,conservative,trump,,favor,should not be legal,very happy,,,can't be too careful,,pretty well satisfied,0,2,never,protestant,every week,no doubts,yes,word of god,,,,,,,,,,,,,,,0,0
2018,866,27,female,white,high school,12,west,married,1,keeping house,,1402,working class,"independent, close to republican","moderate, middle of the road",trump,oppose,favor,,pretty happy,good,routine,,yes,more or less satisfied,,4,never,catholic,never,believe sometimes,yes,inspired word,yes,sort of scientific,true,don't know,earth around sun,false,don't know,don't know,false,true,true,500 get the drug; 500 don't,no,yes,6,9
2018,867,31,male,white,high school,15,west,never married,0,working part time,32,1402,working class,other party,conservative,trump,oppose,oppose,should be legal,not too happy,poor,exciting,can't be too careful,no,not satisfied at all,0,,,none,never,believe with doubts,no,ancient book,,,,,,,,,,,,,,,0,0
2018,868,79,female,white,high school,13,west,married,2,retired,,,middle class,strong republican,conservative,,oppose,oppose,should not be legal,very happy,good,routine,most people can be trusted,yes,pretty well satisfied,,,,protestant,every week,no doubts,yes,word of god,,,,,,,,,,,,,,,0,0
2018,869,41,female,white,high school,20,west,divorced,2,working full time,50,47317.5,upper class,other party,"moderate, middle of the road",trump,,favor,should be legal,very happy,,,can't be too careful,,pretty well satisfied,0,3,about once a month,other,several times a year,higher power,yes,ancient book,yes,not at all scientific,,,earth around sun,false,don't know,true,false,true,true,all 1000 get the drug,no,yes,6,7
2018,870,29,female,white,high school,15,west,married,2,keeping house,,9638.75,working class,not very strong democrat,"moderate, middle of the road",clinton,favor,favor,,pretty happy,fair,exciting,,yes,not satisfied at all,,3,about once a month,protestant,never,believe with doubts,yes,inspired word,yes,sort of scientific,,,earth around sun,true,false,false,true,true,true,500 get the drug; 500 don't,yes,yes,4,7
2018,871,42,female,black,less than high school,8,west,never married,6,working full time,8,,lower class,"independent (neither, no response)","moderate, middle of the road",,favor,oppose,should be legal,very happy,good,routine,most people can be trusted,no,more or less satisfied,0,,,none,never,higher power,no,ancient book,,,,,,,,,,,,,,,0,0
2018,872,89,female,white,high school,12,west,widowed,2,keeping house,,,middle class,"independent, close to democrat","moderate, middle of the road",clinton,,favor,should not be legal,pretty happy,,,can't be too careful,,more or less satisfied,,5,never,none,never,don't believe,no,ancient book,,,,,,,,,,,,,,,0,0
2018,873,52,female,white,bachelor's,16,west,married,4,working part time,28,9638.75,middle class,strong republican,"moderate, middle of the road",trump,favor,favor,,very happy,fair,exciting,,no,pretty well satisfied,3,2,about once a year,protestant,several times a year,no doubts,yes,inspired word,no,not at all scientific,don't know,don't know,earth around sun,false,false,true,false,true,true,500 get the drug; 500 don't,no,yes,7,9
2018,874,78,male,white,bachelor's,16,west,married,3,retired,,,middle class,"independent, close to democrat",extremely liberal,clinton,favor,favor,,very happy,excellent,exciting,,no,more or less satisfied,,4,about once a year,none,never,higher power,yes,ancient book,no,not at all scientific,true,true,earth around sun,false,don't know,true,true,true,true,500 get the drug; 500 don't,no,yes,7,9
2018,875,77,male,white,high school,12,west,married,6,retired,,11391.25,upper class,strong republican,conservative,trump,oppose,favor,should be legal,very happy,excellent,exciting,most people can be trusted,no,pretty well satisfied,,,,buddhism,nearly every week,higher power,don't know,ancient book,,,,,,,,,,,,,,,0,0
2018,876,42,female,white,bachelor's,16,west,divorced,0,working full time,50,98140,middle class,strong democrat,slightly liberal,clinton,,favor,should be legal,very happy,,,most people can be trusted,,more or less satisfied,0,0,once or twice a week,none,about once or twice a year,higher power,no,inspired word,yes,not at all scientific,,,earth around sun,false,false,true,false,true,true,500 get the drug; 500 don't,no,yes,7,7
2018,877,45,male,white,bachelor's,16,west,married,2,working full time,40,47317.5,middle class,strong republican,conservative,trump,oppose,favor,,pretty happy,excellent,routine,,no,pretty well satisfied,0,2,about once a year,protestant,several times a week,no doubts,yes,word of god,yes,not at all scientific,,,earth around sun,false,don't know,true,true,true,true,500 get the drug; 500 don't,no,yes,5,7
2018,878,64,female,white,graduate,16,west,married,1,working part time,15,,middle class,"independent (neither, no response)","moderate, middle of the road",clinton,,oppose,should not be legal,very happy,,,most people can be trusted,,pretty well satisfied,0,1,several times a month,none,never,higher power,yes,inspired word,yes,sort of scientific,true,,earth around sun,false,false,true,false,true,true,500 get the drug; 500 don't,no,no,8,8
2018,879,83,female,white,high school,12,west,divorced,1,retired,,,working class,other party,extremely liberal,other candidate,,oppose,should be legal,very happy,,,can't be too careful,,not satisfied at all,,0,several times a month,none,never,no doubts,yes,inspired word,,,,,,,,,,,,,,,0,0
2018,880,49,female,white,graduate,17,west,married,0,working full time,55,47317.5,middle class,strong democrat,liberal,clinton,favor,oppose,,very happy,excellent,exciting,,no,pretty well satisfied,0,1,several times a year,catholic,several times a year,no doubts,yes,inspired word,yes,sort of scientific,true,true,earth around sun,false,don't know,true,false,true,true,500 get the drug; 500 don't,no,no,8,9
2018,881,31,female,white,bachelor's,17,midwest,married,2,keeping house,,31544.999999999996,middle class,not very strong republican,slightly conservative,trump,,favor,don't know,pretty happy,,,most people can be trusted,,more or less satisfied,,3,several times a month,protestant,about once or twice a year,believe with doubts,yes,inspired word,,,,,,,,,,,,,,,0,0
2018,882,42,female,white,bachelor's,16,midwest,married,2,working part time,16,14896.249999999998,middle class,not very strong republican,slightly conservative,clinton,,oppose,should not be legal,pretty happy,,,can't be too careful,,pretty well satisfied,3,1,never,protestant,several times a week,no doubts,yes,word of god,no,not at all scientific,false,,earth around sun,false,don't know,true,false,true,true,500 get the drug; 500 don't,no,yes,6,8
2018,883,25,female,white,high school,14,midwest,never married,1,working full time,35,,lower class,"independent (neither, no response)",liberal,,favor,oppose,,not too happy,poor,routine,,no,not satisfied at all,30,0,about once a year,christian,2-3 times a month,believe with doubts,yes,ancient book,yes,sort of scientific,true,true,sun around earth,false,true,false,true,true,true,500 get the drug; 500 don't,no,yes,5,9
2018,884,47,male,white,bachelor's,16,midwest,married,4,working full time,40,22782.5,middle class,not very strong republican,conservative,trump,,favor,should not be legal,pretty happy,,,most people can be trusted,,more or less satisfied,0,2,never,protestant,every week,no doubts,yes,word of god,no,not at all scientific,,,earth around sun,false,don't know,true,true,false,true,500 get the drug; 500 don't,no,yes,4,7
2018,885,48,female,white,associate/junior college,16,midwest,married,3,working part time,24,47317.5,working class,"independent, close to republican","moderate, middle of the road",trump,favor,favor,,pretty happy,excellent,routine,,no,more or less satisfied,10,2,about once a year,catholic,about once or twice a year,believe with doubts,yes,ancient book,yes,not at all scientific,,,earth around sun,false,don't know,false,false,true,true,all 1000 get the drug,no,no,5,7
2018,886,53,female,white,high school,12,midwest,widowed,3,"with a job, but not at work because of temporary illness, vacation, strike",,14896.249999999998,working class,not very strong republican,"moderate, middle of the road",,oppose,favor,should not be legal,pretty happy,good,dull,can't be too careful,no,not satisfied at all,30,,,protestant,never,no doubts,yes,inspired word,,,,,,,,,,,,,,,0,0
2018,887,57,male,white,bachelor's,18,midwest,divorced,2,working full time,40,31544.999999999996,middle class,not very strong democrat,slightly liberal,trump,,favor,should be legal,pretty happy,,,most people can be trusted,,pretty well satisfied,0,2,several times a month,protestant,about once or twice a year,believe with doubts,yes,inspired word,,,,,,,,,,,,,,,0,0
2018,888,84,female,white,high school,12,midwest,widowed,2,keeping house,,,middle class,"independent (neither, no response)",slightly conservative,,favor,oppose,,pretty happy,good,routine,,no,more or less satisfied,,1,never,protestant,every week,no doubts,yes,word of god,no,not at all scientific,false,false,earth around sun,true,false,false,true,false,don't know,500 get the drug; 500 don't,no,yes,2,9
2018,889,83,female,white,high school,14,midwest,widowed,0,retired,,,working class,not very strong democrat,"moderate, middle of the road",clinton,favor,favor,should not be legal,pretty happy,fair,routine,can't be too careful,no,more or less satisfied,,,,protestant,every week,believe with doubts,don't know,inspired word,,,,,,,,,,,,,,,0,0
2018,890,68,female,white,bachelor's,16,midwest,widowed,1,working full time,40,16648.75,working class,"independent, close to democrat","moderate, middle of the road",clinton,,favor,should be legal,pretty happy,,,can't be too careful,,more or less satisfied,10,4,about once a year,protestant,about once or twice a year,no doubts,yes,inspired word,,,,,,,,,,,,,,,0,0
2018,891,64,male,white,high school,12,midwest,never married,0,retired,,,lower class,not very strong republican,slightly liberal,trump,oppose,favor,should be legal,not too happy,good,routine,most people can be trusted,no,more or less satisfied,,,,protestant,less than once a year,higher power,yes,inspired word,,,,,,,,,,,,,,,0,0
2018,892,63,female,white,bachelor's,16,midwest,divorced,0,working full time,35,22782.5,working class,strong democrat,liberal,clinton,,oppose,,pretty happy,good,exciting,,no,not satisfied at all,0,4,several times a year,,2-3 times a month,no doubts,yes,ancient book,yes,,,,earth around sun,false,don't know,true,false,true,true,500 get the drug; 500 don't,no,no,6,7
2018,893,70,female,white,high school,12,midwest,widowed,3,retired,,,working class,not very strong democrat,"moderate, middle of the road",clinton,favor,favor,should be legal,not too happy,poor,dull,can't be too careful,no,not satisfied at all,,,,catholic,several times a year,believe with doubts,yes,inspired word,,,,,,,,,,,,,,,0,0
2018,894,21,male,black,high school,15,midwest,never married,0,working part time,16,,working class,"independent, close to democrat",slightly liberal,clinton,favor,don't know,should be legal,not too happy,good,exciting,most people can be trusted,no,not satisfied at all,10,,,protestant,every week,believe with doubts,yes,inspired word,,,,,,,,,,,,,,,0,0
2018,895,29,male,black,high school,12,midwest,never married,0,working part time,16,13143.75,working class,"independent (neither, no response)","moderate, middle of the road",clinton,,oppose,should not be legal,very happy,,,can't be too careful,,more or less satisfied,0,5,several times a year,none,never,higher power,yes,inspired word,,,,,,,,,,,,,,,0,0
2018,896,56,male,black,less than high school,13,midwest,divorced,2,working full time,61,47317.5,working class,"independent, close to democrat","moderate, middle of the road",,favor,oppose,,pretty happy,good,exciting,,yes,more or less satisfied,0,2,never,none,never,higher power,don't know,ancient book,no,not at all scientific,don't know,don't know,earth around sun,false,false,don't know,false,true,true,500 get the drug; 500 don't,no,no,6,9
2018,897,27,male,black,high school,16,midwest,never married,0,in school,,19277.5,middle class,not very strong democrat,"moderate, middle of the road",clinton,favor,oppose,,pretty happy,excellent,exciting,,no,not satisfied at all,,1,several times a month,protestant,several times a year,no doubts,yes,inspired word,no,not at all scientific,,,earth around sun,false,false,true,true,true,true,500 get the drug; 500 don't,no,yes,6,7
2018,898,53,female,white,less than high school,12,midwest,married,1,keeping house,,,middle class,"independent, close to democrat",conservative,trump,favor,favor,should be legal,very happy,good,routine,can't be too careful,no,more or less satisfied,,,,catholic,never,no doubts,don't know,word of god,,,,,,,,,,,,,,,0,0
2018,899,68,male,white,high school,12,midwest,married,2,other,,,working class,"independent (neither, no response)","moderate, middle of the road",don't know,,favor,should be legal,not too happy,,,can't be too careful,,not satisfied at all,,6,never,christian,don't know,no doubts,yes,inspired word,,,,,,,,,,,,,,,0,0
2018,900,44,male,white,high school,12,midwest,divorced,2,working full time,56,70100,working class,"independent, close to democrat",slightly conservative,clinton,favor,favor,,pretty happy,good,routine,,no,pretty well satisfied,0,0,several times a month,catholic,never,higher power,yes,ancient book,no,not at all scientific,true,true,earth around sun,false,true,false,false,true,true,500 get the drug; 500 don't,no,yes,7,9
2018,901,68,female,white,less than high school,11,midwest,married,2,retired,,,lower class,strong democrat,"moderate, middle of the road",,oppose,oppose,should not be legal,very happy,fair,exciting,can't be too careful,yes,not satisfied at all,,,,catholic,about once or twice a year,no doubts,yes,word of god,,,,,,,,,,,,,,,0,0
2018,902,39,male,white,high school,12,midwest,never married,2,working full time,43,38555,lower class,not very strong democrat,"moderate, middle of the road",,,favor,should be legal,pretty happy,,,can't be too careful,,not satisfied at all,3,2,about once a month,catholic,never,"don't know, no way to find out",no,ancient book,,,,,,,,,,,,,,,0,0
2018,903,57,male,white,high school,12,midwest,divorced,0,working full time,43,22782.5,middle class,not very strong republican,"moderate, middle of the road",,favor,favor,should be legal,not too happy,good,routine,most people can be trusted,no,not satisfied at all,30,,,protestant,about once or twice a year,no doubts,yes,inspired word,,,,,,,,,,,,,,,0,0
2018,904,25,male,black,high school,12,midwest,never married,0,working full time,62,22782.5,middle class,"independent (neither, no response)",extremely conservative,,,oppose,should be legal,pretty happy,,,can't be too careful,,pretty well satisfied,0,3,several times a year,protestant,2-3 times a month,no doubts,no,word of god,,,,,,,,,,,,,,,0,0
2018,905,42,female,black,high school,13,midwest,never married,3,other,,2453.5,working class,"independent (neither, no response)",conservative,clinton,favor,don't know,,very happy,fair,exciting,,yes,more or less satisfied,,2,never,none,nearly every week,no doubts,yes,word of god,yes,sort of scientific,false,false,earth around sun,true,false,false,true,true,true,don't know,no,yes,4,9
2018,906,25,male,black,high school,13,midwest,never married,0,keeping house,,,middle class,"independent (neither, no response)","moderate, middle of the road",clinton,favor,don't know,should be legal,not too happy,good,dull,depends,no,pretty well satisfied,,,,none,never,believe with doubts,yes,word of god,,,,,,,,,,,,,,,0,0
2018,907,19,female,black,high school,12,midwest,never married,0,working full time,40,1402,middle class,"independent (neither, no response)",liberal,,,favor,should be legal,pretty happy,,,can't be too careful,,pretty well satisfied,8,4,never,none,several times a week,believe sometimes,yes,inspired word,yes,sort of scientific,,,earth around sun,false,true,false,true,true,true,500 get the drug; 500 don't,no,yes,4,7
2018,908,66,female,black,high school,12,midwest,never married,4,keeping house,,,middle class,,extremely conservative,,favor,favor,,pretty happy,fair,dull,,no,not satisfied at all,,6,never,,nearly every week,believe sometimes,no,word of god,yes,very scientific,,,don't know,don't know,don't know,don't know,true,don't know,don't know,500 get the drug; 500 don't,yes,no,0,7
2018,909,74,male,black,associate/junior college,14,midwest,separated,2,working part time,,,middle class,"independent (neither, no response)","moderate, middle of the road",clinton,favor,oppose,,very happy,excellent,exciting,,yes,more or less satisfied,,3,never,protestant,never,no doubts,yes,inspired word,no,sort of scientific,false,don't know,earth around sun,false,false,true,false,true,true,500 get the drug; 500 don't,no,yes,7,9
2018,910,69,female,other,graduate,20,midwest,divorced,0,other,,,don't know,other party,,,oppose,favor,should be legal,not too happy,good,exciting,can't be too careful,no,more or less satisfied,,,,,never,no doubts,don't know,inspired word,,,,,,,,,,,,,,,0,0
2018,911,26,female,black,high school,12,midwest,never married,1,"unemployed, laid off, looking for work",,350.5,lower class,"independent, close to democrat",extremely conservative,,,favor,should be legal,not too happy,,,can't be too careful,,not satisfied at all,,8,about once a month,protestant,2-3 times a month,no doubts,yes,inspired word,yes,sort of scientific,false,,sun around earth,false,false,false,true,false,true,500 get the drug; 500 don't,no,yes,3,8
2018,912,69,male,black,high school,14,midwest,widowed,2,retired,,16648.75,middle class,not very strong democrat,conservative,,favor,don't know,,pretty happy,poor,exciting,,yes,more or less satisfied,,2,several times a year,catholic,every week,no doubts,yes,inspired word,no,sort of scientific,,,sun around earth,true,false,true,true,true,true,500 get the drug; 500 don't,no,yes,4,7
2018,913,27,female,white,high school,15,midwest,married,0,working full time,40,22782.5,working class,not very strong democrat,slightly conservative,,,favor,should be legal,pretty happy,,,can't be too careful,,not satisfied at all,0,1,several times a month,protestant,never,believe with doubts,yes,inspired word,yes,sort of scientific,,,earth around sun,false,true,true,false,true,true,500 get the drug; 500 don't,yes,no,6,7
2018,914,53,male,white,high school,14,midwest,never married,0,"with a job, but not at work because of temporary illness, vacation, strike",,38555,middle class,"independent (neither, no response)","moderate, middle of the road",,,favor,should be legal,pretty happy,,,depends,,more or less satisfied,0,2,never,none,never,don't believe,no,other (vol),,,,,,,,,,,,,,,0,0
2018,915,35,male,white,high school,10,midwest,divorced,3,working full time,40,38555,working class,"independent (neither, no response)","moderate, middle of the road",,,favor,should be legal,pretty happy,,,depends,,not satisfied at all,30,1,never,none,never,higher power,yes,other (vol),,,,,,,,,,,,,,,0,0
2018,916,32,female,white,high school,14,midwest,married,1,working full time,45,19277.5,working class,not very strong democrat,"moderate, middle of the road",clinton,favor,oppose,,pretty happy,good,exciting,,no,more or less satisfied,4,1,several times a year,none,never,higher power,yes,inspired word,yes,not at all scientific,true,false,earth around sun,false,false,false,true,false,true,500 get the drug; 500 don't,no,no,5,9
2018,917,19,female,white,high school,11,midwest,never married,0,working part time,28,,working class,other party,liberal,,favor,oppose,should be legal,not too happy,fair,dull,can't be too careful,no,more or less satisfied,30,,,other,never,don't believe,yes,ancient book,,,,,,,,,,,,,,,0,0
2018,918,56,male,white,high school,14,midwest,married,4,working full time,60,26287.5,working class,not very strong republican,slightly conservative,trump,,favor,should not be legal,pretty happy,,,can't be too careful,,more or less satisfied,2,3,several times a year,protestant,less than once a year,no doubts,yes,inspired word,no,not at all scientific,,,earth around sun,false,false,false,true,true,true,all 1000 get the drug,no,no,5,7
2018,919,69,male,white,associate/junior college,14,midwest,divorced,2,retired,,,working class,"independent (neither, no response)",slightly conservative,trump,favor,favor,should not be legal,pretty happy,good,routine,can't be too careful,yes,more or less satisfied,,,,protestant,several times a year,no doubts,yes,word of god,,,,,,,,,,,,,,,0,0
2018,920,66,female,white,high school,12,midwest,married,1,retired,,,working class,"independent, close to democrat",extremely liberal,clinton,,don't know,should be legal,not too happy,,,can't be too careful,,not satisfied at all,,4,about once a month,catholic,never,higher power,yes,inspired word,,,,,,,,,,,,,,,0,0
2018,921,69,female,white,bachelor's,20,midwest,widowed,3,other,,,middle class,other party,slightly liberal,,favor,favor,should not be legal,very happy,poor,routine,most people can be trusted,no,pretty well satisfied,,,,protestant,every week,no doubts,yes,word of god,,,,,,,,,,,,,,,0,0
2018,922,43,male,white,high school,12,midwest,never married,2,working full time,60,22782.5,working class,"independent (neither, no response)",don't know,,favor,favor,,pretty happy,poor,exciting,,no,not satisfied at all,30,0,never,protestant,never,believe with doubts,don't know,other (vol),no,not at all scientific,,,sun around earth,false,don't know,don't know,don't know,true,don't know,500 get the drug; 500 don't,don't know,don't know,2,7
2018,923,43,female,white,high school,12,midwest,divorced,6,working full time,85,19277.5,working class,strong republican,extremely conservative,trump,,don't know,should not be legal,very happy,,,can't be too careful,,more or less satisfied,0,0,never,protestant,never,no doubts,yes,word of god,,,,,,,,,,,,,,,0,0
2018,924,44,female,white,bachelor's,16,midwest,married,2,working full time,50,,middle class,not very strong republican,slightly conservative,,favor,favor,,pretty happy,good,routine,,no,more or less satisfied,0,2,never,protestant,nearly every week,no doubts,yes,inspired word,no,not at all scientific,false,false,earth around sun,false,false,true,false,true,true,500 get the drug; 500 don't,no,no,7,9
2018,925,58,male,white,bachelor's,16,midwest,widowed,2,working full time,40,98140,middle class,strong democrat,slightly liberal,clinton,favor,favor,,pretty happy,good,routine,,no,more or less satisfied,0,8,about once a year,protestant,several times a year,higher power,yes,inspired word,no,sort of scientific,,,earth around sun,false,false,true,false,true,true,all 1000 get the drug,no,yes,7,7
2018,926,38,male,white,high school,12,midwest,married,2,working full time,40,,working class,other party,"moderate, middle of the road",trump,,favor,should not be legal,pretty happy,,,most people can be trusted,,pretty well satisfied,0,2,never,protestant,2-3 times a month,no doubts,yes,word of god,,,,,,,,,,,,,,,0,0
2018,927,49,female,white,bachelor's,17,midwest,married,4,working full time,60,,working class,"independent, close to republican","moderate, middle of the road",trump,oppose,favor,,not too happy,good,exciting,,yes,more or less satisfied,3,2,about once a month,catholic,every week,no doubts,yes,inspired word,yes,sort of scientific,true,true,earth around sun,false,false,false,false,true,true,500 get the drug; 500 don't,no,yes,8,9
2018,928,51,male,white,high school,12,south,married,2,working full time,62,57832.5,working class,not very strong republican,conservative,trump,,favor,should not be legal,pretty happy,,,most people can be trusted,,more or less satisfied,0,1,about once a year,none,never,no doubts,yes,inspired word,no,not at all scientific,,,sun around earth,false,false,don't know,true,true,true,500 get the drug; 500 don't,no,yes,4,7
2018,929,59,female,white,graduate,20,south,married,2,working full time,50,22782.5,working class,strong republican,conservative,trump,oppose,favor,should be legal,very happy,good,exciting,most people can be trusted,no,pretty well satisfied,0,,,protestant,every week,no doubts,yes,word of god,,,,,,,,,,,,,,,0,0
2018,930,68,male,white,associate/junior college,14,south,divorced,1,retired,,,middle class,not very strong democrat,slightly liberal,clinton,favor,oppose,,pretty happy,good,routine,,no,more or less satisfied,,2,never,none,never,no doubts,yes,,yes,sort of scientific,true,true,earth around sun,false,false,true,false,true,true,don't know,no,no,9,9
2018,931,73,male,white,graduate,18,south,married,1,retired,,,middle class,not very strong republican,extremely conservative,trump,,favor,should be legal,pretty happy,,,can't be too careful,,pretty well satisfied,,5,never,protestant,never,no doubts,yes,inspired word,,,,,,,,,,,,,,,0,0
2018,932,67,male,white,graduate,18,south,married,2,retired,,,middle class,not very strong republican,conservative,trump,favor,favor,should be legal,very happy,fair,routine,most people can be trusted,no,pretty well satisfied,,,,catholic,less than once a year,believe with doubts,yes,inspired word,,,,,,,,,,,,,,,0,0
2018,933,70,male,white,graduate,19,south,married,2,retired,,,middle class,not very strong republican,conservative,trump,oppose,favor,,not too happy,good,exciting,,yes,more or less satisfied,,0,never,protestant,several times a year,believe sometimes,no,ancient book,no,not at all scientific,true,true,earth around sun,false,false,true,false,true,true,500 get the drug; 500 don't,no,yes,9,9
2018,934,61,female,white,bachelor's,16,south,married,4,working full time,40,22782.5,middle class,strong republican,conservative,trump,favor,favor,should be legal,very happy,excellent,exciting,can't be too careful,yes,more or less satisfied,0,,,protestant,every week,no doubts,yes,word of god,,,,,,,,,,,,,,,0,0
2018,935,50,female,white,associate/junior college,14,south,married,2,working full time,36,31544.999999999996,middle class,"independent, close to republican","moderate, middle of the road",trump,,favor,should be legal,pretty happy,,,can't be too careful,,not satisfied at all,5,2,several times a month,catholic,about once or twice a year,no doubts,yes,inspired word,yes,sort of scientific,false,,sun around earth,false,true,true,false,true,true,all 1000 get the drug,no,yes,5,8
2018,936,67,male,white,bachelor's,16,south,married,1,retired,,,middle class,strong democrat,liberal,clinton,favor,oppose,should be legal,pretty happy,excellent,routine,most people can be trusted,no,pretty well satisfied,,,,protestant,never,no doubts,yes,inspired word,,,,,,,,,,,,,,,0,0
2018,937,39,male,white,graduate,17,south,married,2,working full time,40,84120,middle class,other party,conservative,other candidate,oppose,oppose,,very happy,excellent,exciting,,no,pretty well satisfied,0,1,about once a month,protestant,never,believe with doubts,yes,inspired word,no,not at all scientific,,,earth around sun,false,false,true,false,true,true,500 get the drug; 500 don't,no,yes,7,7
2018,938,48,female,white,graduate,18,south,married,2,working part time,35,57832.5,working class,"independent, close to republican",extremely conservative,trump,oppose,favor,should be legal,very happy,good,exciting,can't be too careful,yes,pretty well satisfied,0,,,protestant,every week,no doubts,yes,word of god,,,,,,,,,,,,,,,0,0
2018,939,19,female,white,high school,13,south,never married,0,working part time,20,1402,working class,strong republican,conservative,,favor,favor,,very happy,excellent,exciting,,no,more or less satisfied,1,0,never,protestant,2-3 times a month,believe with doubts,yes,inspired word,no,sort of scientific,false,false,earth around sun,true,true,true,false,true,true,500 get the drug; 500 don't,no,yes,5,9
2018,940,58,male,white,high school,12,south,married,4,other,,,lower class,"independent, close to democrat","moderate, middle of the road",clinton,,oppose,should not be legal,pretty happy,,,can't be too careful,,not satisfied at all,,4,never,protestant,several times a week,no doubts,yes,word of god,no,not at all scientific,false,,earth around sun,true,don't know,don't know,true,don't know,don't know,don't know,yes,no,1,8
2018,941,54,female,black,associate/junior college,14,south,separated,3,working full time,44,47317.5,working class,"independent, close to democrat","moderate, middle of the road",clinton,,don't know,should be legal,pretty happy,,,most people can be trusted,,more or less satisfied,3,3,several times a year,christian,2-3 times a month,no doubts,yes,inspired word,,,,,,,,,,,,,,,0,0
2018,942,20,male,white,less than high school,11,south,never married,0,in school,,,lower class,"independent, close to democrat","moderate, middle of the road",clinton,oppose,oppose,should be legal,not too happy,good,exciting,most people can be trusted,yes,not satisfied at all,,,,other,never,"don't know, no way to find out",yes,inspired word,,,,,,,,,,,,,,,0,0
2018,943,89,female,white,high school,15,south,widowed,3,retired,,,working class,strong democrat,"moderate, middle of the road",,,oppose,should not be legal,very happy,,,can't be too careful,,pretty well satisfied,,4,several times a year,protestant,several times a year,believe with doubts,yes,inspired word,yes,sort of scientific,,,earth around sun,false,true,false,false,true,false,500 get the drug; 500 don't,no,yes,4,7
2018,944,44,female,white,less than high school,11,south,married,3,keeping house,,,working class,other party,"moderate, middle of the road",clinton,favor,favor,,very happy,fair,exciting,,no,more or less satisfied,,2,about once a year,catholic,2-3 times a month,no doubts,yes,inspired word,no,don't know,,,earth around sun,false,don't know,don't know,true,true,true,all 1000 get the drug,no,yes,4,7
2018,945,59,male,black,high school,12,south,married,3,working full time,32,38555,working class,"independent (neither, no response)","moderate, middle of the road",clinton,favor,favor,should be legal,pretty happy,fair,routine,can't be too careful,no,more or less satisfied,0,,,none,every week,no doubts,yes,word of god,,,,,,,,,,,,,,,0,0
2018,946,47,female,other,bachelor's,17,south,married,0,keeping house,,,working class,"independent, close to democrat",slightly conservative,,,favor,should be legal,very happy,,,can't be too careful,,more or less satisfied,,4,never,none,never,higher power,yes,ancient book,,,,,,,,,,,,,,,0,0
2018,947,46,female,white,graduate,18,south,married,2,keeping house,,,middle class,not very strong republican,extremely conservative,trump,favor,oppose,,pretty happy,good,exciting,,yes,more or less satisfied,,2,never,protestant,every week,no doubts,yes,word of god,yes,not at all scientific,false,false,earth around sun,false,false,true,false,true,true,500 get the drug; 500 don't,no,yes,7,9
2018,948,55,male,other,high school,15,south,married,2,working full time,40,16648.75,middle class,"independent (neither, no response)",extremely liberal,,favor,favor,should be legal,pretty happy,good,exciting,most people can be trusted,yes,more or less satisfied,0,,,buddhism,never,believe sometimes,don't know,ancient book,,,,,,,,,,,,,,,0,0
2018,949,65,male,black,high school,12,south,married,5,working full time,40,,working class,strong republican,"moderate, middle of the road",trump,,favor,should be legal,pretty happy,,,can't be too careful,,not satisfied at all,0,2,about once a year,protestant,never,no doubts,no,word of god,yes,sort of scientific,false,,sun around earth,false,false,false,false,don't know,true,500 get the drug; 500 don't,yes,no,4,8
2018,950,23,female,white,associate/junior college,14,south,never married,0,working full time,40,,working class,"independent (neither, no response)",slightly liberal,,favor,don't know,,pretty happy,good,exciting,,yes,more or less satisfied,4,0,several times a month,buddhism,never,higher power,yes,ancient book,yes,sort of scientific,don't know,true,sun around earth,true,don't know,don't know,true,true,true,500 get the drug; 500 don't,no,yes,3,9
2018,951,28,female,white,less than high school,9,south,married,4,keeping house,,,working class,not very strong democrat,slightly conservative,clinton,,oppose,should not be legal,very happy,,,most people can be trusted,,not satisfied at all,,1,several times a year,protestant,several times a week,no doubts,yes,word of god,no,sort of scientific,,,earth around sun,false,don't know,false,false,don't know,true,500 get the drug; 500 don't,no,yes,4,7
2018,952,76,female,white,bachelor's,17,south,widowed,0,working part time,20,,working class,"independent, close to republican",conservative,trump,favor,oppose,,pretty happy,fair,exciting,,no,more or less satisfied,0,2,never,protestant,several times a year,no doubts,yes,word of god,no,not at all scientific,,,earth around sun,false,don't know,false,false,false,true,500 get the drug; 500 don't,no,yes,4,7
2018,953,45,male,white,bachelor's,14,south,separated,0,working full time,55,38555,middle class,strong democrat,liberal,clinton,favor,oppose,should be legal,pretty happy,good,exciting,most people can be trusted,no,more or less satisfied,12,,,catholic,less than once a year,believe with doubts,yes,inspired word,,,,,,,,,,,,,,,0,0
2018,954,40,female,white,less than high school,9,south,never married,2,working part time,20,,working class,"independent (neither, no response)","moderate, middle of the road",,favor,oppose,should not be legal,not too happy,fair,routine,can't be too careful,no,not satisfied at all,0,,,protestant,never,no doubts,no,ancient book,,,,,,,,,,,,,,,0,0
2018,955,77,female,white,high school,12,south,divorced,3,retired,,,middle class,strong republican,extremely conservative,trump,favor,,,pretty happy,good,routine,,don't know,more or less satisfied,,0,never,protestant,never,no doubts,yes,word of god,no,not at all scientific,,,don't know,false,true,false,false,false,true,all 1000 get the drug,yes,no,3,7
2018,956,74,male,white,graduate,18,south,never married,0,retired,,,middle class,"independent, close to democrat",liberal,clinton,favor,oppose,should be legal,very happy,fair,exciting,most people can be trusted,no,more or less satisfied,,,,none,never,"don't know, no way to find out",yes,ancient book,,,,,,,,,,,,,,,0,0
2018,957,79,female,white,less than high school,6,south,married,3,retired,,,middle class,strong republican,conservative,trump,,oppose,should not be legal,very happy,,,can't be too careful,,more or less satisfied,,5,never,protestant,every week,no doubts,yes,word of god,,,,,,,,,,,,,,,0,0
2018,958,70,male,white,less than high school,9,south,married,5,retired,,,working class,not very strong democrat,slightly conservative,trump,oppose,oppose,,very happy,poor,routine,,no,not satisfied at all,,8,never,protestant,less than once a year,no doubts,yes,word of god,no,not at all scientific,false,false,sun around earth,true,true,true,false,false,true,500 get the drug; 500 don't,don't know,yes,3,9
2018,959,61,male,white,less than high school,12,south,married,4,other,,350.5,middle class,not very strong democrat,"moderate, middle of the road",,oppose,favor,should be legal,very happy,fair,routine,can't be too careful,yes,not satisfied at all,,,,protestant,less than once a year,no doubts,yes,word of god,,,,,,,,,,,,,,,0,0
2018,960,49,male,other,less than high school,6,south,married,5,working full time,55,31544.999999999996,working class,"independent (neither, no response)","moderate, middle of the road",,,oppose,should not be legal,very happy,,,can't be too careful,,pretty well satisfied,0,3,never,catholic,about once or twice a year,no doubts,no,inspired word,no,don't know,,,earth around sun,don't know,true,don't know,true,false,true,500 get the drug; 500 don't,yes,yes,2,7
2018,961,38,male,white,bachelor's,14,south,married,2,working full time,40,22782.5,working class,"independent (neither, no response)","moderate, middle of the road",,oppose,oppose,,not too happy,fair,exciting,,yes,not satisfied at all,2,1,never,catholic,nearly every week,no doubts,yes,inspired word,yes,not at all scientific,false,false,earth around sun,false,false,false,false,true,true,500 get the drug; 500 don't,no,yes,6,9
2018,962,25,female,white,bachelor's,16,south,never married,0,working full time,40,22782.5,middle class,not very strong republican,slightly conservative,,favor,favor,should be legal,pretty happy,good,routine,can't be too careful,yes,pretty well satisfied,0,,,protestant,several times a year,believe with doubts,yes,inspired word,,,,,,,,,,,,,,,0,0
2018,963,36,male,black,high school,16,south,married,3,working full time,58,47317.5,middle class,not very strong democrat,"moderate, middle of the road",,,favor,should be legal,pretty happy,,,can't be too careful,,more or less satisfied,2,4,about once a month,protestant,about once a month,no doubts,yes,inspired word,yes,not at all scientific,false,,earth around sun,true,false,false,true,true,true,500 get the drug; 500 don't,no,yes,4,8
2018,964,75,female,white,bachelor's,16,south,widowed,2,retired,,,working class,strong republican,conservative,trump,oppose,favor,should not be legal,pretty happy,good,routine,most people can be trusted,no,more or less satisfied,,,,protestant,several times a week,no doubts,yes,word of god,,,,,,,,,,,,,,,0,0
2018,965,22,male,white,high school,13,south,married,0,working full time,55,57832.5,middle class,"independent, close to republican",conservative,trump,,favor,should be legal,pretty happy,,,can't be too careful,,pretty well satisfied,5,0,several times a month,protestant,several times a year,no doubts,yes,inspired word,,,,,,,,,,,,,,,0,0
2018,966,45,male,white,high school,14,south,married,1,working full time,40,,working class,strong republican,conservative,trump,oppose,favor,,pretty happy,good,routine,,no,more or less satisfied,30,4,several times a month,christian,never,no doubts,yes,word of god,no,sort of scientific,false,true,earth around sun,false,don't know,true,true,true,true,500 get the drug; 500 don't,no,no,6,9
2018,967,26,female,other,high school,14,south,never married,2,working part time,21,5257.5,lower class,not very strong republican,"moderate, middle of the road",clinton,favor,favor,should be legal,pretty happy,good,routine,can't be too careful,no,more or less satisfied,0,,,none,about once or twice a year,no doubts,yes,inspired word,,,,,,,,,,,,,,,0,0
2018,968,40,male,black,high school,14,south,never married,0,working full time,40,38555,working class,strong democrat,"moderate, middle of the road",clinton,favor,favor,,pretty happy,good,exciting,,no,more or less satisfied,4,3,about once a month,protestant,every week,no doubts,no,word of god,no,not at all scientific,,,earth around sun,false,true,false,true,true,true,500 get the drug; 500 don't,yes,no,4,7
2018,969,26,female,black,high school,12,south,separated,3,working full time,42,70100,working class,"independent (neither, no response)",extremely liberal,clinton,oppose,favor,should be legal,very happy,good,exciting,can't be too careful,yes,more or less satisfied,0,,,protestant,nearly every week,no doubts,yes,inspired word,,,,,,,,,,,,,,,0,0
2018,970,60,female,other,less than high school,11,south,divorced,3,working full time,40,19277.5,lower class,not very strong democrat,slightly conservative,clinton,,oppose,should be legal,not too happy,,,most people can be trusted,,not satisfied at all,30,4,several times a year,catholic,several times a year,no doubts,yes,inspired word,,,,,,,,,,,,,,,0,0
2018,971,32,male,white,high school,16,south,married,4,working part time,25,47317.5,working class,"independent, close to republican","moderate, middle of the road",,favor,oppose,should be legal,not too happy,good,routine,can't be too careful,no,more or less satisfied,2,,,protestant,never,no doubts,yes,inspired word,,,,,,,,,,,,,,,0,0
2018,972,54,female,white,high school,13,south,divorced,3,working full time,30,38555,middle class,not very strong democrat,slightly liberal,clinton,,favor,don't know,pretty happy,,,can't be too careful,,more or less satisfied,10,3,about once a month,protestant,about once a month,believe with doubts,yes,inspired word,yes,not at all scientific,true,,earth around sun,true,true,false,false,true,true,all 1000 get the drug,no,yes,5,8
2018,973,27,male,white,less than high school,12,south,never married,0,working full time,35,31544.999999999996,lower class,"independent (neither, no response)",conservative,,,favor,should be legal,not too happy,,,can't be too careful,,not satisfied at all,0,5,almost daily,none,never,higher power,don't know,ancient book,,,,,,,,,,,,,,,0,0
2018,974,27,female,black,associate/junior college,14,south,never married,1,working full time,40,16648.75,working class,"independent (neither, no response)",don't know,,don't know,favor,should be legal,pretty happy,good,routine,can't be too careful,yes,not satisfied at all,0,,,protestant,about once or twice a year,no doubts,yes,word of god,,,,,,,,,,,,,,,0,0
2018,975,34,male,white,high school,12,south,never married,2,working full time,45,31544.999999999996,middle class,not very strong democrat,extremely conservative,,favor,favor,,pretty happy,good,routine,,no,not satisfied at all,0,7,several times a year,protestant,never,no doubts,yes,ancient book,yes,very scientific,,,earth around sun,true,true,false,true,false,true,500 get the drug; 500 don't,no,yes,2,7
2018,976,37,female,white,bachelor's,16,south,married,2,keeping house,,,middle class,"independent, close to republican",conservative,trump,favor,oppose,should be legal,very happy,good,exciting,most people can be trusted,no,pretty well satisfied,,,,protestant,2-3 times a month,no doubts,yes,word of god,,,,,,,,,,,,,,,0,0
2018,977,41,male,white,bachelor's,16,south,married,5,working full time,60,84120,working class,"independent, close to republican",conservative,,oppose,favor,should not be legal,very happy,good,exciting,can't be too careful,no,pretty well satisfied,0,,,catholic,2-3 times a month,believe with doubts,yes,inspired word,,,,,,,,,,,,,,,0,0
2018,978,32,female,white,high school,13,south,divorced,2,working full time,41,176200.14942,middle class,"independent, close to republican",slightly liberal,,,favor,should be legal,very happy,,,most people can be trusted,,pretty well satisfied,2,0,never,muslim/islam,about once or twice a year,no doubts,yes,inspired word,yes,sort of scientific,true,,earth around sun,false,true,true,false,true,true,500 get the drug; 500 don't,no,yes,7,8
2018,979,43,male,white,graduate,18,south,never married,0,"unemployed, laid off, looking for work",,,middle class,not very strong democrat,"moderate, middle of the road",trump,oppose,favor,,pretty happy,good,routine,,no,not satisfied at all,,5,several times a year,christian,every week,no doubts,yes,inspired word,yes,sort of scientific,,,earth around sun,false,false,false,true,true,true,500 get the drug; 500 don't,no,yes,5,7
2018,980,42,male,white,graduate,18,south,married,2,working full time,50,57832.5,middle class,"independent, close to republican",liberal,trump,oppose,favor,should be legal,pretty happy,good,exciting,most people can be trusted,no,more or less satisfied,5,,,none,never,"don't know, no way to find out",no,ancient book,,,,,,,,,,,,,,,0,0
2018,981,57,male,white,bachelor's,17,south,married,2,working full time,54,38555,working class,"independent, close to republican",slightly conservative,clinton,,favor,should not be legal,very happy,,,can't be too careful,,more or less satisfied,0,1,several times a year,catholic,2-3 times a month,believe with doubts,don't know,word of god,,,,,,,,,,,,,,,0,0
2018,982,43,female,white,bachelor's,16,south,married,2,working full time,35,31544.999999999996,middle class,not very strong democrat,slightly conservative,clinton,favor,favor,,pretty happy,good,routine,,no,pretty well satisfied,2,1,once or twice a week,catholic,about once a month,believe with doubts,yes,inspired word,no,not at all scientific,false,true,earth around sun,false,false,true,false,true,true,all 1000 get the drug,no,yes,8,9
2018,983,41,male,white,graduate,18,south,never married,0,other,,,middle class,not very strong republican,"moderate, middle of the road",other candidate,favor,favor,should be legal,pretty happy,poor,routine,can't be too careful,no,more or less satisfied,,,,catholic,never,"don't know, no way to find out",no,ancient book,,,,,,,,,,,,,,,0,0
2018,984,77,male,other,high school,13,south,never married,2,retired,,,working class,not very strong democrat,conservative,clinton,oppose,favor,,very happy,excellent,routine,,no,not satisfied at all,,4,never,catholic,about once or twice a year,no doubts,yes,word of god,no,not at all scientific,false,false,sun around earth,false,false,true,true,true,true,all 1000 get the drug,yes,yes,5,9
2018,985,46,male,white,bachelor's,16,south,married,2,working full time,65,84120,middle class,not very strong democrat,"moderate, middle of the road",clinton,,oppose,should be legal,pretty happy,,,can't be too careful,,more or less satisfied,4,1,several times a month,protestant,about once or twice a year,believe with doubts,yes,inspired word,no,not at all scientific,true,,earth around sun,false,false,true,true,true,true,500 get the drug; 500 don't,no,yes,7,8
2018,986,50,female,white,graduate,20,south,never married,0,working full time,45,70100,middle class,not very strong republican,"moderate, middle of the road",don't know,oppose,favor,,pretty happy,good,exciting,,no,pretty well satisfied,0,2,once or twice a week,jewish,about once or twice a year,no doubts,no,ancient book,yes,not at all scientific,,,earth around sun,false,don't know,true,false,true,true,500 get the drug; 500 don't,no,yes,6,7
2018,987,25,male,white,bachelor's,17,south,never married,0,working full time,52,3855.4999999999995,middle class,not very strong republican,"moderate, middle of the road",clinton,favor,favor,,very happy,excellent,exciting,,no,pretty well satisfied,20,1,about once a month,none,about once or twice a year,don't believe,no,ancient book,no,not at all scientific,true,true,earth around sun,false,false,true,false,true,true,500 get the drug; 500 don't,no,yes,9,9
2018,988,37,female,white,bachelor's,16,south,married,0,working full time,40,70100,middle class,not very strong republican,"moderate, middle of the road",didn't vote for president,,favor,should be legal,very happy,,,most people can be trusted,,pretty well satisfied,7,2,once or twice a week,jewish,never,higher power,yes,ancient book,yes,sort of scientific,,,earth around sun,false,true,true,false,true,true,500 get the drug; 500 don't,no,yes,6,7
2018,989,60,female,white,high school,13,west,married,4,working part time,10,350.5,middle class,strong republican,"moderate, middle of the road",,favor,favor,should be legal,not too happy,poor,dull,can't be too careful,no,pretty well satisfied,20,,,protestant,about once or twice a year,no doubts,yes,word of god,,,,,,,,,,,,,,,0,0
2018,990,57,male,white,high school,13,west,married,2,working part time,29,9638.75,middle class,not very strong republican,slightly conservative,trump,,favor,should not be legal,not too happy,,,can't be too careful,,not satisfied at all,30,2,never,other,several times a year,"don't know, no way to find out",no,ancient book,,,,,,,,,,,,,,,0,0
2018,991,38,female,other,high school,12,west,married,2,keeping house,,,middle class,"independent (neither, no response)",don't know,,don't know,don't know,,not too happy,good,routine,,no,more or less satisfied,,1,never,muslim/islam,several times a year,no doubts,yes,inspired word,no,not at all scientific,false,false,earth around sun,false,true,don't know,true,true,true,don't know,don't know,don't know,4,9
2018,992,25,male,white,high school,14,west,never married,0,working part time,8,9638.75,working class,"independent (neither, no response)","moderate, middle of the road",,,favor,should be legal,not too happy,,,can't be too careful,,more or less satisfied,15,8,about once a year,none,never,"don't know, no way to find out",don't know,inspired word,yes,sort of scientific,,,earth around sun,false,false,true,false,true,true,500 get the drug; 500 don't,no,yes,7,7
2018,993,34,male,white,bachelor's,16,west,never married,0,"unemployed, laid off, looking for work",,5257.5,working class,strong democrat,extremely liberal,clinton,favor,oppose,,pretty happy,fair,routine,,no,not satisfied at all,,0,about once a year,none,never,don't believe,no,ancient book,no,not at all scientific,,,earth around sun,false,false,true,false,true,true,500 get the drug; 500 don't,no,yes,7,7
2018,994,65,male,white,high school,13,west,married,1,retired,,,middle class,strong republican,extremely conservative,trump,,favor,should be legal,pretty happy,,,can't be too careful,,more or less satisfied,,3,about once a month,protestant,about once a month,believe sometimes,no,inspired word,,,,,,,,,,,,,,,0,0
2018,995,34,female,white,high school,12,west,never married,0,working full time,40,31544.999999999996,working class,"independent (neither, no response)",extremely liberal,,favor,favor,,pretty happy,good,routine,,yes,not satisfied at all,4,2,several times a year,none,about once or twice a year,no doubts,yes,ancient book,yes,not at all scientific,,,sun around earth,don't know,false,don't know,true,false,true,500 get the drug; 500 don't,don't know,yes,2,7
2018,996,34,female,white,high school,15,west,never married,0,working part time,25,11391.25,middle class,other party,liberal,clinton,oppose,oppose,should be legal,not too happy,fair,routine,can't be too careful,yes,not satisfied at all,1,,,catholic,never,no doubts,yes,inspired word,,,,,,,,,,,,,,,0,0
2018,997,40,female,white,high school,14,west,never married,5,"unemployed, laid off, looking for work",,,lower class,"independent (neither, no response)",conservative,,oppose,oppose,should be legal,not too happy,good,dull,can't be too careful,no,not satisfied at all,,,,none,several times a year,higher power,yes,inspired word,,,,,,,,,,,,,,,0,0
2018,998,26,female,white,high school,15,west,never married,1,working full time,54,,working class,not very strong democrat,"moderate, middle of the road",,,oppose,should be legal,pretty happy,,,can't be too careful,,more or less satisfied,2,2,never,none,never,"don't know, no way to find out",no,ancient book,yes,not at all scientific,,,earth around sun,false,true,true,false,true,true,500 get the drug; 500 don't,no,yes,6,7
2018,999,23,female,white,high school,13,west,never married,0,working full time,36,9638.75,middle class,"independent, close to democrat",liberal,,oppose,favor,should be legal,pretty happy,good,exciting,depends,yes,not satisfied at all,30,,,none,never,higher power,yes,ancient book,,,,,,,,,,,,,,,0,0
2018,1000,24,female,white,high school,12,west,never married,0,working full time,40,26287.5,working class,"independent, close to republican","moderate, middle of the road",trump,oppose,favor,,pretty happy,good,routine,,yes,more or less satisfied,3,1,about once a month,none,less than once a year,higher power,yes,inspired word,yes,not at all scientific,true,don't know,earth around sun,true,don't know,don't know,false,don't know,don't know,500 get the drug; 500 don't,no,yes,3,9
2018,1001,28,female,white,associate/junior college,16,west,married,0,working part time,16,,middle class,other party,conservative,trump,,favor,should be legal,pretty happy,,,can't be too careful,,more or less satisfied,1,16,about once a year,protestant,less than once a year,believe with doubts,yes,inspired word,no,not at all scientific,false,,earth around sun,false,false,true,don't know,true,true,all 1000 get the drug,no,yes,6,8
2018,1002,56,female,white,associate/junior college,15,west,separated,2,keeping house,,,working class,not very strong democrat,slightly liberal,clinton,,favor,should be legal,pretty happy,,,most people can be trusted,,not satisfied at all,,1,never,catholic,about once or twice a year,no doubts,yes,inspired word,,,,,,,,,,,,,,,0,0
2018,1003,84,male,white,bachelor's,16,west,married,3,retired,,,middle class,strong republican,conservative,trump,favor,favor,should not be legal,pretty happy,good,routine,most people can be trusted,yes,pretty well satisfied,,,,protestant,every week,no doubts,yes,word of god,,,,,,,,,,,,,,,0,0
2018,1004,42,female,white,bachelor's,16,west,divorced,3,working part time,48,7886.249999999999,working class,"independent, close to democrat",extremely conservative,clinton,favor,oppose,should not be legal,not too happy,good,exciting,can't be too careful,yes,more or less satisfied,30,,,protestant,every week,no doubts,yes,inspired word,,,,,,,,,,,,,,,0,0
2018,1005,44,male,other,bachelor's,20,west,never married,0,working full time,50,,middle class,"independent, close to democrat",slightly liberal,clinton,,favor,should be legal,pretty happy,,,most people can be trusted,,pretty well satisfied,0,0,several times a month,none,never,"don't know, no way to find out",don't know,,no,not at all scientific,true,,earth around sun,false,false,true,false,false,true,500 get the drug; 500 don't,no,yes,7,8
2018,1006,51,male,other,graduate,20,west,divorced,3,"with a job, but not at work because of temporary illness, vacation, strike",,70100,working class,,slightly liberal,,,oppose,should not be legal,pretty happy,,,most people can be trusted,,more or less satisfied,0,1,several times a year,catholic,every week,no doubts,yes,inspired word,yes,not at all scientific,,,earth around sun,false,don't know,true,false,true,true,500 get the drug; 500 don't,yes,yes,6,7
2018,1007,61,male,black,bachelor's,16,west,divorced,3,working full time,41,31544.999999999996,working class,"independent, close to democrat",liberal,,favor,don't know,should be legal,very happy,excellent,exciting,can't be too careful,no,more or less satisfied,0,,,don't know,about once or twice a year,no doubts,yes,inspired word,,,,,,,,,,,,,,,0,0
2018,1008,37,female,white,bachelor's,16,west,married,2,"with a job, but not at work because of temporary illness, vacation, strike",,57832.5,middle class,not very strong democrat,liberal,clinton,favor,favor,should be legal,pretty happy,excellent,routine,can't be too careful,no,more or less satisfied,3,,,none,never,don't believe,yes,ancient book,,,,,,,,,,,,,,,0,0
2018,1009,39,male,white,bachelor's,16,west,divorced,2,working full time,40,31544.999999999996,middle class,not very strong republican,slightly conservative,trump,,favor,should be legal,pretty happy,,,most people can be trusted,,not satisfied at all,0,3,several times a month,catholic,about once or twice a year,believe with doubts,yes,inspired word,,,,,,,,,,,,,,,0,0
2018,1010,65,male,other,graduate,18,west,separated,2,working full time,60,176200.14942,middle class,"independent, close to republican",liberal,trump,,favor,should be legal,pretty happy,,,most people can be trusted,,pretty well satisfied,0,0,several times a month,none,never,"don't know, no way to find out",yes,ancient book,no,not at all scientific,,,earth around sun,false,false,true,false,true,true,500 get the drug; 500 don't,no,yes,7,7
2018,1011,39,female,white,high school,14,northeast,widowed,2,working part time,25,13143.75,working class,strong democrat,liberal,,favor,oppose,,not too happy,fair,dull,,no,pretty well satisfied,29,3,never,buddhism,never,believe with doubts,don't know,inspired word,yes,not at all scientific,true,true,earth around sun,don't know,don't know,true,false,true,true,500 get the drug; 500 don't,no,yes,7,9
2018,1012,26,female,black,high school,13,northeast,never married,0,working full time,48,19277.5,working class,not very strong republican,slightly liberal,clinton,favor,favor,should be legal,very happy,excellent,exciting,can't be too careful,no,pretty well satisfied,0,,,none,never,no doubts,yes,inspired word,,,,,,,,,,,,,,,0,0
2018,1013,55,female,white,bachelor's,16,northeast,married,5,working full time,40,57832.5,working class,strong republican,conservative,trump,,favor,should be legal,pretty happy,,,most people can be trusted,,pretty well satisfied,2,2,never,catholic,about once or twice a year,no doubts,yes,word of god,no,not at all scientific,true,,earth around sun,false,false,false,false,true,true,500 get the drug; 500 don't,no,yes,7,8
2018,1014,51,female,white,graduate,16,northeast,married,2,working full time,45,57832.5,middle class,strong republican,extremely conservative,trump,favor,oppose,,pretty happy,excellent,routine,,no,more or less satisfied,15,3,several times a month,catholic,every week,no doubts,yes,word of god,no,not at all scientific,,,sun around earth,false,true,false,false,false,false,all 1000 get the drug,no,yes,2,7
2018,1015,50,female,white,bachelor's,16,northeast,never married,0,working full time,49,70100,middle class,not very strong democrat,"moderate, middle of the road",clinton,,favor,should be legal,pretty happy,,,can't be too careful,,pretty well satisfied,2,2,several times a year,catholic,several times a year,no doubts,yes,inspired word,no,sort of scientific,,,sun around earth,false,true,true,true,true,true,500 get the drug; 500 don't,no,no,4,7
2018,1016,61,male,white,associate/junior college,14,northeast,married,2,working full time,70,31544.999999999996,middle class,"independent, close to republican",slightly conservative,,favor,favor,should be legal,very happy,good,exciting,most people can be trusted,no,more or less satisfied,0,,,protestant,about once or twice a year,no doubts,yes,inspired word,,,,,,,,,,,,,,,0,0
2018,1017,19,female,white,high school,13,northeast,never married,0,working full time,,2453.5,middle class,not very strong republican,conservative,,oppose,oppose,,very happy,excellent,exciting,,no,pretty well satisfied,,2,never,catholic,every week,no doubts,yes,inspired word,yes,not at all scientific,true,don't know,earth around sun,false,don't know,true,true,true,true,500 get the drug; 500 don't,no,yes,6,9
2018,1018,42,female,black,high school,14,northeast,never married,3,working full time,40,31544.999999999996,working class,strong democrat,liberal,,,oppose,should not be legal,not too happy,,,can't be too careful,,not satisfied at all,0,9,about once a month,protestant,every week,no doubts,yes,word of god,no,not at all scientific,don't know,,earth around sun,true,true,true,true,true,true,500 get the drug; 500 don't,no,yes,4,8
2018,1019,30,male,other,high school,13,northeast,married,2,working full time,70,22782.5,working class,"independent, close to democrat","moderate, middle of the road",,favor,favor,,very happy,fair,routine,,no,pretty well satisfied,0,1,never,catholic,less than once a year,no doubts,yes,ancient book,no,not at all scientific,,,earth around sun,true,false,false,don't know,true,true,500 get the drug; 500 don't,no,yes,4,7
2018,1020,60,female,white,graduate,18,northeast,never married,0,keeping house,,,lower class,strong democrat,"moderate, middle of the road",clinton,favor,favor,should not be legal,not too happy,fair,routine,can't be too careful,yes,more or less satisfied,,,,protestant,every week,no doubts,yes,inspired word,,,,,,,,,,,,,,,0,0
2018,1021,46,female,black,associate/junior college,13,northeast,never married,3,working full time,45,31544.999999999996,working class,strong democrat,"moderate, middle of the road",clinton,,favor,should be legal,pretty happy,,,most people can be trusted,,not satisfied at all,15,3,never,protestant,less than once a year,no doubts,yes,ancient book,,,,,,,,,,,,,,,0,0
2018,1022,35,female,white,high school,12,northeast,never married,2,working full time,35,16648.75,working class,not very strong democrat,"moderate, middle of the road",clinton,,oppose,should not be legal,pretty happy,,,can't be too careful,,more or less satisfied,2,5,about once a month,catholic,about once or twice a year,believe with doubts,yes,inspired word,,,,,,,,,,,,,,,0,0
2018,1023,75,female,black,high school,12,northeast,widowed,0,retired,,,don't know,strong democrat,slightly liberal,clinton,favor,favor,,very happy,good,exciting,,yes,not satisfied at all,,20,never,protestant,several times a year,no doubts,yes,word of god,no,sort of scientific,false,true,sun around earth,false,true,don't know,false,true,don't know,all 1000 get the drug,don't know,don't know,4,9
2018,1024,35,female,white,less than high school,10,northeast,married,0,retired,,,lower class,"independent, close to democrat","moderate, middle of the road",,favor,favor,should be legal,pretty happy,poor,routine,can't be too careful,yes,not satisfied at all,,,,protestant,several times a year,believe sometimes,yes,inspired word,,,,,,,,,,,,,,,0,0
2018,1025,34,male,white,bachelor's,16,northeast,married,4,working full time,60,176200.14942,middle class,not very strong republican,extremely conservative,trump,oppose,oppose,,pretty happy,good,exciting,,no,pretty well satisfied,0,0,never,protestant,every week,no doubts,yes,word of god,no,not at all scientific,,,earth around sun,false,false,true,false,true,true,500 get the drug; 500 don't,no,yes,7,7
2018,1026,58,male,white,associate/junior college,14,northeast,divorced,4,working full time,40,70100,working class,strong republican,conservative,trump,,favor,should be legal,very happy,,,can't be too careful,,pretty well satisfied,0,3,about once a month,catholic,2-3 times a month,no doubts,yes,inspired word,,,,,,,,,,,,,,,0,0
2018,1027,55,male,white,high school,12,northeast,widowed,2,working full time,86,98140,working class,strong republican,conservative,trump,favor,favor,,pretty happy,fair,routine,,no,pretty well satisfied,30,1,never,catholic,every week,believe with doubts,yes,inspired word,yes,not at all scientific,,,earth around sun,false,false,don't know,true,true,true,all 1000 get the drug,no,yes,5,7
2018,1028,86,male,white,bachelor's,16,northeast,widowed,3,retired,,,upper class,"independent, close to democrat",slightly liberal,clinton,favor,favor,should not be legal,not too happy,good,routine,most people can be trusted,no,pretty well satisfied,,,,catholic,about once or twice a year,believe sometimes,yes,inspired word,,,,,,,,,,,,,,,0,0
2018,1029,54,male,white,high school,12,northeast,never married,0,working full time,51,31544.999999999996,middle class,strong republican,conservative,trump,oppose,favor,,pretty happy,excellent,exciting,,no,more or less satisfied,0,0,several times a year,none,never,don't believe,no,ancient book,yes,not at all scientific,true,false,earth around sun,false,don't know,don't know,don't know,true,false,all 1000 get the drug,no,no,4,9
2018,1030,44,female,white,bachelor's,16,northeast,divorced,0,working full time,40,38555,middle class,not very strong republican,conservative,trump,,favor,should not be legal,pretty happy,,,most people can be trusted,,more or less satisfied,2,1,about once a month,protestant,every week,no doubts,yes,word of god,no,not at all scientific,false,,earth around sun,false,false,true,false,true,true,500 get the drug; 500 don't,no,yes,7,8
2018,1031,55,male,white,high school,12,northeast,never married,1,working full time,50,70100,middle class,"independent, close to republican",slightly conservative,trump,oppose,favor,,very happy,excellent,routine,,no,pretty well satisfied,0,4,several times a year,catholic,never,"don't know, no way to find out",don't know,ancient book,no,not at all scientific,,,earth around sun,false,false,false,false,true,true,500 get the drug; 500 don't,no,yes,6,7
2018,1032,58,female,white,associate/junior college,14,northeast,widowed,2,keeping house,,,working class,not very strong democrat,slightly liberal,clinton,favor,favor,should be legal,pretty happy,good,routine,can't be too careful,no,not satisfied at all,,,,catholic,every week,no doubts,yes,inspired word,,,,,,,,,,,,,,,0,0
2018,1033,54,male,white,high school,15,northeast,divorced,1,working full time,50,38555,working class,strong republican,conservative,trump,favor,favor,should not be legal,pretty happy,good,routine,can't be too careful,no,more or less satisfied,0,,,catholic,every week,no doubts,yes,word of god,,,,,,,,,,,,,,,0,0
2018,1034,31,female,white,bachelor's,16,northeast,separated,2,working part time,30,26287.5,working class,"independent, close to republican","moderate, middle of the road",,oppose,favor,should be legal,not too happy,fair,exciting,can't be too careful,yes,not satisfied at all,15,,,none,never,higher power,yes,ancient book,,,,,,,,,,,,,,,0,0
2018,1035,51,male,white,associate/junior college,15,northeast,never married,0,working full time,35,1402,working class,"independent, close to republican","moderate, middle of the road",,favor,oppose,,pretty happy,good,exciting,,no,more or less satisfied,0,4,never,catholic,never,no doubts,yes,word of god,no,not at all scientific,false,false,earth around sun,false,don't know,don't know,true,false,true,500 get the drug; 500 don't,yes,yes,3,9
2018,1036,39,male,white,less than high school,10,northeast,never married,2,working full time,40,31544.999999999996,working class,"independent, close to democrat","moderate, middle of the road",,,favor,should be legal,very happy,,,can't be too careful,,more or less satisfied,3,8,never,protestant,several times a year,no doubts,no,word of god,yes,sort of scientific,true,,earth around sun,false,false,false,true,true,true,500 get the drug; 500 don't,no,yes,6,8
2018,1037,86,female,white,high school,12,northeast,widowed,3,retired,,,working class,not very strong democrat,"moderate, middle of the road",trump,favor,favor,should be legal,pretty happy,fair,routine,most people can be trusted,yes,more or less satisfied,,,,muslim/islam,about once or twice a year,no doubts,yes,other (vol),,,,,,,,,,,,,,,0,0
2018,1038,54,male,white,bachelor's,16,northeast,divorced,2,working full time,40,57832.5,working class,not very strong republican,slightly conservative,trump,,favor,should be legal,pretty happy,,,can't be too careful,,more or less satisfied,2,2,several times a month,none,never,believe with doubts,yes,don't know,,,,,,,,,,,,,,,0,0
2018,1039,26,male,black,high school,12,northeast,never married,4,keeping house,,,middle class,"independent (neither, no response)",slightly liberal,,oppose,favor,,not too happy,fair,routine,,yes,not satisfied at all,,4,several times a month,none,never,higher power,yes,ancient book,yes,sort of scientific,false,false,earth around sun,true,don't know,false,true,true,true,500 get the drug; 500 don't,no,no,3,9
2018,1040,37,female,white,graduate,18,south,married,2,working full time,15,57832.5,middle class,"independent, close to democrat",slightly liberal,,favor,favor,,very happy,good,exciting,,no,pretty well satisfied,2,1,about once a month,protestant,several times a year,believe sometimes,yes,inspired word,no,not at all scientific,true,true,earth around sun,false,false,true,false,true,true,500 get the drug; 500 don't,no,yes,9,9
2018,1041,45,male,white,bachelor's,16,south,divorced,3,working full time,50,176200.14942,middle class,not very strong republican,slightly conservative,,favor,favor,should be legal,not too happy,fair,exciting,can't be too careful,no,more or less satisfied,0,,,none,never,higher power,don't know,ancient book,,,,,,,,,,,,,,,0,0
2018,1042,70,female,black,high school,14,south,married,3,retired,,,middle class,not very strong democrat,slightly liberal,clinton,favor,oppose,,very happy,good,exciting,,no,pretty well satisfied,,3,never,protestant,several times a week,no doubts,yes,word of god,no,not at all scientific,false,false,earth around sun,false,don't know,false,true,true,true,500 get the drug; 500 don't,no,yes,4,9
2018,1043,43,male,other,graduate,20,south,married,2,working full time,50,47317.5,working class,"independent, close to democrat","moderate, middle of the road",clinton,favor,oppose,,pretty happy,excellent,exciting,,no,more or less satisfied,0,1,several times a year,hinduism,every week,no doubts,yes,ancient book,yes,very scientific,,,earth around sun,false,false,true,false,true,true,500 get the drug; 500 don't,no,no,7,7
2018,1044,23,male,white,high school,14,south,never married,0,working full time,40,14896.249999999998,middle class,"independent (neither, no response)","moderate, middle of the road",,,favor,should be legal,very happy,,,can't be too careful,,more or less satisfied,0,2,once or twice a week,jewish,never,believe with doubts,yes,inspired word,yes,not at all scientific,true,,earth around sun,true,don't know,true,false,true,true,500 get the drug; 500 don't,no,yes,6,8
2018,1045,42,female,other,bachelor's,17,south,never married,3,working part time,25,19277.5,working class,strong democrat,slightly conservative,clinton,oppose,oppose,,pretty happy,good,routine,,yes,not satisfied at all,14,2,about once a year,protestant,every week,no doubts,yes,inspired word,yes,not at all scientific,true,false,earth around sun,false,true,false,true,true,true,all 1000 get the drug,no,no,5,9
2018,1046,86,female,white,associate/junior college,14,south,widowed,6,retired,,,middle class,"independent, close to democrat",slightly liberal,clinton,favor,oppose,,pretty happy,good,exciting,,yes,more or less satisfied,,3,never,protestant,every week,no doubts,yes,inspired word,no,not at all scientific,,,don't know,false,don't know,false,false,false,true,500 get the drug; 500 don't,no,don't know,3,7
2018,1047,72,female,white,high school,12,south,separated,2,retired,,,middle class,strong republican,extremely conservative,trump,favor,favor,should be legal,pretty happy,good,exciting,can't be too careful,yes,more or less satisfied,,,,protestant,never,no doubts,yes,word of god,,,,,,,,,,,,,,,0,0
2018,1048,55,female,white,graduate,18,south,divorced,1,"unemployed, laid off, looking for work",,350.5,middle class,not very strong democrat,"moderate, middle of the road",,favor,oppose,should not be legal,pretty happy,good,exciting,most people can be trusted,yes,more or less satisfied,,,,orthodox-christian,less than once a year,"don't know, no way to find out",no,inspired word,,,,,,,,,,,,,,,0,0
2018,1049,69,male,black,less than high school,11,south,widowed,0,retired,,,upper class,not very strong democrat,slightly conservative,clinton,oppose,oppose,should be legal,pretty happy,fair,routine,can't be too careful,yes,more or less satisfied,,,,protestant,2-3 times a month,no doubts,yes,word of god,,,,,,,,,,,,,,,0,0
2018,1050,89,female,black,less than high school,6,south,widowed,0,retired,,,lower class,strong democrat,don't know,clinton,,favor,should not be legal,very happy,,,can't be too careful,,more or less satisfied,,24,never,protestant,several times a week,no doubts,yes,word of god,no,don't know,,,don't know,don't know,don't know,don't know,true,don't know,don't know,all 1000 get the drug,don't know,don't know,0,7
2018,1051,68,male,black,less than high school,10,south,separated,8,retired,,,upper class,strong democrat,slightly liberal,clinton,oppose,favor,,pretty happy,fair,routine,,no,not satisfied at all,,9,never,protestant,2-3 times a month,no doubts,yes,word of god,no,not at all scientific,,,earth around sun,false,true,don't know,true,false,true,all 1000 get the drug,no,yes,3,7
2018,1052,45,female,white,high school,12,south,never married,0,working part time,7,19277.5,working class,strong republican,extremely conservative,trump,,oppose,don't know,very happy,,,most people can be trusted,,more or less satisfied,0,1,never,protestant,every week,no doubts,yes,word of god,,,,,,,,,,,,,,,0,0
2018,1053,18,female,white,high school,12,south,never married,0,"unemployed, laid off, looking for work",,,middle class,not very strong democrat,slightly conservative,,oppose,favor,,pretty happy,good,exciting,,no,pretty well satisfied,,3,never,protestant,about once a month,believe with doubts,yes,inspired word,yes,sort of scientific,true,true,sun around earth,true,false,false,true,true,true,all 1000 get the drug,no,no,5,9
2018,1054,22,male,white,high school,13,south,never married,0,working full time,50,7886.249999999999,working class,strong democrat,liberal,clinton,,favor,should be legal,pretty happy,,,can't be too careful,,more or less satisfied,18,1,about once a month,catholic,several times a year,believe with doubts,yes,inspired word,no,sort of scientific,,,earth around sun,false,don't know,false,true,false,true,500 get the drug; 500 don't,no,yes,3,7
2018,1055,66,female,white,high school,12,south,married,2,retired,,,working class,"independent, close to republican",slightly liberal,,favor,favor,should be legal,pretty happy,good,routine,can't be too careful,no,more or less satisfied,,,,protestant,never,higher power,no,inspired word,,,,,,,,,,,,,,,0,0
2018,1056,66,male,white,high school,13,south,divorced,3,retired,,,lower class,strong democrat,extremely liberal,,favor,oppose,,not too happy,poor,routine,,no,not satisfied at all,,3,about once a year,protestant,never,higher power,yes,word of god,yes,very scientific,true,false,earth around sun,false,true,false,true,true,true,500 get the drug; 500 don't,yes,yes,5,9
2018,1057,21,male,white,less than high school,9,south,never married,0,working full time,44,9638.75,working class,"independent, close to republican","moderate, middle of the road",,favor,favor,should not be legal,very happy,good,exciting,can't be too careful,no,pretty well satisfied,0,,,protestant,nearly every week,no doubts,yes,word of god,,,,,,,,,,,,,,,0,0
2018,1058,65,male,white,high school,12,midwest,married,4,working full time,40,22782.5,working class,not very strong republican,conservative,trump,,favor,should be legal,pretty happy,,,can't be too careful,,more or less satisfied,0,2,never,protestant,never,no doubts,yes,inspired word,,,,,,,,,,,,,,,0,0
2018,1059,29,male,white,high school,13,midwest,married,0,working part time,32,,working class,other party,"moderate, middle of the road",other candidate,oppose,oppose,,pretty happy,good,exciting,,yes,not satisfied at all,0,1,never,protestant,every week,no doubts,yes,inspired word,no,sort of scientific,false,false,earth around sun,false,false,false,false,true,true,500 get the drug; 500 don't,no,yes,6,9
2018,1060,50,female,white,high school,13,midwest,married,4,working part time,7,2453.5,working class,"independent, close to democrat","moderate, middle of the road",clinton,,favor,should be legal,very happy,,,can't be too careful,,more or less satisfied,2,4,never,protestant,every week,believe with doubts,yes,inspired word,yes,sort of scientific,,,earth around sun,true,false,true,false,false,true,500 get the drug; 500 don't,no,yes,5,7
2018,1061,65,male,white,high school,12,midwest,divorced,0,working part time,20,7886.249999999999,working class,not very strong republican,conservative,trump,don't know,favor,,pretty happy,good,routine,,no,more or less satisfied,3,5,never,protestant,several times a year,no doubts,yes,inspired word,no,not at all scientific,,,earth around sun,false,false,true,false,false,true,500 get the drug; 500 don't,no,yes,6,7
2018,1062,53,male,white,less than high school,11,midwest,divorced,1,working part time,20,350.5,working class,"independent (neither, no response)","moderate, middle of the road",clinton,favor,favor,should be legal,not too happy,fair,dull,can't be too careful,yes,not satisfied at all,10,,,protestant,every week,no doubts,yes,word of god,,,,,,,,,,,,,,,0,0
2018,1063,32,female,white,high school,14,midwest,married,3,keeping house,,,working class,"independent, close to republican",conservative,trump,favor,oppose,,very happy,excellent,exciting,,yes,more or less satisfied,,1,never,protestant,2-3 times a month,no doubts,yes,word of god,no,not at all scientific,false,false,earth around sun,false,false,false,false,false,true,500 get the drug; 500 don't,no,yes,5,9
2018,1064,47,female,white,high school,12,midwest,divorced,2,working full time,46,22782.5,middle class,strong republican,conservative,trump,,favor,should be legal,very happy,,,most people can be trusted,,more or less satisfied,0,0,never,protestant,about once or twice a year,don't know,yes,inspired word,yes,very scientific,false,,sun around earth,false,don't know,don't know,false,true,true,all 1000 get the drug,no,no,4,8
2018,1065,58,male,other,high school,12,midwest,married,7,working full time,48,14896.249999999998,working class,not very strong democrat,"moderate, middle of the road",,favor,don't know,,very happy,fair,routine,,no,more or less satisfied,0,4,about once a year,catholic,about once or twice a year,believe with doubts,no,word of god,yes,sort of scientific,,,earth around sun,false,true,true,true,true,true,500 get the drug; 500 don't,no,yes,5,7
2018,1066,44,female,white,high school,15,midwest,divorced,6,working full time,72,47317.5,middle class,not very strong republican,conservative,trump,favor,don't know,should be legal,pretty happy,fair,routine,most people can be trusted,no,not satisfied at all,0,,,protestant,never,no doubts,yes,word of god,,,,,,,,,,,,,,,0,0
2018,1067,50,male,white,less than high school,11,midwest,divorced,1,other,,,working class,"independent, close to republican",slightly conservative,,,favor,should be legal,not too happy,,,can't be too careful,,not satisfied at all,,3,about once a month,protestant,never,no doubts,yes,inspired word,no,sort of scientific,,,earth around sun,true,false,false,true,true,false,500 get the drug; 500 don't,no,no,3,7
2018,1068,51,male,white,associate/junior college,15,midwest,divorced,2,working full time,60,47317.5,working class,"independent, close to republican","moderate, middle of the road",,oppose,favor,should be legal,not too happy,excellent,exciting,can't be too careful,no,pretty well satisfied,0,,,none,never,"don't know, no way to find out",no,ancient book,,,,,,,,,,,,,,,0,0
2018,1069,53,female,other,high school,13,midwest,widowed,3,working full time,40,38555,middle class,not very strong republican,slightly conservative,trump,oppose,favor,,pretty happy,good,routine,,no,more or less satisfied,0,0,several times a year,protestant,every week,no doubts,yes,inspired word,yes,sort of scientific,,,don't know,false,false,false,false,false,true,all 1000 get the drug,yes,yes,4,7
2018,1070,44,female,black,associate/junior college,14,midwest,never married,5,working full time,50,7886.249999999999,working class,not very strong democrat,conservative,clinton,oppose,oppose,should be legal,not too happy,good,exciting,can't be too careful,no,not satisfied at all,0,,,protestant,about once or twice a year,no doubts,yes,inspired word,,,,,,,,,,,,,,,0,0
2018,1071,40,male,white,high school,13,midwest,never married,1,"unemployed, laid off, looking for work",,,working class,strong republican,liberal,trump,,favor,should be legal,pretty happy,,,can't be too careful,,more or less satisfied,,5,about once a year,catholic,less than once a year,no doubts,yes,word of god,no,not at all scientific,,,earth around sun,true,false,don't know,true,true,true,500 get the drug; 500 don't,no,yes,4,7
2018,1072,56,female,black,less than high school,11,midwest,never married,3,keeping house,,,lower class,"independent (neither, no response)",slightly liberal,,,oppose,should be legal,pretty happy,,,can't be too careful,,pretty well satisfied,,4,never,protestant,several times a year,no doubts,yes,word of god,,,,,,,,,,,,,,,0,0
2018,1073,52,female,black,high school,16,midwest,divorced,7,keeping house,,350.5,lower class,strong democrat,"moderate, middle of the road",clinton,,favor,should not be legal,pretty happy,,,can't be too careful,,not satisfied at all,,12,never,none,never,higher power,yes,ancient book,yes,not at all scientific,false,,sun around earth,false,don't know,false,true,true,true,all 1000 get the drug,yes,yes,3,8
2018,1074,65,female,black,high school,13,midwest,widowed,1,working part time,6,350.5,lower class,strong democrat,"moderate, middle of the road",clinton,favor,favor,,pretty happy,good,routine,,no,more or less satisfied,0,4,several times a month,protestant,every week,no doubts,yes,inspired word,yes,not at all scientific,,,sun around earth,false,false,true,false,true,false,500 get the drug; 500 don't,no,yes,5,7
2018,1075,37,female,white,high school,14,south,married,4,working full time,40,19277.5,working class,"independent, close to republican",slightly conservative,,favor,favor,should be legal,pretty happy,good,routine,can't be too careful,no,more or less satisfied,0,,,catholic,never,believe with doubts,no,inspired word,,,,,,,,,,,,,,,0,0
2018,1076,50,male,white,bachelor's,16,south,married,2,working full time,45,38555,middle class,"independent, close to republican",slightly conservative,,,favor,should be legal,very happy,,,most people can be trusted,,more or less satisfied,0,1,several times a year,catholic,2-3 times a month,believe with doubts,no,inspired word,,,,,,,,,,,,,,,0,0
2018,1077,27,female,white,high school,15,south,divorced,0,"with a job, but not at work because of temporary illness, vacation, strike",,13143.75,middle class,not very strong republican,slightly conservative,,,oppose,should not be legal,pretty happy,,,most people can be trusted,,not satisfied at all,,1,several times a year,protestant,never,no doubts,yes,inspired word,yes,sort of scientific,,,earth around sun,true,false,true,false,true,true,all 1000 get the drug,no,no,6,7
2018,1078,49,female,white,bachelor's,16,south,married,2,working full time,40,38555,middle class,strong democrat,slightly liberal,clinton,favor,oppose,,very happy,excellent,exciting,,no,more or less satisfied,0,1,several times a year,none,about once or twice a year,believe with doubts,yes,inspired word,no,not at all scientific,,,sun around earth,false,false,false,false,true,true,500 get the drug; 500 don't,no,yes,5,7
2018,1079,41,male,white,less than high school,8,south,never married,2,working full time,48,,working class,"independent, close to republican","moderate, middle of the road",,favor,favor,should be legal,pretty happy,excellent,exciting,can't be too careful,yes,not satisfied at all,0,,,catholic,every week,no doubts,yes,inspired word,,,,,,,,,,,,,,,0,0
2018,1080,72,male,white,associate/junior college,14,south,married,3,retired,,,middle class,strong democrat,"moderate, middle of the road",clinton,oppose,favor,,not too happy,good,routine,,no,not satisfied at all,,10,never,catholic,every week,no doubts,yes,inspired word,no,not at all scientific,don't know,don't know,earth around sun,false,true,false,true,true,true,500 get the drug; 500 don't,yes,yes,4,9
2018,1081,42,male,white,high school,12,south,divorced,0,working full time,60,22782.5,working class,"independent (neither, no response)",don't know,,favor,favor,should not be legal,pretty happy,excellent,routine,most people can be trusted,no,more or less satisfied,0,,,catholic,every week,no doubts,yes,inspired word,,,,,,,,,,,,,,,0,0
2018,1082,24,male,white,high school,13,south,never married,0,working full time,32,22782.5,working class,"independent, close to democrat",extremely liberal,other candidate,oppose,oppose,,pretty happy,good,exciting,,no,not satisfied at all,7,2,never,none,several times a year,higher power,no,ancient book,no,not at all scientific,,,earth around sun,false,false,false,false,true,true,500 get the drug; 500 don't,no,no,6,7
2018,1083,31,male,other,less than high school,9,south,never married,2,working part time,6,19277.5,working class,"independent, close to democrat","moderate, middle of the road",,,favor,should be legal,very happy,,,can't be too careful,,more or less satisfied,0,3,several times a year,catholic,about once a month,no doubts,yes,word of god,,,,,,,,,,,,,,,0,0
2018,1084,33,female,white,high school,13,south,married,4,working full time,40,19277.5,middle class,"independent (neither, no response)","moderate, middle of the road",,favor,don't know,should be legal,pretty happy,excellent,exciting,can't be too careful,no,pretty well satisfied,0,,,none,about once or twice a year,believe with doubts,yes,other (vol),,,,,,,,,,,,,,,0,0
2018,1085,69,female,white,high school,9,south,divorced,3,working part time,25,9638.75,working class,strong democrat,liberal,clinton,favor,oppose,should not be legal,not too happy,good,exciting,can't be too careful,no,not satisfied at all,0,,,catholic,nearly every week,no doubts,yes,inspired word,,,,,,,,,,,,,,,0,0
2018,1086,46,female,white,bachelor's,16,south,divorced,3,working full time,75,47317.5,working class,"independent (neither, no response)",slightly liberal,trump,,favor,should be legal,pretty happy,,,depends,,pretty well satisfied,5,3,once or twice a week,protestant,about once or twice a year,no doubts,yes,inspired word,,,,,,,,,,,,,,,0,0
2018,1087,71,female,white,high school,9,south,married,4,retired,,,middle class,not very strong democrat,"moderate, middle of the road",,favor,oppose,,very happy,good,exciting,,no,more or less satisfied,,5,never,catholic,several times a week,no doubts,yes,word of god,no,sort of scientific,don't know,don't know,sun around earth,don't know,don't know,don't know,true,true,don't know,500 get the drug; 500 don't,don't know,yes,1,9
2018,1088,22,female,white,high school,16,south,never married,0,in school,,,middle class,"independent, close to republican","moderate, middle of the road",trump,favor,favor,should not be legal,pretty happy,good,routine,can't be too careful,yes,pretty well satisfied,,,,none,never,higher power,yes,ancient book,,,,,,,,,,,,,,,0,0
2018,1089,53,male,white,high school,14,midwest,married,3,working full time,60,38555,working class,strong republican,slightly conservative,trump,,favor,should be legal,pretty happy,,,can't be too careful,,more or less satisfied,0,3,several times a year,catholic,every week,no doubts,yes,inspired word,yes,not at all scientific,,,earth around sun,false,true,false,true,true,true,500 get the drug; 500 don't,no,no,4,7
2018,1090,30,male,white,graduate,16,midwest,married,0,working full time,50,47317.5,middle class,not very strong republican,slightly conservative,,,favor,should be legal,very happy,,,can't be too careful,,pretty well satisfied,0,3,several times a month,catholic,about once or twice a year,believe sometimes,yes,ancient book,,,,,,,,,,,,,,,0,0
2018,1091,61,male,white,bachelor's,16,midwest,married,2,working full time,45,70100,middle class,strong republican,conservative,trump,favor,favor,,very happy,good,exciting,,no,more or less satisfied,0,1,never,protestant,nearly every week,no doubts,yes,inspired word,no,not at all scientific,false,true,earth around sun,false,false,true,false,false,true,500 get the drug; 500 don't,no,yes,7,9
2018,1092,39,male,other,graduate,18,midwest,married,2,working full time,40,70100,middle class,not very strong republican,slightly conservative,,favor,favor,should not be legal,pretty happy,good,exciting,most people can be trusted,no,pretty well satisfied,0,,,catholic,several times a week,believe with doubts,yes,word of god,,,,,,,,,,,,,,,0,0
2018,1093,27,male,white,bachelor's,16,midwest,married,0,working full time,50,,middle class,"independent, close to republican",slightly conservative,don't know,,oppose,should be legal,very happy,,,most people can be trusted,,pretty well satisfied,1,1,once or twice a week,catholic,about once a month,believe with doubts,yes,inspired word,no,not at all scientific,false,,earth around sun,false,false,true,don't know,true,true,500 get the drug; 500 don't,no,yes,6,8
2018,1094,71,male,white,bachelor's,16,midwest,divorced,2,retired,,,middle class,"independent, close to republican",conservative,clinton,favor,favor,,pretty happy,fair,exciting,,no,pretty well satisfied,,5,about once a month,protestant,nearly every week,no doubts,no,inspired word,no,not at all scientific,,,earth around sun,false,false,false,false,true,true,500 get the drug; 500 don't,no,yes,6,7
2018,1095,60,female,white,high school,12,midwest,married,0,working full time,40,57832.5,middle class,strong republican,"moderate, middle of the road",trump,favor,favor,should be legal,very happy,good,exciting,most people can be trusted,no,more or less satisfied,0,,,protestant,several times a year,no doubts,yes,inspired word,,,,,,,,,,,,,,,0,0
2018,1096,47,male,white,bachelor's,17,midwest,divorced,2,working full time,40,38555,working class,"independent, close to democrat",slightly liberal,clinton,favor,oppose,should be legal,not too happy,good,exciting,can't be too careful,no,more or less satisfied,2,,,none,never,"don't know, no way to find out",no,ancient book,,,,,,,,,,,,,,,0,0
2018,1097,33,male,white,high school,14,midwest,married,0,working full time,50,31544.999999999996,working class,not very strong democrat,slightly liberal,clinton,favor,oppose,should be legal,pretty happy,good,exciting,most people can be trusted,yes,more or less satisfied,10,,,catholic,about once a month,no doubts,yes,inspired word,,,,,,,,,,,,,,,0,0
2018,1098,29,male,white,bachelor's,17,midwest,never married,0,working full time,40,22782.5,working class,strong democrat,extremely liberal,clinton,favor,oppose,,pretty happy,good,exciting,,yes,more or less satisfied,5,3,almost daily,none,less than once a year,don't believe,no,ancient book,no,not at all scientific,true,true,earth around sun,false,false,true,false,true,true,500 get the drug; 500 don't,no,yes,9,9
2018,1099,60,female,black,high school,13,midwest,divorced,0,working full time,41,31544.999999999996,middle class,,slightly liberal,clinton,favor,oppose,,pretty happy,good,routine,,yes,more or less satisfied,0,2,several times a year,protestant,several times a year,believe with doubts,yes,inspired word,yes,not at all scientific,,,earth around sun,don't know,don't know,false,false,don't know,don't know,500 get the drug; 500 don't,no,don't know,2,7
2018,1100,27,female,black,high school,13,midwest,never married,4,keeping house,,19277.5,working class,"independent (neither, no response)",slightly liberal,,oppose,oppose,should be legal,pretty happy,fair,exciting,can't be too careful,yes,not satisfied at all,,,,none,less than once a year,higher power,yes,inspired word,,,,,,,,,,,,,,,0,0
2018,1101,30,male,white,high school,9,midwest,never married,0,"unemployed, laid off, looking for work",,3855.4999999999995,lower class,"independent (neither, no response)",don't know,,favor,favor,,not too happy,fair,exciting,,no,not satisfied at all,,0,about once a year,none,about once a month,higher power,yes,ancient book,yes,not at all scientific,don't know,don't know,earth around sun,false,don't know,don't know,true,true,true,500 get the drug; 500 don't,no,yes,4,9
2018,1102,24,female,white,less than high school,13,midwest,never married,0,working part time,15,1402,working class,"independent, close to democrat",slightly liberal,,favor,oppose,should be legal,pretty happy,poor,exciting,can't be too careful,no,more or less satisfied,14,,,none,never,higher power,yes,ancient book,,,,,,,,,,,,,,,0,0
2018,1103,57,male,white,high school,12,midwest,never married,0,working full time,1,,working class,"independent (neither, no response)","moderate, middle of the road",,,favor,should be legal,pretty happy,,,can't be too careful,,more or less satisfied,15,2,several times a year,protestant,about once or twice a year,higher power,no,ancient book,,,,,,,,,,,,,,,0,0
2018,1104,19,male,white,high school,12,midwest,never married,0,working part time,20,,middle class,"independent, close to republican","moderate, middle of the road",,favor,favor,,not too happy,poor,dull,,no,not satisfied at all,30,0,never,none,never,don't believe,no,ancient book,yes,sort of scientific,true,don't know,earth around sun,don't know,don't know,true,true,true,true,500 get the drug; 500 don't,no,yes,5,9
2018,1105,55,male,white,high school,11,midwest,never married,0,working full time,50,31544.999999999996,lower class,"independent, close to republican","moderate, middle of the road",,favor,favor,should be legal,pretty happy,fair,routine,can't be too careful,no,not satisfied at all,0,,,none,never,"don't know, no way to find out",no,ancient book,,,,,,,,,,,,,,,0,0
2018,1106,75,female,black,high school,12,midwest,divorced,3,working part time,32,38555,working class,not very strong democrat,extremely conservative,clinton,,oppose,should be legal,pretty happy,,,can't be too careful,,more or less satisfied,0,1,never,protestant,about once a month,higher power,no,word of god,,,,,,,,,,,,,,,0,0
2018,1107,50,male,black,high school,13,midwest,married,1,working full time,60,57832.5,working class,"independent, close to democrat","moderate, middle of the road",clinton,favor,favor,,pretty happy,good,routine,,no,pretty well satisfied,2,2,about once a month,protestant,about once or twice a year,no doubts,yes,inspired word,no,very scientific,true,don't know,sun around earth,false,don't know,true,true,don't know,true,all 1000 get the drug,yes,yes,4,9
2018,1108,70,male,white,associate/junior college,17,midwest,married,3,working full time,40,14896.249999999998,working class,not very strong republican,conservative,trump,favor,favor,should be legal,pretty happy,good,routine,can't be too careful,no,more or less satisfied,0,,,protestant,never,no doubts,yes,inspired word,,,,,,,,,,,,,,,0,0
2018,1109,65,male,white,bachelor's,18,midwest,divorced,2,retired,,,middle class,not very strong democrat,slightly liberal,clinton,oppose,favor,,pretty happy,good,routine,,no,more or less satisfied,,3,about once a year,catholic,about once a month,believe with doubts,don't know,inspired word,yes,sort of scientific,,,earth around sun,false,don't know,true,true,true,false,all 1000 get the drug,no,yes,4,7
2018,1110,28,female,white,bachelor's,16,midwest,married,1,working full time,40,,working class,"independent, close to democrat",liberal,didn't vote for president,favor,favor,should be legal,pretty happy,good,routine,most people can be trusted,yes,not satisfied at all,5,,,none,never,don't believe,no,ancient book,,,,,,,,,,,,,,,0,0
2018,1111,57,female,white,high school,12,midwest,married,5,working full time,50,26287.5,working class,not very strong democrat,slightly liberal,clinton,favor,favor,,pretty happy,good,exciting,,yes,more or less satisfied,3,2,never,none,never,don't believe,no,ancient book,yes,very scientific,,,earth around sun,false,false,don't know,false,true,true,all 1000 get the drug,no,yes,6,7
2018,1112,48,male,white,bachelor's,18,midwest,married,5,keeping house,,6309,middle class,other party,"moderate, middle of the road",trump,,favor,should be legal,pretty happy,,,most people can be trusted,,more or less satisfied,,3,about once a year,protestant,several times a year,no doubts,yes,inspired word,,,,,,,,,,,,,,,0,0
2018,1113,18,female,white,high school,12,midwest,never married,0,working full time,40,,upper class,"independent (neither, no response)",liberal,,oppose,oppose,should be legal,very happy,excellent,dull,most people can be trusted,no,more or less satisfied,30,,,none,never,don't believe,no,word of god,,,,,,,,,,,,,,,0,0
2018,1114,27,male,white,high school,15,midwest,married,0,working full time,40,7886.249999999999,middle class,"independent, close to republican",slightly conservative,trump,,oppose,should be legal,pretty happy,,,most people can be trusted,,more or less satisfied,4,1,several times a year,protestant,2-3 times a month,believe with doubts,yes,inspired word,no,not at all scientific,,,earth around sun,false,false,true,false,true,true,500 get the drug; 500 don't,no,yes,7,7
2018,1115,41,male,white,high school,12,midwest,married,0,working part time,10,350.5,working class,other party,liberal,,oppose,don't know,,very happy,good,dull,,no,pretty well satisfied,0,1,several times a year,other,never,higher power,yes,ancient book,yes,not at all scientific,,,earth around sun,don't know,false,true,false,true,true,500 get the drug; 500 don't,no,yes,6,7
2018,1116,69,female,white,graduate,18,midwest,never married,0,retired,,,middle class,"independent (neither, no response)","moderate, middle of the road",,,favor,don't know,pretty happy,,,most people can be trusted,,pretty well satisfied,,2,never,protestant,never,no doubts,yes,inspired word,,,,,,,,,,,,,,,0,0
2018,1117,32,female,black,high school,15,midwest,never married,1,"with a job, but not at work because of temporary illness, vacation, strike",,16648.75,working class,not very strong democrat,slightly liberal,other candidate,favor,favor,,pretty happy,good,routine,,no,not satisfied at all,15,3,about once a month,protestant,nearly every week,no doubts,yes,ancient book,yes,sort of scientific,true,false,earth around sun,false,true,false,false,true,true,500 get the drug; 500 don't,no,yes,6,9
2018,1118,21,female,black,high school,12,midwest,never married,0,keeping house,,,middle class,"independent (neither, no response)","moderate, middle of the road",,,oppose,should not be legal,very happy,,,can't be too careful,,more or less satisfied,,20,never,catholic,several times a year,believe sometimes,yes,word of god,no,sort of scientific,true,,earth around sun,true,don't know,false,true,don't know,true,500 get the drug; 500 don't,yes,yes,3,8
2018,1119,30,female,black,high school,12,midwest,never married,1,working full time,40,19277.5,lower class,other party,"moderate, middle of the road",clinton,favor,oppose,,pretty happy,good,routine,,no,not satisfied at all,0,4,about once a month,none,never,higher power,no,ancient book,no,not at all scientific,,,sun around earth,don't know,don't know,don't know,false,don't know,true,500 get the drug; 500 don't,no,yes,2,7
2018,1120,66,female,white,high school,12,midwest,divorced,6,retired,,,working class,"independent, close to democrat",slightly liberal,clinton,favor,favor,should be legal,pretty happy,fair,routine,can't be too careful,yes,not satisfied at all,,,,catholic,several times a year,no doubts,yes,inspired word,,,,,,,,,,,,,,,0,0
2018,1121,59,female,other,high school,15,midwest,divorced,2,working full time,60,4556.5,middle class,"independent, close to republican","moderate, middle of the road",,,favor,should be legal,pretty happy,,,most people can be trusted,,more or less satisfied,2,2,never,none,never,no doubts,no,inspired word,,,,,,,,,,,,,,,0,0
2018,1122,22,female,other,high school,12,midwest,never married,1,working full time,40,4556.5,middle class,other party,"moderate, middle of the road",,favor,oppose,,pretty happy,good,routine,,yes,not satisfied at all,0,1,about once a year,catholic,every week,no doubts,yes,inspired word,yes,very scientific,false,true,earth around sun,false,false,true,true,true,true,500 get the drug; 500 don't,no,yes,7,9
2018,1123,31,male,white,associate/junior college,16,midwest,never married,0,working full time,40,22782.5,working class,strong democrat,liberal,clinton,favor,favor,,pretty happy,good,routine,,yes,not satisfied at all,15,2,once or twice a week,none,never,don't believe,yes,ancient book,no,not at all scientific,,,earth around sun,false,false,true,true,true,true,500 get the drug; 500 don't,no,no,6,7
2018,1124,50,female,white,bachelor's,16,midwest,divorced,3,keeping house,,16648.75,working class,"independent (neither, no response)","moderate, middle of the road",,,oppose,should not be legal,not too happy,,,can't be too careful,,not satisfied at all,,1,never,muslim/islam,never,no doubts,yes,word of god,,,,,,,,,,,,,,,0,0
2018,1125,21,male,white,high school,15,midwest,never married,0,working part time,36,3154.5,middle class,strong republican,conservative,trump,oppose,favor,,pretty happy,good,exciting,,no,pretty well satisfied,3,2,never,protestant,about once or twice a year,higher power,no,ancient book,yes,sort of scientific,true,true,earth around sun,false,false,true,true,true,true,500 get the drug; 500 don't,no,yes,8,9
2018,1126,29,male,white,bachelor's,16,midwest,married,0,working part time,40,31544.999999999996,middle class,not very strong democrat,slightly liberal,clinton,favor,oppose,should not be legal,very happy,fair,exciting,most people can be trusted,yes,pretty well satisfied,0,,,protestant,several times a week,no doubts,yes,word of god,,,,,,,,,,,,,,,0,0
2018,1127,21,female,white,high school,15,midwest,never married,0,working part time,24,3154.5,middle class,"independent, close to republican","moderate, middle of the road",,,favor,should be legal,pretty happy,,,can't be too careful,,pretty well satisfied,10,2,about once a month,catholic,never,no doubts,yes,inspired word,yes,not at all scientific,true,,sun around earth,true,false,false,false,true,true,500 get the drug; 500 don't,no,yes,5,8
2018,1128,21,female,other,high school,15,midwest,never married,0,in school,,2453.5,middle class,strong democrat,extremely liberal,clinton,favor,oppose,should be legal,not too happy,excellent,exciting,most people can be trusted,yes,more or less satisfied,,,,none,never,higher power,yes,inspired word,,,,,,,,,,,,,,,0,0
2018,1129,25,male,white,bachelor's,17,midwest,never married,0,working part time,35,,working class,strong democrat,liberal,clinton,,oppose,should be legal,pretty happy,,,most people can be trusted,,not satisfied at all,5,2,about once a year,catholic,every week,believe with doubts,yes,inspired word,,,,,,,,,,,,,,,0,0
2018,1130,22,male,white,associate/junior college,16,midwest,never married,0,in school,,47317.5,middle class,not very strong republican,slightly conservative,trump,oppose,favor,,pretty happy,good,routine,,no,more or less satisfied,,2,never,protestant,several times a year,believe with doubts,yes,inspired word,no,sort of scientific,true,true,earth around sun,false,true,true,true,true,true,500 get the drug; 500 don't,yes,yes,7,9
2018,1131,23,male,black,high school,13,midwest,never married,1,"with a job, but not at work because of temporary illness, vacation, strike",,,middle class,"independent, close to democrat",don't know,clinton,favor,oppose,should be legal,not too happy,fair,routine,can't be too careful,no,not satisfied at all,3,,,don't know,never,believe with doubts,yes,ancient book,,,,,,,,,,,,,,,0,0
2018,1132,21,male,white,high school,14,midwest,never married,0,in school,,,middle class,strong democrat,liberal,clinton,favor,oppose,,pretty happy,fair,routine,,no,pretty well satisfied,,3,several times a month,protestant,several times a year,higher power,don't know,inspired word,yes,not at all scientific,,,earth around sun,false,false,false,false,true,true,500 get the drug; 500 don't,no,yes,6,7
2018,1133,21,male,white,high school,15,midwest,never married,0,"unemployed, laid off, looking for work",,1402,middle class,not very strong democrat,slightly liberal,,favor,favor,should be legal,not too happy,excellent,routine,can't be too careful,yes,pretty well satisfied,,,,none,never,believe with doubts,yes,inspired word,,,,,,,,,,,,,,,0,0
2018,1134,55,male,white,bachelor's,16,midwest,married,2,working full time,40,176200.14942,lower class,"independent, close to democrat",liberal,trump,,favor,should be legal,pretty happy,,,can't be too careful,,pretty well satisfied,0,2,about once a month,protestant,several times a year,believe with doubts,no,inspired word,,,,,,,,,,,,,,,0,0
2018,1135,63,male,white,graduate,20,midwest,married,8,working full time,80,31544.999999999996,middle class,strong republican,"moderate, middle of the road",clinton,favor,oppose,should not be legal,pretty happy,excellent,exciting,most people can be trusted,no,more or less satisfied,0,,,protestant,every week,no doubts,yes,inspired word,,,,,,,,,,,,,,,0,0
2018,1136,86,female,white,high school,12,midwest,widowed,1,retired,,,working class,"independent, close to republican",conservative,trump,don't know,favor,,very happy,good,exciting,,no,pretty well satisfied,,6,never,protestant,nearly every week,no doubts,don't know,word of god,yes,sort of scientific,,,earth around sun,false,don't know,true,true,true,true,500 get the drug; 500 don't,no,no,5,7
2018,1137,40,male,white,less than high school,8,midwest,married,4,working full time,60,38555,working class,strong republican,"moderate, middle of the road",trump,favor,favor,should not be legal,very happy,good,exciting,can't be too careful,no,pretty well satisfied,0,,,protestant,never,no doubts,yes,inspired word,,,,,,,,,,,,,,,0,0
2018,1138,42,male,other,high school,12,midwest,married,3,working full time,70,22782.5,working class,"independent (neither, no response)",conservative,,,don't know,should not be legal,not too happy,,,can't be too careful,,not satisfied at all,2,2,never,none,about once or twice a year,no doubts,no,inspired word,no,don't know,,,earth around sun,true,don't know,true,true,true,true,500 get the drug; 500 don't,no,no,4,7
2018,1139,64,female,white,high school,12,midwest,separated,2,retired,,,working class,strong republican,conservative,trump,oppose,favor,should be legal,not too happy,fair,routine,can't be too careful,no,not satisfied at all,,,,protestant,several times a year,no doubts,yes,inspired word,,,,,,,,,,,,,,,0,0
2018,1140,72,female,white,bachelor's,20,west,divorced,3,retired,,176200.14942,middle class,strong democrat,liberal,clinton,favor,favor,,very happy,fair,exciting,,yes,not satisfied at all,,3,never,jewish,2-3 times a month,higher power,yes,ancient book,yes,not at all scientific,true,true,earth around sun,false,false,true,false,true,true,500 get the drug; 500 don't,no,yes,9,9
2018,1141,84,male,white,associate/junior college,16,west,married,2,retired,,1402,middle class,strong democrat,liberal,,,favor,should not be legal,pretty happy,,,can't be too careful,,more or less satisfied,,3,never,jewish,never,don't believe,no,ancient book,,,,,,,,,,,,,,,0,0
2018,1142,30,female,black,associate/junior college,14,west,never married,2,working full time,40,26287.5,middle class,"independent (neither, no response)",slightly liberal,,,favor,should be legal,very happy,,,can't be too careful,,pretty well satisfied,0,4,several times a year,protestant,2-3 times a month,no doubts,yes,inspired word,yes,very scientific,,,earth around sun,false,don't know,true,true,true,true,500 get the drug; 500 don't,yes,yes,5,7
2018,1143,33,male,white,high school,12,west,never married,0,working full time,40,14896.249999999998,working class,"independent (neither, no response)",extremely liberal,other candidate,don't know,oppose,,pretty happy,good,exciting,,no,more or less satisfied,0,0,several times a year,none,about once or twice a year,"don't know, no way to find out",don't know,ancient book,yes,not at all scientific,,,earth around sun,false,false,true,false,true,true,500 get the drug; 500 don't,no,yes,7,7
2018,1144,76,male,white,high school,14,west,widowed,2,retired,,,middle class,other party,conservative,trump,oppose,favor,don't know,pretty happy,excellent,exciting,depends,yes,more or less satisfied,,,,jewish,about once a month,believe with doubts,yes,inspired word,,,,,,,,,,,,,,,0,0
2018,1145,28,male,other,graduate,19,west,never married,0,working full time,40,47317.5,working class,"independent, close to democrat","moderate, middle of the road",,,oppose,should not be legal,pretty happy,,,depends,,more or less satisfied,6,2,about once a month,hinduism,never,"don't know, no way to find out",no,inspired word,,,,,,,,,,,,,,,0,0
2018,1146,23,female,black,bachelor's,16,west,never married,0,in school,,14896.249999999998,middle class,"independent, close to republican","moderate, middle of the road",,favor,favor,should be legal,very happy,excellent,exciting,can't be too careful,yes,pretty well satisfied,,,,protestant,never,no doubts,yes,inspired word,,,,,,,,,,,,,,,0,0
2018,1147,30,female,white,less than high school,12,west,married,3,keeping house,,,working class,not very strong democrat,slightly conservative,clinton,,favor,don't know,pretty happy,,,can't be too careful,,more or less satisfied,,7,several times a year,catholic,less than once a year,no doubts,yes,inspired word,yes,sort of scientific,true,,earth around sun,false,true,true,true,true,true,500 get the drug; 500 don't,no,no,6,8
2018,1148,29,female,other,high school,12,west,never married,0,working full time,36,,middle class,not very strong democrat,"moderate, middle of the road",,favor,favor,,pretty happy,excellent,routine,,yes,pretty well satisfied,0,2,never,catholic,2-3 times a month,no doubts,yes,inspired word,yes,sort of scientific,,,earth around sun,true,true,true,true,true,true,500 get the drug; 500 don't,yes,yes,4,7
2018,1149,23,male,white,less than high school,11,west,divorced,0,working part time,60,11391.25,working class,"independent (neither, no response)","moderate, middle of the road",,oppose,favor,should be legal,pretty happy,fair,routine,depends,no,not satisfied at all,3,,,other,never,believe with doubts,don't know,inspired word,,,,,,,,,,,,,,,0,0
2018,1150,85,male,white,bachelor's,17,west,never married,0,working full time,89,,middle class,not very strong democrat,"moderate, middle of the road",clinton,,favor,should be legal,not too happy,,,can't be too careful,,more or less satisfied,15,4,never,none,never,no doubts,yes,inspired word,,,,,,,,,,,,,,,0,0
2018,1151,58,male,other,less than high school,9,west,married,0,"unemployed, laid off, looking for work",,57832.5,working class,"independent (neither, no response)",don't know,trump,favor,favor,,pretty happy,fair,exciting,,no,pretty well satisfied,,6,never,protestant,every week,no doubts,yes,word of god,no,not at all scientific,false,false,sun around earth,don't know,don't know,don't know,true,don't know,don't know,500 get the drug; 500 don't,don't know,don't know,0,9
2018,1152,86,male,white,high school,13,west,widowed,1,retired,,,middle class,"independent, close to democrat","moderate, middle of the road",,favor,,should not be legal,not too happy,fair,routine,most people can be trusted,no,pretty well satisfied,,,,none,never,don't believe,no,ancient book,,,,,,,,,,,,,,,0,0
2018,1153,82,male,white,graduate,17,west,married,6,retired,,350.5,middle class,not very strong republican,conservative,trump,,favor,should not be legal,very happy,,,most people can be trusted,,more or less satisfied,,3,never,protestant,every week,no doubts,yes,word of god,no,not at all scientific,,,earth around sun,false,false,true,false,true,true,500 get the drug; 500 don't,yes,no,7,7
2018,1154,50,male,black,high school,12,west,married,8,working full time,40,16648.75,lower class,strong democrat,"moderate, middle of the road",clinton,favor,oppose,,very happy,fair,exciting,,no,more or less satisfied,0,5,never,protestant,2-3 times a month,believe with doubts,yes,word of god,yes,very scientific,,,sun around earth,false,false,true,true,false,true,500 get the drug; 500 don't,no,yes,4,7
2018,1155,55,male,black,high school,13,west,never married,1,working full time,40,70100,working class,"independent (neither, no response)",extremely liberal,clinton,,favor,don't know,pretty happy,,,can't be too careful,,more or less satisfied,1,4,about once a month,none,every week,higher power,yes,inspired word,,,,,,,,,,,,,,,0,0
2018,1156,41,female,other,bachelor's,16,west,divorced,3,working full time,32,38555,middle class,"independent, close to democrat","moderate, middle of the road",clinton,favor,favor,,very happy,good,exciting,,yes,not satisfied at all,30,3,several times a month,catholic,several times a year,no doubts,yes,inspired word,yes,not at all scientific,false,true,earth around sun,false,true,true,true,true,true,500 get the drug; 500 don't,no,yes,6,9
2018,1157,22,male,other,high school,14,west,never married,0,working part time,33,13143.75,working class,other party,slightly liberal,clinton,oppose,oppose,should be legal,pretty happy,excellent,exciting,can't be too careful,yes,more or less satisfied,5,,,none,less than once a year,higher power,yes,ancient book,,,,,,,,,,,,,,,0,0
2018,1158,28,male,white,associate/junior college,14,west,married,3,working full time,40,38555,middle class,strong republican,extremely conservative,trump,,favor,should not be legal,very happy,,,most people can be trusted,,pretty well satisfied,0,1,never,protestant,several times a week,no doubts,yes,word of god,no,not at all scientific,false,,earth around sun,false,don't know,true,true,true,true,all 1000 get the drug,no,yes,5,8
2018,1159,87,female,black,high school,12,west,divorced,5,retired,,,middle class,strong democrat,slightly liberal,clinton,favor,oppose,,pretty happy,fair,exciting,,no,pretty well satisfied,,6,never,protestant,several times a week,no doubts,yes,word of god,no,not at all scientific,false,false,sun around earth,false,don't know,don't know,false,true,true,500 get the drug; 500 don't,yes,yes,4,9
2018,1160,64,male,other,bachelor's,16,west,married,3,working full time,2,38555,middle class,strong republican,conservative,trump,,favor,should not be legal,pretty happy,,,depends,,pretty well satisfied,0,6,about once a year,catholic,nearly every week,believe with doubts,yes,inspired word,yes,not at all scientific,,,earth around sun,false,false,true,false,true,true,500 get the drug; 500 don't,no,yes,7,7
2018,1161,18,female,white,less than high school,11,west,never married,0,in school,,,middle class,"independent, close to republican","moderate, middle of the road",,oppose,oppose,,pretty happy,excellent,routine,,yes,more or less satisfied,,2,never,catholic,nearly every week,believe with doubts,yes,inspired word,yes,sort of scientific,true,true,earth around sun,false,true,false,don't know,true,true,500 get the drug; 500 don't,no,yes,6,9
2018,1162,73,female,white,high school,12,west,married,1,retired,,,middle class,strong democrat,liberal,clinton,,favor,should be legal,pretty happy,,,most people can be trusted,,pretty well satisfied,,5,never,protestant,never,no doubts,no,inspired word,no,not at all scientific,false,,sun around earth,false,don't know,true,false,true,true,all 1000 get the drug,no,yes,5,8
2018,1163,68,female,white,high school,13,west,married,0,retired,,,working class,"independent, close to democrat","moderate, middle of the road",clinton,,favor,don't know,very happy,,,depends,,pretty well satisfied,,2,several times a month,catholic,never,"don't know, no way to find out",don't know,ancient book,,,,,,,,,,,,,,,0,0
2018,1164,51,female,white,graduate,20,west,married,3,working full time,1,176200.14942,upper class,strong republican,conservative,trump,oppose,favor,,very happy,good,exciting,,no,pretty well satisfied,0,4,once or twice a week,protestant,never,believe with doubts,yes,inspired word,yes,not at all scientific,false,false,earth around sun,false,false,true,false,true,true,500 get the drug; 500 don't,no,yes,7,9
2018,1165,67,male,white,bachelor's,16,west,married,2,working full time,50,84120,middle class,other party,"moderate, middle of the road",trump,oppose,favor,should be legal,very happy,good,exciting,most people can be trusted,no,more or less satisfied,0,,,buddhism,never,higher power,yes,inspired word,,,,,,,,,,,,,,,0,0
2018,1166,81,male,white,bachelor's,16,west,widowed,5,retired,,,upper class,strong democrat,liberal,clinton,,oppose,should be legal,very happy,,,most people can be trusted,,pretty well satisfied,,4,about once a year,buddhism,never,higher power,yes,ancient book,no,not at all scientific,,,earth around sun,false,false,true,false,true,true,500 get the drug; 500 don't,no,yes,7,7
2018,1167,70,male,white,bachelor's,16,west,divorced,4,retired,,,middle class,not very strong republican,"moderate, middle of the road",trump,oppose,favor,,pretty happy,good,exciting,,no,pretty well satisfied,,2,several times a month,protestant,several times a year,no doubts,yes,inspired word,no,not at all scientific,,,earth around sun,false,false,false,true,true,true,500 get the drug; 500 don't,no,yes,5,7
2018,1168,63,male,white,high school,12,west,married,1,retired,,,working class,not very strong democrat,conservative,trump,,favor,should not be legal,very happy,,,depends,,pretty well satisfied,,6,about once a year,catholic,several times a year,"don't know, no way to find out",yes,inspired word,,,,,,,,,,,,,,,0,0
2018,1169,71,female,white,high school,12,midwest,married,3,retired,,,middle class,not very strong republican,conservative,trump,favor,favor,should not be legal,pretty happy,fair,routine,most people can be trusted,yes,more or less satisfied,,,,protestant,every week,no doubts,yes,word of god,,,,,,,,,,,,,,,0,0
2018,1170,34,male,white,bachelor's,16,midwest,married,2,working full time,50,70100,middle class,"independent, close to republican",slightly conservative,,favor,favor,,very happy,good,routine,,no,pretty well satisfied,0,2,several times a month,catholic,about once a month,believe with doubts,yes,inspired word,no,not at all scientific,,,earth around sun,false,false,true,false,true,true,500 get the drug; 500 don't,no,yes,7,7
2018,1171,86,male,white,bachelor's,16,midwest,widowed,3,working part time,3,38555,middle class,"independent (neither, no response)","moderate, middle of the road",trump,favor,favor,,very happy,good,exciting,,no,more or less satisfied,0,2,never,protestant,every week,no doubts,yes,ancient book,no,not at all scientific,true,don't know,sun around earth,true,don't know,don't know,true,don't know,true,500 get the drug; 500 don't,no,yes,2,9
2018,1172,39,female,white,high school,12,midwest,never married,0,working full time,40,31544.999999999996,middle class,not very strong democrat,slightly liberal,,,oppose,don't know,not too happy,,,can't be too careful,,more or less satisfied,4,2,about once a year,none,never,higher power,yes,ancient book,yes,not at all scientific,,,earth around sun,false,don't know,don't know,true,true,true,500 get the drug; 500 don't,no,yes,4,7
2018,1173,47,male,white,high school,12,midwest,divorced,1,"unemployed, laid off, looking for work",,350.5,working class,"independent (neither, no response)","moderate, middle of the road",,favor,favor,,not too happy,poor,exciting,,no,not satisfied at all,,10,about once a year,protestant,never,higher power,yes,word of god,yes,sort of scientific,,,sun around earth,don't know,false,false,true,true,true,all 1000 get the drug,no,yes,3,7
2018,1174,33,female,black,bachelor's,18,midwest,married,2,working full time,50,47317.5,middle class,not very strong democrat,"moderate, middle of the road",clinton,favor,oppose,should be legal,pretty happy,fair,routine,can't be too careful,yes,more or less satisfied,4,,,christian,never,believe with doubts,yes,inspired word,,,,,,,,,,,,,,,0,0
2018,1175,31,male,other,bachelor's,16,midwest,widowed,0,working full time,42,26287.5,middle class,"independent, close to democrat",slightly liberal,clinton,,favor,should be legal,pretty happy,,,can't be too careful,,not satisfied at all,0,1,about once a month,none,never,"don't know, no way to find out",don't know,ancient book,,,,,,,,,,,,,,,0,0
2018,1176,57,female,white,high school,12,midwest,married,1,retired,,26287.5,middle class,not very strong republican,slightly conservative,didn't vote for president,favor,favor,,pretty happy,good,exciting,,yes,pretty well satisfied,,2,several times a month,protestant,about once a month,no doubts,yes,inspired word,no,not at all scientific,true,true,earth around sun,false,true,true,false,true,true,500 get the drug; 500 don't,no,yes,8,9
2018,1177,35,male,white,high school,13,midwest,married,1,working full time,40,19277.5,working class,"independent (neither, no response)","moderate, middle of the road",other candidate,,favor,should be legal,pretty happy,,,most people can be trusted,,more or less satisfied,0,2,about once a year,catholic,several times a year,no doubts,yes,inspired word,no,not at all scientific,false,,earth around sun,false,false,true,true,true,true,500 get the drug; 500 don't,no,yes,6,8
2018,1178,65,female,white,high school,12,midwest,widowed,2,retired,,,working class,"independent, close to democrat",extremely liberal,other candidate,favor,oppose,,pretty happy,fair,exciting,,no,more or less satisfied,,3,several times a month,protestant,never,higher power,yes,ancient book,no,not at all scientific,,,earth around sun,false,false,true,false,true,true,500 get the drug; 500 don't,no,yes,7,7
2018,1179,69,male,white,high school,12,midwest,never married,0,retired,,,middle class,"independent, close to republican","moderate, middle of the road",clinton,oppose,favor,should be legal,not too happy,fair,routine,can't be too careful,no,more or less satisfied,,,,catholic,never,believe with doubts,don't know,inspired word,,,,,,,,,,,,,,,0,0
2018,1180,59,female,black,high school,12,midwest,divorced,2,"unemployed, laid off, looking for work",,,lower class,not very strong democrat,extremely liberal,clinton,,oppose,should not be legal,not too happy,,,can't be too careful,,not satisfied at all,,12,never,none,about once or twice a year,no doubts,no,word of god,,,,,,,,,,,,,,,0,0
2018,1181,35,male,white,high school,13,midwest,married,2,working full time,62,38555,working class,not very strong democrat,liberal,clinton,oppose,,should be legal,pretty happy,good,exciting,most people can be trusted,yes,more or less satisfied,30,,,none,never,"don't know, no way to find out",don't know,ancient book,,,,,,,,,,,,,,,0,0
2018,1182,37,male,white,high school,13,midwest,never married,0,working part time,22,19277.5,working class,not very strong republican,conservative,trump,oppose,favor,,not too happy,poor,dull,,no,more or less satisfied,3,2,about once a month,protestant,every week,believe with doubts,yes,inspired word,no,not at all scientific,,,earth around sun,false,false,true,false,true,true,500 get the drug; 500 don't,no,no,7,7
2018,1183,51,female,white,high school,12,midwest,married,2,working full time,40,112160,working class,strong republican,conservative,trump,oppose,favor,should not be legal,pretty happy,good,exciting,most people can be trusted,yes,pretty well satisfied,2,,,protestant,several times a year,no doubts,yes,word of god,,,,,,,,,,,,,,,0,0
2018,1184,85,male,other,less than high school,10,midwest,married,1,retired,,,middle class,"independent, close to democrat","moderate, middle of the road",clinton,,oppose,should be legal,not too happy,,,can't be too careful,,not satisfied at all,,2,never,catholic,about once a month,higher power,no,ancient book,,,,,,,,,,,,,,,0,0
2018,1185,49,female,white,bachelor's,16,midwest,married,2,keeping house,,,upper class,not very strong republican,conservative,,favor,favor,,very happy,excellent,routine,,no,pretty well satisfied,,1,several times a year,catholic,about once a month,believe with doubts,yes,inspired word,no,not at all scientific,,,sun around earth,false,false,true,false,true,true,500 get the drug; 500 don't,no,yes,6,7
2018,1186,68,female,white,graduate,16,midwest,married,2,retired,,,middle class,"independent, close to democrat",slightly liberal,clinton,favor,favor,should be legal,pretty happy,good,routine,most people can be trusted,no,pretty well satisfied,,,,catholic,2-3 times a month,believe with doubts,yes,inspired word,,,,,,,,,,,,,,,0,0
2018,1187,70,female,white,associate/junior college,17,midwest,married,2,retired,,,middle class,"independent, close to republican","moderate, middle of the road",trump,,favor,don't know,pretty happy,,,can't be too careful,,pretty well satisfied,,3,never,protestant,never,no doubts,yes,other (vol),,,,,,,,,,,,,,,0,0
2018,1188,74,male,white,high school,12,midwest,widowed,3,retired,,,middle class,strong democrat,liberal,clinton,favor,favor,should be legal,pretty happy,poor,routine,most people can be trusted,no,more or less satisfied,,,,protestant,never,no doubts,yes,inspired word,,,,,,,,,,,,,,,0,0
2018,1189,68,female,white,high school,12,midwest,married,3,working part time,10,22782.5,middle class,strong republican,conservative,trump,,oppose,don't know,very happy,,,can't be too careful,,pretty well satisfied,0,1,about once a year,catholic,every week,no doubts,yes,word of god,no,sort of scientific,,,earth around sun,don't know,don't know,don't know,true,true,true,don't know,no,don't know,3,7
2018,1190,46,female,white,bachelor's,16,midwest,married,2,working full time,38,47317.5,middle class,strong republican,conservative,trump,favor,favor,,pretty happy,good,routine,,no,pretty well satisfied,1,2,several times a year,christian,about once a month,no doubts,yes,word of god,no,not at all scientific,,,sun around earth,don't know,don't know,don't know,true,true,true,all 1000 get the drug,no,yes,2,7
2018,1191,51,female,white,associate/junior college,14,midwest,married,2,working part time,24,19277.5,middle class,strong republican,"moderate, middle of the road",trump,oppose,oppose,should be legal,pretty happy,good,routine,most people can be trusted,no,more or less satisfied,0,,,protestant,several times a year,no doubts,yes,ancient book,,,,,,,,,,,,,,,0,0
2018,1192,66,male,white,high school,12,midwest,divorced,2,retired,,,middle class,strong republican,conservative,trump,,favor,should be legal,very happy,,,most people can be trusted,,pretty well satisfied,,5,never,protestant,every week,no doubts,yes,inspired word,,,,,,,,,,,,,,,0,0
2018,1193,43,male,white,high school,14,midwest,never married,1,working full time,30,176200.14942,working class,"independent, close to republican",slightly conservative,trump,oppose,don't know,,pretty happy,good,exciting,,no,pretty well satisfied,1,1,several times a month,none,about once or twice a year,"don't know, no way to find out",don't know,ancient book,yes,sort of scientific,,,earth around sun,false,false,true,true,true,true,500 get the drug; 500 don't,no,yes,6,7
2018,1194,74,female,white,less than high school,11,midwest,widowed,3,retired,,,middle class,strong democrat,slightly conservative,clinton,favor,favor,don't know,pretty happy,poor,routine,can't be too careful,yes,more or less satisfied,,,,protestant,never,no doubts,yes,word of god,,,,,,,,,,,,,,,0,0
2018,1195,74,male,white,graduate,18,midwest,married,3,retired,,,middle class,"independent, close to republican",conservative,trump,,favor,should not be legal,pretty happy,,,most people can be trusted,,more or less satisfied,,5,never,protestant,several times a year,believe with doubts,yes,inspired word,,,,,,,,,,,,,,,0,0
2018,1196,85,male,white,high school,12,midwest,married,4,retired,,,middle class,"independent, close to republican",liberal,trump,oppose,favor,should not be legal,very happy,fair,exciting,most people can be trusted,yes,pretty well satisfied,,,,catholic,less than once a year,no doubts,yes,word of god,,,,,,,,,,,,,,,0,0
2018,1197,49,male,white,bachelor's,16,midwest,divorced,0,working full time,40,31544.999999999996,working class,"independent, close to democrat",extremely liberal,other candidate,favor,oppose,should be legal,pretty happy,fair,routine,can't be too careful,no,more or less satisfied,3,,,protestant,about once or twice a year,believe with doubts,yes,inspired word,,,,,,,,,,,,,,,0,0
2018,1198,46,female,white,high school,12,midwest,married,2,keeping house,,,working class,strong republican,"moderate, middle of the road",trump,oppose,favor,,pretty happy,fair,routine,,no,not satisfied at all,,2,about once a month,orthodox-christian,never,no doubts,yes,word of god,yes,not at all scientific,false,false,sun around earth,false,don't know,true,true,true,true,500 get the drug; 500 don't,no,yes,4,9
2018,1199,37,female,white,bachelor's,17,midwest,married,4,keeping house,,,middle class,not very strong democrat,"moderate, middle of the road",clinton,favor,don't know,should not be legal,very happy,excellent,exciting,most people can be trusted,no,more or less satisfied,,,,protestant,never,no doubts,yes,word of god,,,,,,,,,,,,,,,0,0
2018,1200,41,female,white,less than high school,11,west,separated,6,working full time,39,5257.5,lower class,"independent (neither, no response)",slightly conservative,,oppose,oppose,,not too happy,fair,routine,,yes,not satisfied at all,30,0,about once a year,protestant,about once a month,no doubts,don't know,inspired word,yes,not at all scientific,,,don't know,true,true,don't know,true,true,true,all 1000 get the drug,no,no,2,7
2018,1201,22,male,white,high school,12,west,married,1,working full time,48,16648.75,working class,"independent, close to democrat",slightly liberal,don't know,favor,favor,should be legal,pretty happy,good,routine,can't be too careful,no,more or less satisfied,7,,,none,several times a year,higher power,yes,inspired word,,,,,,,,,,,,,,,0,0
2018,1202,43,female,white,graduate,16,west,married,1,working full time,50,5257.5,working class,"independent, close to democrat","moderate, middle of the road",,,favor,should not be legal,pretty happy,,,can't be too careful,,more or less satisfied,0,0,several times a year,catholic,about once a month,believe with doubts,yes,inspired word,,,,,,,,,,,,,,,0,0
2018,1203,73,female,white,bachelor's,16,west,married,4,retired,,,middle class,"independent (neither, no response)","moderate, middle of the road",other candidate,favor,favor,should not be legal,very happy,excellent,exciting,most people can be trusted,yes,pretty well satisfied,,,,protestant,every week,no doubts,yes,inspired word,,,,,,,,,,,,,,,0,0
2018,1204,34,female,white,bachelor's,16,west,married,1,"with a job, but not at work because of temporary illness, vacation, strike",,22782.5,working class,not very strong republican,slightly conservative,other candidate,oppose,favor,,very happy,good,exciting,,yes,more or less satisfied,0,1,never,protestant,every week,no doubts,yes,inspired word,no,not at all scientific,,,earth around sun,false,false,true,false,true,true,500 get the drug; 500 don't,no,yes,7,7
2018,1205,87,male,white,high school,14,west,widowed,3,retired,,,middle class,strong democrat,"moderate, middle of the road",clinton,favor,favor,don't know,pretty happy,good,don't know,can't be too careful,no,more or less satisfied,,,,protestant,never,higher power,don't know,word of god,,,,,,,,,,,,,,,0,0
2018,1206,32,female,white,graduate,18,west,never married,0,"unemployed, laid off, looking for work",,3154.5,middle class,strong democrat,liberal,clinton,,oppose,should not be legal,very happy,,,most people can be trusted,,more or less satisfied,,3,about once a month,protestant,2-3 times a month,no doubts,yes,inspired word,,,,,,,,,,,,,,,0,0
2018,1207,31,female,white,high school,14,west,divorced,1,working full time,45,,working class,"independent (neither, no response)","moderate, middle of the road",,favor,favor,should be legal,very happy,good,routine,can't be too careful,yes,more or less satisfied,4,,,catholic,about once or twice a year,no doubts,yes,word of god,,,,,,,,,,,,,,,0,0
2018,1208,33,male,white,high school,12,west,never married,0,in school,,,working class,"independent (neither, no response)",,,,favor,should be legal,not too happy,,,can't be too careful,,not satisfied at all,,1,about once a month,none,never,don't know,,other (vol),no,not at all scientific,don't know,,don't know,don't know,don't know,don't know,don't know,don't know,don't know,don't know,no,yes,0,8
2018,1209,69,male,white,high school,12,west,divorced,2,in school,,,middle class,not very strong republican,slightly liberal,,favor,favor,,pretty happy,fair,routine,,no,not satisfied at all,,3,never,protestant,about once a month,don't believe,yes,inspired word,yes,very scientific,,,sun around earth,false,don't know,true,true,true,true,500 get the drug; 500 don't,no,yes,4,7
2018,1210,77,male,white,high school,12,west,never married,0,retired,,,middle class,strong republican,conservative,trump,favor,favor,should not be legal,pretty happy,good,routine,most people can be trusted,yes,pretty well satisfied,,,,protestant,never,"don't know, no way to find out",no,inspired word,,,,,,,,,,,,,,,0,0
2018,1211,52,male,white,high school,13,west,divorced,2,keeping house,,,lower class,not very strong republican,"moderate, middle of the road",,favor,favor,,pretty happy,good,routine,,no,more or less satisfied,,4,never,catholic,less than once a year,believe with doubts,yes,ancient book,no,sort of scientific,true,false,earth around sun,false,false,false,true,true,true,500 get the drug; 500 don't,no,yes,6,9
2018,1212,37,male,white,high school,15,west,divorced,0,working full time,45,57832.5,working class,strong democrat,liberal,clinton,,oppose,should be legal,very happy,,,most people can be trusted,,pretty well satisfied,0,1,about once a month,none,never,don't believe,no,ancient book,no,not at all scientific,,,earth around sun,false,false,true,false,true,true,500 get the drug; 500 don't,no,yes,7,7
2018,1213,52,male,white,high school,12,west,never married,0,working full time,40,19277.5,working class,"independent, close to democrat",slightly conservative,clinton,oppose,favor,,pretty happy,fair,routine,,yes,more or less satisfied,0,3,several times a year,none,never,don't believe,no,ancient book,no,not at all scientific,,,earth around sun,false,false,true,false,true,true,500 get the drug; 500 don't,no,yes,7,7
2018,1214,38,female,other,bachelor's,16,west,never married,0,working full time,40,70100,middle class,not very strong democrat,slightly liberal,,favor,oppose,should be legal,very happy,excellent,exciting,most people can be trusted,yes,more or less satisfied,1,,,none,never,higher power,yes,ancient book,,,,,,,,,,,,,,,0,0
2018,1215,55,male,other,high school,11,west,divorced,4,working part time,25,2453.5,working class,"independent, close to republican",slightly conservative,,oppose,oppose,should be legal,pretty happy,poor,exciting,can't be too careful,no,not satisfied at all,7,,,none,several times a year,no doubts,yes,inspired word,,,,,,,,,,,,,,,0,0
2018,1216,75,female,white,high school,13,west,married,3,keeping house,,,middle class,not very strong democrat,"moderate, middle of the road",clinton,,favor,should not be legal,pretty happy,,,can't be too careful,,pretty well satisfied,,6,never,protestant,every week,believe with doubts,yes,word of god,no,sort of scientific,false,,don't know,don't know,don't know,don't know,false,true,true,500 get the drug; 500 don't,no,yes,3,8
2018,1217,50,female,white,high school,14,west,married,1,working full time,50,19277.5,working class,"independent (neither, no response)",slightly conservative,,oppose,favor,,very happy,good,routine,,no,pretty well satisfied,0,2,never,catholic,2-3 times a month,no doubts,yes,inspired word,yes,not at all scientific,,,earth around sun,true,don't know,true,false,true,true,500 get the drug; 500 don't,don't know,don't know,5,7
2018,1218,25,female,white,high school,12,west,never married,1,working full time,52,,working class,"independent, close to democrat",slightly liberal,clinton,favor,favor,should be legal,pretty happy,excellent,routine,most people can be trusted,no,more or less satisfied,15,,,none,never,"don't know, no way to find out",don't know,ancient book,,,,,,,,,,,,,,,0,0
2018,1219,28,male,white,high school,12,west,married,2,working full time,55,19277.5,working class,"independent (neither, no response)","moderate, middle of the road",,favor,favor,should be legal,very happy,good,exciting,can't be too careful,no,pretty well satisfied,0,,,protestant,about once or twice a year,believe with doubts,don't know,inspired word,,,,,,,,,,,,,,,0,0
2018,1220,76,male,white,bachelor's,16,west,divorced,3,retired,,,working class,strong democrat,"moderate, middle of the road",clinton,oppose,favor,should not be legal,not too happy,poor,exciting,can't be too careful,no,more or less satisfied,,,,protestant,every week,no doubts,yes,inspired word,,,,,,,,,,,,,,,0,0
2018,1221,52,male,white,bachelor's,16,west,married,6,working full time,40,176200.14942,middle class,"independent, close to republican","moderate, middle of the road",other candidate,oppose,favor,,very happy,excellent,exciting,,no,pretty well satisfied,1,1,several times a year,don't know,every week,believe with doubts,yes,inspired word,no,not at all scientific,,,earth around sun,false,false,don't know,false,true,true,500 get the drug; 500 don't,no,yes,6,7
2018,1222,22,male,white,high school,12,south,never married,0,working full time,40,26287.5,working class,not very strong republican,conservative,,oppose,oppose,should not be legal,not too happy,fair,routine,can't be too careful,no,more or less satisfied,0,,,protestant,about once a month,no doubts,yes,word of god,,,,,,,,,,,,,,,0,0
2018,1223,57,male,white,less than high school,11,south,widowed,1,working full time,35,22782.5,working class,not very strong democrat,liberal,clinton,,oppose,should be legal,very happy,,,can't be too careful,,not satisfied at all,2,2,never,none,never,believe with doubts,yes,ancient book,yes,not at all scientific,,,earth around sun,false,false,true,false,true,true,500 get the drug; 500 don't,no,yes,7,7
2018,1224,84,female,white,less than high school,8,south,divorced,5,retired,,,middle class,strong republican,"moderate, middle of the road",trump,,don't know,should not be legal,pretty happy,,,can't be too careful,,pretty well satisfied,,5,never,protestant,several times a week,no doubts,yes,word of god,yes,not at all scientific,false,,sun around earth,false,don't know,don't know,false,don't know,true,500 get the drug; 500 don't,don't know,don't know,3,8
2018,1225,63,female,white,high school,14,south,married,2,working full time,40,26287.5,middle class,strong democrat,"moderate, middle of the road",,favor,favor,should be legal,pretty happy,fair,exciting,can't be too careful,no,pretty well satisfied,30,,,protestant,several times a year,no doubts,yes,word of god,,,,,,,,,,,,,,,0,0
2018,1226,58,female,black,graduate,20,south,widowed,3,working full time,55,70100,middle class,not very strong democrat,slightly liberal,clinton,,favor,should not be legal,pretty happy,,,can't be too careful,,pretty well satisfied,0,1,never,protestant,every week,no doubts,yes,word of god,no,sort of scientific,,,earth around sun,false,don't know,false,false,don't know,true,500 get the drug; 500 don't,no,yes,4,7
2018,1227,43,female,white,high school,11,south,married,1,keeping house,,,working class,not very strong democrat,"moderate, middle of the road",,oppose,favor,should be legal,very happy,fair,exciting,can't be too careful,yes,more or less satisfied,,,,none,never,no doubts,yes,ancient book,,,,,,,,,,,,,,,0,0
2018,1228,25,female,white,high school,13,south,never married,0,working full time,50,19277.5,working class,"independent, close to republican",slightly conservative,,oppose,favor,,very happy,good,routine,,yes,pretty well satisfied,5,1,about once a month,protestant,about once or twice a year,believe with doubts,yes,inspired word,no,not at all scientific,true,false,sun around earth,false,don't know,true,true,true,true,all 1000 get the drug,no,no,5,9
2018,1229,39,male,white,less than high school,10,south,married,0,working full time,40,22782.5,working class,"independent, close to republican",slightly conservative,,oppose,favor,should be legal,pretty happy,fair,exciting,can't be too careful,no,not satisfied at all,0,,,protestant,about once or twice a year,no doubts,yes,inspired word,,,,,,,,,,,,,,,0,0
2018,1230,31,female,white,associate/junior college,15,south,never married,3,working full time,40,6309,working class,other party,slightly conservative,trump,,don't know,should be legal,pretty happy,,,most people can be trusted,,more or less satisfied,0,2,several times a year,none,about once or twice a year,believe with doubts,yes,inspired word,no,not at all scientific,true,,earth around sun,false,false,true,false,true,true,500 get the drug; 500 don't,no,yes,8,8
2018,1231,39,female,white,high school,12,south,divorced,2,working full time,45,26287.5,working class,"independent, close to republican",conservative,other candidate,favor,favor,,pretty happy,fair,routine,,no,more or less satisfied,20,1,never,protestant,several times a week,no doubts,yes,inspired word,no,not at all scientific,,,earth around sun,don't know,don't know,don't know,false,false,true,500 get the drug; 500 don't,don't know,don't know,3,7
2018,1232,34,female,black,high school,12,south,never married,3,working full time,38,,working class,"independent, close to democrat",slightly conservative,clinton,favor,favor,,pretty happy,good,routine,,no,not satisfied at all,0,2,never,protestant,several times a year,no doubts,yes,inspired word,no,not at all scientific,true,don't know,sun around earth,true,don't know,true,true,true,don't know,500 get the drug; 500 don't,no,yes,3,9
2018,1233,27,male,white,associate/junior college,14,south,married,0,working full time,40,31544.999999999996,working class,"independent, close to republican","moderate, middle of the road",,,favor,should be legal,pretty happy,,,can't be too careful,,pretty well satisfied,0,3,about once a month,protestant,nearly every week,no doubts,yes,inspired word,,,,,,,,,,,,,,,0,0
2018,1234,35,male,white,high school,16,south,never married,0,working full time,43,16648.75,working class,"independent, close to republican","moderate, middle of the road",other candidate,favor,favor,,not too happy,fair,exciting,,no,not satisfied at all,1,0,never,none,never,higher power,no,ancient book,no,not at all scientific,true,true,earth around sun,false,don't know,false,don't know,true,true,500 get the drug; 500 don't,no,yes,6,9
2018,1235,24,female,white,high school,17,south,never married,0,working full time,40,,working class,"independent, close to democrat",liberal,,favor,favor,should not be legal,very happy,fair,exciting,can't be too careful,no,not satisfied at all,3,,,protestant,never,no doubts,yes,inspired word,,,,,,,,,,,,,,,0,0
2018,1236,48,male,white,bachelor's,16,south,never married,2,working full time,40,,middle class,not very strong republican,"moderate, middle of the road",,,favor,should be legal,pretty happy,,,can't be too careful,,more or less satisfied,30,1,about once a year,protestant,several times a year,believe with doubts,yes,inspired word,yes,not at all scientific,false,,earth around sun,true,false,true,false,true,true,500 get the drug; 500 don't,no,yes,6,8
2018,1237,21,male,white,high school,14,south,never married,0,"unemployed, laid off, looking for work",,,middle class,"independent, close to democrat",slightly liberal,,favor,oppose,,pretty happy,excellent,exciting,,no,more or less satisfied,,1,about once a month,none,about once a month,higher power,yes,ancient book,no,sort of scientific,true,don't know,earth around sun,false,don't know,true,false,true,true,500 get the drug; 500 don't,no,yes,7,9
2018,1238,30,male,white,high school,15,south,never married,0,working full time,64,26287.5,working class,not very strong republican,slightly conservative,,favor,favor,should be legal,pretty happy,good,exciting,can't be too careful,no,more or less satisfied,0,,,protestant,never,higher power,yes,inspired word,,,,,,,,,,,,,,,0,0
2018,1239,36,male,other,high school,15,south,never married,1,working full time,60,,middle class,not very strong republican,slightly conservative,trump,,favor,don't know,pretty happy,,,can't be too careful,,pretty well satisfied,0,1,about once a year,none,never,higher power,yes,inspired word,,,,,,,,,,,,,,,0,0
2018,1240,52,male,white,high school,12,south,never married,0,"unemployed, laid off, looking for work",,,middle class,strong republican,extremely liberal,trump,,favor,should not be legal,very happy,,,depends,,more or less satisfied,,2,about once a month,none,never,"don't know, no way to find out",no,word of god,yes,sort of scientific,true,,earth around sun,true,true,false,true,true,true,all 1000 get the drug,yes,yes,4,8
2018,1241,36,male,white,graduate,17,south,married,2,working full time,50,176200.14942,middle class,"independent, close to republican","moderate, middle of the road",,,oppose,should not be legal,very happy,,,most people can be trusted,,pretty well satisfied,0,1,several times a year,catholic,about once a month,believe with doubts,yes,inspired word,no,not at all scientific,,,earth around sun,false,false,false,true,true,true,500 get the drug; 500 don't,no,yes,5,7
2018,1242,80,female,white,graduate,18,south,widowed,0,retired,,,middle class,strong democrat,liberal,clinton,favor,favor,,pretty happy,excellent,exciting,,yes,pretty well satisfied,,1,several times a year,protestant,several times a week,no doubts,yes,inspired word,no,not at all scientific,,,sun around earth,false,don't know,don't know,false,true,true,500 get the drug; 500 don't,no,yes,4,7
2018,1243,27,female,white,bachelor's,16,south,never married,0,working full time,40,13143.75,working class,not very strong republican,slightly liberal,,favor,favor,should be legal,not too happy,excellent,exciting,can't be too careful,yes,not satisfied at all,0,,,none,about once a month,higher power,yes,ancient book,,,,,,,,,,,,,,,0,0
2018,1244,24,female,white,bachelor's,18,south,never married,0,working full time,42,,working class,not very strong republican,slightly liberal,clinton,,favor,should be legal,pretty happy,,,can't be too careful,,more or less satisfied,3,0,once or twice a week,none,about once or twice a year,higher power,yes,ancient book,,,,,,,,,,,,,,,0,0
2018,1245,44,female,white,high school,12,northeast,divorced,2,working full time,40,7886.249999999999,working class,"independent (neither, no response)","moderate, middle of the road",trump,favor,favor,,pretty happy,fair,routine,,yes,more or less satisfied,3,3,about once a month,catholic,about once or twice a year,believe with doubts,yes,inspired word,yes,very scientific,,,sun around earth,false,don't know,true,true,don't know,true,500 get the drug; 500 don't,no,no,3,7
2018,1246,89,male,white,less than high school,11,northeast,married,5,retired,,,working class,"independent, close to democrat","moderate, middle of the road",trump,,oppose,should be legal,pretty happy,,,most people can be trusted,,pretty well satisfied,,3,never,catholic,never,no doubts,yes,inspired word,,,,,,,,,,,,,,,0,0
2018,1247,22,male,black,high school,13,northeast,never married,0,working full time,40,,middle class,not very strong democrat,extremely liberal,,oppose,oppose,should be legal,very happy,excellent,exciting,can't be too careful,no,pretty well satisfied,0,,,protestant,less than once a year,higher power,yes,inspired word,,,,,,,,,,,,,,,0,0
2018,1248,48,male,other,high school,12,northeast,married,4,"unemployed, laid off, looking for work",,,middle class,"independent, close to democrat",slightly conservative,,,oppose,should not be legal,not too happy,,,can't be too careful,,pretty well satisfied,,5,never,protestant,every week,no doubts,no,word of god,,,,,,,,,,,,,,,0,0
2018,1249,33,female,white,less than high school,9,northeast,never married,3,working full time,40,2453.5,working class,strong democrat,liberal,clinton,favor,favor,should not be legal,very happy,good,exciting,can't be too careful,no,pretty well satisfied,0,,,catholic,every week,no doubts,yes,word of god,,,,,,,,,,,,,,,0,0
2018,1250,59,female,other,less than high school,12,northeast,widowed,2,keeping house,,,middle class,strong democrat,"moderate, middle of the road",clinton,,oppose,should not be legal,very happy,,,can't be too careful,,pretty well satisfied,,15,never,catholic,about once or twice a year,no doubts,yes,word of god,no,sort of scientific,true,,sun around earth,true,don't know,don't know,true,true,true,all 1000 get the drug,no,yes,3,8
2018,1251,43,male,other,high school,13,northeast,never married,0,working full time,40,,working class,"independent, close to republican",slightly conservative,trump,favor,favor,,pretty happy,fair,routine,,no,not satisfied at all,0,1,never,none,less than once a year,don't believe,no,ancient book,yes,not at all scientific,,,earth around sun,false,false,true,false,true,true,500 get the drug; 500 don't,no,yes,7,7
2018,1252,32,female,other,less than high school,12,northeast,married,1,keeping house,,350.5,middle class,strong democrat,liberal,,favor,favor,should be legal,very happy,good,exciting,most people can be trusted,no,pretty well satisfied,,,,protestant,several times a week,no doubts,yes,word of god,,,,,,,,,,,,,,,0,0
2018,1253,62,female,white,associate/junior college,16,northeast,divorced,2,retired,,,working class,"independent, close to democrat",liberal,clinton,favor,oppose,,pretty happy,good,exciting,,don't know,not satisfied at all,,4,several times a year,none,never,higher power,yes,inspired word,yes,don't know,,,earth around sun,don't know,don't know,false,false,true,true,don't know,don't know,don't know,4,7
2018,1254,53,female,white,high school,12,northeast,married,2,working part time,20,14896.249999999998,middle class,"independent (neither, no response)",slightly conservative,,favor,oppose,,pretty happy,good,routine,,no,pretty well satisfied,2,1,about once a year,none,less than once a year,no doubts,no,inspired word,no,sort of scientific,false,don't know,earth around sun,false,don't know,don't know,true,true,true,500 get the drug; 500 don't,no,yes,4,9
2018,1255,59,female,white,high school,13,northeast,married,2,working part time,32,47317.5,middle class,"independent, close to republican",conservative,trump,,favor,should be legal,very happy,,,most people can be trusted,,more or less satisfied,0,1,several times a month,catholic,never,believe sometimes,yes,inspired word,yes,sort of scientific,true,,earth around sun,false,don't know,false,false,true,true,500 get the drug; 500 don't,no,yes,6,8
2018,1256,47,male,white,high school,12,northeast,married,3,working full time,70,84120,working class,strong republican,conservative,,,oppose,should not be legal,pretty happy,,,can't be too careful,,more or less satisfied,0,1,never,none,never,no doubts,yes,word of god,,,,,,,,,,,,,,,0,0
2018,1257,18,female,white,high school,12,northeast,never married,0,in school,,,middle class,not very strong democrat,"moderate, middle of the road",,favor,oppose,,pretty happy,good,exciting,,no,more or less satisfied,,6,never,catholic,never,no doubts,yes,inspired word,yes,sort of scientific,don't know,don't know,earth around sun,true,don't know,true,true,true,true,500 get the drug; 500 don't,no,yes,4,9
2018,1258,64,male,white,high school,12,northeast,widowed,2,working full time,30,19277.5,working class,not very strong democrat,"moderate, middle of the road",,oppose,oppose,,pretty happy,good,exciting,,yes,pretty well satisfied,0,5,never,protestant,less than once a year,no doubts,no,word of god,no,not at all scientific,,,earth around sun,false,don't know,true,true,false,true,all 1000 get the drug,no,no,4,7
2018,1259,22,male,white,high school,12,northeast,never married,0,working part time,22,,working class,"independent, close to democrat",slightly liberal,trump,favor,favor,don't know,pretty happy,good,don't know,can't be too careful,no,not satisfied at all,,,,protestant,never,no doubts,yes,inspired word,,,,,,,,,,,,,,,0,0
2018,1260,37,female,white,bachelor's,16,northeast,married,0,working full time,75,70100,upper class,strong democrat,extremely liberal,clinton,,oppose,should be legal,pretty happy,,,most people can be trusted,,pretty well satisfied,0,2,several times a month,catholic,never,"don't know, no way to find out",no,ancient book,,,,,,,,,,,,,,,0,0
2018,1261,31,female,white,bachelor's,16,northeast,never married,0,working full time,40,38555,middle class,strong democrat,liberal,clinton,favor,oppose,,very happy,excellent,exciting,,no,more or less satisfied,0,1,once or twice a week,catholic,several times a year,believe with doubts,yes,inspired word,yes,not at all scientific,true,true,earth around sun,true,don't know,true,false,true,true,500 get the drug; 500 don't,no,yes,7,9
2018,1262,72,female,white,high school,14,northeast,widowed,1,retired,,,working class,not very strong democrat,"moderate, middle of the road",clinton,,favor,should not be legal,pretty happy,,,most people can be trusted,,more or less satisfied,,4,never,protestant,every week,no doubts,yes,word of god,yes,sort of scientific,,,sun around earth,false,true,don't know,true,true,true,500 get the drug; 500 don't,no,yes,3,7
2018,1263,32,female,white,bachelor's,16,northeast,married,0,working full time,40,19277.5,middle class,strong democrat,liberal,clinton,favor,oppose,should be legal,pretty happy,good,routine,depends,no,more or less satisfied,2,,,none,never,don't believe,no,ancient book,,,,,,,,,,,,,,,0,0
2018,1264,69,male,white,bachelor's,16,northeast,married,0,retired,,,middle class,strong democrat,liberal,clinton,favor,oppose,should not be legal,very happy,excellent,exciting,most people can be trusted,no,pretty well satisfied,,,,none,never,don't believe,no,ancient book,,,,,,,,,,,,,,,0,0
2018,1265,32,female,white,bachelor's,16,northeast,never married,0,working full time,45,70100,middle class,"independent (neither, no response)",extremely liberal,other candidate,,oppose,should be legal,very happy,,,can't be too careful,,more or less satisfied,10,2,once or twice a week,none,never,"don't know, no way to find out",no,ancient book,yes,not at all scientific,true,,earth around sun,false,false,true,false,true,true,500 get the drug; 500 don't,yes,yes,8,8
2018,1266,32,male,white,bachelor's,16,northeast,never married,0,working full time,45,31544.999999999996,working class,"independent, close to democrat","moderate, middle of the road",clinton,,favor,should be legal,pretty happy,,,most people can be trusted,,not satisfied at all,5,2,several times a month,catholic,less than once a year,believe with doubts,yes,inspired word,,,,,,,,,,,,,,,0,0
2018,1267,60,female,white,associate/junior college,15,northeast,divorced,4,working full time,35,26287.5,working class,"independent (neither, no response)",slightly conservative,,favor,favor,,not too happy,good,dull,,no,more or less satisfied,3,2,about once a year,catholic,less than once a year,believe with doubts,don't know,inspired word,yes,not at all scientific,true,don't know,earth around sun,false,don't know,true,true,true,true,500 get the drug; 500 don't,no,yes,6,9
2018,1268,70,male,white,less than high school,5,northeast,widowed,2,retired,,,working class,"independent (neither, no response)",extremely conservative,,,oppose,should not be legal,very happy,,,can't be too careful,,pretty well satisfied,,2,never,catholic,every week,no doubts,yes,inspired word,no,not at all scientific,,,earth around sun,true,true,don't know,false,don't know,true,500 get the drug; 500 don't,no,yes,3,7
2018,1269,41,female,other,associate/junior college,14,northeast,never married,1,working full time,60,31544.999999999996,working class,strong democrat,"moderate, middle of the road",clinton,favor,oppose,,pretty happy,good,exciting,,no,more or less satisfied,0,4,several times a year,catholic,several times a year,no doubts,yes,inspired word,yes,very scientific,,,earth around sun,false,true,true,true,false,true,500 get the drug; 500 don't,yes,yes,4,7
2018,1270,35,female,white,associate/junior college,17,northeast,never married,0,keeping house,,,lower class,not very strong democrat,liberal,,,favor,should be legal,not too happy,,,can't be too careful,,not satisfied at all,,0,about once a year,christian,never,"don't know, no way to find out",don't know,ancient book,yes,not at all scientific,true,,earth around sun,false,false,don't know,false,true,true,500 get the drug; 500 don't,no,yes,7,8
2018,1271,77,female,white,associate/junior college,14,northeast,divorced,3,retired,,,middle class,"independent, close to republican",conservative,trump,favor,oppose,,pretty happy,good,exciting,,no,more or less satisfied,,6,never,catholic,every week,believe with doubts,yes,inspired word,yes,not at all scientific,,,sun around earth,false,true,don't know,false,true,true,500 get the drug; 500 don't,don't know,yes,4,7
2018,1272,57,male,white,high school,10,northeast,separated,1,working part time,20,13143.75,working class,strong republican,conservative,,oppose,favor,should be legal,not too happy,excellent,routine,can't be too careful,no,more or less satisfied,0,,,catholic,about once or twice a year,higher power,yes,inspired word,,,,,,,,,,,,,,,0,0
2018,1273,26,male,white,high school,15,northeast,never married,0,working full time,40,,working class,"independent, close to democrat","moderate, middle of the road",didn't vote for president,favor,oppose,should be legal,pretty happy,fair,exciting,can't be too careful,yes,more or less satisfied,0,,,protestant,about once or twice a year,believe with doubts,yes,ancient book,,,,,,,,,,,,,,,0,0
2018,1274,56,male,white,high school,12,northeast,divorced,4,working full time,45,16648.75,working class,"independent (neither, no response)","moderate, middle of the road",trump,,favor,should be legal,not too happy,,,can't be too careful,,more or less satisfied,2,5,never,none,never,believe with doubts,yes,ancient book,no,not at all scientific,,,earth around sun,false,false,false,true,true,true,500 get the drug; 500 don't,no,yes,5,7
2018,1275,24,male,white,bachelor's,16,northeast,never married,0,working full time,55,38555,middle class,not very strong democrat,slightly liberal,clinton,don't know,oppose,,pretty happy,excellent,exciting,,no,more or less satisfied,0,1,once or twice a week,none,never,don't believe,no,ancient book,no,not at all scientific,,,earth around sun,don't know,don't know,don't know,true,true,true,500 get the drug; 500 don't,no,yes,3,7
2018,1276,56,female,black,less than high school,11,northeast,never married,3,keeping house,,,middle class,strong democrat,liberal,,,oppose,should be legal,pretty happy,,,can't be too careful,,not satisfied at all,,3,about once a year,protestant,about once or twice a year,no doubts,yes,inspired word,,,,,,,,,,,,,,,0,0
2018,1277,39,female,other,less than high school,3,northeast,widowed,3,working full time,32,2453.5,working class,strong democrat,don't know,,favor,favor,,very happy,good,routine,,yes,pretty well satisfied,0,1,never,protestant,every week,no doubts,yes,word of god,yes,sort of scientific,don't know,false,sun around earth,false,true,false,don't know,true,true,500 get the drug; 500 don't,no,yes,3,9
2018,1278,30,female,white,graduate,20,northeast,married,0,in school,,16648.75,middle class,strong democrat,liberal,clinton,favor,oppose,should be legal,pretty happy,excellent,exciting,most people can be trusted,yes,more or less satisfied,,,,protestant,about once a month,believe with doubts,yes,ancient book,,,,,,,,,,,,,,,0,0
2018,1279,26,female,white,bachelor's,16,northeast,never married,0,working part time,38,9638.75,working class,strong democrat,extremely liberal,,,don't know,should be legal,pretty happy,,,depends,,more or less satisfied,10,4,once or twice a week,none,never,higher power,yes,ancient book,yes,sort of scientific,,,earth around sun,don't know,false,false,false,true,true,500 get the drug; 500 don't,no,yes,5,7
2018,1280,31,female,white,high school,12,northeast,never married,4,working full time,50,,working class,"independent (neither, no response)",conservative,,oppose,oppose,,pretty happy,good,routine,,no,not satisfied at all,0,0,never,none,never,don't know,yes,ancient book,yes,not at all scientific,,,earth around sun,false,false,true,true,true,true,500 get the drug; 500 don't,no,yes,6,7
2018,1281,36,female,white,bachelor's,16,northeast,married,3,working full time,36,38555,middle class,not very strong democrat,"moderate, middle of the road",clinton,favor,don't know,should be legal,very happy,excellent,exciting,can't be too careful,yes,more or less satisfied,0,,,none,less than once a year,higher power,don't know,inspired word,,,,,,,,,,,,,,,0,0
2018,1282,69,male,white,associate/junior college,16,northeast,married,4,working full time,89,70100,upper class,strong republican,extremely conservative,trump,,favor,should not be legal,pretty happy,,,can't be too careful,,pretty well satisfied,15,2,about once a year,catholic,about once a month,higher power,don't know,inspired word,,,,,,,,,,,,,,,0,0
2018,1283,39,female,white,bachelor's,16,northeast,married,2,working full time,40,31544.999999999996,middle class,"independent, close to democrat","moderate, middle of the road",,favor,favor,,very happy,excellent,exciting,,no,pretty well satisfied,0,2,several times a month,none,never,believe with doubts,yes,ancient book,yes,sort of scientific,,,earth around sun,false,don't know,true,false,true,true,500 get the drug; 500 don't,no,yes,6,7
2018,1284,53,male,white,high school,11,northeast,married,2,working full time,46,47317.5,working class,strong republican,slightly conservative,trump,,favor,should be legal,pretty happy,,,most people can be trusted,,not satisfied at all,15,4,never,protestant,never,believe with doubts,yes,inspired word,,,,,,,,,,,,,,,0,0
2018,1285,55,male,white,high school,12,northeast,separated,2,working full time,55,38555,working class,"independent, close to republican",conservative,trump,oppose,favor,don't know,pretty happy,good,routine,can't be too careful,yes,more or less satisfied,0,,,none,never,no doubts,yes,inspired word,,,,,,,,,,,,,,,0,0
2018,1286,50,female,white,high school,9,northeast,divorced,3,keeping house,,,working class,"independent (neither, no response)","moderate, middle of the road",,,oppose,should not be legal,pretty happy,,,can't be too careful,,more or less satisfied,,2,never,catholic,never,believe sometimes,yes,inspired word,,,,,,,,,,,,,,,0,0
2018,1287,31,male,white,graduate,18,northeast,married,0,working full time,45,22782.5,middle class,strong democrat,liberal,clinton,oppose,oppose,should be legal,very happy,good,exciting,most people can be trusted,no,more or less satisfied,2,,,jewish,less than once a year,"don't know, no way to find out",don't know,ancient book,,,,,,,,,,,,,,,0,0
2018,1288,70,female,white,bachelor's,17,northeast,never married,0,retired,,,middle class,strong republican,"moderate, middle of the road",trump,,oppose,should not be legal,pretty happy,,,most people can be trusted,,pretty well satisfied,,2,never,catholic,every week,no doubts,yes,inspired word,yes,not at all scientific,don't know,,earth around sun,false,don't know,false,true,true,true,all 1000 get the drug,no,yes,4,8
2018,1289,68,female,white,associate/junior college,14,northeast,divorced,2,working part time,20,,middle class,strong democrat,liberal,clinton,favor,favor,should be legal,pretty happy,excellent,exciting,most people can be trusted,no,more or less satisfied,0,,,protestant,nearly every week,no doubts,yes,inspired word,,,,,,,,,,,,,,,0,0
2018,1290,73,male,white,high school,15,northeast,married,2,working full time,20,98140,middle class,"independent, close to democrat",slightly liberal,clinton,,oppose,should be legal,very happy,,,most people can be trusted,,pretty well satisfied,0,2,several times a year,none,less than once a year,higher power,don't know,ancient book,,,,,,,,,,,,,,,0,0
2018,1291,60,female,white,graduate,20,northeast,never married,0,keeping house,,11391.25,working class,strong democrat,liberal,clinton,favor,oppose,should be legal,pretty happy,good,routine,most people can be trusted,yes,not satisfied at all,,,,none,never,"don't know, no way to find out",don't know,ancient book,,,,,,,,,,,,,,,0,0
2018,1292,30,male,white,high school,12,northeast,never married,0,working full time,40,14896.249999999998,middle class,"independent, close to republican",slightly conservative,,oppose,favor,should be legal,pretty happy,good,routine,can't be too careful,no,pretty well satisfied,0,,,none,less than once a year,higher power,yes,ancient book,,,,,,,,,,,,,,,0,0
2018,1293,60,female,white,high school,14,northeast,married,2,working full time,35,38555,middle class,not very strong democrat,"moderate, middle of the road",clinton,,oppose,should be legal,pretty happy,,,most people can be trusted,,more or less satisfied,0,2,about once a month,catholic,several times a year,no doubts,yes,inspired word,yes,sort of scientific,true,,sun around earth,false,don't know,true,false,true,true,500 get the drug; 500 don't,no,yes,6,8
2018,1294,61,male,white,high school,12,northeast,divorced,3,working part time,26,350.5,working class,"independent, close to democrat",slightly liberal,clinton,favor,favor,should be legal,not too happy,fair,routine,most people can be trusted,no,more or less satisfied,0,,,none,never,don't believe,no,inspired word,,,,,,,,,,,,,,,0,0
2018,1295,69,female,white,less than high school,11,northeast,widowed,3,working full time,25,7886.249999999999,working class,strong democrat,don't know,,,favor,should not be legal,pretty happy,,,don't know,,pretty well satisfied,0,3,never,protestant,never,believe sometimes,no,inspired word,,,,,,,,,,,,,,,0,0
2018,1296,41,male,white,high school,9,northeast,never married,3,keeping house,,,lower class,"independent (neither, no response)",don't know,,favor,favor,,not too happy,good,exciting,,no,more or less satisfied,,5,never,none,never,believe with doubts,yes,don't know,no,very scientific,,,earth around sun,false,false,true,true,true,true,500 get the drug; 500 don't,no,yes,6,7
2018,1297,64,male,white,associate/junior college,14,northeast,never married,0,retired,,,middle class,"independent, close to democrat","moderate, middle of the road",clinton,favor,oppose,should be legal,pretty happy,good,exciting,most people can be trusted,yes,more or less satisfied,,,,protestant,never,higher power,don't know,word of god,,,,,,,,,,,,,,,0,0
2018,1298,63,female,white,high school,12,northeast,widowed,4,retired,,,middle class,not very strong democrat,"moderate, middle of the road",clinton,,oppose,should be legal,pretty happy,,,can't be too careful,,more or less satisfied,,8,several times a month,catholic,less than once a year,believe with doubts,yes,ancient book,,,,,,,,,,,,,,,0,0
2018,1299,22,male,black,less than high school,11,northeast,never married,1,working part time,40,,working class,"independent (neither, no response)",conservative,clinton,favor,favor,should not be legal,pretty happy,fair,exciting,can't be too careful,no,more or less satisfied,3,,,none,never,believe with doubts,yes,other (vol),,,,,,,,,,,,,,,0,0
2018,1300,33,female,white,less than high school,12,northeast,separated,2,"unemployed, laid off, looking for work",,,lower class,"independent (neither, no response)",conservative,,,favor,should not be legal,not too happy,,,depends,,more or less satisfied,,4,never,muslim/islam,never,no doubts,yes,word of god,no,sort of scientific,,,earth around sun,true,false,false,false,false,true,500 get the drug; 500 don't,yes,yes,4,7
2018,1301,56,male,white,bachelor's,16,northeast,never married,0,working full time,40,57832.5,middle class,strong democrat,slightly liberal,clinton,favor,oppose,should not be legal,pretty happy,good,routine,most people can be trusted,no,pretty well satisfied,5,,,catholic,every week,no doubts,yes,inspired word,,,,,,,,,,,,,,,0,0
2018,1302,30,female,white,associate/junior college,15,northeast,married,1,"unemployed, laid off, looking for work",,38555,middle class,not very strong democrat,liberal,clinton,oppose,favor,,not too happy,excellent,routine,,no,pretty well satisfied,,1,never,none,about once or twice a year,don't believe,no,ancient book,no,not at all scientific,true,don't know,earth around sun,false,don't know,don't know,false,true,true,500 get the drug; 500 don't,no,yes,6,9
2018,1303,89,female,white,associate/junior college,14,northeast,widowed,3,retired,,,middle class,strong democrat,slightly conservative,clinton,favor,oppose,should be legal,pretty happy,fair,routine,can't be too careful,no,,,,,protestant,about once or twice a year,believe with doubts,don't know,inspired word,,,,,,,,,,,,,,,0,0
2018,1304,61,female,white,bachelor's,16,northeast,divorced,1,working full time,47,84120,middle class,not very strong republican,"moderate, middle of the road",clinton,,favor,should not be legal,very happy,,,depends,,more or less satisfied,0,1,several times a year,protestant,several times a year,believe with doubts,yes,inspired word,,,,,,,,,,,,,,,0,0
2018,1305,55,male,white,high school,12,northeast,divorced,2,working full time,40,38555,middle class,"independent (neither, no response)","moderate, middle of the road",,favor,favor,should be legal,pretty happy,good,routine,most people can be trusted,no,more or less satisfied,0,,,protestant,about once or twice a year,higher power,yes,inspired word,,,,,,,,,,,,,,,0,0
2018,1306,67,female,white,graduate,18,northeast,never married,0,retired,,,middle class,not very strong democrat,liberal,clinton,favor,favor,,very happy,excellent,exciting,,no,more or less satisfied,,2,about once a month,none,less than once a year,no doubts,yes,inspired word,no,not at all scientific,,,earth around sun,false,false,don't know,false,true,true,all 1000 get the drug,no,yes,6,7
2018,1307,61,female,white,high school,12,northeast,married,2,"with a job, but not at work because of temporary illness, vacation, strike",,,working class,"independent (neither, no response)","moderate, middle of the road",trump,favor,favor,should be legal,pretty happy,good,routine,can't be too careful,no,pretty well satisfied,,,,none,several times a year,believe with doubts,yes,inspired word,,,,,,,,,,,,,,,0,0
2018,1308,69,male,white,high school,12,northeast,widowed,3,retired,,,middle class,other party,"moderate, middle of the road",trump,,oppose,should be legal,very happy,,,most people can be trusted,,more or less satisfied,,3,never,catholic,several times a year,believe with doubts,yes,inspired word,,,,,,,,,,,,,,,0,0
2018,1309,30,male,black,bachelor's,16,northeast,never married,0,working full time,41,,working class,strong democrat,extremely liberal,clinton,favor,oppose,should be legal,not too happy,good,routine,can't be too careful,no,more or less satisfied,3,,,none,never,higher power,don't know,ancient book,,,,,,,,,,,,,,,0,0
2018,1310,70,male,white,high school,12,northeast,married,3,retired,,,lower class,strong republican,conservative,trump,,favor,should not be legal,pretty happy,,,most people can be trusted,,not satisfied at all,,5,never,protestant,never,believe with doubts,yes,inspired word,yes,not at all scientific,true,,earth around sun,false,false,true,false,true,true,all 1000 get the drug,no,yes,8,8
2018,1311,41,male,black,high school,13,northeast,divorced,3,working part time,30,31544.999999999996,middle class,not very strong democrat,extremely liberal,,favor,oppose,,pretty happy,excellent,exciting,,yes,not satisfied at all,0,2,about once a month,protestant,2-3 times a month,believe sometimes,no,inspired word,no,sort of scientific,true,false,earth around sun,false,true,don't know,true,false,true,500 get the drug; 500 don't,yes,yes,4,9
2018,1312,67,female,black,less than high school,8,northeast,never married,3,working part time,42,9638.75,upper class,"independent, close to democrat",extremely conservative,,oppose,favor,,pretty happy,poor,dull,,yes,more or less satisfied,5,2,never,none,several times a week,"don't know, no way to find out",yes,inspired word,no,not at all scientific,,,earth around sun,false,false,true,true,true,false,don't know,yes,yes,5,7
2018,1313,62,male,white,high school,12,northeast,divorced,1,retired,,,working class,not very strong democrat,"moderate, middle of the road",trump,favor,favor,should not be legal,not too happy,good,routine,can't be too careful,yes,more or less satisfied,,,,protestant,every week,no doubts,don't know,word of god,,,,,,,,,,,,,,,0,0
2018,1314,36,female,black,high school,14,northeast,divorced,3,working full time,40,19277.5,working class,strong democrat,"moderate, middle of the road",clinton,favor,oppose,,pretty happy,good,routine,,no,not satisfied at all,10,4,about once a month,protestant,2-3 times a month,no doubts,yes,word of god,yes,sort of scientific,,,earth around sun,false,don't know,true,true,true,true,500 get the drug; 500 don't,no,yes,5,7
2018,1315,51,female,white,associate/junior college,14,northeast,married,2,working full time,40,38555,middle class,strong republican,"moderate, middle of the road",trump,,oppose,should not be legal,pretty happy,,,most people can be trusted,,more or less satisfied,0,2,about once a year,protestant,about once a month,no doubts,yes,inspired word,yes,not at all scientific,,,sun around earth,false,false,true,true,true,false,500 get the drug; 500 don't,no,yes,4,7
2018,1316,65,female,white,bachelor's,16,northeast,married,0,working part time,23,26287.5,working class,not very strong democrat,slightly conservative,trump,favor,oppose,,pretty happy,good,routine,,no,more or less satisfied,0,4,about once a year,protestant,2-3 times a month,no doubts,yes,word of god,yes,sort of scientific,,,earth around sun,true,true,false,true,true,true,all 1000 get the drug,no,yes,3,7
2018,1317,63,male,black,high school,12,northeast,divorced,7,working part time,15,6309,middle class,strong democrat,"moderate, middle of the road",clinton,,favor,should be legal,very happy,,,can't be too careful,,more or less satisfied,0,8,never,protestant,2-3 times a month,no doubts,yes,inspired word,yes,sort of scientific,false,,earth around sun,false,true,false,true,true,true,500 get the drug; 500 don't,no,yes,4,8
2018,1318,23,male,white,bachelor's,16,northeast,never married,0,working full time,42,,middle class,"independent, close to republican","moderate, middle of the road",trump,favor,favor,should be legal,very happy,excellent,routine,most people can be trusted,no,pretty well satisfied,1,,,protestant,about once or twice a year,believe with doubts,yes,inspired word,,,,,,,,,,,,,,,0,0
2018,1319,89,female,white,high school,12,northeast,widowed,7,keeping house,,,lower class,not very strong democrat,slightly liberal,clinton,,favor,should not be legal,very happy,,,can't be too careful,,pretty well satisfied,,5,never,protestant,every week,believe with doubts,yes,word of god,no,sort of scientific,,,don't know,don't know,false,don't know,true,true,true,500 get the drug; 500 don't,no,no,3,7
2018,1320,47,female,white,associate/junior college,16,northeast,married,0,"with a job, but not at work because of temporary illness, vacation, strike",,9638.75,working class,not very strong republican,"moderate, middle of the road",trump,favor,favor,,pretty happy,good,routine,,yes,not satisfied at all,30,2,about once a year,protestant,every week,no doubts,yes,word of god,no,sort of scientific,,,earth around sun,true,true,false,false,true,true,500 get the drug; 500 don't,no,yes,4,7
2018,1321,75,female,white,high school,12,northeast,widowed,3,retired,,,middle class,strong republican,conservative,trump,oppose,favor,should be legal,pretty happy,good,exciting,can't be too careful,yes,pretty well satisfied,,,,protestant,several times a week,no doubts,yes,word of god,,,,,,,,,,,,,,,0,0
2018,1322,24,male,white,high school,12,northeast,married,0,working full time,50,47317.5,working class,strong republican,conservative,trump,oppose,favor,should not be legal,very happy,good,exciting,most people can be trusted,no,more or less satisfied,10,,,protestant,never,believe with doubts,yes,inspired word,,,,,,,,,,,,,,,0,0
2018,1323,42,male,white,high school,13,northeast,married,2,working full time,53,70100,middle class,"independent, close to republican",conservative,trump,oppose,favor,,pretty happy,excellent,exciting,,no,pretty well satisfied,,0,several times a year,none,never,believe with doubts,yes,inspired word,no,sort of scientific,,,sun around earth,false,don't know,don't know,true,true,don't know,all 1000 get the drug,yes,yes,2,7
2018,1324,29,female,white,high school,12,south,never married,1,keeping house,,,lower class,"independent (neither, no response)",don't know,,favor,favor,should not be legal,very happy,poor,exciting,can't be too careful,no,not satisfied at all,,,,protestant,about once or twice a year,no doubts,yes,word of god,,,,,,,,,,,,,,,0,0
2018,1325,26,female,white,associate/junior college,14,south,never married,0,working full time,38,16648.75,working class,"independent, close to republican","moderate, middle of the road",other candidate,,favor,should be legal,pretty happy,,,most people can be trusted,,more or less satisfied,3,1,several times a month,protestant,2-3 times a month,believe with doubts,yes,word of god,yes,not at all scientific,,,earth around sun,false,don't know,true,false,true,true,500 get the drug; 500 don't,no,yes,6,7
2018,1326,89,female,black,less than high school,10,south,widowed,7,retired,,,middle class,strong democrat,slightly conservative,,favor,don't know,,pretty happy,good,routine,,no,not satisfied at all,,8,never,protestant,never,no doubts,yes,word of god,yes,very scientific,,,don't know,false,true,don't know,false,false,don't know,all 1000 get the drug,no,yes,2,7
2018,1327,76,female,white,high school,12,south,married,2,retired,,,working class,not very strong democrat,"moderate, middle of the road",clinton,favor,oppose,,pretty happy,fair,exciting,,yes,more or less satisfied,,2,never,protestant,every week,no doubts,yes,word of god,no,very scientific,false,false,sun around earth,false,false,don't know,true,true,true,500 get the drug; 500 don't,no,no,4,9
2018,1328,36,female,white,high school,12,south,married,2,working full time,40,19277.5,middle class,not very strong democrat,extremely liberal,trump,favor,favor,should be legal,pretty happy,good,routine,can't be too careful,no,more or less satisfied,3,,,catholic,never,no doubts,yes,inspired word,,,,,,,,,,,,,,,0,0
2018,1329,77,female,white,high school,12,south,married,3,keeping house,,,middle class,strong republican,slightly conservative,trump,favor,favor,,very happy,good,routine,,no,pretty well satisfied,,4,several times a month,protestant,every week,no doubts,yes,word of god,yes,sort of scientific,false,true,earth around sun,false,true,don't know,false,true,true,500 get the drug; 500 don't,no,yes,6,9
2018,1330,32,male,white,high school,12,south,married,2,working full time,64,47317.5,working class,strong republican,conservative,trump,,favor,should not be legal,pretty happy,,,most people can be trusted,,pretty well satisfied,0,4,several times a month,none,never,don't believe,no,ancient book,yes,very scientific,,,earth around sun,false,false,true,true,true,true,500 get the drug; 500 don't,no,yes,6,7
2018,1331,72,male,white,high school,12,south,divorced,2,retired,,,middle class,"independent (neither, no response)","moderate, middle of the road",,oppose,favor,,pretty happy,good,routine,,no,pretty well satisfied,,3,never,protestant,never,no doubts,no,ancient book,no,don't know,,,sun around earth,false,don't know,don't know,don't know,true,don't know,500 get the drug; 500 don't,no,yes,2,7
2018,1332,39,female,white,bachelor's,17,south,married,1,working full time,40,7886.249999999999,working class,not very strong democrat,extremely liberal,,favor,oppose,should be legal,very happy,good,exciting,most people can be trusted,no,more or less satisfied,5,,,none,never,higher power,no,ancient book,,,,,,,,,,,,,,,0,0
2018,1333,71,female,white,high school,12,south,married,0,retired,,,middle class,not very strong republican,conservative,trump,favor,favor,,pretty happy,fair,routine,,yes,more or less satisfied,,5,never,protestant,every week,no doubts,yes,word of god,no,sort of scientific,don't know,true,earth around sun,false,don't know,true,true,false,true,500 get the drug; 500 don't,no,yes,5,9
2018,1334,31,male,white,graduate,14,south,divorced,3,working full time,86,38555,working class,strong republican,extremely conservative,trump,,favor,should be legal,pretty happy,,,can't be too careful,,pretty well satisfied,20,2,almost daily,none,never,believe with doubts,yes,inspired word,,,,,,,,,,,,,,,0,0
2018,1335,69,male,white,graduate,18,south,married,2,retired,,,upper class,"independent, close to democrat",slightly liberal,clinton,,oppose,should be legal,pretty happy,,,most people can be trusted,,pretty well satisfied,,2,about once a month,protestant,2-3 times a month,no doubts,yes,inspired word,,,,,,,,,,,,,,,0,0
2018,1336,35,male,other,less than high school,3,south,married,2,working full time,40,11391.25,working class,"independent (neither, no response)",don't know,,favor,favor,should not be legal,very happy,excellent,exciting,can't be too careful,no,pretty well satisfied,0,,,protestant,nearly every week,no doubts,no,word of god,,,,,,,,,,,,,,,0,0
2018,1337,80,male,white,graduate,16,south,married,2,retired,,,middle class,strong republican,slightly conservative,trump,,favor,should not be legal,pretty happy,,,can't be too careful,,more or less satisfied,,2,almost daily,protestant,every week,higher power,no,ancient book,,,,,,,,,,,,,,,0,0
2018,1338,49,male,white,bachelor's,16,south,divorced,3,working full time,78,70100,middle class,"independent, close to democrat","moderate, middle of the road",clinton,favor,favor,,very happy,excellent,exciting,,no,more or less satisfied,0,0,about once a year,protestant,about once or twice a year,believe with doubts,yes,inspired word,no,not at all scientific,,,earth around sun,false,false,true,false,true,true,500 get the drug; 500 don't,no,yes,7,7
2018,1339,42,male,white,high school,12,south,married,3,working full time,40,31544.999999999996,working class,not very strong democrat,"moderate, middle of the road",clinton,,favor,should not be legal,pretty happy,,,can't be too careful,,more or less satisfied,0,2,never,protestant,never,no doubts,yes,word of god,,,,,,,,,,,,,,,0,0
2018,1340,36,female,other,less than high school,3,south,married,3,in school,,,working class,"independent, close to democrat",conservative,,favor,oppose,,very happy,good,routine,,no,more or less satisfied,,3,never,catholic,several times a year,no doubts,don't know,word of god,no,not at all scientific,don't know,don't know,don't know,true,don't know,don't know,true,true,true,500 get the drug; 500 don't,don't know,no,2,9
2018,1341,71,male,white,high school,10,south,married,1,retired,,,working class,not very strong republican,don't know,,oppose,oppose,should be legal,pretty happy,poor,routine,can't be too careful,no,more or less satisfied,,,,protestant,less than once a year,no doubts,yes,inspired word,,,,,,,,,,,,,,,0,0
2018,1342,64,male,white,less than high school,6,south,never married,1,retired,,,lower class,"independent (neither, no response)",conservative,,,favor,should be legal,pretty happy,,,can't be too careful,,not satisfied at all,,1,never,none,never,no doubts,yes,word of god,yes,not at all scientific,true,,sun around earth,true,true,false,true,false,true,don't know,yes,yes,2,8
2018,1343,57,male,white,associate/junior college,14,south,divorced,1,working full time,50,16648.75,working class,not very strong republican,slightly liberal,trump,favor,favor,,pretty happy,excellent,routine,,no,more or less satisfied,0,2,about once a year,none,never,no doubts,don't know,word of god,no,not at all scientific,,,earth around sun,false,don't know,true,true,true,true,500 get the drug; 500 don't,no,yes,5,7
2018,1344,24,female,white,high school,12,south,married,1,keeping house,,350.5,lower class,"independent (neither, no response)",slightly conservative,,oppose,favor,should not be legal,very happy,fair,routine,can't be too careful,no,more or less satisfied,,,,none,never,believe sometimes,yes,inspired word,,,,,,,,,,,,,,,0,0
2018,1345,47,female,white,high school,13,south,divorced,1,working part time,40,,middle class,not very strong republican,slightly liberal,,favor,favor,,very happy,good,routine,,no,pretty well satisfied,0,4,about once a year,catholic,nearly every week,no doubts,yes,inspired word,no,not at all scientific,false,false,earth around sun,true,true,false,true,true,true,500 get the drug; 500 don't,yes,no,3,9
2018,1346,23,male,white,high school,13,south,never married,0,working full time,37,22782.5,working class,not very strong republican,slightly liberal,trump,favor,favor,should not be legal,pretty happy,excellent,routine,can't be too careful,no,more or less satisfied,0,,,none,never,believe with doubts,yes,inspired word,,,,,,,,,,,,,,,0,0
2018,1347,46,male,white,associate/junior college,14,south,divorced,2,working full time,65,70100,working class,strong republican,"moderate, middle of the road",,favor,favor,,pretty happy,good,exciting,,no,pretty well satisfied,5,1,never,none,about once or twice a year,higher power,yes,inspired word,no,not at all scientific,,,sun around earth,false,false,true,true,true,true,all 1000 get the drug,no,yes,5,7
2018,1348,57,male,white,less than high school,10,south,divorced,2,working full time,45,,middle class,other party,extremely liberal,,,oppose,should not be legal,very happy,,,can't be too careful,,pretty well satisfied,0,0,never,christian,several times a week,no doubts,yes,word of god,,,,,,,,,,,,,,,0,0
2018,1349,50,female,white,graduate,18,south,married,3,"with a job, but not at work because of temporary illness, vacation, strike",,31544.999999999996,working class,"independent (neither, no response)","moderate, middle of the road",clinton,favor,favor,should not be legal,pretty happy,good,routine,most people can be trusted,no,not satisfied at all,0,,,catholic,several times a year,no doubts,yes,inspired word,,,,,,,,,,,,,,,0,0
2018,1350,34,female,white,high school,13,south,never married,0,working full time,,31544.999999999996,working class,"independent, close to republican",slightly liberal,,,favor,should be legal,pretty happy,,,can't be too careful,,not satisfied at all,,0,several times a month,protestant,less than once a year,no doubts,yes,inspired word,yes,not at all scientific,,,earth around sun,false,false,true,false,true,true,500 get the drug; 500 don't,no,yes,7,7
2018,1351,20,male,white,high school,13,south,never married,0,in school,,,middle class,"independent, close to republican","moderate, middle of the road",,oppose,oppose,should be legal,pretty happy,good,exciting,most people can be trusted,no,pretty well satisfied,,,,protestant,every week,no doubts,yes,word of god,,,,,,,,,,,,,,,0,0
2018,1352,49,female,white,high school,15,south,married,2,working full time,50,47317.5,middle class,not very strong republican,"moderate, middle of the road",trump,favor,don't know,,very happy,good,exciting,,no,more or less satisfied,2,2,several times a year,protestant,every week,no doubts,yes,word of god,yes,sort of scientific,false,false,earth around sun,false,true,true,false,don't know,true,500 get the drug; 500 don't,no,yes,5,9
2018,1353,30,female,other,high school,15,south,never married,0,"unemployed, laid off, looking for work",,38555,working class,strong democrat,liberal,clinton,,favor,should be legal,pretty happy,,,most people can be trusted,,not satisfied at all,,5,once or twice a week,none,less than once a year,"don't know, no way to find out",don't know,ancient book,no,not at all scientific,true,,earth around sun,false,false,don't know,false,true,true,500 get the drug; 500 don't,no,yes,7,8
2018,1354,29,male,white,high school,12,south,married,2,working full time,60,22782.5,working class,"independent (neither, no response)","moderate, middle of the road",,favor,favor,,pretty happy,fair,exciting,,no,not satisfied at all,5,3,never,protestant,every week,believe with doubts,yes,word of god,no,sort of scientific,,,earth around sun,don't know,don't know,don't know,true,true,true,500 get the drug; 500 don't,yes,no,3,7
2018,1355,61,female,white,high school,12,south,divorced,3,working full time,42,31544.999999999996,working class,not very strong democrat,don't know,,,favor,should be legal,very happy,,,most people can be trusted,,not satisfied at all,30,3,never,protestant,never,no doubts,yes,word of god,,,,,,,,,,,,,,,0,0
2018,1356,29,female,other,graduate,20,south,never married,0,in school,,,working class,"independent, close to democrat","moderate, middle of the road",,favor,don't know,,pretty happy,fair,exciting,,no,more or less satisfied,,1,about once a year,hinduism,never,"don't know, no way to find out",no,inspired word,no,don't know,true,true,earth around sun,false,true,true,true,true,true,all 1000 get the drug,no,yes,7,9
2018,1357,21,male,white,high school,14,south,never married,0,in school,,,middle class,strong democrat,extremely liberal,clinton,favor,favor,should be legal,pretty happy,good,exciting,most people can be trusted,no,pretty well satisfied,,,,none,never,don't believe,no,ancient book,,,,,,,,,,,,,,,0,0
2018,1358,24,male,white,high school,16,south,never married,0,in school,,19277.5,middle class,"independent, close to republican",slightly conservative,don't know,,favor,should not be legal,pretty happy,,,can't be too careful,,more or less satisfied,,1,about once a year,none,never,no doubts,yes,inspired word,,,,,,,,,,,,,,,0,0
2018,1359,34,female,white,graduate,18,south,married,1,retired,,,middle class,strong democrat,liberal,clinton,favor,favor,,very happy,good,exciting,,no,pretty well satisfied,,2,never,protestant,several times a week,no doubts,yes,inspired word,no,not at all scientific,true,true,earth around sun,false,don't know,true,false,true,true,500 get the drug; 500 don't,no,yes,8,9
2018,1360,25,female,white,high school,14,south,never married,0,working full time,46,3855.4999999999995,working class,strong democrat,slightly liberal,clinton,,favor,should be legal,pretty happy,,,can't be too careful,,not satisfied at all,8,3,never,none,never,"don't know, no way to find out",don't know,ancient book,no,not at all scientific,true,,earth around sun,false,false,true,false,true,true,500 get the drug; 500 don't,no,yes,8,8
2018,1361,21,male,white,high school,14,south,never married,0,in school,,,middle class,"independent, close to republican",slightly conservative,,favor,favor,,not too happy,fair,routine,,yes,more or less satisfied,,1,never,catholic,about once or twice a year,believe sometimes,yes,inspired word,no,not at all scientific,,,earth around sun,false,true,true,true,true,true,500 get the drug; 500 don't,no,yes,5,7
2018,1362,22,male,white,high school,15,south,never married,0,in school,,,middle class,"independent, close to republican",slightly conservative,,favor,favor,should be legal,pretty happy,excellent,exciting,most people can be trusted,no,pretty well satisfied,,,,none,about once or twice a year,"don't know, no way to find out",don't know,inspired word,,,,,,,,,,,,,,,0,0
2018,1363,38,male,white,high school,12,south,never married,4,working part time,36,3154.5,working class,"independent (neither, no response)",extremely liberal,,favor,favor,,not too happy,fair,dull,,no,not satisfied at all,,3,never,protestant,never,,no,other (vol),no,not at all scientific,true,false,earth around sun,false,false,false,true,true,true,,no,no,6,9
2018,1364,70,male,white,high school,12,south,married,0,retired,,11391.25,middle class,"independent (neither, no response)","moderate, middle of the road",,favor,favor,should be legal,pretty happy,good,routine,most people can be trusted,no,more or less satisfied,,,,protestant,about once or twice a year,believe sometimes,yes,inspired word,,,,,,,,,,,,,,,0,0
2018,1365,33,female,white,high school,12,south,married,2,keeping house,,,working class,"independent (neither, no response)","moderate, middle of the road",,,favor,should be legal,pretty happy,,,can't be too careful,,more or less satisfied,,2,about once a year,protestant,never,no doubts,yes,inspired word,no,not at all scientific,,,earth around sun,false,don't know,true,false,true,true,500 get the drug; 500 don't,no,yes,6,7
2018,1366,75,female,white,less than high school,10,south,married,1,retired,,,middle class,"independent, close to democrat","moderate, middle of the road",clinton,favor,favor,,very happy,fair,exciting,,yes,pretty well satisfied,,1,never,catholic,never,believe with doubts,yes,other (vol),yes,sort of scientific,true,true,sun around earth,false,don't know,don't know,false,don't know,true,500 get the drug; 500 don't,no,no,5,9
2018,1367,56,male,white,high school,12,south,married,1,"unemployed, laid off, looking for work",,7886.249999999999,working class,not very strong republican,slightly conservative,trump,favor,favor,should be legal,pretty happy,fair,routine,can't be too careful,no,not satisfied at all,,,,protestant,never,no doubts,yes,inspired word,,,,,,,,,,,,,,,0,0
2018,1368,68,male,white,bachelor's,16,south,married,3,retired,,,middle class,strong democrat,liberal,clinton,,oppose,should be legal,pretty happy,,,most people can be trusted,,pretty well satisfied,,4,several times a year,protestant,nearly every week,no doubts,yes,inspired word,no,not at all scientific,,,earth around sun,false,false,true,false,true,true,500 get the drug; 500 don't,no,yes,7,7
2018,1369,39,female,white,high school,12,south,married,3,working full time,34,,working class,not very strong democrat,"moderate, middle of the road",,favor,favor,,pretty happy,good,routine,,no,not satisfied at all,0,4,never,none,never,don't know,don't know,inspired word,yes,sort of scientific,,,earth around sun,false,don't know,true,false,true,true,500 get the drug; 500 don't,no,yes,6,7
2018,1370,54,female,white,high school,14,south,married,2,working part time,25,16648.75,middle class,strong republican,conservative,trump,favor,favor,should not be legal,pretty happy,good,routine,most people can be trusted,no,more or less satisfied,0,,,protestant,nearly every week,no doubts,yes,word of god,,,,,,,,,,,,,,,0,0
2018,1371,60,male,white,high school,12,south,married,2,working full time,60,57832.5,middle class,not very strong republican,slightly conservative,,,favor,don't know,not too happy,,,most people can be trusted,,pretty well satisfied,,3,about once a year,none,never,don't believe,no,ancient book,,,,,,,,,,,,,,,0,0
2018,1372,60,male,white,high school,14,south,married,1,working full time,43,47317.5,working class,not very strong republican,extremely conservative,trump,oppose,favor,,pretty happy,good,exciting,,no,more or less satisfied,2,3,never,protestant,several times a week,no doubts,yes,inspired word,no,not at all scientific,,,earth around sun,don't know,true,false,true,true,true,all 1000 get the drug,no,yes,3,7
2018,1373,36,male,white,graduate,18,south,married,2,working full time,60,,middle class,not very strong republican,slightly conservative,trump,favor,favor,should be legal,pretty happy,fair,routine,can't be too careful,no,more or less satisfied,1,,,protestant,never,no doubts,yes,word of god,,,,,,,,,,,,,,,0,0
2018,1374,31,female,white,high school,12,south,married,1,working full time,40,22782.5,working class,not very strong republican,slightly conservative,trump,oppose,favor,,pretty happy,excellent,routine,,no,more or less satisfied,2,2,about once a year,protestant,less than once a year,believe with doubts,yes,inspired word,no,not at all scientific,false,false,sun around earth,false,don't know,true,false,true,don't know,500 get the drug; 500 don't,no,no,4,9
2018,1375,41,female,black,bachelor's,16,south,married,3,working full time,40,47317.5,working class,strong democrat,"moderate, middle of the road",clinton,don't know,don't know,don't know,pretty happy,good,exciting,can't be too careful,no,more or less satisfied,4,,,protestant,2-3 times a month,no doubts,don't know,word of god,,,,,,,,,,,,,,,0,0
2018,1376,29,female,white,high school,14,south,divorced,1,working full time,53,31544.999999999996,working class,strong republican,"moderate, middle of the road",trump,,favor,should be legal,pretty happy,,,can't be too careful,,pretty well satisfied,14,1,about once a year,,nearly every week,no doubts,yes,inspired word,no,sort of scientific,,,earth around sun,true,false,true,false,true,true,500 get the drug; 500 don't,no,no,6,7
2018,1377,38,female,white,bachelor's,16,south,married,1,working full time,3,16648.75,middle class,strong republican,conservative,trump,favor,favor,should be legal,very happy,good,exciting,depends,no,pretty well satisfied,0,,,none,never,higher power,yes,inspired word,,,,,,,,,,,,,,,0,0
2018,1378,42,female,white,high school,15,south,divorced,1,working full time,40,19277.5,working class,not very strong republican,"moderate, middle of the road",trump,favor,favor,,pretty happy,fair,exciting,,no,more or less satisfied,0,4,several times a year,christian,about once a month,don't believe,no,word of god,yes,sort of scientific,,,sun around earth,false,don't know,don't know,false,true,true,500 get the drug; 500 don't,no,yes,4,7
2018,1379,69,female,white,high school,13,south,divorced,2,retired,,,middle class,not very strong democrat,slightly conservative,clinton,favor,favor,don't know,pretty happy,poor,routine,most people can be trusted,yes,pretty well satisfied,,,,protestant,2-3 times a month,no doubts,yes,word of god,,,,,,,,,,,,,,,0,0
2018,1380,29,female,black,graduate,16,south,married,1,working full time,40,31544.999999999996,middle class,strong democrat,"moderate, middle of the road",clinton,favor,don't know,,very happy,excellent,routine,,no,more or less satisfied,0,2,never,protestant,every week,no doubts,yes,inspired word,no,very scientific,false,false,sun around earth,don't know,don't know,false,false,false,false,500 get the drug; 500 don't,no,no,1,9
2018,1381,33,male,other,less than high school,3,south,married,4,in school,,,working class,"independent, close to democrat",liberal,,oppose,favor,should not be legal,pretty happy,fair,dull,can't be too careful,yes,more or less satisfied,,,,catholic,every week,no doubts,no,word of god,,,,,,,,,,,,,,,0,0
2018,1382,27,male,white,high school,14,south,married,1,working full time,45,38555,working class,"independent (neither, no response)","moderate, middle of the road",,favor,favor,,very happy,excellent,exciting,,no,pretty well satisfied,0,2,several times a year,none,never,"don't know, no way to find out",no,ancient book,yes,not at all scientific,,,earth around sun,false,false,true,false,true,true,500 get the drug; 500 don't,no,yes,7,7
2018,1383,42,male,white,associate/junior college,14,south,married,7,working full time,40,2453.5,working class,"independent, close to republican","moderate, middle of the road",trump,favor,favor,should not be legal,not too happy,good,routine,can't be too careful,yes,not satisfied at all,0,,,other,several times a year,"don't know, no way to find out",yes,ancient book,,,,,,,,,,,,,,,0,0
2018,1384,57,male,white,bachelor's,19,south,married,4,working full time,65,57832.5,middle class,not very strong republican,conservative,trump,,oppose,should not be legal,very happy,,,most people can be trusted,,pretty well satisfied,0,1,several times a year,protestant,every week,no doubts,no,inspired word,,,,,,,,,,,,,,,0,0
2018,1385,41,female,white,bachelor's,18,south,divorced,1,working full time,65,,middle class,strong democrat,extremely liberal,clinton,favor,oppose,should be legal,pretty happy,good,routine,most people can be trusted,yes,more or less satisfied,0,,,protestant,several times a year,no doubts,yes,inspired word,,,,,,,,,,,,,,,0,0
2018,1386,70,female,white,bachelor's,16,south,divorced,0,retired,,,middle class,strong democrat,slightly liberal,clinton,favor,don't know,should be legal,very happy,good,exciting,most people can be trusted,no,pretty well satisfied,,,,protestant,about once a month,no doubts,yes,word of god,,,,,,,,,,,,,,,0,0
2018,1387,31,male,white,less than high school,8,south,married,2,working full time,38,7886.249999999999,lower class,strong republican,conservative,trump,favor,favor,,pretty happy,fair,routine,,no,more or less satisfied,6,1,never,don't know,never,believe with doubts,no,inspired word,no,don't know,,,sun around earth,true,false,don't know,true,true,don't know,500 get the drug; 500 don't,yes,no,2,7
2018,1388,68,female,white,associate/junior college,14,south,married,2,retired,,14896.249999999998,working class,strong republican,extremely conservative,trump,favor,favor,should not be legal,very happy,good,routine,depends,yes,more or less satisfied,,,,protestant,several times a week,no doubts,yes,word of god,,,,,,,,,,,,,,,0,0
2018,1389,38,female,white,graduate,20,south,married,1,working full time,50,31544.999999999996,middle class,other party,"moderate, middle of the road",clinton,favor,oppose,,pretty happy,good,routine,,yes,more or less satisfied,10,1,never,protestant,several times a week,no doubts,yes,inspired word,no,not at all scientific,false,don't know,earth around sun,don't know,don't know,true,false,true,true,500 get the drug; 500 don't,don't know,yes,5,9
2018,1390,57,male,white,high school,16,south,never married,0,keeping house,,,middle class,not very strong democrat,"moderate, middle of the road",clinton,favor,favor,don't know,very happy,good,exciting,can't be too careful,no,more or less satisfied,,,,protestant,several times a week,no doubts,yes,inspired word,,,,,,,,,,,,,,,0,0
2018,1391,38,male,white,associate/junior college,15,south,married,2,working full time,60,38555,middle class,"independent (neither, no response)","moderate, middle of the road",,favor,favor,should be legal,pretty happy,good,exciting,can't be too careful,no,more or less satisfied,0,,,protestant,about once or twice a year,higher power,yes,inspired word,,,,,,,,,,,,,,,0,0
2018,1392,30,female,white,graduate,18,south,never married,0,working full time,50,4556.5,middle class,not very strong republican,conservative,trump,favor,favor,,pretty happy,good,routine,,no,pretty well satisfied,3,1,never,protestant,2-3 times a month,no doubts,yes,inspired word,yes,not at all scientific,false,false,earth around sun,false,false,true,false,true,true,500 get the drug; 500 don't,no,yes,7,9
2018,1393,68,male,white,less than high school,11,south,married,2,working part time,32,14896.249999999998,working class,"independent (neither, no response)","moderate, middle of the road",trump,favor,favor,should not be legal,pretty happy,fair,routine,depends,no,pretty well satisfied,0,,,protestant,every week,no doubts,yes,word of god,,,,,,,,,,,,,,,0,0
2018,1394,75,female,white,high school,12,south,divorced,2,retired,,,middle class,strong republican,extremely conservative,trump,,favor,should not be legal,pretty happy,,,can't be too careful,,not satisfied at all,,1,never,protestant,never,no doubts,yes,word of god,no,not at all scientific,,,earth around sun,false,don't know,don't know,true,don't know,don't know,all 1000 get the drug,don't know,yes,2,7
2018,1395,82,male,white,high school,12,south,married,2,working full time,,,upper class,not very strong democrat,slightly conservative,trump,favor,favor,,pretty happy,good,exciting,,yes,pretty well satisfied,0,2,about once a month,protestant,never,no doubts,yes,word of god,no,not at all scientific,,,earth around sun,don't know,don't know,false,true,true,true,500 get the drug; 500 don't,no,yes,3,7
2018,1396,71,male,white,associate/junior college,19,south,married,2,retired,,,middle class,"independent (neither, no response)","moderate, middle of the road",clinton,,favor,should not be legal,pretty happy,,,can't be too careful,,more or less satisfied,,3,never,protestant,about once or twice a year,don't believe,yes,inspired word,,,,,,,,,,,,,,,0,0
2018,1397,44,male,white,high school,9,south,married,3,working full time,65,26287.5,working class,strong republican,"moderate, middle of the road",,favor,favor,should be legal,pretty happy,fair,routine,can't be too careful,yes,more or less satisfied,0,,,don't know,never,no doubts,yes,word of god,,,,,,,,,,,,,,,0,0
2018,1398,82,female,white,high school,13,south,widowed,3,retired,,,middle class,not very strong democrat,"moderate, middle of the road",clinton,favor,favor,,pretty happy,good,routine,,yes,not satisfied at all,,2,never,protestant,several times a week,no doubts,no,word of god,yes,sort of scientific,,,sun around earth,true,true,don't know,false,true,true,all 1000 get the drug,no,yes,3,7
2018,1399,69,female,other,high school,12,south,married,3,retired,,,,not very strong democrat,don't know,clinton,don't know,oppose,should not be legal,very happy,excellent,don't know,can't be too careful,yes,more or less satisfied,,,,none,never,don't know,yes,don't know,,,,,,,,,,,,,,,0,0
2018,1400,40,male,black,bachelor's,16,south,never married,0,working full time,40,31544.999999999996,working class,"independent (neither, no response)","moderate, middle of the road",clinton,,favor,should be legal,pretty happy,,,most people can be trusted,,not satisfied at all,0,2,never,none,never,no doubts,yes,inspired word,,,,,,,,,,,,,,,0,0
2018,1401,61,female,black,less than high school,12,south,widowed,2,working full time,25,19277.5,middle class,strong democrat,liberal,clinton,favor,,,pretty happy,good,don't know,,yes,more or less satisfied,,4,never,protestant,nearly every week,no doubts,don't know,word of god,yes,sort of scientific,don't know,don't know,sun around earth,true,don't know,don't know,true,don't know,true,,yes,no,1,9
2018,1402,70,male,white,high school,11,south,married,1,retired,,,middle class,strong republican,conservative,didn't vote for president,,favor,should be legal,very happy,,,can't be too careful,,more or less satisfied,,5,never,protestant,never,higher power,don't know,word of god,no,sort of scientific,,,sun around earth,true,true,don't know,true,true,true,500 get the drug; 500 don't,don't know,,2,7
2018,1403,57,female,white,high school,13,south,married,2,working full time,40,14896.249999999998,middle class,"independent (neither, no response)","moderate, middle of the road",trump,favor,favor,,very happy,excellent,exciting,,no,pretty well satisfied,3,2,never,protestant,every week,no doubts,yes,inspired word,yes,not at all scientific,,,sun around earth,false,true,false,false,true,true,don't know,no,no,4,7
2018,1404,37,female,white,bachelor's,16,south,never married,0,working full time,40,47317.5,working class,not very strong democrat,liberal,,favor,oppose,don't know,not too happy,fair,exciting,can't be too careful,yes,not satisfied at all,14,,,protestant,never,believe with doubts,don't know,inspired word,,,,,,,,,,,,,,,0,0
2018,1405,64,male,black,bachelor's,15,south,married,3,retired,,,middle class,strong democrat,extremely liberal,clinton,,oppose,should not be legal,pretty happy,,,can't be too careful,,not satisfied at all,,4,never,protestant,every week,believe sometimes,yes,inspired word,,,,,,,,,,,,,,,0,0
2018,1406,74,female,black,graduate,18,south,widowed,4,retired,,,middle class,strong democrat,slightly liberal,clinton,oppose,don't know,,pretty happy,good,exciting,,yes,more or less satisfied,,6,never,protestant,several times a week,no doubts,yes,inspired word,no,don't know,false,false,earth around sun,don't know,true,true,false,don't know,true,500 get the drug; 500 don't,no,yes,4,9
2018,1407,71,female,black,high school,12,south,separated,3,retired,,,middle class,strong democrat,"moderate, middle of the road",clinton,oppose,don't know,don't know,pretty happy,good,exciting,can't be too careful,yes,more or less satisfied,,,,protestant,don't know,no doubts,yes,word of god,,,,,,,,,,,,,,,0,0
2018,1408,22,male,white,high school,14,south,never married,0,in school,,14896.249999999998,working class,strong republican,extremely conservative,,favor,favor,should be legal,pretty happy,good,routine,can't be too careful,no,more or less satisfied,,,,protestant,about once or twice a year,no doubts,yes,word of god,,,,,,,,,,,,,,,0,0
2018,1409,26,female,white,less than high school,10,south,never married,0,keeping house,,5257.5,middle class,"independent, close to democrat",slightly liberal,,favor,oppose,,not too happy,poor,dull,,no,not satisfied at all,,1,once or twice a week,none,several times a week,higher power,no,inspired word,yes,not at all scientific,,,earth around sun,don't know,don't know,false,false,true,true,500 get the drug; 500 don't,no,no,4,7
2018,1410,52,female,white,high school,13,south,married,2,working full time,40,31544.999999999996,working class,not very strong republican,"moderate, middle of the road",trump,favor,favor,,pretty happy,fair,routine,,no,not satisfied at all,10,1,never,protestant,several times a year,no doubts,no,word of god,no,not at all scientific,false,false,don't know,don't know,don't know,don't know,false,false,don't know,don't know,no,yes,1,9
2018,1411,84,female,black,high school,12,south,widowed,3,retired,,,working class,"independent, close to democrat",conservative,clinton,favor,oppose,should not be legal,pretty happy,good,exciting,can't be too careful,no,pretty well satisfied,,,,protestant,every week,no doubts,yes,word of god,,,,,,,,,,,,,,,0,0
2018,1412,22,male,other,less than high school,10,south,never married,,"unemployed, laid off, looking for work",,,working class,"independent (neither, no response)","moderate, middle of the road",,favor,favor,,pretty happy,poor,routine,,yes,not satisfied at all,,0,almost daily,none,never,higher power,yes,ancient book,no,sort of scientific,,,earth around sun,false,true,true,true,true,don't know,500 get the drug; 500 don't,don't know,don't know,4,7
2018,1413,28,male,black,high school,13,south,never married,0,working full time,48,5257.5,working class,strong democrat,"moderate, middle of the road",,favor,oppose,should be legal,pretty happy,excellent,exciting,can't be too careful,no,pretty well satisfied,0,,,protestant,never,higher power,yes,ancient book,,,,,,,,,,,,,,,0,0
2018,1414,60,female,white,high school,12,south,divorced,2,working full time,46,26287.5,working class,not very strong republican,"moderate, middle of the road",trump,favor,favor,,pretty happy,excellent,exciting,,yes,not satisfied at all,0,2,several times a year,protestant,never,no doubts,yes,ancient book,yes,not at all scientific,true,true,earth around sun,false,false,false,true,true,true,500 get the drug; 500 don't,no,yes,7,9
2018,1415,31,female,black,high school,15,south,never married,0,working part time,25,3855.4999999999995,working class,strong democrat,"moderate, middle of the road",clinton,,oppose,don't know,not too happy,,,can't be too careful,,not satisfied at all,0,8,several times a month,protestant,about once a month,believe with doubts,yes,inspired word,yes,not at all scientific,true,,sun around earth,true,true,don't know,true,true,true,500 get the drug; 500 don't,no,yes,3,8
2018,1416,45,male,black,high school,15,south,divorced,5,working full time,60,26287.5,working class,"independent (neither, no response)","moderate, middle of the road",clinton,favor,oppose,,not too happy,fair,routine,,yes,not satisfied at all,30,3,about once a month,protestant,never,believe sometimes,no,ancient book,no,sort of scientific,,,earth around sun,false,don't know,false,true,true,true,500 get the drug; 500 don't,no,yes,4,7
2018,1417,49,male,black,high school,14,south,married,0,working full time,40,26287.5,middle class,not very strong democrat,liberal,clinton,,favor,should be legal,very happy,,,can't be too careful,,more or less satisfied,0,4,about once a month,protestant,2-3 times a month,don't believe,yes,inspired word,,,,,,,,,,,,,,,0,0
2018,1418,32,female,white,less than high school,10,south,never married,5,working full time,35,,working class,"independent (neither, no response)","moderate, middle of the road",,oppose,favor,,pretty happy,good,dull,,no,pretty well satisfied,0,2,about once a year,none,never,no doubts,no,ancient book,no,sort of scientific,true,false,sun around earth,false,false,true,true,true,true,500 get the drug; 500 don't,no,no,6,9
2018,1419,43,female,black,less than high school,11,south,divorced,5,working part time,24,6309,lower class,strong democrat,"moderate, middle of the road",clinton,favor,favor,should be legal,not too happy,good,dull,can't be too careful,no,not satisfied at all,30,,,none,never,no doubts,yes,word of god,,,,,,,,,,,,,,,0,0
2018,1420,45,female,black,high school,14,south,divorced,3,working full time,43,31544.999999999996,working class,not very strong democrat,"moderate, middle of the road",clinton,,favor,should be legal,pretty happy,,,can't be too careful,,pretty well satisfied,0,2,about once a month,protestant,2-3 times a month,no doubts,yes,inspired word,yes,sort of scientific,,,earth around sun,don't know,don't know,don't know,true,true,true,500 get the drug; 500 don't,no,yes,3,7
2018,1421,65,male,white,high school,14,south,married,2,retired,,,middle class,strong democrat,liberal,clinton,favor,oppose,,very happy,excellent,exciting,,no,pretty well satisfied,,5,several times a year,catholic,nearly every week,believe with doubts,don't know,inspired word,no,not at all scientific,,,earth around sun,false,false,true,true,true,true,500 get the drug; 500 don't,no,no,6,7
2018,1422,32,female,white,high school,14,south,never married,2,working part time,30,,working class,"independent, close to democrat",liberal,,favor,favor,should be legal,pretty happy,good,exciting,can't be too careful,no,more or less satisfied,1,,,none,several times a year,believe with doubts,yes,inspired word,,,,,,,,,,,,,,,0,0
2018,1423,23,female,white,less than high school,11,south,never married,1,keeping house,,2453.5,working class,"independent, close to democrat",liberal,other candidate,,favor,should be legal,pretty happy,,,can't be too careful,,pretty well satisfied,,1,about once a year,none,never,higher power,yes,ancient book,no,not at all scientific,true,,earth around sun,false,false,true,true,true,true,500 get the drug; 500 don't,no,yes,7,8
2018,1424,52,male,white,graduate,18,south,married,2,working full time,50,47317.5,middle class,strong republican,conservative,trump,oppose,favor,,pretty happy,good,routine,,yes,more or less satisfied,4,2,never,protestant,every week,no doubts,yes,word of god,no,not at all scientific,false,true,earth around sun,false,false,false,false,true,true,500 get the drug; 500 don't,no,yes,7,9
2018,1425,58,female,white,bachelor's,16,south,married,2,working full time,40,38555,middle class,"independent, close to democrat",liberal,clinton,favor,oppose,should be legal,pretty happy,good,exciting,most people can be trusted,yes,more or less satisfied,0,,,protestant,about once a month,believe sometimes,no,inspired word,,,,,,,,,,,,,,,0,0
2018,1426,21,female,white,high school,15,south,never married,0,working part time,36,3855.4999999999995,middle class,not very strong republican,"moderate, middle of the road",,,favor,should not be legal,pretty happy,,,most people can be trusted,,more or less satisfied,4,0,never,catholic,about once a month,believe with doubts,yes,inspired word,,,,,,,,,,,,,,,0,0
2018,1427,77,female,white,bachelor's,16,south,widowed,1,retired,,3154.5,middle class,"independent, close to democrat","moderate, middle of the road",clinton,favor,oppose,should be legal,pretty happy,excellent,exciting,most people can be trusted,no,pretty well satisfied,,,,protestant,never,higher power,yes,inspired word,,,,,,,,,,,,,,,0,0
2018,1428,86,male,white,less than high school,10,south,married,4,retired,,,middle class,strong republican,extremely conservative,trump,oppose,favor,,very happy,excellent,exciting,,yes,pretty well satisfied,,3,never,protestant,several times a week,no doubts,yes,word of god,no,sort of scientific,,,earth around sun,false,true,true,true,don't know,true,500 get the drug; 500 don't,yes,no,4,7
2018,1429,52,female,white,associate/junior college,14,south,divorced,2,working part time,12,19277.5,working class,not very strong democrat,"moderate, middle of the road",clinton,favor,oppose,should not be legal,pretty happy,good,routine,can't be too careful,no,more or less satisfied,3,,,catholic,2-3 times a month,believe with doubts,no,word of god,,,,,,,,,,,,,,,0,0
2018,1430,66,male,white,bachelor's,16,south,divorced,2,retired,,,middle class,"independent (neither, no response)","moderate, middle of the road",trump,oppose,favor,,pretty happy,excellent,exciting,,no,more or less satisfied,,2,once or twice a week,protestant,about once or twice a year,no doubts,yes,word of god,no,not at all scientific,,,earth around sun,false,false,false,false,true,true,500 get the drug; 500 don't,no,yes,6,7
2018,1431,72,female,white,high school,14,south,widowed,5,retired,,,lower class,"independent (neither, no response)",slightly conservative,,,don't know,should not be legal,pretty happy,,,can't be too careful,,not satisfied at all,,3,never,protestant,2-3 times a month,no doubts,yes,word of god,,,,,,,,,,,,,,,0,0
2018,1432,47,female,white,high school,14,south,divorced,1,working full time,40,19277.5,working class,not very strong republican,conservative,,oppose,favor,,pretty happy,good,routine,,yes,not satisfied at all,2,3,several times a month,protestant,about once or twice a year,no doubts,yes,word of god,yes,sort of scientific,false,true,earth around sun,false,false,don't know,false,true,true,all 1000 get the drug,no,yes,7,9
2018,1433,58,male,white,bachelor's,16,south,never married,0,working full time,48,57832.5,middle class,strong republican,conservative,trump,,favor,should not be legal,pretty happy,,,can't be too careful,,more or less satisfied,0,2,never,protestant,several times a year,no doubts,yes,word of god,yes,not at all scientific,,,earth around sun,false,don't know,true,true,false,true,500 get the drug; 500 don't,yes,yes,4,7
2018,1434,35,female,black,graduate,15,south,divorced,0,working full time,50,38555,middle class,not very strong democrat,liberal,,favor,favor,,pretty happy,excellent,routine,,yes,more or less satisfied,0,2,about once a year,catholic,never,higher power,yes,inspired word,yes,sort of scientific,,,earth around sun,don't know,true,false,false,don't know,true,all 1000 get the drug,no,yes,3,7
2018,1435,50,female,black,associate/junior college,14,south,separated,1,working full time,70,31544.999999999996,working class,"independent (neither, no response)","moderate, middle of the road",clinton,favor,oppose,should not be legal,very happy,fair,exciting,most people can be trusted,yes,not satisfied at all,0,,,protestant,about once or twice a year,no doubts,yes,ancient book,,,,,,,,,,,,,,,0,0
2018,1436,84,female,white,graduate,17,south,widowed,2,retired,,,middle class,strong republican,extremely conservative,trump,,favor,should not be legal,very happy,,,can't be too careful,,pretty well satisfied,,3,never,protestant,several times a week,no doubts,yes,word of god,,,,,,,,,,,,,,,0,0
2018,1437,22,male,black,high school,15,south,never married,0,in school,,,middle class,not very strong democrat,slightly liberal,clinton,favor,oppose,should be legal,not too happy,good,routine,can't be too careful,yes,pretty well satisfied,,,,protestant,less than once a year,believe with doubts,yes,inspired word,,,,,,,,,,,,,,,0,0
2018,1438,29,female,black,bachelor's,17,south,never married,3,working full time,40,22782.5,middle class,"independent, close to democrat",slightly liberal,clinton,,favor,should not be legal,very happy,,,can't be too careful,,pretty well satisfied,0,3,about once a month,protestant,every week,no doubts,yes,word of god,yes,sort of scientific,,,sun around earth,true,true,true,false,false,false,500 get the drug; 500 don't,no,no,2,7
2018,1439,26,male,black,high school,12,south,separated,1,working full time,35,14896.249999999998,middle class,"independent, close to democrat",extremely conservative,,favor,oppose,,very happy,fair,exciting,,no,pretty well satisfied,0,0,several times a year,protestant,about once or twice a year,no doubts,no,ancient book,yes,sort of scientific,,,sun around earth,true,don't know,true,true,don't know,true,500 get the drug; 500 don't,no,yes,2,7
2018,1440,24,female,white,bachelor's,16,south,married,0,working full time,50,,working class,"independent, close to democrat",slightly liberal,,favor,don't know,don't know,very happy,good,routine,most people can be trusted,no,pretty well satisfied,0,,,none,less than once a year,believe sometimes,don't know,inspired word,,,,,,,,,,,,,,,0,0
2018,1441,,female,white,high school,12,south,married,2,working part time,16,14896.249999999998,working class,"independent (neither, no response)","moderate, middle of the road",,oppose,oppose,,pretty happy,good,exciting,,no,more or less satisfied,0,0,about once a year,protestant,2-3 times a month,no doubts,don't know,word of god,yes,not at all scientific,false,false,earth around sun,false,false,true,false,true,false,500 get the drug; 500 don't,no,yes,6,9
2018,1442,38,male,white,associate/junior college,14,south,married,0,other,,,lower class,"independent, close to democrat","moderate, middle of the road",trump,favor,favor,should be legal,very happy,good,exciting,can't be too careful,yes,more or less satisfied,,,,other,less than once a year,no doubts,yes,inspired word,,,,,,,,,,,,,,,0,0
2018,1443,31,male,white,bachelor's,16,south,never married,0,working full time,40,31544.999999999996,middle class,not very strong democrat,slightly liberal,clinton,favor,favor,should be legal,pretty happy,good,routine,can't be too careful,yes,more or less satisfied,15,,,protestant,2-3 times a month,no doubts,yes,inspired word,,,,,,,,,,,,,,,0,0
2018,1444,31,female,white,bachelor's,16,south,never married,1,keeping house,,,working class,"independent, close to democrat",extremely liberal,other candidate,favor,don't know,,pretty happy,good,exciting,,yes,not satisfied at all,,0,several times a year,none,never,higher power,yes,ancient book,yes,not at all scientific,true,true,earth around sun,don't know,don't know,true,false,true,true,500 get the drug; 500 don't,no,yes,7,9
2018,1445,30,female,black,bachelor's,16,south,never married,0,in school,,14896.249999999998,working class,other party,liberal,don't know,favor,oppose,should be legal,not too happy,good,exciting,can't be too careful,no,more or less satisfied,,,,none,never,no doubts,no,ancient book,,,,,,,,,,,,,,,0,0
2018,1446,46,male,white,graduate,18,south,married,2,working full time,60,176200.14942,upper class,not very strong republican,extremely liberal,trump,,favor,should be legal,pretty happy,,,most people can be trusted,,pretty well satisfied,1,1,several times a month,protestant,about once or twice a year,higher power,yes,ancient book,,,,,,,,,,,,,,,0,0
2018,1447,49,male,black,bachelor's,16,south,never married,2,working full time,89,7886.249999999999,lower class,strong democrat,"moderate, middle of the road",clinton,favor,oppose,should be legal,not too happy,fair,exciting,can't be too careful,no,not satisfied at all,0,,,protestant,nearly every week,no doubts,no,ancient book,,,,,,,,,,,,,,,0,0
2018,1448,29,male,white,high school,10,south,married,0,working full time,40,14896.249999999998,working class,"independent, close to republican","moderate, middle of the road",,oppose,favor,,pretty happy,good,routine,,no,more or less satisfied,10,1,never,none,never,higher power,yes,ancient book,yes,not at all scientific,don't know,don't know,earth around sun,false,don't know,true,true,true,true,500 get the drug; 500 don't,don't know,don't know,5,9
2018,1449,45,female,white,high school,10,south,divorced,2,in school,,,lower class,"independent, close to republican",liberal,,favor,favor,,pretty happy,fair,routine,,yes,not satisfied at all,,6,never,other,never,believe with doubts,yes,ancient book,yes,sort of scientific,,,earth around sun,false,false,true,false,true,true,500 get the drug; 500 don't,no,yes,7,7
2018,1450,67,male,black,high school,12,south,divorced,7,retired,,,lower class,strong democrat,slightly conservative,clinton,,favor,should be legal,not too happy,,,can't be too careful,,not satisfied at all,,5,about once a month,protestant,every week,no doubts,yes,inspired word,,,,,,,,,,,,,,,0,0
2018,1451,34,female,white,high school,12,south,married,1,working full time,40,47317.5,working class,not very strong republican,"moderate, middle of the road",trump,favor,favor,should not be legal,very happy,excellent,exciting,most people can be trusted,yes,more or less satisfied,5,,,protestant,several times a week,no doubts,yes,word of god,,,,,,,,,,,,,,,0,0
2018,1452,82,male,black,high school,12,south,widowed,2,retired,,,upper class,"independent (neither, no response)","moderate, middle of the road",clinton,,favor,should not be legal,pretty happy,,,can't be too careful,,pretty well satisfied,,3,never,protestant,every week,no doubts,yes,word of god,no,not at all scientific,false,,earth around sun,true,don't know,false,true,false,false,500 get the drug; 500 don't,no,yes,1,8
2018,1453,44,male,other,high school,13,south,married,2,working full time,40,47317.5,working class,"independent, close to republican","moderate, middle of the road",trump,,favor,should be legal,very happy,,,can't be too careful,,more or less satisfied,0,1,never,protestant,every week,no doubts,yes,inspired word,,,,,,,,,,,,,,,0,0
2018,1454,48,female,white,graduate,18,south,married,3,"with a job, but not at work because of temporary illness, vacation, strike",,22782.5,middle class,"independent, close to democrat","moderate, middle of the road",clinton,favor,favor,should not be legal,pretty happy,good,routine,can't be too careful,yes,not satisfied at all,15,,,protestant,2-3 times a month,believe with doubts,yes,inspired word,,,,,,,,,,,,,,,0,0
2018,1455,24,female,white,less than high school,8,south,never married,2,keeping house,,2453.5,working class,"independent, close to republican",conservative,,,oppose,should be legal,not too happy,,,can't be too careful,,more or less satisfied,,5,several times a year,protestant,about once or twice a year,no doubts,yes,word of god,yes,sort of scientific,,,sun around earth,false,false,true,true,true,true,500 get the drug; 500 don't,no,yes,5,7
2018,1456,56,male,white,high school,12,south,married,2,other,,,working class,not very strong republican,conservative,trump,oppose,favor,should not be legal,very happy,don't know,routine,can't be too careful,no,don't know,,,,none,never,no doubts,no,ancient book,,,,,,,,,,,,,,,0,0
2018,1457,65,male,white,high school,11,south,married,3,working full time,40,7886.249999999999,working class,"independent, close to republican",conservative,trump,oppose,favor,,pretty happy,excellent,routine,,no,not satisfied at all,0,3,never,protestant,about once a month,no doubts,yes,word of god,no,not at all scientific,false,false,earth around sun,true,false,false,true,true,true,all 1000 get the drug,don't know,no,4,9
2018,1458,48,female,black,high school,13,south,never married,1,working full time,40,57832.5,working class,"independent, close to democrat","moderate, middle of the road",don't know,favor,don't know,should be legal,not too happy,good,exciting,most people can be trusted,no,more or less satisfied,3,,,protestant,2-3 times a month,believe with doubts,yes,word of god,,,,,,,,,,,,,,,0,0
2018,1459,27,female,black,high school,16,south,never married,2,keeping house,,,middle class,not very strong democrat,"moderate, middle of the road",clinton,oppose,oppose,,not too happy,good,dull,,yes,not satisfied at all,,7,about once a year,protestant,about once a month,no doubts,yes,inspired word,yes,very scientific,,,sun around earth,false,true,false,false,true,true,500 get the drug; 500 don't,no,no,4,7
2018,1460,55,female,black,graduate,18,south,married,3,working full time,35,70100,working class,"independent, close to democrat",slightly liberal,clinton,favor,oppose,,pretty happy,excellent,routine,,yes,more or less satisfied,3,0,never,protestant,2-3 times a month,no doubts,yes,inspired word,yes,sort of scientific,false,true,earth around sun,false,false,true,don't know,true,true,500 get the drug; 500 don't,no,yes,7,9
2018,1461,25,male,white,high school,15,south,married,0,in school,,,middle class,"independent, close to republican","moderate, middle of the road",clinton,favor,don't know,should be legal,very happy,good,routine,can't be too careful,no,pretty well satisfied,,,,none,never,believe sometimes,no,ancient book,,,,,,,,,,,,,,,0,0
2018,1462,55,female,black,high school,12,south,divorced,5,working full time,40,7886.249999999999,working class,strong democrat,conservative,clinton,oppose,oppose,should be legal,not too happy,fair,exciting,can't be too careful,yes,more or less satisfied,0,,,protestant,never,no doubts,yes,word of god,,,,,,,,,,,,,,,0,0
2018,1463,71,female,white,high school,13,south,separated,2,retired,,,working class,"independent (neither, no response)","moderate, middle of the road",,oppose,oppose,should be legal,pretty happy,fair,routine,can't be too careful,no,more or less satisfied,,,,protestant,several times a year,no doubts,no,inspired word,,,,,,,,,,,,,,,0,0
2018,1464,26,male,white,high school,12,south,never married,2,working full time,70,14896.249999999998,middle class,"independent (neither, no response)",extremely conservative,,,favor,should be legal,pretty happy,,,can't be too careful,,more or less satisfied,0,1,about once a month,protestant,about once a month,no doubts,yes,other (vol),yes,sort of scientific,don't know,,earth around sun,false,false,don't know,false,true,true,500 get the drug; 500 don't,no,no,6,8
2018,1465,59,female,white,high school,12,south,married,4,working full time,40,11391.25,working class,strong republican,conservative,trump,,don't know,don't know,very happy,,,can't be too careful,,not satisfied at all,0,1,never,protestant,nearly every week,no doubts,yes,word of god,,,,,,,,,,,,,,,0,0
2018,1466,56,female,white,high school,16,south,divorced,1,working full time,40,47317.5,middle class,"independent, close to democrat","moderate, middle of the road",clinton,favor,oppose,should be legal,pretty happy,excellent,routine,most people can be trusted,no,more or less satisfied,0,,,none,never,"don't know, no way to find out",no,ancient book,,,,,,,,,,,,,,,0,0
2018,1467,58,female,white,graduate,20,south,divorced,0,other,,,middle class,"independent (neither, no response)","moderate, middle of the road",,,oppose,should be legal,not too happy,,,most people can be trusted,,not satisfied at all,,1,never,protestant,never,higher power,yes,inspired word,no,sort of scientific,,,earth around sun,false,don't know,don't know,false,true,true,500 get the drug; 500 don't,no,yes,5,7
2018,1468,27,female,black,associate/junior college,15,south,never married,1,working full time,44,22782.5,working class,not very strong democrat,"moderate, middle of the road",,favor,oppose,,pretty happy,fair,routine,,yes,more or less satisfied,2,2,once or twice a week,christian,never,no doubts,no,inspired word,no,sort of scientific,,,sun around earth,false,don't know,don't know,true,true,true,all 1000 get the drug,yes,no,3,7
2018,1469,69,female,black,high school,13,south,married,2,working full time,50,70100,upper class,"independent (neither, no response)",extremely liberal,,favor,don't know,,very happy,excellent,routine,can't be too careful,no,pretty well satisfied,0,,,protestant,never,no doubts,no,word of god,,,,,,,,,,,,,,,0,0
2018,1470,30,female,white,high school,13,south,never married,1,working full time,40,350.5,middle class,"independent, close to republican",slightly conservative,,,,should be legal,pretty happy,,,can't be too careful,,pretty well satisfied,4,1,never,protestant,2-3 times a month,believe with doubts,yes,word of god,no,sort of scientific,false,,earth around sun,don't know,false,false,false,true,don't know,500 get the drug; 500 don't,no,yes,4,8
2018,1471,71,female,white,bachelor's,17,south,widowed,0,working part time,25,38555,middle class,not very strong republican,conservative,trump,,oppose,should be legal,very happy,,,most people can be trusted,,pretty well satisfied,0,3,never,buddhism,several times a year,don't believe,yes,ancient book,,,,,,,,,,,,,,,0,0
2018,1472,53,female,black,less than high school,9,south,married,5,working full time,40,26287.5,working class,not very strong democrat,"moderate, middle of the road",,favor,oppose,,not too happy,fair,routine,,yes,more or less satisfied,1,1,about once a month,protestant,every week,no doubts,yes,word of god,no,sort of scientific,false,true,sun around earth,don't know,don't know,don't know,true,false,don't know,500 get the drug; 500 don't,don't know,yes,1,9
2018,1473,,male,black,associate/junior college,14,south,divorced,2,working full time,40,22782.5,working class,not very strong democrat,slightly liberal,clinton,,favor,should be legal,not too happy,,,can't be too careful,,not satisfied at all,1,2,about once a year,catholic,several times a year,no doubts,yes,inspired word,yes,not at all scientific,,,sun around earth,don't know,false,don't know,don't know,true,don't know,all 1000 get the drug,no,yes,2,7
2018,1474,34,female,black,less than high school,11,south,married,4,working full time,50,,working class,"independent (neither, no response)","moderate, middle of the road",clinton,favor,oppose,,pretty happy,fair,routine,,yes,more or less satisfied,0,3,never,protestant,2-3 times a month,no doubts,yes,word of god,yes,very scientific,,,earth around sun,true,don't know,don't know,true,false,true,500 get the drug; 500 don't,no,yes,2,7
2018,1475,37,female,white,less than high school,8,south,divorced,3,working full time,45,13143.75,lower class,not very strong republican,conservative,,favor,favor,don't know,not too happy,good,routine,can't be too careful,yes,not satisfied at all,4,,,none,never,believe with doubts,yes,inspired word,,,,,,,,,,,,,,,0,0
2018,1476,29,female,black,associate/junior college,14,south,married,3,working full time,38,,working class,not very strong democrat,"moderate, middle of the road",clinton,,favor,should be legal,pretty happy,,,can't be too careful,,not satisfied at all,10,4,several times a year,protestant,about once or twice a year,no doubts,yes,inspired word,,,,,,,,,,,,,,,0,0
2018,1477,63,female,white,high school,12,south,divorced,2,working full time,40,9638.75,working class,,"moderate, middle of the road",,oppose,favor,,pretty happy,fair,routine,,yes,more or less satisfied,30,2,several times a year,protestant,2-3 times a month,no doubts,yes,word of god,yes,not at all scientific,,,earth around sun,false,don't know,don't know,false,true,true,500 get the drug; 500 don't,no,yes,5,7
2018,1478,32,female,black,associate/junior college,16,south,never married,2,"with a job, but not at work because of temporary illness, vacation, strike",,9638.75,working class,not very strong democrat,slightly conservative,clinton,favor,don't know,don't know,very happy,fair,dull,can't be too careful,yes,not satisfied at all,30,,,protestant,never,no doubts,yes,inspired word,,,,,,,,,,,,,,,0,0
2018,1479,33,male,black,bachelor's,16,south,never married,0,working full time,50,57832.5,middle class,not very strong republican,slightly conservative,clinton,,favor,should be legal,pretty happy,,,most people can be trusted,,pretty well satisfied,4,1,several times a year,catholic,several times a year,no doubts,yes,inspired word,,,,,,,,,,,,,,,0,0
2018,1480,79,female,black,high school,12,south,never married,3,keeping house,,,middle class,strong democrat,,clinton,,favor,should not be legal,very happy,,,can't be too careful,,pretty well satisfied,,5,never,protestant,every week,no doubts,yes,word of god,no,not at all scientific,,,sun around earth,false,don't know,don't know,true,true,true,all 1000 get the drug,no,yes,3,7
2018,1481,22,male,black,high school,12,south,never married,0,working part time,30,3855.4999999999995,middle class,"independent (neither, no response)","moderate, middle of the road",don't know,oppose,oppose,don't know,pretty happy,good,exciting,can't be too careful,no,pretty well satisfied,0,,,none,about once or twice a year,believe with doubts,yes,other (vol),,,,,,,,,,,,,,,0,0
2018,1482,24,female,white,high school,14,south,never married,0,working full time,50,22782.5,middle class,"independent (neither, no response)","moderate, middle of the road",clinton,oppose,don't know,,pretty happy,good,routine,,no,more or less satisfied,0,3,several times a year,catholic,every week,believe with doubts,yes,inspired word,yes,not at all scientific,true,true,earth around sun,false,false,true,false,true,true,500 get the drug; 500 don't,no,yes,9,9
2018,1483,31,female,white,bachelor's,16,south,married,0,keeping house,,,middle class,not very strong democrat,liberal,other candidate,favor,favor,should be legal,pretty happy,good,routine,can't be too careful,yes,more or less satisfied,,,,protestant,less than once a year,believe with doubts,yes,inspired word,,,,,,,,,,,,,,,0,0
2018,1484,43,female,white,bachelor's,16,south,married,2,keeping house,,11391.25,middle class,not very strong republican,"moderate, middle of the road",trump,oppose,favor,,pretty happy,good,exciting,,yes,more or less satisfied,,2,once or twice a week,catholic,never,believe with doubts,yes,inspired word,yes,sort of scientific,true,true,don't know,false,don't know,don't know,false,true,true,500 get the drug; 500 don't,no,yes,6,9
2018,1485,56,female,white,bachelor's,16,south,divorced,0,working full time,30,176200.14942,upper class,strong republican,"moderate, middle of the road",trump,oppose,favor,should not be legal,very happy,excellent,exciting,most people can be trusted,no,pretty well satisfied,0,,,none,never,higher power,no,ancient book,,,,,,,,,,,,,,,0,0
2018,1486,54,male,white,high school,14,south,divorced,2,retired,,7886.249999999999,upper class,not very strong republican,conservative,trump,,favor,should be legal,pretty happy,,,most people can be trusted,,pretty well satisfied,,2,about once a month,catholic,less than once a year,"don't know, no way to find out",no,ancient book,yes,not at all scientific,,,earth around sun,false,false,false,true,true,true,all 1000 get the drug,no,yes,5,7
2018,1487,47,male,white,high school,12,south,married,2,working full time,50,47317.5,upper class,"independent (neither, no response)",slightly liberal,,favor,favor,,very happy,excellent,exciting,,no,pretty well satisfied,0,1,several times a year,none,never,don't believe,no,ancient book,no,not at all scientific,,,earth around sun,false,false,false,false,true,true,500 get the drug; 500 don't,no,yes,6,7
2018,1488,72,female,white,bachelor's,16,south,married,3,retired,,,upper class,strong republican,conservative,trump,don't know,oppose,should not be legal,very happy,good,exciting,most people can be trusted,no,pretty well satisfied,,,,catholic,every week,no doubts,yes,inspired word,,,,,,,,,,,,,,,0,0
2018,1489,60,male,white,graduate,18,south,married,2,retired,,176200.14942,upper class,strong republican,conservative,trump,oppose,favor,should not be legal,very happy,excellent,exciting,most people can be trusted,no,pretty well satisfied,,,,catholic,every week,no doubts,yes,inspired word,,,,,,,,,,,,,,,0,0
2018,1490,34,male,white,graduate,17,south,married,2,working full time,40,84120,middle class,not very strong republican,slightly conservative,trump,,favor,should be legal,pretty happy,,,most people can be trusted,,more or less satisfied,4,2,several times a month,protestant,never,higher power,don't know,ancient book,,,,,,,,,,,,,,,0,0
2018,1491,38,male,white,bachelor's,16,south,married,2,working full time,40,84120,middle class,strong democrat,liberal,clinton,favor,oppose,,pretty happy,excellent,routine,,no,more or less satisfied,0,2,about once a month,jewish,never,"don't know, no way to find out",no,ancient book,no,not at all scientific,,,earth around sun,true,don't know,don't know,false,true,true,500 get the drug; 500 don't,no,yes,4,7
2018,1492,58,female,white,graduate,18,south,married,0,retired,,176200.14942,middle class,strong republican,conservative,trump,,favor,should not be legal,pretty happy,,,most people can be trusted,,pretty well satisfied,,4,about once a year,protestant,several times a year,believe with doubts,yes,inspired word,,,,,,,,,,,,,,,0,0
2018,1493,67,female,white,bachelor's,16,south,divorced,2,"unemployed, laid off, looking for work",,,lower class,"independent, close to republican","moderate, middle of the road",trump,favor,oppose,,not too happy,poor,routine,,yes,not satisfied at all,,8,never,catholic,about once a month,no doubts,yes,inspired word,no,not at all scientific,true,true,earth around sun,false,false,true,true,true,true,500 get the drug; 500 don't,no,yes,8,9
2018,1494,39,female,other,high school,13,south,never married,3,keeping house,,,working class,other party,conservative,,favor,favor,should not be legal,pretty happy,excellent,exciting,can't be too careful,yes,pretty well satisfied,,,,christian,about once or twice a year,no doubts,no,inspired word,,,,,,,,,,,,,,,0,0
2018,1495,75,female,white,high school,12,south,divorced,2,keeping house,,,middle class,"independent, close to republican",conservative,trump,favor,favor,should not be legal,pretty happy,good,routine,can't be too careful,yes,not satisfied at all,,,,catholic,several times a year,no doubts,yes,inspired word,,,,,,,,,,,,,,,0,0
2018,1496,65,female,white,associate/junior college,14,south,married,1,"with a job, but not at work because of temporary illness, vacation, strike",,1402,working class,"independent (neither, no response)","moderate, middle of the road",clinton,favor,favor,,pretty happy,good,exciting,,no,more or less satisfied,5,2,several times a year,protestant,several times a year,believe with doubts,yes,inspired word,yes,sort of scientific,true,true,earth around sun,false,true,don't know,false,true,true,all 1000 get the drug,no,yes,7,9
2018,1497,56,male,white,high school,12,south,never married,8,retired,,,middle class,strong democrat,liberal,,,favor,should not be legal,pretty happy,,,can't be too careful,,not satisfied at all,,24,about once a year,protestant,never,no doubts,yes,inspired word,no,not at all scientific,,,earth around sun,true,false,true,false,true,true,500 get the drug; 500 don't,no,yes,6,7
2018,1498,35,female,other,associate/junior college,14,south,divorced,3,keeping house,,,lower class,"independent, close to democrat",extremely liberal,,favor,favor,,pretty happy,fair,routine,,no,more or less satisfied,,2,never,protestant,every week,no doubts,yes,word of god,yes,very scientific,,,sun around earth,false,don't know,true,false,true,false,500 get the drug; 500 don't,no,yes,4,7
2018,1499,57,female,black,graduate,18,south,married,4,working full time,50,19277.5,working class,strong democrat,"moderate, middle of the road",clinton,favor,favor,should be legal,pretty happy,fair,routine,most people can be trusted,no,not satisfied at all,0,,,protestant,every week,no doubts,yes,inspired word,,,,,,,,,,,,,,,0,0
2018,1500,63,male,black,high school,13,south,married,5,working full time,40,16648.75,working class,"independent, close to democrat","moderate, middle of the road",,,oppose,should be legal,pretty happy,,,most people can be trusted,,not satisfied at all,0,6,about once a year,catholic,never,no doubts,yes,ancient book,,,,,,,,,,,,,,,0,0
2018,1501,29,male,white,high school,12,south,never married,0,working full time,34,16648.75,working class,"independent, close to democrat","moderate, middle of the road",clinton,oppose,favor,,pretty happy,good,routine,,no,not satisfied at all,0,,about once a month,catholic,never,believe with doubts,yes,inspired word,yes,sort of scientific,true,true,sun around earth,false,false,true,false,true,true,500 get the drug; 500 don't,no,yes,8,9
2018,1502,66,female,white,high school,12,south,married,2,retired,,,working class,strong republican,slightly conservative,trump,favor,favor,,very happy,fair,exciting,,no,pretty well satisfied,,2,several times a year,catholic,about once or twice a year,no doubts,yes,inspired word,no,not at all scientific,false,false,earth around sun,false,false,don't know,false,true,true,all 1000 get the drug,no,yes,6,9
2018,1503,58,female,white,associate/junior college,14,south,widowed,0,retired,,,middle class,not very strong democrat,"moderate, middle of the road",clinton,favor,favor,,pretty happy,poor,routine,,no,more or less satisfied,,10,several times a month,protestant,several times a year,"don't know, no way to find out",no,ancient book,no,not at all scientific,,,earth around sun,false,false,don't know,false,true,true,all 1000 get the drug,no,yes,6,7
2018,1504,77,female,white,bachelor's,16,south,married,2,working full time,30,19277.5,middle class,strong democrat,extremely liberal,clinton,favor,oppose,,pretty happy,good,exciting,,no,not satisfied at all,0,1,never,none,never,no doubts,yes,ancient book,yes,sort of scientific,true,false,earth around sun,false,false,don't know,false,true,false,,yes,yes,6,9
2018,1505,38,male,other,less than high school,6,south,never married,1,working full time,72,26287.5,working class,"independent, close to democrat",extremely liberal,,,oppose,should not be legal,pretty happy,,,can't be too careful,,more or less satisfied,0,1,never,catholic,every week,believe with doubts,no,word of god,no,sort of scientific,false,,sun around earth,true,false,false,true,false,false,all 1000 get the drug,yes,yes,1,8
2018,1506,34,female,white,associate/junior college,14,south,married,4,working part time,12,2453.5,working class,"independent (neither, no response)","moderate, middle of the road",,favor,favor,should be legal,very happy,excellent,exciting,most people can be trusted,yes,more or less satisfied,0,,,protestant,about once or twice a year,believe with doubts,yes,ancient book,,,,,,,,,,,,,,,0,0
2018,1507,27,female,black,high school,13,south,never married,2,working full time,45,19277.5,working class,not very strong democrat,"moderate, middle of the road",,,favor,should be legal,not too happy,,,can't be too careful,,not satisfied at all,30,0,never,protestant,several times a year,believe with doubts,yes,word of god,yes,very scientific,,,sun around earth,false,true,true,false,false,false,500 get the drug; 500 don't,no,yes,3,7
2018,1508,46,female,white,less than high school,6,south,married,5,keeping house,,,middle class,not very strong republican,"moderate, middle of the road",,favor,favor,,very happy,fair,exciting,,yes,pretty well satisfied,,1,never,catholic,every week,no doubts,yes,word of god,no,not at all scientific,,,earth around sun,false,false,false,false,true,true,500 get the drug; 500 don't,no,yes,6,7
2018,1509,45,female,white,associate/junior college,17,south,divorced,4,working part time,10,3855.4999999999995,lower class,"independent (neither, no response)","moderate, middle of the road",clinton,,favor,should be legal,pretty happy,,,can't be too careful,,not satisfied at all,0,1,never,protestant,about once or twice a year,no doubts,don't know,inspired word,,,,,,,,,,,,,,,0,0
2018,1510,23,female,white,associate/junior college,13,south,married,1,working full time,35,7886.249999999999,working class,not very strong democrat,slightly liberal,,favor,favor,,pretty happy,fair,routine,,no,more or less satisfied,0,1,about once a month,catholic,2-3 times a month,no doubts,yes,inspired word,no,not at all scientific,true,false,sun around earth,true,true,true,true,true,true,all 1000 get the drug,no,yes,4,9
2018,1511,25,female,black,associate/junior college,16,south,never married,0,working full time,36,31544.999999999996,working class,"independent, close to democrat","moderate, middle of the road",clinton,favor,favor,should be legal,very happy,good,exciting,can't be too careful,yes,more or less satisfied,5,,,protestant,2-3 times a month,no doubts,yes,inspired word,,,,,,,,,,,,,,,0,0
2018,1512,23,female,other,high school,14,south,never married,0,working full time,50,6309,working class,"independent (neither, no response)",slightly conservative,trump,,favor,should be legal,pretty happy,,,can't be too careful,,not satisfied at all,0,1,several times a month,none,about once or twice a year,higher power,yes,ancient book,yes,not at all scientific,true,,earth around sun,false,false,true,false,true,true,500 get the drug; 500 don't,no,yes,8,8
2018,1513,57,male,white,high school,12,south,married,2,other,,,working class,"independent (neither, no response)","moderate, middle of the road",clinton,,don't know,should be legal,very happy,,,can't be too careful,,not satisfied at all,,10,never,protestant,every week,no doubts,yes,word of god,,,,,,,,,,,,,,,0,0
2018,1514,58,female,white,associate/junior college,14,south,married,2,working part time,20,1402,middle class,"independent (neither, no response)",slightly conservative,,favor,don't know,,not too happy,fair,routine,,no,not satisfied at all,0,2,several times a month,catholic,about once or twice a year,believe with doubts,yes,inspired word,yes,sort of scientific,true,true,sun around earth,true,false,don't know,false,true,true,all 1000 get the drug,no,no,6,9
2018,1515,50,female,white,less than high school,8,south,divorced,2,working full time,46,22782.5,working class,not very strong republican,"moderate, middle of the road",,favor,favor,should not be legal,pretty happy,fair,routine,can't be too careful,no,not satisfied at all,30,,,protestant,about once or twice a year,no doubts,yes,other (vol),,,,,,,,,,,,,,,0,0
2018,1516,70,male,black,high school,13,south,never married,1,retired,,,working class,strong democrat,slightly liberal,,,oppose,should be legal,pretty happy,,,can't be too careful,,more or less satisfied,,6,never,protestant,about once or twice a year,"don't know, no way to find out",yes,word of god,yes,not at all scientific,,,don't know,false,false,true,true,true,don't know,all 1000 get the drug,yes,yes,4,7
2018,1517,58,female,white,associate/junior college,14,south,separated,1,working full time,36,16648.75,working class,"independent (neither, no response)","moderate, middle of the road",,favor,favor,,pretty happy,excellent,routine,,no,not satisfied at all,0,2,never,none,never,no doubts,yes,word of god,yes,not at all scientific,,,earth around sun,true,true,false,true,true,true,500 get the drug; 500 don't,no,yes,3,7
2018,1518,68,female,white,associate/junior college,15,south,divorced,2,retired,,,middle class,strong democrat,"moderate, middle of the road",clinton,favor,oppose,should be legal,very happy,good,routine,can't be too careful,no,pretty well satisfied,,,,catholic,about once or twice a year,no doubts,don't know,inspired word,,,,,,,,,,,,,,,0,0
2018,1519,25,female,white,associate/junior college,14,south,married,1,working part time,16,19277.5,middle class,"independent (neither, no response)","moderate, middle of the road",,,,should be legal,pretty happy,,,depends,,not satisfied at all,0,12,never,inter-nondenominational,never,higher power,yes,inspired word,yes,sort of scientific,true,,earth around sun,true,don't know,true,false,true,true,500 get the drug; 500 don't,no,yes,6,8
2018,1520,68,female,white,high school,12,south,widowed,2,retired,,,working class,"independent, close to democrat",slightly conservative,,favor,favor,,pretty happy,good,routine,,no,more or less satisfied,,5,never,protestant,never,believe with doubts,no,inspired word,yes,sort of scientific,,,earth around sun,false,false,true,true,true,true,500 get the drug; 500 don't,no,yes,6,7
2018,1521,54,female,white,high school,12,south,divorced,1,working part time,15,3154.5,working class,strong republican,conservative,trump,oppose,favor,don't know,not too happy,good,exciting,can't be too careful,yes,not satisfied at all,6,,,protestant,never,no doubts,yes,inspired word,,,,,,,,,,,,,,,0,0
2018,1522,30,female,white,less than high school,10,south,divorced,3,keeping house,,,lower class,"independent, close to republican","moderate, middle of the road",,,favor,should not be legal,pretty happy,,,can't be too careful,,not satisfied at all,,2,never,protestant,about once a month,no doubts,yes,inspired word,,,,,,,,,,,,,,,0,0
2018,1523,64,female,white,high school,12,south,divorced,3,working part time,20,7886.249999999999,middle class,strong democrat,"moderate, middle of the road",clinton,favor,favor,,pretty happy,good,routine,,yes,more or less satisfied,10,2,several times a year,protestant,every week,no doubts,yes,word of god,yes,sort of scientific,,,sun around earth,true,don't know,don't know,false,don't know,don't know,500 get the drug; 500 don't,no,no,1,7
2018,1524,58,male,white,less than high school,11,south,married,3,working full time,50,31544.999999999996,working class,strong republican,conservative,trump,favor,favor,should be legal,very happy,fair,exciting,can't be too careful,no,more or less satisfied,0,,,protestant,several times a week,no doubts,yes,word of god,,,,,,,,,,,,,,,0,0
2018,1525,69,female,black,less than high school,0,south,married,4,other,,,middle class,strong democrat,"moderate, middle of the road",clinton,,don't know,should be legal,don't know,,,can't be too careful,,more or less satisfied,,2,never,protestant,nearly every week,no doubts,yes,word of god,no,not at all scientific,don't know,,sun around earth,don't know,don't know,don't know,true,don't know,don't know,don't know,no,don't know,0,8
2018,1526,56,female,white,high school,12,south,married,3,"with a job, but not at work because of temporary illness, vacation, strike",,47317.5,middle class,not very strong democrat,slightly conservative,,favor,oppose,,not too happy,poor,dull,,yes,not satisfied at all,30,4,never,protestant,never,no doubts,yes,word of god,no,sort of scientific,,,earth around sun,true,don't know,don't know,false,true,true,500 get the drug; 500 don't,yes,yes,4,7
2018,1527,69,female,white,high school,10,south,married,3,retired,,,working class,"independent, close to republican",conservative,trump,favor,oppose,should be legal,pretty happy,good,exciting,most people can be trusted,no,more or less satisfied,,,,protestant,never,no doubts,yes,inspired word,,,,,,,,,,,,,,,0,0
2018,1528,46,male,white,high school,12,south,married,2,working full time,40,,middle class,strong republican,don't know,trump,,favor,should not be legal,very happy,,,can't be too careful,,pretty well satisfied,0,3,once or twice a week,protestant,never,no doubts,yes,word of god,no,not at all scientific,,,earth around sun,false,false,true,true,false,true,all 1000 get the drug,no,yes,5,7
2018,1529,34,male,white,less than high school,11,south,divorced,3,working full time,40,13143.75,working class,strong republican,"moderate, middle of the road",,oppose,favor,,very happy,excellent,exciting,,no,more or less satisfied,0,2,never,none,never,don't know,no,ancient book,no,not at all scientific,,,earth around sun,false,don't know,true,true,true,true,all 1000 get the drug,no,no,5,7
2018,1530,67,female,white,high school,13,south,divorced,4,retired,,,working class,strong republican,liberal,trump,oppose,favor,,very happy,fair,exciting,,yes,not satisfied at all,,1,never,protestant,several times a week,no doubts,yes,word of god,no,not at all scientific,false,false,sun around earth,false,true,true,false,true,true,500 get the drug; 500 don't,no,yes,5,9
2018,1531,40,female,white,high school,13,south,never married,2,keeping house,,,lower class,"independent (neither, no response)","moderate, middle of the road",,favor,oppose,,not too happy,fair,routine,,no,not satisfied at all,,4,about once a year,protestant,never,no doubts,yes,inspired word,yes,not at all scientific,,,earth around sun,false,false,don't know,false,true,true,500 get the drug; 500 don't,no,yes,6,7
2018,1532,44,female,white,high school,12,south,divorced,2,keeping house,,,working class,"independent, close to republican","moderate, middle of the road",,,favor,should not be legal,not too happy,,,can't be too careful,,not satisfied at all,,3,about once a month,protestant,every week,no doubts,yes,inspired word,,,,,,,,,,,,,,,0,0
2018,1533,32,female,black,associate/junior college,15,south,never married,1,working full time,76,31544.999999999996,working class,strong democrat,"moderate, middle of the road",clinton,favor,favor,,pretty happy,good,routine,,yes,not satisfied at all,5,1,once or twice a week,none,about once a month,no doubts,yes,inspired word,yes,sort of scientific,don't know,don't know,earth around sun,don't know,don't know,true,false,true,true,all 1000 get the drug,no,yes,5,9
2018,1534,33,male,black,less than high school,10,south,never married,1,working part time,45,9638.75,lower class,"independent (neither, no response)",slightly liberal,clinton,,favor,should not be legal,not too happy,,,can't be too careful,,more or less satisfied,0,8,never,protestant,about once or twice a year,no doubts,yes,word of god,no,sort of scientific,,,earth around sun,false,don't know,true,true,true,true,500 get the drug; 500 don't,no,yes,5,7
2018,1535,35,male,other,less than high school,9,south,married,2,working full time,60,16648.75,lower class,"independent, close to republican",don't know,,oppose,oppose,,very happy,excellent,don't know,,yes,pretty well satisfied,0,5,about once a month,catholic,about once a month,believe with doubts,yes,word of god,no,not at all scientific,,,don't know,true,don't know,don't know,don't know,don't know,true,500 get the drug; 500 don't,don't know,don't know,1,7
2018,1536,70,female,other,associate/junior college,15,south,married,2,retired,,,don't know,,"moderate, middle of the road",,,don't know,don't know,very happy,,,can't be too careful,,pretty well satisfied,,4,never,protestant,every week,no doubts,,don't know,,,,,,,,,,,,,,,0,0
2018,1537,59,male,black,high school,13,south,never married,5,other,,350.5,working class,not very strong democrat,"moderate, middle of the road",trump,favor,favor,should be legal,pretty happy,good,dull,can't be too careful,no,not satisfied at all,,,,protestant,nearly every week,don't believe,yes,ancient book,,,,,,,,,,,,,,,0,0
2018,1538,32,female,black,less than high school,9,south,never married,1,working full time,30,350.5,working class,strong republican,slightly liberal,clinton,,oppose,should be legal,not too happy,,,can't be too careful,,more or less satisfied,2,3,once or twice a week,none,every week,no doubts,yes,word of god,yes,very scientific,true,,earth around sun,false,true,false,true,false,true,all 1000 get the drug,no,yes,4,8
2018,1539,53,male,black,high school,12,south,married,8,working full time,30,13143.75,working class,"independent, close to republican","moderate, middle of the road",,favor,favor,,pretty happy,fair,routine,,no,more or less satisfied,2,2,several times a year,catholic,never,believe sometimes,yes,word of god,no,not at all scientific,,,sun around earth,true,don't know,false,true,true,don't know,all 1000 get the drug,yes,yes,1,7
2018,1540,39,female,black,less than high school,10,south,never married,2,"unemployed, laid off, looking for work",,3855.4999999999995,upper class,"independent (neither, no response)",don't know,,favor,oppose,should be legal,pretty happy,fair,dull,can't be too careful,yes,not satisfied at all,,,,protestant,less than once a year,no doubts,yes,word of god,,,,,,,,,,,,,,,0,0
2018,1541,43,female,black,graduate,19,south,married,1,working full time,50,47317.5,working class,strong democrat,"moderate, middle of the road",clinton,,favor,should be legal,pretty happy,,,can't be too careful,,more or less satisfied,0,2,several times a year,catholic,several times a year,no doubts,yes,word of god,,,,,,,,,,,,,,,0,0
2018,1542,26,male,black,high school,12,south,never married,3,working full time,40,,middle class,"independent (neither, no response)","moderate, middle of the road",clinton,favor,favor,,very happy,fair,exciting,,no,more or less satisfied,0,4,once or twice a week,none,never,higher power,yes,inspired word,no,sort of scientific,true,false,earth around sun,false,false,don't know,don't know,true,true,500 get the drug; 500 don't,no,no,6,9
2018,1543,64,male,other,graduate,20,south,married,2,retired,,,middle class,not very strong democrat,slightly conservative,other candidate,favor,oppose,should be legal,very happy,excellent,exciting,most people can be trusted,no,pretty well satisfied,,,,protestant,several times a week,no doubts,no,word of god,,,,,,,,,,,,,,,0,0
2018,1544,62,female,white,high school,11,south,divorced,2,working full time,24,5257.5,lower class,"independent (neither, no response)",,don't know,,favor,should be legal,not too happy,fair,routine,can't be too careful,yes,not satisfied at all,20,,,protestant,never,higher power,yes,inspired word,,,,,,,,,,,,,,,0,0
2018,1545,72,male,white,bachelor's,17,south,divorced,3,retired,,,working class,other party,conservative,trump,oppose,favor,should be legal,not too happy,good,exciting,most people can be trusted,no,more or less satisfied,,,,protestant,every week,no doubts,yes,word of god,,,,,,,,,,,,,,,0,0
2018,1546,58,female,white,high school,12,south,married,2,working full time,35,22782.5,working class,strong republican,slightly conservative,don't know,favor,favor,,pretty happy,good,exciting,,yes,more or less satisfied,0,3,never,protestant,several times a week,no doubts,yes,word of god,no,very scientific,,,earth around sun,don't know,true,true,true,don't know,don't know,500 get the drug; 500 don't,no,yes,2,7
2018,1547,22,female,white,less than high school,12,south,married,0,working full time,43,,working class,,"moderate, middle of the road",other candidate,favor,favor,should be legal,pretty happy,good,routine,can't be too careful,yes,more or less satisfied,30,,,protestant,every week,no doubts,yes,word of god,,,,,,,,,,,,,,,0,0
2018,1548,60,male,other,less than high school,11,south,married,0,working full time,8,,middle class,not very strong republican,extremely liberal,,,oppose,should be legal,not too happy,,,can't be too careful,,more or less satisfied,10,10,never,catholic,about once a month,no doubts,yes,inspired word,,,,,,,,,,,,,,,0,0
2018,1549,42,male,white,high school,13,south,married,0,working full time,55,47317.5,working class,not very strong republican,conservative,trump,,favor,should not be legal,pretty happy,,,can't be too careful,,not satisfied at all,0,2,several times a year,protestant,every week,no doubts,yes,inspired word,no,not at all scientific,,,earth around sun,don't know,false,don't know,false,don't know,true,500 get the drug; 500 don't,don't know,don't know,4,7
2018,1550,62,male,white,graduate,16,south,divorced,7,retired,,,working class,"independent (neither, no response)",extremely liberal,other candidate,favor,oppose,,pretty happy,good,don't know,,no,pretty well satisfied,,1,almost daily,none,never,don't believe,don't know,ancient book,no,not at all scientific,,,earth around sun,false,false,true,false,true,true,500 get the drug; 500 don't,no,yes,7,7
2018,1551,39,female,white,associate/junior college,14,south,divorced,2,keeping house,,,lower class,strong republican,conservative,trump,,favor,should not be legal,not too happy,,,can't be too careful,,not satisfied at all,,2,never,protestant,every week,no doubts,yes,word of god,,,,,,,,,,,,,,,0,0
2018,1552,24,female,white,high school,12,south,married,0,working full time,40,14896.249999999998,working class,not very strong republican,"moderate, middle of the road",trump,oppose,favor,,pretty happy,good,routine,,yes,more or less satisfied,14,3,about once a month,christian,every week,no doubts,no,inspired word,no,not at all scientific,false,true,earth around sun,false,false,true,false,true,true,500 get the drug; 500 don't,no,yes,8,9
2018,1553,38,female,black,less than high school,11,south,never married,3,keeping house,,,lower class,strong democrat,slightly liberal,clinton,favor,oppose,should be legal,not too happy,fair,routine,can't be too careful,no,not satisfied at all,,,,protestant,every week,believe with doubts,yes,inspired word,,,,,,,,,,,,,,,0,0
2018,1554,39,female,white,high school,14,south,married,2,working full time,50,14896.249999999998,working class,strong republican,conservative,trump,,favor,should not be legal,very happy,,,can't be too careful,,more or less satisfied,0,0,about once a year,protestant,several times a week,no doubts,yes,word of god,no,not at all scientific,false,,sun around earth,false,true,false,false,false,false,all 1000 get the drug,no,yes,2,8
2018,1555,32,female,white,bachelor's,16,south,married,0,working full time,40,31544.999999999996,middle class,strong republican,extremely conservative,trump,favor,favor,don't know,very happy,excellent,exciting,can't be too careful,no,pretty well satisfied,0,,,protestant,nearly every week,no doubts,yes,word of god,,,,,,,,,,,,,,,0,0
2018,1556,85,male,white,graduate,17,south,married,2,working full time,12,57832.5,middle class,not very strong republican,conservative,trump,,oppose,should not be legal,very happy,,,most people can be trusted,,pretty well satisfied,0,3,never,protestant,every week,"don't know, no way to find out",no,inspired word,,,,,,,,,,,,,,,0,0
2018,1557,88,male,white,high school,10,south,widowed,4,retired,,,middle class,not very strong republican,slightly liberal,trump,favor,favor,should be legal,not too happy,good,routine,most people can be trusted,no,pretty well satisfied,,,,protestant,every week,believe with doubts,yes,inspired word,,,,,,,,,,,,,,,0,0
2018,1558,44,female,white,bachelor's,17,south,married,1,working full time,25,31544.999999999996,middle class,"independent, close to republican",slightly conservative,trump,,oppose,should be legal,very happy,,,most people can be trusted,,pretty well satisfied,0,2,several times a month,protestant,about once a month,no doubts,yes,inspired word,no,not at all scientific,,,earth around sun,false,false,true,false,true,true,500 get the drug; 500 don't,no,yes,7,7
2018,1559,18,male,white,high school,12,south,never married,0,keeping house,,,middle class,not very strong republican,conservative,,oppose,favor,should be legal,pretty happy,good,exciting,can't be too careful,no,pretty well satisfied,,,,protestant,every week,no doubts,yes,word of god,,,,,,,,,,,,,,,0,0
2018,1560,32,female,black,associate/junior college,14,south,never married,3,working part time,24,13143.75,working class,"independent (neither, no response)","moderate, middle of the road",clinton,,oppose,should not be legal,pretty happy,,,can't be too careful,,not satisfied at all,7,2,about once a year,protestant,about once a month,no doubts,yes,inspired word,,,,,,,,,,,,,,,0,0
2018,1561,60,female,black,bachelor's,18,south,married,3,working full time,40,26287.5,middle class,strong democrat,extremely liberal,clinton,favor,oppose,,very happy,good,exciting,,no,pretty well satisfied,0,2,never,protestant,every week,no doubts,yes,word of god,no,don't know,true,false,sun around earth,false,true,true,true,true,true,500 get the drug; 500 don't,no,yes,5,9
2018,1562,,male,white,high school,14,south,married,0,working full time,50,70100,working class,not very strong republican,conservative,trump,,favor,don't know,very happy,,,can't be too careful,,pretty well satisfied,0,1,about once a month,protestant,about once a month,believe sometimes,yes,inspired word,,,,,,,,,,,,,,,0,0
2018,1563,72,female,black,graduate,18,south,married,0,retired,,,middle class,strong democrat,liberal,clinton,favor,oppose,should be legal,very happy,fair,exciting,can't be too careful,yes,more or less satisfied,,,,protestant,several times a week,no doubts,yes,word of god,,,,,,,,,,,,,,,0,0
2018,1564,61,female,white,graduate,19,south,widowed,1,working full time,36,14896.249999999998,middle class,"independent, close to republican","moderate, middle of the road",clinton,,oppose,should not be legal,pretty happy,,,can't be too careful,,more or less satisfied,5,0,never,protestant,every week,believe with doubts,yes,inspired word,,,,,,,,,,,,,,,0,0
2018,1565,27,female,black,high school,14,south,married,2,working full time,46,,lower class,not very strong democrat,"moderate, middle of the road",clinton,favor,favor,,pretty happy,excellent,exciting,,yes,more or less satisfied,0,2,never,protestant,2-3 times a month,no doubts,yes,word of god,yes,sort of scientific,don't know,don't know,earth around sun,true,don't know,true,true,false,true,500 get the drug; 500 don't,yes,no,3,9
2018,1566,42,male,black,less than high school,11,south,married,6,working full time,58,31544.999999999996,working class,strong democrat,"moderate, middle of the road",clinton,favor,oppose,,very happy,good,exciting,,yes,more or less satisfied,0,8,never,protestant,nearly every week,no doubts,yes,word of god,no,not at all scientific,,,sun around earth,false,true,false,true,true,true,500 get the drug; 500 don't,no,no,3,7
2018,1567,51,male,black,bachelor's,16,south,separated,2,working full time,40,38555,working class,strong democrat,"moderate, middle of the road",clinton,,oppose,should be legal,pretty happy,,,can't be too careful,,not satisfied at all,0,12,several times a month,none,2-3 times a month,no doubts,yes,word of god,,,,,,,,,,,,,,,0,0
2018,1568,38,male,white,high school,12,south,married,1,working full time,65,57832.5,working class,not very strong republican,conservative,,favor,favor,should be legal,very happy,good,exciting,can't be too careful,no,more or less satisfied,0,,,protestant,never,believe with doubts,yes,inspired word,,,,,,,,,,,,,,,0,0
2018,1569,44,female,white,high school,15,south,divorced,1,working part time,15,9638.75,lower class,"independent, close to democrat",liberal,trump,,don't know,should be legal,pretty happy,,,can't be too careful,,not satisfied at all,15,5,about once a year,protestant,several times a year,no doubts,yes,inspired word,yes,not at all scientific,,,earth around sun,false,false,true,true,true,true,500 get the drug; 500 don't,no,yes,6,7
2018,1570,37,male,black,bachelor's,17,south,never married,0,working full time,15,31544.999999999996,middle class,not very strong democrat,liberal,clinton,favor,favor,should be legal,very happy,good,exciting,most people can be trusted,no,pretty well satisfied,0,,,protestant,several times a year,no doubts,yes,ancient book,,,,,,,,,,,,,,,0,0
2018,1571,73,female,black,less than high school,10,south,widowed,3,retired,,,middle class,strong democrat,"moderate, middle of the road",clinton,favor,don't know,,very happy,good,exciting,,yes,pretty well satisfied,,7,never,protestant,every week,no doubts,yes,word of god,yes,sort of scientific,false,false,earth around sun,true,true,don't know,true,true,don't know,all 1000 get the drug,don't know,don't know,2,9
2018,1572,21,male,black,high school,15,south,never married,0,in school,,7886.249999999999,working class,strong democrat,"moderate, middle of the road",,favor,oppose,should not be legal,not too happy,good,exciting,can't be too careful,yes,not satisfied at all,,,,protestant,every week,no doubts,yes,inspired word,,,,,,,,,,,,,,,0,0
2018,1573,60,male,other,high school,12,south,never married,0,"unemployed, laid off, looking for work",,,,"independent, close to democrat","moderate, middle of the road",,favor,,don't know,very happy,fair,exciting,can't be too careful,no,not satisfied at all,,,,protestant,several times a week,no doubts,yes,word of god,,,,,,,,,,,,,,,0,0
2018,1574,70,female,black,high school,12,south,married,2,working part time,10,3855.4999999999995,working class,strong democrat,"moderate, middle of the road",clinton,favor,oppose,,not too happy,good,routine,,yes,more or less satisfied,0,5,never,protestant,nearly every week,no doubts,yes,word of god,yes,sort of scientific,false,don't know,earth around sun,false,don't know,true,true,false,don't know,all 1000 get the drug,no,yes,3,9
2018,1575,70,female,black,graduate,18,south,separated,3,retired,,,middle class,strong democrat,extremely conservative,clinton,favor,don't know,should not be legal,very happy,good,routine,can't be too careful,no,pretty well satisfied,,,,protestant,several times a week,no doubts,yes,word of god,,,,,,,,,,,,,,,0,0
2018,1576,89,male,black,associate/junior college,14,south,married,4,retired,,,middle class,strong democrat,"moderate, middle of the road",clinton,,oppose,should not be legal,pretty happy,,,can't be too careful,,more or less satisfied,,4,never,protestant,2-3 times a month,no doubts,don't know,word of god,yes,sort of scientific,,,sun around earth,don't know,don't know,don't know,true,false,don't know,all 1000 get the drug,no,no,0,7
2018,1577,35,female,black,less than high school,11,south,never married,2,working full time,35,9638.75,working class,strong democrat,liberal,clinton,favor,favor,,pretty happy,good,exciting,,no,more or less satisfied,0,4,several times a month,protestant,2-3 times a month,no doubts,don't know,word of god,yes,very scientific,,,earth around sun,true,don't know,true,true,true,false,500 get the drug; 500 don't,no,no,3,7
2018,1578,51,female,black,high school,14,south,married,1,working full time,55,31544.999999999996,working class,strong democrat,,clinton,favor,favor,should be legal,pretty happy,good,routine,can't be too careful,no,not satisfied at all,2,,,protestant,less than once a year,no doubts,yes,inspired word,,,,,,,,,,,,,,,0,0
2018,1579,37,female,white,high school,12,south,married,1,working full time,40,31544.999999999996,working class,"independent, close to democrat",slightly conservative,,oppose,oppose,,pretty happy,good,dull,,no,more or less satisfied,4,3,never,protestant,about once or twice a year,no doubts,no,word of god,no,don't know,false,false,earth around sun,false,false,true,true,true,true,500 get the drug; 500 don't,no,yes,6,9
2018,1580,71,male,white,high school,15,south,married,3,retired,,,middle class,"independent (neither, no response)","moderate, middle of the road",trump,favor,favor,,pretty happy,poor,routine,,no,more or less satisfied,,2,never,protestant,several times a week,no doubts,yes,word of god,no,not at all scientific,,,earth around sun,true,,true,true,true,false,all 1000 get the drug,no,no,3,6
2018,1581,35,male,white,high school,12,south,married,1,working full time,50,,middle class,strong republican,conservative,trump,oppose,favor,should be legal,pretty happy,poor,exciting,most people can be trusted,no,more or less satisfied,14,,,protestant,several times a year,no doubts,yes,inspired word,,,,,,,,,,,,,,,0,0
2018,1582,78,male,white,high school,14,south,married,2,retired,,,middle class,"independent, close to republican","moderate, middle of the road",trump,oppose,favor,,pretty happy,fair,routine,,yes,pretty well satisfied,,4,never,protestant,several times a week,no doubts,yes,word of god,no,not at all scientific,false,false,earth around sun,false,don't know,don't know,false,don't know,true,all 1000 get the drug,no,yes,4,9
2018,1583,32,male,white,high school,12,south,never married,1,working full time,70,3154.5,working class,not very strong republican,slightly conservative,trump,oppose,favor,should be legal,pretty happy,fair,routine,can't be too careful,no,not satisfied at all,0,,,protestant,about once or twice a year,believe with doubts,don't know,inspired word,,,,,,,,,,,,,,,0,0
2018,1584,62,male,white,high school,14,south,divorced,5,working full time,65,84120,upper class,strong republican,extremely conservative,trump,,favor,should not be legal,very happy,,,can't be too careful,,pretty well satisfied,0,0,never,catholic,never,no doubts,yes,word of god,no,not at all scientific,,,earth around sun,false,false,true,false,true,true,all 1000 get the drug,no,yes,7,7
2018,1585,41,female,black,graduate,14,south,married,2,working full time,40,38555,middle class,strong democrat,liberal,clinton,favor,oppose,should be legal,pretty happy,good,routine,can't be too careful,no,more or less satisfied,0,,,protestant,2-3 times a month,no doubts,yes,word of god,,,,,,,,,,,,,,,0,0
2018,1586,36,female,white,high school,12,south,married,1,keeping house,,,working class,"independent (neither, no response)","moderate, middle of the road",,,favor,should be legal,not too happy,,,can't be too careful,,not satisfied at all,,0,about once a year,christian,never,no doubts,yes,inspired word,,,,,,,,,,,,,,,0,0
2018,1587,20,male,black,high school,13,south,never married,0,working part time,27,,middle class,not very strong democrat,"moderate, middle of the road",clinton,,oppose,should be legal,pretty happy,,,can't be too careful,,pretty well satisfied,0,3,never,catholic,about once or twice a year,higher power,yes,inspired word,no,very scientific,,,sun around earth,true,false,true,false,true,true,500 get the drug; 500 don't,yes,yes,5,7
2018,1588,36,female,black,high school,13,south,never married,0,working full time,40,2453.5,middle class,strong democrat,slightly liberal,clinton,oppose,favor,,pretty happy,good,routine,,no,more or less satisfied,0,4,never,protestant,never,no doubts,yes,inspired word,no,not at all scientific,,,earth around sun,false,false,don't know,true,false,false,500 get the drug; 500 don't,no,no,3,7
2018,1589,85,male,white,high school,14,south,widowed,5,retired,,,upper class,strong republican,conservative,trump,favor,favor,,pretty happy,excellent,dull,,yes,more or less satisfied,,6,never,protestant,every week,no doubts,yes,word of god,yes,sort of scientific,false,don't know,earth around sun,false,true,true,true,true,true,500 get the drug; 500 don't,no,yes,5,9
2018,1590,71,male,black,bachelor's,16,south,widowed,3,retired,,,middle class,strong democrat,slightly liberal,clinton,favor,favor,,not too happy,good,exciting,,no,pretty well satisfied,,2,never,protestant,every week,no doubts,yes,word of god,yes,sort of scientific,,,earth around sun,false,false,true,false,true,true,500 get the drug; 500 don't,no,yes,7,7
2018,1591,30,male,white,bachelor's,16,south,never married,0,working full time,45,,middle class,"independent (neither, no response)","moderate, middle of the road",other candidate,don't know,favor,should be legal,very happy,excellent,exciting,most people can be trusted,no,pretty well satisfied,0,,,protestant,2-3 times a month,no doubts,yes,inspired word,,,,,,,,,,,,,,,0,0
2018,1592,81,female,white,high school,12,south,widowed,1,retired,,,lower class,not very strong democrat,slightly liberal,,,oppose,should be legal,pretty happy,,,can't be too careful,,more or less satisfied,,3,never,none,never,no doubts,don't know,word of god,,,,,,,,,,,,,,,0,0
2018,1593,88,male,other,high school,11,south,married,5,retired,,,middle class,"independent (neither, no response)","moderate, middle of the road",clinton,favor,favor,,pretty happy,good,routine,,no,more or less satisfied,,2,several times a year,hinduism,every week,no doubts,yes,inspired word,no,very scientific,true,true,earth around sun,true,false,false,true,true,true,500 get the drug; 500 don't,no,no,6,9
2018,1594,76,female,white,bachelor's,16,south,divorced,4,retired,,,middle class,strong democrat,liberal,clinton,favor,oppose,should be legal,pretty happy,good,exciting,most people can be trusted,no,pretty well satisfied,,,,none,never,"don't know, no way to find out",no,ancient book,,,,,,,,,,,,,,,0,0
2018,1595,59,female,white,bachelor's,16,south,married,2,"unemployed, laid off, looking for work",,38555,middle class,not very strong republican,conservative,trump,,favor,should not be legal,very happy,,,most people can be trusted,,pretty well satisfied,,1,several times a year,protestant,every week,no doubts,yes,inspired word,no,not at all scientific,,,earth around sun,false,don't know,true,false,true,true,500 get the drug; 500 don't,no,no,6,7
2018,1596,88,female,white,associate/junior college,14,south,widowed,3,retired,,,working class,strong republican,extremely conservative,trump,favor,favor,,pretty happy,fair,routine,,yes,pretty well satisfied,,6,never,protestant,about once a month,no doubts,yes,word of god,no,not at all scientific,,,earth around sun,don't know,false,don't know,false,don't know,true,500 get the drug; 500 don't,don't know,yes,4,7
2018,1597,64,female,white,high school,11,south,widowed,0,retired,,,middle class,strong democrat,conservative,clinton,favor,favor,should be legal,not too happy,fair,routine,can't be too careful,yes,not satisfied at all,,,,protestant,every week,believe with doubts,yes,word of god,,,,,,,,,,,,,,,0,0
2018,1598,75,female,white,high school,12,south,never married,0,retired,,,middle class,strong republican,extremely conservative,trump,,favor,should not be legal,very happy,,,can't be too careful,,more or less satisfied,,4,never,protestant,several times a week,don't believe,yes,word of god,,,,,,,,,,,,,,,0,0
2018,1599,55,female,white,high school,9,south,divorced,3,working full time,32,9638.75,lower class,"independent (neither, no response)",don't know,,favor,favor,should be legal,not too happy,fair,dull,can't be too careful,yes,not satisfied at all,30,,,protestant,never,no doubts,yes,word of god,,,,,,,,,,,,,,,0,0
2018,1600,55,female,white,high school,12,south,never married,0,working full time,40,26287.5,working class,not very strong democrat,slightly liberal,,favor,favor,should be legal,very happy,good,exciting,can't be too careful,no,pretty well satisfied,6,,,protestant,never,no doubts,yes,word of god,,,,,,,,,,,,,,,0,0
2018,1601,61,male,other,graduate,20,south,married,2,retired,,,middle class,"independent (neither, no response)",don't know,trump,,favor,should not be legal,pretty happy,,,depends,,pretty well satisfied,,0,never,protestant,several times a week,no doubts,yes,word of god,no,not at all scientific,,,earth around sun,false,false,true,false,true,true,500 get the drug; 500 don't,no,yes,7,7
2018,1602,38,male,white,associate/junior college,14,south,married,7,working full time,35,6309,working class,"independent, close to democrat","moderate, middle of the road",trump,favor,favor,should be legal,pretty happy,fair,routine,can't be too careful,no,more or less satisfied,7,,,protestant,about once a month,no doubts,yes,inspired word,,,,,,,,,,,,,,,0,0
2018,1603,50,female,black,bachelor's,16,south,divorced,1,working full time,48,,working class,strong democrat,"moderate, middle of the road",don't know,,oppose,should not be legal,pretty happy,,,most people can be trusted,,not satisfied at all,1,6,never,protestant,several times a week,no doubts,yes,inspired word,no,sort of scientific,false,,earth around sun,false,false,don't know,false,true,don't know,all 1000 get the drug,no,yes,5,8
2018,1604,54,female,black,bachelor's,16,south,never married,2,working full time,40,6309,working class,strong democrat,slightly conservative,clinton,favor,oppose,,not too happy,good,routine,,yes,not satisfied at all,10,4,never,protestant,several times a year,no doubts,don't know,word of god,no,sort of scientific,,,earth around sun,don't know,don't know,don't know,false,don't know,true,500 get the drug; 500 don't,yes,no,3,7
2018,1605,80,female,white,high school,12,south,widowed,4,retired,,,working class,strong republican,slightly conservative,,favor,don't know,don't know,pretty happy,excellent,exciting,depends,yes,not satisfied at all,,,,catholic,nearly every week,no doubts,yes,word of god,,,,,,,,,,,,,,,0,0
2018,1606,33,female,black,bachelor's,17,south,never married,0,working full time,32,26287.5,working class,"independent (neither, no response)","moderate, middle of the road",,favor,favor,,pretty happy,good,routine,,no,not satisfied at all,2,4,several times a month,none,2-3 times a month,higher power,yes,ancient book,yes,sort of scientific,true,true,sun around earth,false,true,true,true,true,true,500 get the drug; 500 don't,no,yes,6,9
2018,1607,25,male,white,high school,13,south,never married,1,working full time,60,,working class,"independent, close to democrat","moderate, middle of the road",,favor,favor,should be legal,pretty happy,good,exciting,can't be too careful,no,not satisfied at all,1,,,none,less than once a year,"don't know, no way to find out",no,inspired word,,,,,,,,,,,,,,,0,0
2018,1608,22,male,other,high school,14,south,never married,0,in school,,,middle class,"independent (neither, no response)",slightly conservative,,,don't know,should be legal,pretty happy,,,can't be too careful,,pretty well satisfied,,0,never,none,never,"don't know, no way to find out",yes,inspired word,no,sort of scientific,,,earth around sun,false,false,true,don't know,true,true,500 get the drug; 500 don't,no,yes,6,7
2018,1609,38,female,white,associate/junior college,14,south,never married,1,working full time,45,22782.5,working class,"independent, close to democrat","moderate, middle of the road",clinton,favor,favor,,pretty happy,good,routine,,no,not satisfied at all,15,3,about once a year,protestant,about once or twice a year,no doubts,yes,inspired word,yes,sort of scientific,,,sun around earth,false,don't know,don't know,false,true,true,500 get the drug; 500 don't,no,yes,4,7
2018,1610,25,male,white,high school,12,south,never married,0,working full time,40,,working class,"independent (neither, no response)",don't know,,don't know,oppose,should not be legal,pretty happy,excellent,routine,most people can be trusted,no,more or less satisfied,0,,,none,never,don't believe,no,ancient book,,,,,,,,,,,,,,,0,0
2018,1611,63,male,white,high school,12,south,never married,2,working full time,60,22782.5,working class,"independent (neither, no response)","moderate, middle of the road",,favor,oppose,,pretty happy,good,routine,,no,pretty well satisfied,0,4,never,none,never,believe with doubts,no,other (vol),yes,not at all scientific,don't know,don't know,sun around earth,true,don't know,don't know,don't know,don't know,don't know,all 1000 get the drug,no,yes,0,9
2018,1612,22,male,white,high school,13,south,never married,0,working full time,,,working class,"independent, close to democrat","moderate, middle of the road",,favor,favor,should be legal,pretty happy,good,exciting,most people can be trusted,no,more or less satisfied,0,,,catholic,about once or twice a year,"don't know, no way to find out",yes,inspired word,,,,,,,,,,,,,,,0,0
2018,1613,40,female,other,high school,12,south,married,1,keeping house,,19277.5,middle class,strong republican,slightly liberal,,,oppose,don't know,very happy,,,don't know,,more or less satisfied,,2,never,buddhism,2-3 times a month,no doubts,yes,don't know,don't know,don't know,don't know,,sun around earth,don't know,don't know,don't know,true,don't know,true,500 get the drug; 500 don't,don't know,don't know,1,8
2018,1614,69,female,white,high school,12,south,married,2,retired,,,middle class,"independent, close to democrat",slightly liberal,clinton,favor,oppose,,pretty happy,good,routine,,yes,not satisfied at all,,2,about once a year,catholic,every week,no doubts,yes,word of god,yes,sort of scientific,,,earth around sun,don't know,true,false,true,false,false,500 get the drug; 500 don't,no,yes,1,7
2018,1615,20,female,white,high school,14,south,never married,0,working full time,36,1402,middle class,not very strong democrat,slightly liberal,clinton,favor,oppose,should not be legal,very happy,good,exciting,most people can be trusted,yes,more or less satisfied,1,,,catholic,every week,no doubts,yes,inspired word,,,,,,,,,,,,,,,0,0
2018,1616,54,male,white,high school,12,south,married,2,working full time,40,38555,middle class,not very strong republican,"moderate, middle of the road",trump,,favor,should be legal,very happy,,,most people can be trusted,,pretty well satisfied,0,2,about once a year,catholic,several times a year,believe with doubts,yes,inspired word,,,,,,,,,,,,,,,0,0
2018,1617,19,male,white,high school,12,south,never married,0,in school,,1402,middle class,other party,"moderate, middle of the road",,oppose,oppose,should be legal,not too happy,excellent,exciting,most people can be trusted,yes,pretty well satisfied,,,,catholic,several times a year,believe with doubts,yes,inspired word,,,,,,,,,,,,,,,0,0
2018,1618,34,male,white,associate/junior college,14,south,never married,0,working full time,40,14896.249999999998,working class,"independent, close to democrat",slightly liberal,clinton,favor,oppose,,pretty happy,good,exciting,,no,more or less satisfied,0,0,several times a year,none,never,higher power,yes,ancient book,no,sort of scientific,true,true,earth around sun,false,false,true,true,true,true,500 get the drug; 500 don't,no,yes,8,9
2018,1619,59,female,white,bachelor's,16,south,married,4,keeping house,,,upper class,"independent, close to republican",conservative,trump,favor,oppose,,very happy,excellent,routine,,yes,pretty well satisfied,,1,several times a month,catholic,every week,no doubts,yes,inspired word,no,not at all scientific,,,sun around earth,don't know,don't know,don't know,false,true,don't know,500 get the drug; 500 don't,no,yes,2,7
2018,1620,59,male,white,bachelor's,17,south,married,3,working full time,50,176200.14942,upper class,"independent, close to republican","moderate, middle of the road",other candidate,,favor,should be legal,very happy,,,most people can be trusted,,pretty well satisfied,3,3,once or twice a week,none,never,higher power,yes,ancient book,,,,,,,,,,,,,,,0,0
2018,1621,44,female,white,bachelor's,16,south,married,2,working full time,1,,working class,not very strong republican,conservative,trump,favor,favor,,pretty happy,good,exciting,,yes,pretty well satisfied,14,1,about once a month,catholic,about once a month,no doubts,yes,word of god,yes,sort of scientific,true,true,earth around sun,don't know,true,true,false,true,true,500 get the drug; 500 don't,don't know,no,7,9
2018,1622,34,male,white,graduate,19,south,married,1,working full time,45,47317.5,middle class,not very strong democrat,liberal,clinton,oppose,oppose,should be legal,pretty happy,good,routine,most people can be trusted,no,pretty well satisfied,5,,,none,about once or twice a year,"don't know, no way to find out",no,ancient book,,,,,,,,,,,,,,,0,0
2018,1623,35,female,white,bachelor's,16,south,married,1,working full time,35,22782.5,middle class,not very strong democrat,liberal,clinton,,oppose,should be legal,pretty happy,,,most people can be trusted,,not satisfied at all,0,0,about once a year,catholic,never,higher power,yes,inspired word,yes,not at all scientific,,,earth around sun,false,false,false,false,true,true,500 get the drug; 500 don't,no,yes,6,7
2018,1624,42,female,white,bachelor's,16,south,married,4,keeping house,,,upper class,not very strong republican,slightly liberal,trump,favor,favor,,very happy,good,exciting,,no,pretty well satisfied,,2,several times a month,catholic,about once a month,no doubts,yes,inspired word,no,sort of scientific,,,earth around sun,false,true,don't know,false,true,true,500 get the drug; 500 don't,no,yes,5,7
2018,1625,86,male,white,high school,15,south,never married,0,retired,,,upper class,not very strong democrat,"moderate, middle of the road",clinton,,favor,don't know,pretty happy,,,can't be too careful,,pretty well satisfied,,3,almost daily,catholic,every week,higher power,no,ancient book,,,,,,,,,,,,,,,0,0
2018,1626,32,female,white,high school,15,midwest,never married,4,keeping house,,14896.249999999998,lower class,"independent, close to democrat","moderate, middle of the road",trump,favor,oppose,,very happy,good,exciting,,no,not satisfied at all,,0,several times a year,protestant,several times a year,no doubts,don't know,word of god,yes,not at all scientific,false,false,don't know,don't know,don't know,don't know,don't know,don't know,don't know,500 get the drug; 500 don't,no,no,0,9
2018,1627,61,female,white,high school,12,midwest,divorced,0,other,,,lower class,other party,conservative,clinton,oppose,favor,should be legal,pretty happy,fair,exciting,can't be too careful,no,not satisfied at all,,,,protestant,about once a month,no doubts,no,word of god,,,,,,,,,,,,,,,0,0
2018,1628,19,male,white,high school,12,midwest,never married,0,working full time,57,,working class,strong republican,extremely conservative,,,favor,don't know,very happy,,,can't be too careful,,more or less satisfied,0,2,never,none,2-3 times a month,no doubts,yes,word of god,no,sort of scientific,false,,sun around earth,false,false,don't know,true,true,true,500 get the drug; 500 don't,no,yes,4,8
2018,1629,39,male,white,high school,12,midwest,married,3,other,,,middle class,strong republican,conservative,trump,oppose,favor,,pretty happy,poor,routine,,no,more or less satisfied,,1,never,protestant,never,no doubts,no,word of god,no,very scientific,,,sun around earth,false,don't know,don't know,don't know,don't know,true,500 get the drug; 500 don't,yes,yes,2,7
2018,1630,71,female,white,less than high school,8,midwest,married,4,retired,,,middle class,"independent, close to democrat",liberal,,,oppose,should be legal,pretty happy,,,can't be too careful,,not satisfied at all,,12,never,catholic,about once or twice a year,no doubts,yes,inspired word,,,,,,,,,,,,,,,0,0
2018,1631,49,female,white,high school,12,midwest,married,5,"unemployed, laid off, looking for work",,,working class,"independent, close to republican",slightly conservative,clinton,favor,oppose,,very happy,fair,exciting,,no,more or less satisfied,,5,about once a year,none,about once or twice a year,no doubts,yes,word of god,no,sort of scientific,true,don't know,sun around earth,false,true,don't know,true,true,true,500 get the drug; 500 don't,yes,no,4,9
2018,1632,23,male,white,high school,12,midwest,never married,0,working full time,40,,working class,strong republican,slightly conservative,trump,oppose,favor,should not be legal,pretty happy,good,exciting,depends,no,pretty well satisfied,0,,,protestant,never,no doubts,yes,word of god,,,,,,,,,,,,,,,0,0
2018,1633,56,female,white,high school,12,midwest,married,2,working part time,20,14896.249999999998,working class,"independent (neither, no response)",slightly liberal,,favor,favor,should be legal,pretty happy,good,routine,can't be too careful,no,more or less satisfied,0,,,protestant,less than once a year,higher power,yes,inspired word,,,,,,,,,,,,,,,0,0
2018,1634,47,male,white,high school,12,midwest,divorced,5,working full time,60,47317.5,working class,"independent (neither, no response)",conservative,,,favor,should be legal,very happy,,,can't be too careful,,pretty well satisfied,0,3,never,protestant,never,no doubts,yes,inspired word,,,,,,,,,,,,,,,0,0
2018,1635,89,female,white,high school,12,south,widowed,3,retired,,,middle class,strong republican,conservative,,oppose,oppose,,pretty happy,poor,routine,,no,more or less satisfied,,4,never,protestant,every week,no doubts,yes,word of god,yes,not at all scientific,false,false,sun around earth,don't know,don't know,don't know,false,false,true,500 get the drug; 500 don't,no,yes,2,9
2018,1636,66,female,white,high school,14,south,divorced,3,retired,,,middle class,not very strong republican,"moderate, middle of the road",trump,favor,favor,should be legal,very happy,poor,exciting,most people can be trusted,no,pretty well satisfied,,,,catholic,never,higher power,yes,inspired word,,,,,,,,,,,,,,,0,0
2018,1637,54,female,white,graduate,19,south,married,3,working full time,60,176200.14942,middle class,not very strong republican,conservative,trump,oppose,favor,,very happy,excellent,exciting,,no,more or less satisfied,0,1,several times a month,catholic,about once a month,no doubts,yes,word of god,no,not at all scientific,,,don't know,true,true,true,false,true,true,500 get the drug; 500 don't,no,yes,4,7
2018,1638,33,male,white,bachelor's,17,south,married,1,working full time,44,26287.5,middle class,"independent (neither, no response)",slightly conservative,,,don't know,should be legal,very happy,,,can't be too careful,,more or less satisfied,0,1,about once a year,none,never,don't believe,no,ancient book,,,,,,,,,,,,,,,0,0
2018,1639,53,female,white,high school,13,south,widowed,2,working full time,60,16648.75,working class,not very strong democrat,"moderate, middle of the road",clinton,oppose,favor,,pretty happy,fair,routine,,no,not satisfied at all,1,0,never,protestant,several times a year,no doubts,yes,inspired word,yes,sort of scientific,true,don't know,earth around sun,true,true,true,false,false,true,500 get the drug; 500 don't,no,yes,5,9
2018,1640,76,male,white,less than high school,11,south,married,3,retired,,,working class,strong republican,conservative,trump,oppose,favor,should not be legal,not too happy,poor,dull,can't be too careful,no,more or less satisfied,,,,protestant,never,no doubts,yes,word of god,,,,,,,,,,,,,,,0,0
2018,1641,86,female,white,less than high school,11,south,widowed,2,"with a job, but not at work because of temporary illness, vacation, strike",,,middle class,not very strong democrat,conservative,trump,,favor,should not be legal,very happy,,,can't be too careful,,pretty well satisfied,0,6,never,protestant,several times a week,no doubts,yes,word of god,no,not at all scientific,,,sun around earth,false,true,don't know,true,true,true,500 get the drug; 500 don't,no,yes,3,7
2018,1642,61,male,white,bachelor's,16,south,married,0,working full time,40,19277.5,middle class,strong republican,liberal,trump,,favor,should not be legal,very happy,,,can't be too careful,,pretty well satisfied,0,5,never,protestant,2-3 times a month,no doubts,yes,word of god,,,,,,,,,,,,,,,0,0
2018,1643,71,female,white,graduate,16,south,married,2,retired,,,middle class,not very strong democrat,slightly conservative,clinton,favor,favor,,pretty happy,fair,routine,,no,pretty well satisfied,,4,never,protestant,every week,no doubts,yes,inspired word,yes,sort of scientific,false,false,earth around sun,true,false,true,false,false,true,500 get the drug; 500 don't,no,yes,5,9
2018,1644,42,male,white,associate/junior college,15,south,married,2,working full time,54,31544.999999999996,working class,other party,conservative,don't know,oppose,favor,should be legal,pretty happy,good,routine,most people can be trusted,no,not satisfied at all,0,,,protestant,never,believe with doubts,yes,inspired word,,,,,,,,,,,,,,,0,0
2018,1645,23,female,white,high school,14,south,divorced,1,keeping house,,,working class,strong democrat,slightly liberal,,,oppose,should not be legal,not too happy,,,can't be too careful,,more or less satisfied,,6,never,protestant,every week,no doubts,yes,inspired word,yes,very scientific,true,,earth around sun,don't know,don't know,don't know,true,true,true,500 get the drug; 500 don't,no,yes,4,8
2018,1646,44,male,white,high school,12,south,divorced,2,keeping house,,,lower class,"independent, close to republican","moderate, middle of the road",trump,favor,favor,,pretty happy,fair,routine,,no,more or less satisfied,,12,never,protestant,never,no doubts,yes,inspired word,no,not at all scientific,,,sun around earth,false,don't know,false,false,true,true,500 get the drug; 500 don't,no,no,4,7
2018,1647,63,male,white,associate/junior college,15,south,divorced,3,retired,,,working class,other party,conservative,,oppose,favor,should be legal,pretty happy,good,dull,can't be too careful,no,not satisfied at all,,,,protestant,several times a week,no doubts,yes,word of god,,,,,,,,,,,,,,,0,0
2018,1648,68,female,white,high school,12,south,divorced,2,retired,,,working class,not very strong republican,"moderate, middle of the road",trump,favor,favor,,pretty happy,excellent,exciting,,yes,more or less satisfied,,1,never,none,about once or twice a year,higher power,no,inspired word,yes,not at all scientific,true,true,earth around sun,false,don't know,false,true,true,true,all 1000 get the drug,no,yes,6,9
2018,1649,30,female,white,high school,12,south,never married,0,working full time,40,19277.5,middle class,not very strong democrat,"moderate, middle of the road",,oppose,favor,should be legal,pretty happy,excellent,routine,can't be too careful,no,more or less satisfied,5,,,protestant,about once or twice a year,believe with doubts,yes,inspired word,,,,,,,,,,,,,,,0,0
2018,1650,82,female,white,high school,14,south,widowed,2,retired,,,middle class,"independent, close to republican",extremely conservative,trump,,favor,should not be legal,pretty happy,,,can't be too careful,,pretty well satisfied,,4,never,protestant,several times a week,no doubts,yes,word of god,no,not at all scientific,,,don't know,false,false,false,false,true,true,500 get the drug; 500 don't,no,yes,5,7
2018,1651,43,female,white,high school,14,south,never married,0,working full time,40,14896.249999999998,working class,strong democrat,extremely liberal,clinton,oppose,oppose,,pretty happy,good,routine,,no,more or less satisfied,10,8,about once a year,none,less than once a year,no doubts,yes,inspired word,yes,sort of scientific,,,sun around earth,false,false,true,true,true,true,500 get the drug; 500 don't,no,yes,5,7
2018,1652,26,female,white,high school,13,south,never married,2,working full time,40,16648.75,working class,"independent (neither, no response)","moderate, middle of the road",,favor,oppose,should be legal,pretty happy,excellent,exciting,can't be too careful,yes,more or less satisfied,0,,,protestant,never,no doubts,yes,inspired word,,,,,,,,,,,,,,,0,0
2018,1653,57,female,white,high school,14,south,divorced,0,retired,,,middle class,not very strong democrat,slightly conservative,clinton,favor,oppose,should not be legal,pretty happy,fair,routine,most people can be trusted,yes,not satisfied at all,,,,protestant,every week,no doubts,yes,inspired word,,,,,,,,,,,,,,,0,0
2018,1654,42,female,white,associate/junior college,14,south,married,1,working full time,38,19277.5,working class,strong democrat,liberal,trump,,favor,should be legal,very happy,,,can't be too careful,,not satisfied at all,30,2,about once a month,protestant,never,no doubts,yes,inspired word,yes,not at all scientific,true,,earth around sun,false,don't know,true,false,true,true,500 get the drug; 500 don't,no,yes,7,8
2018,1655,42,male,white,bachelor's,16,south,married,4,working full time,52,57832.5,middle class,strong republican,slightly conservative,trump,favor,favor,,pretty happy,excellent,routine,,no,pretty well satisfied,0,0,never,protestant,several times a week,no doubts,yes,word of god,no,not at all scientific,,,earth around sun,false,false,don't know,true,true,true,500 get the drug; 500 don't,no,yes,5,7
2018,1656,74,male,white,high school,12,south,married,0,retired,,,lower class,"independent, close to democrat",slightly conservative,,favor,favor,should not be legal,very happy,good,routine,can't be too careful,no,more or less satisfied,,,,catholic,about once or twice a year,no doubts,yes,word of god,,,,,,,,,,,,,,,0,0
2018,1657,47,male,white,high school,12,south,married,0,working full time,49,38555,working class,"independent (neither, no response)",slightly conservative,,,favor,should be legal,pretty happy,,,can't be too careful,,more or less satisfied,0,4,about once a month,protestant,2-3 times a month,no doubts,yes,word of god,,,,,,,,,,,,,,,0,0
2018,1658,65,male,white,graduate,19,south,divorced,0,working full time,50,31544.999999999996,middle class,strong republican,"moderate, middle of the road",trump,oppose,favor,should be legal,pretty happy,good,routine,can't be too careful,no,more or less satisfied,0,,,protestant,less than once a year,no doubts,yes,word of god,,,,,,,,,,,,,,,0,0
2018,1659,37,male,white,high school,12,south,married,2,working full time,65,22782.5,working class,"independent (neither, no response)","moderate, middle of the road",trump,,oppose,should be legal,pretty happy,,,most people can be trusted,,more or less satisfied,1,1,several times a year,protestant,never,no doubts,yes,inspired word,no,not at all scientific,,,earth around sun,false,don't know,true,false,true,true,500 get the drug; 500 don't,no,yes,6,7
2018,1660,89,male,white,less than high school,8,south,divorced,5,retired,,,middle class,strong democrat,"moderate, middle of the road",clinton,favor,favor,,pretty happy,good,exciting,,no,more or less satisfied,,1,never,protestant,never,no doubts,yes,inspired word,yes,not at all scientific,,,earth around sun,don't know,true,don't know,false,true,don't know,don't know,no,yes,3,7
2018,1661,44,male,white,high school,12,south,divorced,1,working full time,35,16648.75,working class,"independent, close to republican","moderate, middle of the road",trump,favor,favor,should be legal,not too happy,good,exciting,most people can be trusted,no,more or less satisfied,0,,,protestant,about once or twice a year,"don't know, no way to find out",yes,inspired word,,,,,,,,,,,,,,,0,0
2018,1662,77,female,white,high school,12,south,divorced,2,working part time,25,6309,working class,"independent, close to democrat",slightly conservative,trump,favor,favor,,pretty happy,good,routine,,no,not satisfied at all,0,6,never,protestant,less than once a year,believe with doubts,yes,inspired word,no,sort of scientific,don't know,don't know,sun around earth,false,don't know,don't know,false,don't know,true,500 get the drug; 500 don't,no,yes,3,9
2018,1663,23,male,white,high school,13,south,never married,0,working part time,32,9638.75,working class,not very strong democrat,liberal,clinton,favor,oppose,should be legal,very happy,good,routine,can't be too careful,no,pretty well satisfied,0,,,protestant,never,no doubts,yes,inspired word,,,,,,,,,,,,,,,0,0
2018,1664,55,female,white,bachelor's,16,south,widowed,0,working full time,40,70100,working class,strong republican,conservative,trump,,don't know,should be legal,not too happy,,,can't be too careful,,pretty well satisfied,10,2,about once a year,catholic,every week,no doubts,yes,inspired word,no,sort of scientific,don't know,,don't know,don't know,don't know,don't know,false,don't know,true,500 get the drug; 500 don't,no,yes,2,8
2018,1665,37,male,white,associate/junior college,19,south,divorced,3,working full time,1,31544.999999999996,lower class,"independent, close to republican","moderate, middle of the road",,favor,favor,should be legal,pretty happy,good,routine,can't be too careful,no,not satisfied at all,7,,,none,never,higher power,yes,inspired word,,,,,,,,,,,,,,,0,0
2018,1666,81,female,white,high school,12,south,widowed,6,keeping house,,,lower class,not very strong republican,"moderate, middle of the road",,,favor,should not be legal,not too happy,,,can't be too careful,,more or less satisfied,,12,never,protestant,never,no doubts,yes,word of god,,,,,,,,,,,,,,,0,0
2018,1667,60,female,white,high school,13,south,widowed,0,working full time,45,31544.999999999996,working class,strong republican,"moderate, middle of the road",trump,favor,favor,,pretty happy,fair,routine,,no,not satisfied at all,3,3,never,catholic,several times a year,no doubts,yes,inspired word,no,not at all scientific,false,false,earth around sun,false,don't know,true,false,true,true,500 get the drug; 500 don't,no,yes,6,9
2018,1668,54,female,white,high school,10,south,married,3,other,,,lower class,"independent, close to democrat","moderate, middle of the road",,,oppose,should be legal,pretty happy,,,can't be too careful,,not satisfied at all,,2,never,protestant,every week,no doubts,no,word of god,no,sort of scientific,,,sun around earth,false,true,true,false,false,true,500 get the drug; 500 don't,no,no,4,7
2018,1669,43,male,white,bachelor's,16,south,married,2,working full time,50,84120,middle class,not very strong democrat,slightly liberal,clinton,favor,oppose,,very happy,excellent,routine,,no,pretty well satisfied,0,1,several times a year,protestant,every week,believe with doubts,yes,inspired word,no,not at all scientific,,,earth around sun,false,false,true,false,true,true,500 get the drug; 500 don't,no,yes,7,7
2018,1670,43,female,black,associate/junior college,16,south,married,2,working full time,48,31544.999999999996,working class,not very strong republican,conservative,,favor,oppose,should not be legal,very happy,excellent,exciting,most people can be trusted,no,more or less satisfied,1,,,protestant,nearly every week,no doubts,yes,word of god,,,,,,,,,,,,,,,0,0
2018,1671,21,male,white,high school,12,south,never married,0,working full time,48,26287.5,middle class,strong democrat,liberal,other candidate,favor,favor,,not too happy,fair,routine,,yes,more or less satisfied,15,4,never,protestant,never,believe with doubts,yes,inspired word,yes,not at all scientific,true,don't know,earth around sun,false,don't know,true,false,true,true,500 get the drug; 500 don't,no,yes,7,9
2018,1672,51,female,white,bachelor's,14,south,divorced,4,working full time,30,26287.5,middle class,"independent, close to republican",slightly conservative,,oppose,favor,should be legal,pretty happy,good,exciting,can't be too careful,no,more or less satisfied,0,,,protestant,every week,no doubts,yes,word of god,,,,,,,,,,,,,,,0,0
2018,1673,36,male,white,bachelor's,16,south,married,2,working full time,40,31544.999999999996,working class,"independent, close to republican","moderate, middle of the road",,favor,favor,,very happy,good,exciting,,no,pretty well satisfied,0,2,about once a month,protestant,every week,no doubts,yes,word of god,no,not at all scientific,,,earth around sun,don't know,don't know,don't know,false,don't know,true,500 get the drug; 500 don't,no,yes,3,7
2018,1674,69,male,white,graduate,19,south,divorced,1,retired,,,middle class,strong republican,conservative,trump,oppose,favor,should not be legal,pretty happy,good,exciting,can't be too careful,no,pretty well satisfied,,,,catholic,every week,no doubts,yes,word of god,,,,,,,,,,,,,,,0,0
2018,1675,74,male,white,graduate,19,south,married,6,working part time,16,22782.5,middle class,strong republican,conservative,trump,,favor,should not be legal,very happy,,,most people can be trusted,,pretty well satisfied,0,4,never,protestant,every week,no doubts,yes,word of god,,,,,,,,,,,,,,,0,0
2018,1676,69,male,white,bachelor's,16,northeast,divorced,2,retired,,,middle class,not very strong republican,slightly conservative,trump,,oppose,should be legal,pretty happy,,,can't be too careful,,pretty well satisfied,,3,about once a year,protestant,several times a year,no doubts,yes,inspired word,yes,not at all scientific,,,earth around sun,false,false,true,don't know,true,true,all 1000 get the drug,no,yes,6,7
2018,1677,34,female,white,high school,12,northeast,married,1,working part time,16,14896.249999999998,working class,not very strong republican,extremely conservative,,,favor,should not be legal,very happy,,,can't be too careful,,more or less satisfied,0,5,about once a year,christian,every week,no doubts,yes,word of god,,,,,,,,,,,,,,,0,0
2018,1678,30,female,white,bachelor's,17,northeast,married,1,working full time,46,19277.5,working class,strong democrat,"moderate, middle of the road",clinton,,favor,should be legal,pretty happy,,,most people can be trusted,,not satisfied at all,10,5,several times a year,protestant,about once a month,no doubts,yes,inspired word,yes,not at all scientific,don't know,,earth around sun,false,false,true,false,true,true,500 get the drug; 500 don't,no,yes,7,8
2018,1679,73,male,white,bachelor's,16,northeast,divorced,1,working full time,37,26287.5,middle class,"independent (neither, no response)",don't know,clinton,oppose,favor,,pretty happy,good,exciting,,no,pretty well satisfied,0,2,about once a month,catholic,never,higher power,don't know,ancient book,no,not at all scientific,,,earth around sun,false,true,false,true,true,true,500 get the drug; 500 don't,yes,yes,4,7
2018,1680,34,male,white,high school,15,northeast,married,2,working full time,60,3154.5,middle class,"independent (neither, no response)","moderate, middle of the road",,,favor,don't know,pretty happy,,,can't be too careful,,more or less satisfied,0,3,several times a month,catholic,about once or twice a year,believe sometimes,yes,ancient book,,,,,,,,,,,,,,,0,0
2018,1681,34,male,white,bachelor's,16,midwest,married,0,working full time,40,70100,middle class,strong democrat,slightly liberal,clinton,favor,favor,should be legal,very happy,good,exciting,most people can be trusted,no,more or less satisfied,0,,,orthodox-christian,several times a year,no doubts,yes,inspired word,,,,,,,,,,,,,,,0,0
2018,1682,39,male,white,bachelor's,17,midwest,married,1,working full time,50,47317.5,working class,,"moderate, middle of the road",,,favor,should not be legal,pretty happy,,,can't be too careful,,more or less satisfied,6,2,several times a year,protestant,several times a year,believe with doubts,yes,inspired word,yes,sort of scientific,,,don't know,false,don't know,true,true,false,true,500 get the drug; 500 don't,no,yes,3,7
2018,1683,34,male,white,associate/junior college,15,midwest,married,2,retired,,,middle class,other party,extremely conservative,,oppose,favor,,very happy,fair,exciting,,yes,more or less satisfied,,1,several times a month,none,never,no doubts,yes,other (vol),no,not at all scientific,,,don't know,don't know,don't know,don't know,true,true,true,500 get the drug; 500 don't,no,yes,2,7
2018,1684,65,female,white,high school,12,midwest,married,4,retired,,,working class,strong republican,,trump,favor,favor,should not be legal,very happy,good,routine,,,pretty well satisfied,,,,protestant,never,no doubts,no,word of god,,,,,,,,,,,,,,,0,0
2018,1685,46,female,white,high school,12,midwest,divorced,0,working full time,40,31544.999999999996,working class,"independent (neither, no response)","moderate, middle of the road",,favor,favor,should be legal,pretty happy,good,routine,can't be too careful,no,pretty well satisfied,0,,,protestant,every week,no doubts,yes,word of god,,,,,,,,,,,,,,,0,0
2018,1686,37,male,white,bachelor's,20,midwest,married,4,working full time,40,,working class,"independent, close to republican",conservative,trump,oppose,oppose,,very happy,excellent,exciting,,no,pretty well satisfied,0,0,never,none,never,no doubts,yes,word of god,no,not at all scientific,,,don't know,don't know,don't know,don't know,don't know,don't know,don't know,don't know,don't know,don't know,0,7
2018,1687,22,male,white,high school,12,midwest,never married,0,working part time,25,,working class,strong democrat,liberal,clinton,favor,oppose,should be legal,not too happy,fair,exciting,can't be too careful,no,pretty well satisfied,15,,,protestant,about once a month,higher power,yes,ancient book,,,,,,,,,,,,,,,0,0
2018,1688,55,male,white,high school,12,midwest,divorced,0,working full time,55,47317.5,middle class,strong republican,conservative,trump,,favor,should be legal,pretty happy,,,most people can be trusted,,pretty well satisfied,0,2,about once a year,protestant,less than once a year,no doubts,yes,word of god,,,,,,,,,,,,,,,0,0
2018,1689,59,female,white,high school,12,midwest,never married,0,working part time,26,,lower class,,slightly conservative,other candidate,favor,favor,should not be legal,not too happy,poor,dull,can't be too careful,no,not satisfied at all,2,,,protestant,several times a week,no doubts,no,word of god,,,,,,,,,,,,,,,0,0
2018,1690,69,male,white,bachelor's,18,midwest,widowed,2,other,,,middle class,"independent (neither, no response)","moderate, middle of the road",trump,oppose,,,not too happy,poor,routine,,yes,,,6,never,christian,several times a week,no doubts,yes,inspired word,no,not at all scientific,false,false,earth around sun,false,false,false,true,true,true,500 get the drug; 500 don't,no,no,5,9
2018,1691,55,female,white,associate/junior college,16,midwest,divorced,3,working part time,25,9638.75,middle class,strong republican,"moderate, middle of the road",,,favor,don't know,pretty happy,,,can't be too careful,,not satisfied at all,10,2,about once a year,protestant,2-3 times a month,no doubts,yes,word of god,yes,sort of scientific,true,,earth around sun,false,true,true,false,true,true,500 get the drug; 500 don't,no,yes,7,8
2018,1692,78,male,white,high school,15,midwest,married,0,working full time,40,31544.999999999996,working class,not very strong democrat,slightly liberal,trump,favor,favor,,very happy,excellent,routine,,no,pretty well satisfied,0,3,several times a year,catholic,every week,believe with doubts,yes,inspired word,yes,not at all scientific,true,true,earth around sun,false,false,false,false,true,true,500 get the drug; 500 don't,no,yes,8,9
2018,1693,88,female,white,bachelor's,16,midwest,widowed,5,retired,,,middle class,"independent, close to republican",slightly conservative,trump,favor,oppose,should not be legal,pretty happy,excellent,exciting,can't be too careful,no,pretty well satisfied,,,,protestant,every week,no doubts,yes,inspired word,,,,,,,,,,,,,,,0,0
2018,1694,57,female,white,graduate,18,midwest,never married,0,"with a job, but not at work because of temporary illness, vacation, strike",,47317.5,middle class,not very strong democrat,slightly conservative,clinton,,favor,should not be legal,pretty happy,,,can't be too careful,,more or less satisfied,25,10,about once a month,catholic,about once a month,no doubts,yes,inspired word,yes,not at all scientific,,,earth around sun,false,false,true,false,true,true,500 get the drug; 500 don't,no,yes,7,7
2018,1695,41,male,white,less than high school,9,midwest,separated,0,"unemployed, laid off, looking for work",,,lower class,not very strong democrat,"moderate, middle of the road",,oppose,favor,should be legal,not too happy,fair,dull,can't be too careful,yes,not satisfied at all,,,,protestant,never,no doubts,yes,ancient book,,,,,,,,,,,,,,,0,0
2018,1696,41,female,white,high school,12,midwest,divorced,7,other,,,working class,strong democrat,conservative,clinton,favor,oppose,,pretty happy,fair,exciting,,no,pretty well satisfied,,1,never,protestant,about once a month,no doubts,yes,word of god,no,not at all scientific,false,true,sun around earth,true,don't know,don't know,false,don't know,true,500 get the drug; 500 don't,yes,no,3,9
2018,1697,56,female,white,less than high school,11,midwest,divorced,2,keeping house,,,lower class,not very strong democrat,conservative,,oppose,oppose,,pretty happy,fair,routine,,no,more or less satisfied,,4,about once a year,protestant,about once or twice a year,no doubts,no,word of god,yes,sort of scientific,,,earth around sun,don't know,don't know,don't know,true,true,true,all 1000 get the drug,don't know,yes,3,7
2018,1698,28,male,black,high school,12,midwest,never married,1,"unemployed, laid off, looking for work",,,upper class,"independent (neither, no response)",don't know,,oppose,oppose,should be legal,pretty happy,fair,routine,can't be too careful,no,pretty well satisfied,,,,none,less than once a year,believe with doubts,yes,word of god,,,,,,,,,,,,,,,0,0
2018,1699,25,female,white,high school,13,midwest,married,3,working full time,55,2453.5,working class,,,,,,should be legal,very happy,,,can't be too careful,,more or less satisfied,0,0,about once a year,none,never,,,,,,,,,,,,,,,,,,0,0
2018,1700,44,male,white,high school,13,midwest,married,2,other,,,middle class,"independent, close to democrat","moderate, middle of the road",,oppose,favor,,pretty happy,fair,routine,,no,not satisfied at all,,1,several times a year,none,never,"don't know, no way to find out",don't know,ancient book,no,not at all scientific,true,don't know,earth around sun,false,true,don't know,false,true,true,500 get the drug; 500 don't,no,yes,6,9
2018,1701,34,female,black,high school,13,midwest,married,0,"unemployed, laid off, looking for work",,,lower class,not very strong democrat,slightly liberal,clinton,favor,don't know,should be legal,not too happy,fair,dull,can't be too careful,no,not satisfied at all,,,,protestant,several times a year,no doubts,yes,inspired word,,,,,,,,,,,,,,,0,0
2018,1702,58,male,white,bachelor's,16,midwest,divorced,0,working full time,53,47317.5,middle class,"independent, close to republican","moderate, middle of the road",clinton,favor,favor,,pretty happy,good,exciting,,no,more or less satisfied,20,1,several times a month,protestant,every week,no doubts,yes,inspired word,yes,not at all scientific,true,true,sun around earth,false,false,false,false,true,true,all 1000 get the drug,no,no,7,9
2018,1703,57,male,black,high school,12,midwest,divorced,2,"with a job, but not at work because of temporary illness, vacation, strike",,31544.999999999996,working class,not very strong democrat,"moderate, middle of the road",clinton,,oppose,should be legal,not too happy,,,can't be too careful,,not satisfied at all,0,3,several times a year,protestant,about once or twice a year,no doubts,yes,word of god,,,,,,,,,,,,,,,0,0
2018,1704,19,female,black,high school,12,midwest,never married,0,working full time,50,1402,working class,not very strong democrat,conservative,,favor,favor,,pretty happy,good,routine,,yes,more or less satisfied,0,5,never,none,about once or twice a year,believe with doubts,don't know,inspired word,yes,sort of scientific,,,sun around earth,false,don't know,false,false,true,true,500 get the drug; 500 don't,no,yes,4,7
2018,1705,68,male,white,high school,12,midwest,divorced,0,retired,,,middle class,,"moderate, middle of the road",,favor,favor,should be legal,very happy,fair,routine,can't be too careful,no,pretty well satisfied,,,,protestant,several times a week,no doubts,yes,word of god,,,,,,,,,,,,,,,0,0
2018,1706,43,male,white,graduate,18,midwest,married,4,working full time,45,84120,middle class,"independent, close to republican",conservative,other candidate,oppose,favor,,very happy,excellent,exciting,,no,pretty well satisfied,0,0,about once a month,protestant,every week,no doubts,yes,word of god,no,not at all scientific,false,true,earth around sun,false,false,true,false,don't know,true,500 get the drug; 500 don't,no,yes,7,9
2018,1707,64,male,white,bachelor's,16,midwest,never married,0,working part time,20,,middle class,"independent, close to republican",slightly conservative,,,favor,should be legal,pretty happy,,,can't be too careful,,pretty well satisfied,0,2,never,other,less than once a year,higher power,yes,inspired word,no,sort of scientific,true,,earth around sun,false,don't know,true,false,true,true,500 get the drug; 500 don't,no,yes,7,8
2018,1708,43,male,white,high school,15,midwest,never married,0,working full time,30,19277.5,working class,"independent, close to democrat",slightly liberal,clinton,,favor,should be legal,pretty happy,,,can't be too careful,,more or less satisfied,5,10,about once a month,none,about once or twice a year,believe with doubts,yes,inspired word,,,,,,,,,,,,,,,0,0
2018,1709,28,female,other,graduate,19,midwest,married,0,in school,,6309,middle class,not very strong democrat,liberal,clinton,favor,oppose,,pretty happy,good,routine,,yes,more or less satisfied,,2,several times a year,jewish,about once or twice a year,don't believe,no,ancient book,no,not at all scientific,true,true,sun around earth,true,false,true,false,true,true,500 get the drug; 500 don't,no,yes,7,9
2018,1710,23,female,white,bachelor's,17,midwest,never married,0,in school,,,working class,other party,"moderate, middle of the road",,favor,favor,should be legal,very happy,excellent,exciting,can't be too careful,no,more or less satisfied,,,,none,never,don't believe,don't know,ancient book,,,,,,,,,,,,,,,0,0
2018,1711,51,male,white,high school,13,midwest,widowed,2,working full time,40,,lower class,"independent (neither, no response)",slightly conservative,,,favor,should be legal,not too happy,,,can't be too careful,,not satisfied at all,30,2,about once a year,christian,never,no doubts,no,inspired word,no,sort of scientific,,,earth around sun,false,false,false,false,true,true,500 get the drug; 500 don't,no,yes,6,7
2018,1712,37,female,white,high school,12,midwest,never married,2,keeping house,,,lower class,"independent (neither, no response)","moderate, middle of the road",,favor,favor,,pretty happy,fair,routine,,no,pretty well satisfied,,1,about once a year,catholic,about once or twice a year,don't know,yes,ancient book,yes,sort of scientific,,,sun around earth,false,false,true,false,true,true,all 1000 get the drug,no,yes,6,7
2018,1713,31,male,white,associate/junior college,14,midwest,never married,0,in school,,,working class,strong republican,"moderate, middle of the road",clinton,favor,favor,,pretty happy,fair,routine,,no,more or less satisfied,,2,about once a year,protestant,every week,no doubts,yes,word of god,no,not at all scientific,true,false,earth around sun,false,false,true,false,true,true,500 get the drug; 500 don't,no,yes,8,9
2018,1714,44,female,white,graduate,18,midwest,divorced,1,working full time,40,176200.14942,middle class,strong democrat,liberal,clinton,favor,favor,,pretty happy,good,exciting,,yes,pretty well satisfied,0,1,about once a month,none,never,no doubts,yes,ancient book,no,don't know,,,earth around sun,false,don't know,true,false,don't know,don't know,500 get the drug; 500 don't,no,yes,4,7
2018,1715,24,male,white,high school,17,midwest,never married,0,in school,,3154.5,working class,"independent, close to democrat",slightly liberal,clinton,,oppose,should be legal,pretty happy,,,can't be too careful,,more or less satisfied,,1,several times a year,none,less than once a year,don't know,don't know,ancient book,,,,,,,,,,,,,,,0,0
2018,1716,22,male,white,high school,14,midwest,never married,0,in school,,,middle class,"independent, close to democrat",extremely liberal,clinton,favor,oppose,,pretty happy,good,exciting,,no,more or less satisfied,,1,several times a month,none,never,"don't know, no way to find out",don't know,ancient book,no,not at all scientific,true,true,earth around sun,false,false,true,false,true,true,500 get the drug; 500 don't,no,yes,9,9
2018,1717,22,male,white,high school,15,midwest,never married,0,in school,,,middle class,not very strong democrat,liberal,,oppose,oppose,,pretty happy,good,routine,,yes,pretty well satisfied,,5,once or twice a week,none,never,"don't know, no way to find out",don't know,ancient book,no,not at all scientific,,,earth around sun,false,don't know,true,false,true,true,500 get the drug; 500 don't,no,yes,6,7
2018,1718,24,male,black,bachelor's,17,midwest,never married,0,in school,,,middle class,not very strong democrat,slightly liberal,clinton,,oppose,should be legal,very happy,,,depends,,more or less satisfied,,2,once or twice a week,protestant,several times a year,believe with doubts,yes,inspired word,,,,,,,,,,,,,,,0,0
2018,1719,23,male,white,high school,12,midwest,never married,2,working full time,54,16648.75,working class,"independent, close to democrat","moderate, middle of the road",,favor,favor,,pretty happy,excellent,exciting,,no,pretty well satisfied,0,3,about once a month,none,never,higher power,yes,inspired word,yes,not at all scientific,true,true,earth around sun,false,false,false,false,true,true,500 get the drug; 500 don't,yes,yes,8,9
2018,1720,40,female,white,high school,14,midwest,married,2,working full time,40,3154.5,working class,"independent, close to democrat",slightly liberal,clinton,favor,oppose,should be legal,pretty happy,good,exciting,can't be too careful,no,not satisfied at all,0,,,buddhism,several times a week,"don't know, no way to find out",don't know,ancient book,,,,,,,,,,,,,,,0,0
2018,1721,78,female,white,high school,12,midwest,widowed,3,retired,,,working class,"independent, close to democrat","moderate, middle of the road",clinton,favor,favor,,pretty happy,fair,routine,,no,pretty well satisfied,,5,never,none,never,no doubts,yes,ancient book,no,not at all scientific,,,sun around earth,don't know,don't know,don't know,don't know,true,true,500 get the drug; 500 don't,no,yes,2,7
2018,1722,62,male,white,high school,12,midwest,divorced,2,working full time,40,47317.5,working class,"independent (neither, no response)","moderate, middle of the road",,oppose,favor,should be legal,pretty happy,good,routine,most people can be trusted,no,more or less satisfied,0,,,catholic,about once or twice a year,no doubts,yes,inspired word,,,,,,,,,,,,,,,0,0
2018,1723,55,male,white,associate/junior college,15,midwest,married,2,working full time,40,47317.5,middle class,strong democrat,extremely liberal,clinton,,favor,should be legal,not too happy,,,can't be too careful,,not satisfied at all,30,3,about once a year,none,never,don't believe,no,ancient book,,,,,,,,,,,,,,,0,0
2018,1724,27,male,white,associate/junior college,16,midwest,never married,2,working part time,29,22782.5,working class,strong democrat,liberal,clinton,favor,favor,,pretty happy,good,routine,,no,more or less satisfied,10,0,several times a month,none,never,believe with doubts,don't know,inspired word,yes,not at all scientific,don't know,true,sun around earth,false,don't know,true,false,true,true,500 get the drug; 500 don't,no,yes,6,9
2018,1725,25,female,other,high school,13,midwest,married,0,working full time,60,31544.999999999996,lower class,"independent (neither, no response)","moderate, middle of the road",,,favor,should be legal,pretty happy,,,can't be too careful,,more or less satisfied,0,1,several times a year,protestant,several times a year,believe with doubts,yes,inspired word,yes,sort of scientific,true,,don't know,don't know,don't know,don't know,don't know,true,don't know,all 1000 get the drug,no,yes,2,8
2018,1726,52,male,white,bachelor's,18,midwest,divorced,1,working full time,40,38555,middle class,other party,slightly conservative,,favor,favor,,pretty happy,good,routine,,no,more or less satisfied,0,2,never,orthodox-christian,2-3 times a month,believe with doubts,don't know,inspired word,no,not at all scientific,,,earth around sun,false,false,true,false,true,true,500 get the drug; 500 don't,no,no,7,7
2018,1727,54,male,black,high school,12,midwest,divorced,3,other,,,lower class,"independent, close to democrat","moderate, middle of the road",other candidate,,favor,should be legal,not too happy,,,can't be too careful,,not satisfied at all,,6,once or twice a week,protestant,never,no doubts,yes,word of god,,,,,,,,,,,,,,,0,0
2018,1728,76,female,white,high school,10,midwest,divorced,5,retired,,,working class,"independent, close to democrat","moderate, middle of the road",trump,favor,favor,,pretty happy,fair,exciting,,yes,pretty well satisfied,,14,never,none,never,no doubts,no,inspired word,yes,not at all scientific,true,true,sun around earth,false,don't know,true,true,true,true,500 get the drug; 500 don't,don't know,yes,6,9
2018,1729,52,male,white,high school,14,midwest,never married,0,working full time,43,7886.249999999999,working class,not very strong republican,"moderate, middle of the road",,favor,favor,should be legal,not too happy,fair,routine,can't be too careful,no,not satisfied at all,0,,,protestant,2-3 times a month,no doubts,yes,word of god,,,,,,,,,,,,,,,0,0
2018,1730,41,male,black,bachelor's,16,midwest,never married,1,working full time,55,19277.5,working class,not very strong democrat,"moderate, middle of the road",,,oppose,should be legal,pretty happy,,,most people can be trusted,,more or less satisfied,2,3,never,none,never,no doubts,yes,inspired word,,,,,,,,,,,,,,,0,0
2018,1731,50,female,white,bachelor's,17,midwest,never married,0,working full time,50,22782.5,working class,strong republican,slightly conservative,trump,oppose,favor,should not be legal,pretty happy,excellent,exciting,most people can be trusted,no,not satisfied at all,0,,,protestant,2-3 times a month,no doubts,yes,inspired word,,,,,,,,,,,,,,,0,0
2018,1732,43,female,white,graduate,18,midwest,married,2,working full time,40,,middle class,not very strong republican,slightly conservative,trump,,favor,should be legal,very happy,,,can't be too careful,,more or less satisfied,1,2,several times a month,protestant,every week,no doubts,yes,inspired word,yes,sort of scientific,false,,sun around earth,don't know,don't know,don't know,false,false,true,500 get the drug; 500 don't,yes,yes,2,8
2018,1733,69,male,white,high school,12,midwest,married,0,working full time,40,26287.5,working class,"independent, close to republican","moderate, middle of the road",trump,,favor,should not be legal,very happy,,,can't be too careful,,not satisfied at all,0,3,never,protestant,2-3 times a month,no doubts,yes,word of god,,,,,,,,,,,,,,,0,0
2018,1734,51,female,white,high school,12,midwest,married,2,retired,,,middle class,not very strong republican,slightly conservative,trump,oppose,favor,,very happy,good,routine,,no,pretty well satisfied,,2,never,protestant,about once or twice a year,no doubts,yes,word of god,yes,not at all scientific,false,false,earth around sun,false,true,true,true,false,true,all 1000 get the drug,no,yes,4,9
2018,1735,74,male,white,high school,14,midwest,married,3,retired,,,middle class,not very strong republican,"moderate, middle of the road",trump,,oppose,should not be legal,very happy,,,can't be too careful,,pretty well satisfied,,3,never,protestant,every week,no doubts,yes,word of god,,,,,,,,,,,,,,,0,0
2018,1736,48,female,white,high school,12,midwest,married,2,keeping house,,,middle class,"independent, close to republican",extremely conservative,trump,favor,favor,,pretty happy,good,routine,,no,more or less satisfied,,6,never,protestant,several times a week,no doubts,yes,word of god,no,not at all scientific,false,false,sun around earth,true,don't know,true,true,true,true,all 1000 get the drug,yes,yes,3,9
2018,1737,63,female,white,high school,12,midwest,married,2,working full time,42,26287.5,middle class,strong democrat,liberal,clinton,,favor,should be legal,pretty happy,,,can't be too careful,,more or less satisfied,12,2,never,none,never,don't believe,no,ancient book,yes,not at all scientific,true,,earth around sun,don't know,don't know,don't know,false,true,true,all 1000 get the drug,no,yes,5,8
2018,1738,59,female,white,bachelor's,16,midwest,married,3,working full time,40,16648.75,middle class,strong republican,extremely conservative,trump,favor,favor,,very happy,excellent,exciting,,yes,more or less satisfied,0,2,never,protestant,every week,no doubts,yes,word of god,no,not at all scientific,false,false,sun around earth,false,don't know,true,true,false,true,all 1000 get the drug,no,yes,3,9
2018,1739,24,male,white,bachelor's,17,midwest,never married,0,working full time,60,,working class,"independent, close to democrat",slightly liberal,,favor,favor,should be legal,not too happy,excellent,exciting,most people can be trusted,no,pretty well satisfied,30,,,protestant,about once or twice a year,higher power,yes,inspired word,,,,,,,,,,,,,,,0,0
2018,1740,65,male,white,high school,12,midwest,divorced,0,retired,,,middle class,strong republican,slightly conservative,,favor,oppose,should not be legal,not too happy,poor,dull,most people can be trusted,yes,pretty well satisfied,,,,none,never,no doubts,no,ancient book,,,,,,,,,,,,,,,0,0
2018,1741,63,female,black,high school,11,midwest,never married,1,keeping house,,,working class,not very strong democrat,slightly conservative,clinton,,favor,should be legal,pretty happy,,,can't be too careful,,not satisfied at all,,6,several times a year,protestant,2-3 times a month,no doubts,don't know,word of god,,,,,,,,,,,,,,,0,0
2018,1742,39,female,white,bachelor's,16,midwest,divorced,0,working full time,42,38555,working class,not very strong republican,"moderate, middle of the road",,favor,favor,should not be legal,pretty happy,fair,routine,can't be too careful,no,more or less satisfied,0,,,protestant,about once a month,no doubts,yes,inspired word,,,,,,,,,,,,,,,0,0
2018,1743,66,female,black,less than high school,11,midwest,widowed,2,keeping house,,,middle class,,,,,favor,,very happy,good,routine,,yes,not satisfied at all,,,never,protestant,every week,,,word of god,no,not at all scientific,,,,false,false,false,,,true,,,,3,4
2018,1744,38,male,white,graduate,18,midwest,married,4,working full time,45,47317.5,middle class,"independent, close to democrat",slightly liberal,clinton,favor,oppose,should be legal,pretty happy,good,routine,can't be too careful,no,more or less satisfied,5,,,none,never,higher power,no,ancient book,,,,,,,,,,,,,,,0,0
2018,1745,63,female,white,bachelor's,16,midwest,widowed,1,"with a job, but not at work because of temporary illness, vacation, strike",,11391.25,middle class,not very strong democrat,"moderate, middle of the road",clinton,,favor,should be legal,pretty happy,,,can't be too careful,,not satisfied at all,10,3,about once a month,protestant,several times a year,no doubts,yes,word of god,yes,sort of scientific,,,earth around sun,false,don't know,true,false,false,true,500 get the drug; 500 don't,no,yes,5,7
2018,1746,89,female,white,high school,12,midwest,divorced,1,retired,,,middle class,not very strong democrat,"moderate, middle of the road",clinton,favor,favor,,pretty happy,good,routine,,no,more or less satisfied,,5,never,protestant,several times a year,no doubts,yes,word of god,yes,sort of scientific,,,sun around earth,false,false,don't know,false,false,true,500 get the drug; 500 don't,yes,no,4,7
2018,1747,63,male,black,less than high school,11,midwest,never married,6,working full time,55,2453.5,working class,strong democrat,extremely conservative,clinton,,favor,should be legal,very happy,,,can't be too careful,,not satisfied at all,3,6,several times a year,protestant,several times a year,no doubts,yes,word of god,,,,,,,,,,,,,,,0,0
2018,1748,58,male,white,high school,10,midwest,widowed,2,working full time,45,31544.999999999996,middle class,"independent, close to republican",slightly conservative,trump,favor,favor,,very happy,fair,routine,,no,more or less satisfied,30,5,several times a year,protestant,every week,no doubts,yes,word of god,no,not at all scientific,false,false,don't know,don't know,false,don't know,false,true,true,500 get the drug; 500 don't,no,no,4,9
2018,1749,25,male,white,high school,10,midwest,never married,1,working full time,45,14896.249999999998,middle class,"independent, close to republican","moderate, middle of the road",,favor,favor,should be legal,pretty happy,fair,routine,can't be too careful,no,not satisfied at all,2,,,none,never,don't believe,no,ancient book,,,,,,,,,,,,,,,0,0
2018,1750,51,male,white,high school,12,midwest,married,3,working full time,60,70100,working class,strong republican,extremely conservative,trump,oppose,favor,should not be legal,very happy,excellent,exciting,can't be too careful,yes,pretty well satisfied,0,,,protestant,every week,no doubts,yes,word of god,,,,,,,,,,,,,,,0,0
2018,1751,69,female,white,high school,12,midwest,divorced,1,working full time,37,9638.75,working class,not very strong democrat,slightly conservative,clinton,favor,oppose,,pretty happy,good,routine,,no,more or less satisfied,5,1,never,protestant,never,believe with doubts,yes,inspired word,no,not at all scientific,,,sun around earth,don't know,true,don't know,false,true,don't know,500 get the drug; 500 don't,no,yes,2,7
2018,1752,45,female,white,graduate,16,midwest,married,2,working full time,60,98140,middle class,"independent, close to republican",slightly conservative,trump,favor,favor,should be legal,very happy,excellent,exciting,most people can be trusted,no,pretty well satisfied,0,,,protestant,nearly every week,no doubts,yes,inspired word,,,,,,,,,,,,,,,0,0
2018,1753,58,female,white,bachelor's,16,midwest,married,2,retired,,350.5,middle class,not very strong republican,conservative,trump,,favor,should not be legal,pretty happy,,,most people can be trusted,,more or less satisfied,,2,about once a year,catholic,2-3 times a month,no doubts,yes,inspired word,yes,not at all scientific,false,,earth around sun,false,false,true,false,true,true,500 get the drug; 500 don't,no,yes,7,8
2018,1754,73,female,white,high school,12,midwest,widowed,1,working full time,40,38555,working class,not very strong democrat,slightly liberal,clinton,oppose,oppose,,pretty happy,good,routine,,no,pretty well satisfied,0,2,never,protestant,2-3 times a month,believe with doubts,yes,inspired word,yes,not at all scientific,,,earth around sun,don't know,don't know,don't know,false,true,true,500 get the drug; 500 don't,no,no,4,7
2018,1755,64,female,white,high school,12,midwest,widowed,3,retired,,,middle class,other party,slightly conservative,other candidate,,favor,should be legal,pretty happy,,,most people can be trusted,,more or less satisfied,,1,never,catholic,2-3 times a month,no doubts,yes,inspired word,,,,,,,,,,,,,,,0,0
2018,1756,35,female,white,bachelor's,16,midwest,married,2,working full time,40,14896.249999999998,working class,"independent (neither, no response)","moderate, middle of the road",clinton,,oppose,should be legal,very happy,,,can't be too careful,,more or less satisfied,0,1,several times a year,none,about once or twice a year,higher power,yes,ancient book,no,sort of scientific,,,earth around sun,don't know,don't know,false,false,true,true,500 get the drug; 500 don't,no,yes,4,7
2018,1757,68,male,white,high school,12,midwest,married,2,retired,,,working class,"independent, close to democrat","moderate, middle of the road",clinton,favor,favor,,very happy,good,exciting,,no,more or less satisfied,,3,about once a year,protestant,several times a year,believe with doubts,yes,inspired word,no,not at all scientific,,,sun around earth,false,don't know,false,false,don't know,true,all 1000 get the drug,no,no,3,7
2018,1758,61,female,white,bachelor's,17,midwest,never married,0,working full time,45,47317.5,middle class,"independent, close to democrat","moderate, middle of the road",clinton,,don't know,should be legal,pretty happy,,,can't be too careful,,pretty well satisfied,0,3,about once a year,protestant,2-3 times a month,believe with doubts,yes,inspired word,,,,,,,,,,,,,,,0,0
2018,1759,86,female,white,graduate,20,midwest,never married,0,retired,,,middle class,"independent, close to democrat","moderate, middle of the road",clinton,favor,oppose,,very happy,excellent,exciting,,no,pretty well satisfied,,2,never,catholic,several times a week,no doubts,yes,inspired word,no,not at all scientific,false,false,sun around earth,false,true,false,false,false,true,all 1000 get the drug,no,no,3,9
2018,1760,54,male,white,high school,12,midwest,married,2,working full time,45,47317.5,working class,strong republican,extremely conservative,trump,oppose,oppose,should not be legal,very happy,fair,routine,can't be too careful,yes,pretty well satisfied,0,,,protestant,every week,no doubts,yes,word of god,,,,,,,,,,,,,,,0,0
2018,1761,47,female,white,bachelor's,16,midwest,married,3,working full time,40,38555,middle class,not very strong democrat,extremely liberal,clinton,,oppose,should be legal,pretty happy,,,most people can be trusted,,more or less satisfied,0,3,several times a year,protestant,never,believe with doubts,no,ancient book,yes,not at all scientific,true,,earth around sun,false,don't know,true,false,true,true,500 get the drug; 500 don't,no,yes,7,8
2018,1762,65,female,white,high school,14,midwest,married,4,retired,,,working class,"independent, close to democrat","moderate, middle of the road",clinton,favor,oppose,should be legal,very happy,excellent,routine,can't be too careful,no,pretty well satisfied,,,,none,never,believe with doubts,yes,inspired word,,,,,,,,,,,,,,,0,0
2018,1763,63,male,white,bachelor's,16,midwest,married,5,working full time,50,98140,middle class,"independent (neither, no response)","moderate, middle of the road",trump,,favor,don't know,very happy,,,most people can be trusted,,pretty well satisfied,0,3,about once a month,none,about once or twice a year,no doubts,don't know,inspired word,,,,,,,,,,,,,,,0,0
2018,1764,67,female,white,high school,14,midwest,widowed,2,retired,,38555,middle class,strong republican,extremely conservative,trump,oppose,favor,should be legal,very happy,excellent,exciting,most people can be trusted,no,pretty well satisfied,,,,protestant,every week,no doubts,yes,word of god,,,,,,,,,,,,,,,0,0
2018,1765,64,male,white,less than high school,13,midwest,married,2,working full time,40,31544.999999999996,working class,not very strong republican,conservative,trump,,don't know,should be legal,pretty happy,,,can't be too careful,,more or less satisfied,0,1,several times a month,protestant,nearly every week,no doubts,yes,inspired word,,,,,,,,,,,,,,,0,0
2018,1766,23,female,white,high school,13,midwest,married,1,working full time,50,,middle class,"independent (neither, no response)","moderate, middle of the road",,favor,favor,,pretty happy,poor,routine,,yes,more or less satisfied,5,2,about once a month,none,never,"don't know, no way to find out",yes,ancient book,yes,sort of scientific,,,earth around sun,false,false,true,false,true,true,500 get the drug; 500 don't,no,yes,7,7
2018,1767,27,male,black,high school,12,midwest,married,0,working full time,40,22782.5,working class,"independent, close to republican","moderate, middle of the road",,,favor,should be legal,very happy,,,can't be too careful,,more or less satisfied,0,4,several times a year,none,about once or twice a year,higher power,no,inspired word,,,,,,,,,,,,,,,0,0
2018,1768,26,female,white,high school,12,midwest,never married,1,working full time,80,22782.5,working class,"independent, close to republican",slightly conservative,,oppose,favor,,pretty happy,good,routine,,yes,not satisfied at all,2,3,several times a year,catholic,about once a month,no doubts,yes,inspired word,yes,not at all scientific,don't know,don't know,sun around earth,true,don't know,don't know,false,true,true,all 1000 get the drug,no,yes,3,9
2018,1769,41,male,white,high school,12,midwest,married,0,working full time,70,47317.5,middle class,"independent (neither, no response)",don't know,trump,oppose,favor,should be legal,very happy,good,exciting,most people can be trusted,no,more or less satisfied,0,,,catholic,never,believe with doubts,don't know,ancient book,,,,,,,,,,,,,,,0,0
2018,1770,20,male,white,high school,13,midwest,never married,0,working full time,44,,middle class,not very strong democrat,"moderate, middle of the road",,,favor,should be legal,pretty happy,,,can't be too careful,,pretty well satisfied,0,1,never,none,never,"don't know, no way to find out",no,inspired word,no,not at all scientific,,,sun around earth,false,don't know,false,false,true,true,500 get the drug; 500 don't,no,yes,4,7
2018,1771,54,male,white,high school,12,midwest,divorced,0,working full time,48,70100,middle class,"independent (neither, no response)","moderate, middle of the road",didn't vote for president,,oppose,should be legal,very happy,,,most people can be trusted,,pretty well satisfied,0,4,once or twice a week,none,never,higher power,no,ancient book,,,,,,,,,,,,,,,0,0
2018,1772,86,female,white,bachelor's,17,midwest,widowed,5,retired,,,middle class,strong democrat,extremely liberal,clinton,favor,oppose,,very happy,good,exciting,,no,pretty well satisfied,,2,several times a year,none,never,"don't know, no way to find out",don't know,ancient book,no,not at all scientific,true,true,sun around earth,false,don't know,true,false,true,true,all 1000 get the drug,no,yes,7,9
2018,1773,68,female,white,high school,12,midwest,divorced,2,retired,,,working class,"independent, close to republican",slightly conservative,,,favor,should not be legal,pretty happy,,,can't be too careful,,more or less satisfied,,6,about once a year,protestant,never,no doubts,yes,inspired word,yes,sort of scientific,true,,earth around sun,false,don't know,don't know,true,true,true,all 1000 get the drug,no,yes,5,8
2018,1774,54,female,white,less than high school,8,midwest,divorced,2,keeping house,,,lower class,not very strong republican,liberal,trump,favor,favor,,pretty happy,good,routine,,no,not satisfied at all,,5,never,none,never,"don't know, no way to find out",no,ancient book,yes,sort of scientific,,,sun around earth,true,true,false,false,true,true,500 get the drug; 500 don't,no,no,3,7
2018,1775,51,male,other,less than high school,1,midwest,married,0,working full time,40,350.5,working class,strong democrat,liberal,clinton,favor,oppose,should not be legal,very happy,good,exciting,can't be too careful,no,pretty well satisfied,0,,,none,never,believe with doubts,no,word of god,,,,,,,,,,,,,,,0,0
2018,1776,61,male,white,high school,14,midwest,married,1,retired,,19277.5,middle class,strong democrat,extremely liberal,clinton,favor,oppose,should be legal,pretty happy,good,routine,most people can be trusted,no,pretty well satisfied,,,,none,never,"don't know, no way to find out",no,ancient book,,,,,,,,,,,,,,,0,0
2018,1777,89,male,white,high school,14,midwest,widowed,4,retired,,,middle class,not very strong republican,conservative,trump,,favor,should not be legal,pretty happy,,,most people can be trusted,,pretty well satisfied,,5,several times a year,protestant,every week,believe with doubts,yes,inspired word,no,not at all scientific,,,earth around sun,false,false,false,false,false,true,500 get the drug; 500 don't,no,yes,5,7
2018,1778,54,female,white,high school,12,midwest,married,3,working full time,37,16648.75,working class,other party,conservative,,favor,oppose,should not be legal,pretty happy,good,exciting,can't be too careful,yes,not satisfied at all,0,,,protestant,nearly every week,no doubts,yes,word of god,,,,,,,,,,,,,,,0,0
2018,1779,72,male,white,graduate,20,midwest,never married,0,retired,,,middle class,"independent, close to democrat",slightly conservative,clinton,favor,favor,should be legal,very happy,good,routine,most people can be trusted,no,pretty well satisfied,,,,protestant,every week,believe with doubts,yes,inspired word,,,,,,,,,,,,,,,0,0
2018,1780,19,female,white,high school,13,midwest,never married,0,in school,,,working class,"independent, close to republican",conservative,,,oppose,should be legal,not too happy,,,can't be too careful,,not satisfied at all,,1,never,none,never,believe sometimes,no,ancient book,yes,very scientific,true,,earth around sun,false,don't know,true,true,true,true,500 get the drug; 500 don't,no,yes,6,8
2018,1781,59,male,white,bachelor's,16,midwest,married,2,working full time,70,70100,middle class,strong republican,conservative,trump,favor,favor,should be legal,very happy,good,exciting,most people can be trusted,no,pretty well satisfied,0,,,protestant,nearly every week,no doubts,yes,word of god,,,,,,,,,,,,,,,0,0
2018,1782,31,female,white,high school,12,midwest,never married,1,working full time,50,14896.249999999998,working class,strong republican,slightly conservative,,favor,oppose,should not be legal,not too happy,fair,routine,can't be too careful,no,not satisfied at all,30,,,protestant,nearly every week,no doubts,yes,inspired word,,,,,,,,,,,,,,,0,0
2018,1783,23,female,white,high school,12,midwest,never married,1,working full time,40,,middle class,"independent, close to democrat","moderate, middle of the road",don't know,,favor,should be legal,very happy,,,most people can be trusted,,pretty well satisfied,0,3,several times a year,none,never,higher power,yes,inspired word,,,,,,,,,,,,,,,0,0
2018,1784,55,female,white,associate/junior college,14,midwest,widowed,3,working full time,45,350.5,working class,not very strong republican,extremely conservative,trump,,favor,should not be legal,pretty happy,,,can't be too careful,,more or less satisfied,1,0,never,protestant,several times a week,no doubts,yes,word of god,no,sort of scientific,false,,sun around earth,true,true,true,false,true,true,all 1000 get the drug,no,no,4,8
2018,1785,34,female,white,bachelor's,16,midwest,married,3,"with a job, but not at work because of temporary illness, vacation, strike",,38555,working class,"independent (neither, no response)","moderate, middle of the road",,favor,favor,,pretty happy,good,exciting,,yes,not satisfied at all,2,1,about once a year,protestant,nearly every week,no doubts,yes,word of god,yes,not at all scientific,false,false,sun around earth,false,false,don't know,false,true,don't know,500 get the drug; 500 don't,no,no,4,9
2018,1786,37,female,white,associate/junior college,15,midwest,married,2,working full time,40,,working class,not very strong republican,"moderate, middle of the road",trump,favor,favor,should be legal,very happy,good,exciting,most people can be trusted,no,more or less satisfied,0,,,protestant,less than once a year,"don't know, no way to find out",yes,inspired word,,,,,,,,,,,,,,,0,0
2018,1787,30,female,white,bachelor's,16,midwest,married,2,working full time,50,47317.5,middle class,"independent, close to republican","moderate, middle of the road",didn't vote for president,favor,favor,,very happy,good,routine,,yes,more or less satisfied,0,2,several times a year,catholic,every week,believe with doubts,yes,inspired word,no,not at all scientific,,,earth around sun,false,true,false,false,true,true,500 get the drug; 500 don't,no,yes,5,7
2018,1788,33,female,white,bachelor's,16,midwest,married,3,working part time,20,19277.5,middle class,not very strong republican,slightly conservative,,favor,oppose,,pretty happy,good,exciting,,yes,pretty well satisfied,,0,about once a month,protestant,every week,no doubts,yes,word of god,no,not at all scientific,false,false,earth around sun,don't know,don't know,false,false,true,true,500 get the drug; 500 don't,no,yes,4,9
2018,1789,48,male,white,bachelor's,16,midwest,divorced,0,working full time,32,47317.5,middle class,strong republican,extremely conservative,trump,favor,favor,,pretty happy,good,exciting,,no,more or less satisfied,0,4,several times a month,protestant,every week,no doubts,yes,word of god,yes,sort of scientific,,,earth around sun,false,false,true,true,true,true,500 get the drug; 500 don't,no,yes,6,7
2018,1790,60,female,white,bachelor's,16,midwest,married,2,working part time,25,1402,middle class,strong republican,extremely conservative,trump,favor,favor,,very happy,excellent,exciting,,no,pretty well satisfied,0,1,never,protestant,every week,no doubts,yes,word of god,no,not at all scientific,,,earth around sun,false,don't know,true,false,true,true,500 get the drug; 500 don't,no,yes,6,7
2018,1791,47,female,white,graduate,20,midwest,married,4,working full time,46,,working class,"independent, close to democrat",slightly liberal,,favor,oppose,should not be legal,pretty happy,good,exciting,most people can be trusted,yes,pretty well satisfied,0,,,protestant,every week,no doubts,yes,inspired word,,,,,,,,,,,,,,,0,0
2018,1792,52,female,white,high school,12,midwest,divorced,0,working full time,45,,middle class,not very strong republican,"moderate, middle of the road",,,favor,should be legal,very happy,,,can't be too careful,,pretty well satisfied,0,1,once or twice a week,protestant,about once or twice a year,no doubts,yes,word of god,,,,,,,,,,,,,,,0,0
2018,1793,67,male,white,high school,12,midwest,married,2,retired,,,middle class,strong democrat,"moderate, middle of the road",clinton,favor,oppose,should be legal,pretty happy,fair,exciting,most people can be trusted,no,more or less satisfied,,,,protestant,2-3 times a month,no doubts,yes,inspired word,,,,,,,,,,,,,,,0,0
2018,1794,29,male,white,high school,13,midwest,never married,2,working full time,51,11391.25,lower class,"independent (neither, no response)",slightly conservative,trump,,oppose,should be legal,very happy,,,can't be too careful,,more or less satisfied,10,1,about once a year,jewish,every week,no doubts,yes,word of god,no,not at all scientific,false,,don't know,false,false,true,false,true,don't know,500 get the drug; 500 don't,no,yes,5,8
2018,1795,31,female,white,high school,13,midwest,never married,1,keeping house,,,middle class,not very strong republican,slightly liberal,,favor,favor,,pretty happy,good,exciting,,yes,not satisfied at all,,0,never,protestant,about once a month,no doubts,yes,word of god,yes,sort of scientific,true,false,earth around sun,true,don't know,don't know,false,true,false,500 get the drug; 500 don't,no,yes,4,9
2018,1796,36,male,white,bachelor's,16,midwest,married,3,working full time,65,57832.5,middle class,strong republican,conservative,trump,oppose,favor,should not be legal,very happy,excellent,routine,can't be too careful,no,more or less satisfied,10,,,protestant,several times a year,no doubts,yes,inspired word,,,,,,,,,,,,,,,0,0
2018,1797,64,female,white,associate/junior college,18,midwest,never married,0,working full time,48,38555,working class,strong democrat,liberal,clinton,,oppose,should be legal,pretty happy,,,most people can be trusted,,pretty well satisfied,1,3,several times a year,protestant,about once or twice a year,believe with doubts,don't know,inspired word,,,,,,,,,,,,,,,0,0
2018,1798,89,female,white,bachelor's,16,midwest,widowed,2,retired,,,middle class,strong republican,"moderate, middle of the road",,oppose,,,pretty happy,fair,routine,,no,pretty well satisfied,,3,never,protestant,nearly every week,no doubts,yes,word of god,no,not at all scientific,false,don't know,don't know,false,don't know,don't know,don't know,true,true,500 get the drug; 500 don't,no,yes,3,9
2018,1799,63,female,white,bachelor's,16,midwest,married,2,working full time,40,31544.999999999996,working class,"independent (neither, no response)","moderate, middle of the road",clinton,favor,oppose,should be legal,very happy,good,exciting,most people can be trusted,no,pretty well satisfied,0,,,protestant,several times a year,believe with doubts,yes,inspired word,,,,,,,,,,,,,,,0,0
2018,1800,24,male,black,high school,11,midwest,never married,1,working full time,70,22782.5,working class,"independent (neither, no response)","moderate, middle of the road",,favor,favor,,very happy,excellent,routine,,no,more or less satisfied,0,4,about once a month,protestant,about once a month,no doubts,yes,inspired word,no,sort of scientific,true,false,sun around earth,true,true,true,true,false,true,500 get the drug; 500 don't,don't know,yes,3,9
2018,1801,35,female,white,associate/junior college,14,midwest,divorced,3,working part time,35,31544.999999999996,working class,not very strong democrat,liberal,clinton,favor,oppose,should be legal,very happy,good,exciting,most people can be trusted,no,more or less satisfied,0,,,protestant,every week,no doubts,yes,inspired word,,,,,,,,,,,,,,,0,0
2018,1802,82,female,white,high school,13,midwest,married,4,retired,,,middle class,not very strong republican,conservative,trump,,don't know,should not be legal,pretty happy,,,can't be too careful,,pretty well satisfied,,3,never,catholic,every week,believe with doubts,yes,inspired word,yes,not at all scientific,don't know,,earth around sun,false,don't know,true,false,true,true,don't know,no,yes,6,8
2018,1803,66,male,white,bachelor's,16,midwest,married,5,working full time,40,57832.5,working class,"independent, close to republican",slightly conservative,trump,oppose,favor,,pretty happy,good,exciting,,no,pretty well satisfied,0,2,about once a year,protestant,nearly every week,no doubts,yes,word of god,no,not at all scientific,,,earth around sun,false,false,true,false,true,true,500 get the drug; 500 don't,no,yes,7,7
2018,1804,47,female,white,bachelor's,16,midwest,married,1,working full time,40,57832.5,middle class,strong republican,conservative,trump,,oppose,should not be legal,pretty happy,,,can't be too careful,,more or less satisfied,0,0,never,catholic,several times a week,no doubts,yes,inspired word,no,not at all scientific,,,earth around sun,false,false,true,false,true,true,500 get the drug; 500 don't,no,yes,7,7
2018,1805,53,male,black,bachelor's,16,midwest,married,5,working full time,60,31544.999999999996,middle class,"independent, close to democrat","moderate, middle of the road",clinton,favor,favor,should be legal,very happy,excellent,exciting,can't be too careful,no,more or less satisfied,3,,,protestant,2-3 times a month,no doubts,yes,inspired word,,,,,,,,,,,,,,,0,0
2018,1806,70,female,white,graduate,17,midwest,married,2,working part time,16,19277.5,middle class,"independent, close to republican",slightly conservative,trump,,oppose,should be legal,very happy,,,most people can be trusted,,pretty well satisfied,0,2,about once a year,protestant,every week,no doubts,yes,inspired word,,,,,,,,,,,,,,,0,0
2018,1807,32,female,white,bachelor's,16,midwest,married,3,working full time,40,,working class,not very strong democrat,slightly liberal,clinton,favor,oppose,should not be legal,very happy,excellent,exciting,most people can be trusted,no,more or less satisfied,0,,,catholic,about once or twice a year,believe with doubts,yes,inspired word,,,,,,,,,,,,,,,0,0
2018,1808,26,female,white,high school,12,midwest,never married,0,working full time,40,14896.249999999998,middle class,other party,"moderate, middle of the road",don't know,favor,oppose,,pretty happy,fair,exciting,,yes,not satisfied at all,0,6,never,none,never,higher power,don't know,other (vol),no,not at all scientific,,,earth around sun,false,don't know,true,false,true,true,500 get the drug; 500 don't,no,yes,6,7
2018,1809,35,female,white,bachelor's,16,midwest,married,2,working full time,60,31544.999999999996,middle class,not very strong republican,"moderate, middle of the road",don't know,oppose,favor,should not be legal,pretty happy,good,routine,most people can be trusted,no,more or less satisfied,0,,,catholic,every week,no doubts,yes,word of god,,,,,,,,,,,,,,,0,0
2018,1810,59,male,white,graduate,19,midwest,married,1,working full time,40,84120,middle class,not very strong republican,"moderate, middle of the road",trump,oppose,favor,,very happy,excellent,exciting,,no,pretty well satisfied,0,2,about once a year,none,never,no doubts,yes,ancient book,no,not at all scientific,false,don't know,earth around sun,false,false,don't know,false,true,true,all 1000 get the drug,no,yes,6,9
2018,1811,55,male,white,less than high school,14,midwest,married,4,working full time,60,22782.5,middle class,"independent, close to democrat","moderate, middle of the road",clinton,favor,oppose,,very happy,excellent,exciting,,no,more or less satisfied,0,2,about once a year,catholic,every week,no doubts,yes,inspired word,no,sort of scientific,,,earth around sun,false,don't know,false,true,false,true,500 get the drug; 500 don't,no,yes,3,7
2018,1812,41,female,white,bachelor's,16,midwest,married,2,keeping house,,,middle class,"independent, close to democrat","moderate, middle of the road",clinton,favor,favor,should be legal,very happy,good,exciting,most people can be trusted,no,pretty well satisfied,,,,protestant,nearly every week,believe with doubts,yes,inspired word,,,,,,,,,,,,,,,0,0
2018,1813,85,male,white,bachelor's,14,midwest,widowed,2,retired,,,working class,"independent (neither, no response)","moderate, middle of the road",,don't know,oppose,,very happy,excellent,routine,,no,more or less satisfied,,1,about once a year,protestant,several times a year,believe with doubts,yes,inspired word,yes,sort of scientific,false,false,earth around sun,false,true,true,false,true,true,500 get the drug; 500 don't,no,yes,6,9
2018,1814,50,female,other,bachelor's,16,midwest,divorced,2,working full time,40,47317.5,working class,"independent, close to republican",slightly conservative,clinton,,favor,should be legal,pretty happy,,,can't be too careful,,not satisfied at all,0,2,about once a year,protestant,about once a month,no doubts,yes,inspired word,yes,sort of scientific,true,,earth around sun,false,don't know,true,true,true,true,500 get the drug; 500 don't,no,no,6,8
2018,1815,56,male,white,high school,12,midwest,separated,3,keeping house,,,lower class,"independent, close to democrat","moderate, middle of the road",,favor,oppose,should be legal,pretty happy,good,exciting,can't be too careful,yes,not satisfied at all,,,,catholic,never,believe with doubts,yes,inspired word,,,,,,,,,,,,,,,0,0
2018,1816,77,male,white,high school,12,midwest,widowed,6,retired,,,middle class,strong republican,conservative,trump,oppose,favor,,pretty happy,fair,routine,,yes,more or less satisfied,,2,never,catholic,several times a year,no doubts,yes,word of god,no,not at all scientific,false,false,earth around sun,false,false,true,false,true,true,500 get the drug; 500 don't,no,yes,7,9
2018,1817,49,male,white,high school,12,midwest,divorced,0,working full time,50,26287.5,working class,strong democrat,"moderate, middle of the road",trump,favor,favor,should be legal,pretty happy,good,exciting,can't be too careful,yes,more or less satisfied,0,,,protestant,about once a month,no doubts,yes,word of god,,,,,,,,,,,,,,,0,0
2018,1818,57,male,white,high school,14,midwest,divorced,2,working full time,46,70100,middle class,"independent, close to democrat",slightly liberal,other candidate,,favor,should be legal,pretty happy,,,can't be too careful,,pretty well satisfied,4,0,about once a month,none,never,don't believe,no,ancient book,no,sort of scientific,,,earth around sun,false,don't know,don't know,false,true,true,500 get the drug; 500 don't,no,yes,5,7
2018,1819,66,male,white,high school,14,midwest,divorced,2,other,,,working class,strong democrat,liberal,clinton,favor,oppose,,not too happy,poor,dull,,yes,not satisfied at all,,10,never,none,never,higher power,no,ancient book,yes,not at all scientific,,,earth around sun,false,false,true,false,true,true,all 1000 get the drug,no,yes,7,7
2018,1820,56,male,black,high school,13,midwest,never married,1,working part time,28,6309,working class,strong democrat,slightly liberal,,favor,favor,should be legal,very happy,good,exciting,can't be too careful,yes,pretty well satisfied,0,,,jewish,about once or twice a year,no doubts,yes,word of god,,,,,,,,,,,,,,,0,0
2018,1821,55,male,white,associate/junior college,14,midwest,married,8,"with a job, but not at work because of temporary illness, vacation, strike",,9638.75,working class,"independent, close to republican",extremely conservative,,,favor,should not be legal,pretty happy,,,can't be too careful,,not satisfied at all,0,2,never,,several times a week,no doubts,yes,word of god,,,,,,,,,,,,,,,0,0
2018,1822,45,male,white,bachelor's,17,midwest,divorced,1,working full time,60,84120,middle class,strong republican,extremely conservative,trump,oppose,favor,,very happy,excellent,exciting,,no,more or less satisfied,0,3,several times a year,protestant,several times a year,no doubts,yes,word of god,no,not at all scientific,,,earth around sun,false,false,true,true,true,true,500 get the drug; 500 don't,no,yes,6,7
2018,1823,66,male,white,associate/junior college,14,midwest,married,0,retired,,,working class,strong republican,slightly conservative,trump,oppose,favor,,pretty happy,good,routine,,no,pretty well satisfied,,5,about once a month,protestant,never,"don't know, no way to find out",don't know,inspired word,no,not at all scientific,true,don't know,sun around earth,don't know,don't know,don't know,don't know,true,true,all 1000 get the drug,no,no,3,9
2018,1824,60,male,white,high school,12,midwest,married,0,working full time,50,,working class,,"moderate, middle of the road",,,favor,should be legal,pretty happy,,,can't be too careful,,pretty well satisfied,0,12,never,protestant,never,no doubts,yes,inspired word,yes,not at all scientific,,,sun around earth,false,false,don't know,false,false,true,500 get the drug; 500 don't,don't know,yes,4,7
2018,1825,58,female,white,high school,12,midwest,married,5,working full time,35,84120,middle class,"independent, close to republican",conservative,,favor,oppose,,very happy,excellent,exciting,,no,pretty well satisfied,15,4,once or twice a week,protestant,about once or twice a year,believe with doubts,yes,word of god,no,not at all scientific,,,don't know,false,false,don't know,true,true,true,500 get the drug; 500 don't,no,yes,4,7
2018,1826,28,female,white,high school,12,midwest,married,3,keeping house,,,working class,"independent (neither, no response)","moderate, middle of the road",,oppose,favor,should be legal,very happy,excellent,routine,can't be too careful,no,more or less satisfied,,,,protestant,several times a year,believe with doubts,don't know,inspired word,,,,,,,,,,,,,,,0,0
2018,1827,45,female,white,graduate,16,midwest,married,2,working full time,50,47317.5,middle class,"independent, close to republican",slightly conservative,clinton,,favor,should be legal,pretty happy,,,can't be too careful,,pretty well satisfied,2,1,several times a month,protestant,never,believe with doubts,yes,inspired word,,,,,,,,,,,,,,,0,0
2018,1828,87,female,white,less than high school,11,midwest,married,2,retired,,2453.5,working class,"independent, close to republican",slightly conservative,trump,oppose,oppose,,pretty happy,good,routine,,no,more or less satisfied,,4,never,protestant,every week,no doubts,yes,word of god,no,sort of scientific,false,false,earth around sun,false,don't know,false,false,true,true,500 get the drug; 500 don't,no,yes,5,9
2018,1829,56,female,white,bachelor's,16,midwest,divorced,4,working full time,60,98140,middle class,strong republican,conservative,trump,oppose,favor,should not be legal,pretty happy,good,exciting,can't be too careful,yes,pretty well satisfied,2,,,protestant,2-3 times a month,no doubts,yes,inspired word,,,,,,,,,,,,,,,0,0
2018,1830,24,male,white,high school,12,midwest,never married,0,working full time,50,22782.5,working class,not very strong democrat,"moderate, middle of the road",,,favor,should be legal,pretty happy,,,can't be too careful,,more or less satisfied,10,1,about once a month,none,never,"don't know, no way to find out",don't know,inspired word,no,not at all scientific,true,,sun around earth,false,false,false,true,true,true,500 get the drug; 500 don't,no,yes,5,8
2018,1831,72,female,white,high school,13,midwest,married,1,retired,,,middle class,strong republican,conservative,trump,oppose,favor,,pretty happy,good,exciting,,no,more or less satisfied,,2,never,protestant,nearly every week,no doubts,yes,word of god,no,not at all scientific,,,earth around sun,false,false,don't know,false,true,true,500 get the drug; 500 don't,no,yes,6,7
2018,1832,49,female,black,bachelor's,16,south,never married,2,working full time,40,31544.999999999996,working class,strong democrat,"moderate, middle of the road",clinton,favor,favor,,pretty happy,good,routine,,yes,more or less satisfied,0,3,about once a month,catholic,2-3 times a month,believe with doubts,yes,word of god,yes,not at all scientific,,,earth around sun,don't know,don't know,true,true,true,true,500 get the drug; 500 don't,yes,no,4,7
2018,1833,25,female,black,high school,12,south,never married,0,working part time,20,7886.249999999999,working class,"independent (neither, no response)",don't know,,oppose,favor,should be legal,pretty happy,excellent,routine,can't be too careful,yes,more or less satisfied,0,,,none,less than once a year,higher power,yes,inspired word,,,,,,,,,,,,,,,0,0
2018,1834,53,male,black,less than high school,11,south,never married,1,other,,,middle class,strong democrat,conservative,,favor,favor,should be legal,not too happy,poor,routine,can't be too careful,yes,not satisfied at all,,,,protestant,nearly every week,no doubts,no,inspired word,,,,,,,,,,,,,,,0,0
2018,1835,23,male,black,less than high school,12,south,never married,1,working full time,42,,working class,"independent (neither, no response)",don't know,,favor,oppose,,pretty happy,excellent,routine,,yes,more or less satisfied,0,4,never,catholic,about once or twice a year,no doubts,yes,inspired word,yes,not at all scientific,,,earth around sun,true,don't know,false,false,true,true,500 get the drug; 500 don't,no,yes,4,7
2018,1836,23,female,black,high school,12,south,never married,3,working full time,60,,working class,"independent, close to republican","moderate, middle of the road",clinton,favor,favor,should not be legal,not too happy,good,dull,can't be too careful,no,more or less satisfied,12,,,catholic,less than once a year,believe with doubts,yes,inspired word,,,,,,,,,,,,,,,0,0
2018,1837,73,female,white,associate/junior college,14,south,married,3,working part time,89,16648.75,working class,"independent (neither, no response)","moderate, middle of the road",trump,favor,favor,,very happy,fair,routine,,yes,more or less satisfied,0,3,never,protestant,every week,no doubts,yes,word of god,no,not at all scientific,,,earth around sun,false,true,false,true,don't know,true,500 get the drug; 500 don't,no,yes,3,7
2018,1838,18,female,white,high school,12,south,married,2,keeping house,,,middle class,not very strong republican,conservative,,favor,favor,should not be legal,very happy,good,exciting,most people can be trusted,no,pretty well satisfied,,,,catholic,every week,no doubts,yes,word of god,,,,,,,,,,,,,,,0,0
2018,1839,58,male,white,associate/junior college,14,south,divorced,2,retired,,26287.5,middle class,strong republican,conservative,trump,,favor,should not be legal,very happy,,,most people can be trusted,,pretty well satisfied,,5,about once a year,catholic,never,no doubts,yes,inspired word,,,,,,,,,,,,,,,0,0
2018,1840,85,male,white,bachelor's,16,south,divorced,3,retired,,,middle class,not very strong republican,conservative,trump,favor,favor,,pretty happy,don't know,exciting,,yes,pretty well satisfied,,1,never,catholic,about once or twice a year,believe with doubts,no,ancient book,no,not at all scientific,false,don't know,earth around sun,false,false,false,false,true,true,all 1000 get the drug,no,no,6,9
2018,1841,25,male,white,high school,12,south,never married,0,working full time,40,13143.75,middle class,"independent, close to republican",slightly conservative,trump,,oppose,should be legal,pretty happy,,,depends,,more or less satisfied,5,2,several times a year,catholic,about once a month,believe with doubts,no,ancient book,no,not at all scientific,,,earth around sun,don't know,don't know,true,false,true,true,500 get the drug; 500 don't,don't know,yes,5,7
2018,1842,72,female,white,bachelor's,16,south,divorced,3,working full time,44,70100,middle class,strong democrat,liberal,clinton,,oppose,should be legal,very happy,,,most people can be trusted,,pretty well satisfied,0,1,several times a year,protestant,every week,no doubts,yes,ancient book,,,,,,,,,,,,,,,0,0
2018,1843,70,female,white,high school,13,south,never married,0,retired,,,middle class,strong republican,conservative,trump,favor,oppose,,pretty happy,good,routine,,yes,more or less satisfied,,4,never,catholic,every week,no doubts,yes,inspired word,yes,sort of scientific,true,true,earth around sun,false,false,false,true,true,true,500 get the drug; 500 don't,no,yes,7,9
2018,1844,62,female,black,high school,12,south,divorced,4,working part time,20,11391.25,lower class,strong democrat,don't know,clinton,,favor,should be legal,pretty happy,,,can't be too careful,,not satisfied at all,30,5,never,catholic,every week,no doubts,yes,word of god,no,sort of scientific,false,,don't know,don't know,don't know,don't know,false,don't know,don't know,500 get the drug; 500 don't,no,no,1,8
2018,1845,85,male,black,graduate,19,south,widowed,1,retired,,31544.999999999996,middle class,strong democrat,"moderate, middle of the road",clinton,favor,oppose,should be legal,pretty happy,good,exciting,most people can be trusted,no,pretty well satisfied,,,,protestant,every week,no doubts,yes,word of god,,,,,,,,,,,,,,,0,0
2018,1846,39,female,white,associate/junior college,15,south,never married,3,working part time,38,7886.249999999999,lower class,not very strong democrat,conservative,clinton,,favor,should be legal,pretty happy,,,can't be too careful,,not satisfied at all,15,2,never,protestant,2-3 times a month,no doubts,yes,word of god,,,,,,,,,,,,,,,0,0
2018,1847,68,male,black,high school,15,south,widowed,4,keeping house,,31544.999999999996,middle class,strong democrat,liberal,clinton,favor,oppose,should not be legal,not too happy,good,exciting,depends,no,more or less satisfied,,,,catholic,every week,no doubts,don't know,inspired word,,,,,,,,,,,,,,,0,0
2018,1848,64,female,white,high school,12,south,divorced,2,working full time,57,19277.5,working class,not very strong republican,slightly conservative,trump,favor,oppose,,pretty happy,good,routine,,yes,not satisfied at all,0,2,about once a year,catholic,nearly every week,no doubts,yes,word of god,no,very scientific,,,earth around sun,false,don't know,don't know,false,true,true,500 get the drug; 500 don't,no,yes,5,7
2018,1849,75,male,white,high school,12,south,widowed,3,retired,,,middle class,strong democrat,conservative,clinton,favor,favor,don't know,pretty happy,good,dull,can't be too careful,no,pretty well satisfied,,,,catholic,every week,believe with doubts,no,ancient book,,,,,,,,,,,,,,,0,0
2018,1850,55,male,white,less than high school,7,south,married,3,other,,,lower class,strong democrat,don't know,trump,,oppose,don't know,pretty happy,,,can't be too careful,,not satisfied at all,,8,never,catholic,about once or twice a year,no doubts,no,word of god,,,,,,,,,,,,,,,0,0
2018,1851,35,male,black,high school,12,south,married,6,working full time,40,,middle class,"independent, close to democrat","moderate, middle of the road",,,oppose,should not be legal,very happy,,,can't be too careful,,more or less satisfied,0,3,never,none,about once or twice a year,no doubts,no,word of god,no,not at all scientific,,,earth around sun,false,don't know,false,true,false,true,500 get the drug; 500 don't,yes,no,3,7
2018,1852,24,female,white,high school,12,south,never married,1,working full time,60,2453.5,working class,"independent (neither, no response)",conservative,,favor,favor,,not too happy,good,routine,,no,not satisfied at all,4,1,about once a year,catholic,about once or twice a year,believe with doubts,yes,inspired word,yes,sort of scientific,true,true,sun around earth,true,true,true,true,true,true,500 get the drug; 500 don't,no,no,5,9
2018,1853,27,male,white,high school,12,south,never married,1,working full time,44,19277.5,middle class,not very strong republican,conservative,trump,favor,favor,should be legal,not too happy,fair,routine,can't be too careful,no,more or less satisfied,0,,,protestant,about once or twice a year,don't believe,yes,inspired word,,,,,,,,,,,,,,,0,0
2018,1854,28,female,white,high school,10,south,married,1,keeping house,,,middle class,"independent (neither, no response)","moderate, middle of the road",clinton,favor,favor,,very happy,good,routine,,no,more or less satisfied,,2,about once a year,catholic,2-3 times a month,believe with doubts,yes,inspired word,no,not at all scientific,false,false,earth around sun,true,don't know,don't know,true,false,true,all 1000 get the drug,yes,no,2,9
2018,1855,61,male,white,graduate,18,south,divorced,0,retired,,,middle class,"independent, close to democrat",slightly conservative,trump,,favor,should be legal,pretty happy,,,can't be too careful,,pretty well satisfied,,2,never,protestant,never,believe with doubts,yes,inspired word,no,not at all scientific,,,earth around sun,false,false,true,false,true,true,500 get the drug; 500 don't,no,yes,7,7
2018,1856,67,female,white,high school,13,south,married,2,keeping house,,,upper class,"independent, close to republican",slightly conservative,trump,oppose,favor,don't know,very happy,excellent,exciting,most people can be trusted,yes,pretty well satisfied,,,,protestant,every week,higher power,yes,inspired word,,,,,,,,,,,,,,,0,0
2018,1857,80,male,white,less than high school,10,south,widowed,8,retired,,,middle class,not very strong republican,slightly conservative,trump,,favor,should not be legal,not too happy,,,can't be too careful,,not satisfied at all,,5,never,none,never,believe with doubts,don't know,inspired word,,,,,,,,,,,,,,,0,0
2018,1858,86,female,white,graduate,16,south,widowed,2,keeping house,,,middle class,strong democrat,liberal,clinton,favor,favor,should not be legal,pretty happy,excellent,exciting,most people can be trusted,no,pretty well satisfied,,,,protestant,several times a week,no doubts,yes,inspired word,,,,,,,,,,,,,,,0,0
2018,1859,33,female,other,high school,12,south,married,0,working full time,40,11391.25,working class,"independent (neither, no response)",liberal,,oppose,favor,,very happy,good,exciting,,yes,more or less satisfied,0,2,once or twice a week,catholic,less than once a year,no doubts,yes,word of god,yes,sort of scientific,,,sun around earth,false,don't know,don't know,true,true,don't know,500 get the drug; 500 don't,no,yes,2,7
2018,1860,28,female,white,bachelor's,18,south,never married,1,working full time,36,22782.5,working class,"independent (neither, no response)","moderate, middle of the road",,favor,favor,should be legal,very happy,excellent,routine,can't be too careful,no,more or less satisfied,0,,,protestant,about once or twice a year,believe with doubts,yes,inspired word,,,,,,,,,,,,,,,0,0
2018,1861,30,female,white,high school,9,south,divorced,3,working full time,60,,lower class,"independent (neither, no response)","moderate, middle of the road",,oppose,oppose,,pretty happy,good,exciting,,no,not satisfied at all,15,0,several times a year,protestant,about once a month,no doubts,yes,word of god,yes,very scientific,false,false,earth around sun,true,don't know,false,false,true,true,all 1000 get the drug,no,yes,4,9
2018,1862,23,female,white,high school,14,south,never married,0,in school,,1402,middle class,"independent, close to democrat",liberal,,favor,favor,should be legal,not too happy,good,routine,most people can be trusted,yes,more or less satisfied,,,,none,about once or twice a year,higher power,yes,inspired word,,,,,,,,,,,,,,,0,0
2018,1863,45,female,other,graduate,18,south,married,2,working full time,36,31544.999999999996,working class,"independent, close to democrat",don't know,,,oppose,should not be legal,very happy,,,can't be too careful,,pretty well satisfied,0,1,never,catholic,every week,no doubts,yes,word of god,no,not at all scientific,,,earth around sun,true,false,don't know,false,true,true,500 get the drug; 500 don't,yes,yes,5,7
2018,1864,77,male,white,less than high school,11,south,divorced,2,working part time,24,70100,middle class,strong republican,conservative,trump,favor,favor,,pretty happy,good,routine,,yes,more or less satisfied,0,4,about once a year,none,less than once a year,"don't know, no way to find out",no,ancient book,no,not at all scientific,,,earth around sun,false,don't know,don't know,false,don't know,don't know,all 1000 get the drug,no,no,3,7
2018,1865,39,female,white,less than high school,11,south,married,3,keeping house,,,working class,other party,don't know,,,favor,should be legal,pretty happy,,,can't be too careful,,pretty well satisfied,,4,about once a year,catholic,never,believe sometimes,don't know,ancient book,,,,,,,,,,,,,,,0,0
2018,1866,81,male,white,high school,14,south,married,3,retired,,,middle class,strong republican,conservative,trump,oppose,favor,should not be legal,very happy,fair,routine,can't be too careful,no,more or less satisfied,,,,protestant,every week,no doubts,yes,inspired word,,,,,,,,,,,,,,,0,0
2018,1867,32,female,other,less than high school,9,south,separated,5,"unemployed, laid off, looking for work",,,lower class,"independent (neither, no response)",don't know,,oppose,favor,,not too happy,fair,dull,,no,not satisfied at all,,0,never,none,less than once a year,no doubts,no,word of god,yes,sort of scientific,,,sun around earth,false,don't know,don't know,true,true,true,500 get the drug; 500 don't,no,no,3,7
2018,1868,34,male,white,less than high school,11,south,married,1,working full time,86,47317.5,middle class,not very strong republican,"moderate, middle of the road",,favor,favor,should be legal,very happy,excellent,routine,can't be too careful,no,more or less satisfied,0,,,protestant,about once a month,no doubts,yes,inspired word,,,,,,,,,,,,,,,0,0
2018,1869,39,female,white,associate/junior college,19,south,never married,2,other,,,lower class,not very strong democrat,"moderate, middle of the road",clinton,favor,favor,,not too happy,poor,routine,,yes,not satisfied at all,,6,about once a year,protestant,every week,believe with doubts,yes,inspired word,yes,sort of scientific,,,sun around earth,don't know,true,true,false,true,true,500 get the drug; 500 don't,no,yes,4,7
2018,1870,59,female,other,high school,13,south,divorced,2,working full time,40,31544.999999999996,working class,"independent, close to democrat","moderate, middle of the road",clinton,favor,oppose,should be legal,not too happy,excellent,routine,can't be too careful,yes,more or less satisfied,2,,,catholic,every week,no doubts,yes,inspired word,,,,,,,,,,,,,,,0,0
2018,1871,49,male,other,bachelor's,13,south,divorced,4,working full time,89,112160,working class,"independent (neither, no response)",conservative,,oppose,favor,,pretty happy,good,exciting,,no,more or less satisfied,0,0,about once a month,protestant,2-3 times a month,no doubts,no,word of god,no,not at all scientific,false,true,sun around earth,false,true,true,true,true,true,500 get the drug; 500 don't,yes,yes,5,9
2018,1872,84,male,white,bachelor's,16,south,married,3,retired,,,middle class,"independent, close to republican",slightly conservative,trump,oppose,don't know,don't know,pretty happy,good,exciting,can't be too careful,yes,pretty well satisfied,,,,protestant,several times a week,no doubts,yes,inspired word,,,,,,,,,,,,,,,0,0
2018,1873,24,female,white,less than high school,11,south,never married,0,working full time,42,1402,working class,"independent (neither, no response)","moderate, middle of the road",,,favor,should be legal,pretty happy,,,can't be too careful,,more or less satisfied,0,4,never,none,never,don't believe,don't know,ancient book,no,sort of scientific,true,,earth around sun,false,don't know,true,true,don't know,true,all 1000 get the drug,no,no,5,8
2018,1874,52,male,other,high school,13,south,married,2,working full time,40,,working class,not very strong democrat,slightly conservative,,favor,favor,,very happy,excellent,routine,,no,more or less satisfied,0,1,never,catholic,every week,believe with doubts,yes,inspired word,no,sort of scientific,,,sun around earth,false,false,false,don't know,true,true,500 get the drug; 500 don't,no,yes,4,7
2018,1875,36,female,white,high school,12,south,married,3,keeping house,,,working class,"independent, close to republican","moderate, middle of the road",,,favor,should not be legal,pretty happy,,,can't be too careful,,not satisfied at all,,2,never,protestant,every week,no doubts,yes,word of god,,,,,,,,,,,,,,,0,0
2018,1876,30,female,other,less than high school,6,south,married,4,keeping house,,,working class,other party,extremely liberal,,,oppose,should not be legal,pretty happy,,,can't be too careful,,pretty well satisfied,,1,about once a year,protestant,several times a week,no doubts,yes,word of god,no,not at all scientific,,,earth around sun,true,don't know,don't know,don't know,don't know,don't know,500 get the drug; 500 don't,no,no,1,7
2018,1877,67,female,black,high school,12,south,never married,3,retired,,,middle class,strong democrat,extremely conservative,clinton,oppose,oppose,,very happy,excellent,exciting,,no,pretty well satisfied,,24,never,protestant,every week,no doubts,yes,word of god,yes,very scientific,,,sun around earth,true,don't know,don't know,true,true,true,500 get the drug; 500 don't,no,don't know,2,7
2018,1878,18,male,white,less than high school,10,south,never married,0,in school,,,working class,"independent (neither, no response)",extremely liberal,,favor,favor,should be legal,pretty happy,excellent,routine,can't be too careful,yes,more or less satisfied,,,,none,never,don't believe,no,inspired word,,,,,,,,,,,,,,,0,0
2018,1879,53,female,black,high school,12,south,never married,1,working full time,40,31544.999999999996,middle class,"independent (neither, no response)","moderate, middle of the road",,,oppose,should not be legal,pretty happy,,,can't be too careful,,pretty well satisfied,0,3,never,protestant,2-3 times a month,no doubts,yes,word of god,,,,,,,,,,,,,,,0,0
2018,1880,49,female,white,high school,9,south,separated,3,"unemployed, laid off, looking for work",,2453.5,working class,strong republican,"moderate, middle of the road",,oppose,favor,don't know,not too happy,fair,routine,can't be too careful,no,not satisfied at all,,,,protestant,about once or twice a year,believe with doubts,no,word of god,,,,,,,,,,,,,,,0,0
2018,1881,24,female,black,high school,13,south,never married,3,working full time,48,,working class,"independent, close to democrat","moderate, middle of the road",,oppose,favor,,very happy,good,exciting,,no,more or less satisfied,7,2,about once a month,none,never,higher power,yes,inspired word,yes,sort of scientific,,,sun around earth,true,false,true,true,true,false,500 get the drug; 500 don't,no,no,3,7
2018,1882,72,female,other,less than high school,8,south,separated,8,retired,,,working class,not very strong democrat,"moderate, middle of the road",,favor,oppose,should not be legal,very happy,fair,exciting,can't be too careful,no,not satisfied at all,,,,catholic,2-3 times a month,no doubts,yes,word of god,,,,,,,,,,,,,,,0,0
2018,1883,54,female,white,high school,12,south,married,3,keeping house,,,working class,"independent, close to republican","moderate, middle of the road",,favor,oppose,,very happy,good,routine,,no,more or less satisfied,,2,never,catholic,2-3 times a month,believe sometimes,yes,word of god,no,sort of scientific,true,false,earth around sun,true,true,false,true,true,true,all 1000 get the drug,no,no,4,9
2018,1884,21,male,other,high school,12,south,never married,0,working full time,40,350.5,working class,"independent, close to republican",slightly liberal,,favor,favor,,pretty happy,good,routine,,no,pretty well satisfied,0,0,several times a month,catholic,several times a year,believe with doubts,yes,word of god,no,sort of scientific,true,true,earth around sun,true,false,false,true,true,true,500 get the drug; 500 don't,no,yes,6,9
2018,1885,34,male,other,high school,9,south,married,4,working full time,60,47317.5,working class,"independent (neither, no response)",slightly conservative,,,favor,should be legal,very happy,,,can't be too careful,,pretty well satisfied,0,1,several times a year,catholic,2-3 times a month,no doubts,yes,word of god,yes,very scientific,false,,earth around sun,true,true,false,true,true,true,500 get the drug; 500 don't,yes,yes,3,8
2018,1886,60,female,white,high school,12,south,divorced,2,working full time,36,47317.5,middle class,not very strong democrat,"moderate, middle of the road",,favor,favor,,not too happy,fair,dull,,yes,not satisfied at all,4,4,almost daily,none,never,higher power,yes,word of god,yes,sort of scientific,,,sun around earth,true,false,true,true,true,true,500 get the drug; 500 don't,yes,no,4,7
2018,1887,25,female,white,high school,12,south,married,2,keeping house,,,working class,strong republican,conservative,trump,oppose,favor,should be legal,very happy,good,exciting,can't be too careful,no,pretty well satisfied,,,,protestant,several times a year,no doubts,yes,word of god,,,,,,,,,,,,,,,0,0
2018,1888,53,female,other,high school,12,south,divorced,3,"with a job, but not at work because of temporary illness, vacation, strike",,47317.5,working class,"independent, close to republican",conservative,clinton,,oppose,should not be legal,pretty happy,,,can't be too careful,,more or less satisfied,,2,several times a year,none,every week,no doubts,yes,word of god,,,,,,,,,,,,,,,0,0
2018,1889,33,male,white,high school,12,south,married,2,working full time,55,47317.5,working class,"independent (neither, no response)","moderate, middle of the road",,favor,favor,,pretty happy,good,routine,,no,pretty well satisfied,4,3,never,protestant,several times a week,no doubts,yes,word of god,no,not at all scientific,false,false,sun around earth,true,true,don't know,true,true,true,500 get the drug; 500 don't,no,no,2,9
2018,1890,30,female,other,high school,12,south,married,8,working full time,48,26287.5,working class,"independent, close to republican","moderate, middle of the road",,favor,favor,should be legal,very happy,good,exciting,can't be too careful,no,pretty well satisfied,0,,,catholic,2-3 times a month,no doubts,yes,word of god,,,,,,,,,,,,,,,0,0
2018,1891,43,male,other,high school,11,south,divorced,3,working full time,55,16648.75,middle class,"independent, close to democrat",slightly liberal,,oppose,favor,should be legal,pretty happy,fair,exciting,can't be too careful,no,pretty well satisfied,0,,,catholic,about once or twice a year,believe sometimes,yes,word of god,,,,,,,,,,,,,,,0,0
2018,1892,27,male,other,less than high school,10,south,never married,1,working full time,89,14896.249999999998,middle class,"independent (neither, no response)","moderate, middle of the road",,,oppose,should be legal,not too happy,,,can't be too careful,,more or less satisfied,0,8,never,catholic,several times a year,no doubts,yes,inspired word,,,,,,,,,,,,,,,0,0
2018,1893,57,male,black,high school,11,south,never married,1,other,,,middle class,"independent (neither, no response)","moderate, middle of the road",,favor,favor,should not be legal,very happy,poor,exciting,can't be too careful,no,more or less satisfied,,,,protestant,every week,no doubts,yes,inspired word,,,,,,,,,,,,,,,0,0
2018,1894,43,female,other,less than high school,8,south,never married,4,"unemployed, laid off, looking for work",,,middle class,not very strong democrat,slightly conservative,,,favor,should be legal,pretty happy,,,can't be too careful,,more or less satisfied,,10,about once a month,catholic,less than once a year,believe with doubts,yes,inspired word,yes,sort of scientific,false,,earth around sun,false,don't know,don't know,true,false,true,don't know,no,no,3,8
2018,1895,49,female,other,high school,13,south,divorced,2,working full time,40,,working class,strong democrat,slightly conservative,,favor,favor,,pretty happy,good,exciting,,yes,more or less satisfied,0,1,several times a year,catholic,several times a year,no doubts,yes,ancient book,yes,sort of scientific,false,false,earth around sun,false,false,don't know,false,false,false,all 1000 get the drug,no,no,4,9
2018,1896,61,female,white,less than high school,10,south,divorced,6,working full time,62,14896.249999999998,working class,"independent (neither, no response)","moderate, middle of the road",trump,favor,favor,should be legal,pretty happy,good,routine,can't be too careful,no,more or less satisfied,5,,,protestant,every week,no doubts,yes,word of god,,,,,,,,,,,,,,,0,0
2018,1897,39,male,other,high school,14,south,separated,2,working full time,54,47317.5,working class,not very strong democrat,slightly liberal,,favor,oppose,should be legal,pretty happy,good,routine,can't be too careful,yes,more or less satisfied,0,,,protestant,about once a month,believe with doubts,yes,inspired word,,,,,,,,,,,,,,,0,0
2018,1898,54,female,white,high school,14,south,divorced,2,working full time,38,,working class,strong republican,extremely conservative,,,oppose,should be legal,pretty happy,,,can't be too careful,,pretty well satisfied,0,4,several times a month,protestant,about once or twice a year,believe with doubts,yes,ancient book,,,,,,,,,,,,,,,0,0
2018,1899,55,female,other,less than high school,8,south,married,5,working full time,65,47317.5,working class,not very strong democrat,slightly liberal,,favor,favor,,pretty happy,excellent,routine,,yes,more or less satisfied,0,3,about once a year,catholic,nearly every week,no doubts,yes,word of god,yes,very scientific,,,earth around sun,true,false,true,true,false,false,500 get the drug; 500 don't,yes,yes,3,7
2018,1900,54,male,black,high school,12,south,never married,0,working part time,20,,working class,not very strong democrat,conservative,clinton,,favor,should be legal,pretty happy,,,can't be too careful,,not satisfied at all,0,8,about once a year,protestant,about once or twice a year,no doubts,yes,word of god,,,,,,,,,,,,,,,0,0
2018,1901,49,male,other,less than high school,11,south,married,3,working full time,75,47317.5,working class,not very strong republican,"moderate, middle of the road",clinton,,favor,should be legal,pretty happy,,,can't be too careful,,more or less satisfied,0,2,about once a year,catholic,about once or twice a year,no doubts,yes,inspired word,yes,not at all scientific,,,earth around sun,true,don't know,don't know,true,don't know,true,500 get the drug; 500 don't,no,no,2,7
2018,1902,77,female,black,high school,12,south,divorced,5,retired,,1402,middle class,"independent (neither, no response)","moderate, middle of the road",,,oppose,should not be legal,very happy,,,can't be too careful,,more or less satisfied,,4,never,none,never,believe with doubts,don't know,inspired word,,,,,,,,,,,,,,,0,0
2018,1903,80,female,white,high school,10,south,married,5,keeping house,,,middle class,"independent (neither, no response)",conservative,,favor,oppose,,pretty happy,good,exciting,,no,pretty well satisfied,,1,never,protestant,several times a week,no doubts,yes,word of god,no,not at all scientific,false,false,earth around sun,true,don't know,don't know,false,false,true,500 get the drug; 500 don't,yes,yes,3,9
2018,1904,43,male,white,less than high school,10,south,married,3,working full time,65,47317.5,working class,not very strong democrat,"moderate, middle of the road",,favor,favor,should not be legal,not too happy,excellent,routine,most people can be trusted,no,not satisfied at all,0,,,catholic,about once a month,no doubts,yes,ancient book,,,,,,,,,,,,,,,0,0
2018,1905,45,female,other,less than high school,4,south,widowed,3,working full time,40,2453.5,middle class,"independent (neither, no response)",extremely liberal,,oppose,oppose,,not too happy,fair,routine,,yes,not satisfied at all,5,1,never,protestant,several times a week,no doubts,no,word of god,no,sort of scientific,,,earth around sun,true,don't know,don't know,true,true,true,500 get the drug; 500 don't,no,yes,3,7
2018,1906,33,male,black,high school,15,south,married,4,"unemployed, laid off, looking for work",,38555,working class,not very strong democrat,"moderate, middle of the road",,favor,oppose,,very happy,fair,exciting,,no,more or less satisfied,,3,about once a month,protestant,2-3 times a month,no doubts,yes,inspired word,yes,sort of scientific,true,false,sun around earth,false,false,false,don't know,true,true,500 get the drug; 500 don't,no,no,5,9
2018,1907,51,male,white,high school,14,south,divorced,0,working full time,70,84120,middle class,strong republican,"moderate, middle of the road",trump,oppose,favor,should not be legal,pretty happy,good,routine,can't be too careful,no,pretty well satisfied,0,,,protestant,several times a year,no doubts,yes,word of god,,,,,,,,,,,,,,,0,0
2018,1908,34,female,white,high school,12,south,never married,3,working full time,34,7886.249999999999,middle class,"independent (neither, no response)","moderate, middle of the road",,favor,favor,should be legal,pretty happy,fair,routine,can't be too careful,yes,more or less satisfied,10,,,protestant,about once or twice a year,no doubts,yes,inspired word,,,,,,,,,,,,,,,0,0
2018,1909,28,male,white,bachelor's,17,south,married,0,working full time,50,84120,middle class,not very strong republican,slightly conservative,trump,oppose,favor,should be legal,very happy,good,exciting,most people can be trusted,no,pretty well satisfied,0,,,protestant,every week,no doubts,yes,word of god,,,,,,,,,,,,,,,0,0
2018,1910,35,female,white,associate/junior college,15,south,married,1,working full time,40,31544.999999999996,working class,strong republican,conservative,trump,,favor,should be legal,very happy,,,can't be too careful,,more or less satisfied,2,1,about once a month,protestant,several times a year,believe with doubts,don't know,inspired word,yes,not at all scientific,true,,sun around earth,false,true,true,false,true,true,500 get the drug; 500 don't,no,yes,6,8
2018,1911,61,male,white,bachelor's,16,south,widowed,3,working full time,40,176200.14942,middle class,"independent, close to democrat","moderate, middle of the road",,favor,favor,,not too happy,fair,exciting,,no,more or less satisfied,0,2,never,catholic,every week,no doubts,yes,word of god,no,very scientific,,,earth around sun,true,true,true,false,true,true,500 get the drug; 500 don't,no,yes,5,7
2018,1912,35,female,white,graduate,20,west,married,0,working full time,20,38555,working class,"independent, close to democrat","moderate, middle of the road",other candidate,favor,oppose,,pretty happy,good,exciting,,yes,more or less satisfied,1,3,several times a month,none,less than once a year,higher power,yes,ancient book,yes,not at all scientific,true,don't know,earth around sun,false,don't know,false,false,true,true,500 get the drug; 500 don't,no,yes,6,9
2018,1913,66,female,white,high school,14,west,divorced,0,working full time,30,31544.999999999996,working class,strong democrat,extremely liberal,clinton,,oppose,should be legal,pretty happy,,,can't be too careful,,more or less satisfied,0,2,never,none,never,higher power,no,ancient book,yes,not at all scientific,,,earth around sun,false,false,don't know,false,false,don't know,500 get the drug; 500 don't,no,yes,4,7
2018,1914,43,male,white,high school,12,west,divorced,2,working full time,60,,middle class,strong republican,slightly conservative,other candidate,oppose,favor,,pretty happy,poor,exciting,,no,more or less satisfied,10,3,about once a year,protestant,about once or twice a year,believe with doubts,yes,ancient book,yes,not at all scientific,don't know,true,earth around sun,false,false,true,false,true,true,500 get the drug; 500 don't,no,yes,8,9
2018,1915,20,male,white,high school,11,west,never married,0,working full time,60,,working class,strong democrat,extremely liberal,,favor,oppose,should be legal,not too happy,excellent,exciting,can't be too careful,no,pretty well satisfied,0,,,protestant,nearly every week,no doubts,yes,word of god,,,,,,,,,,,,,,,0,0
2018,1916,60,male,white,graduate,20,west,married,0,retired,,,middle class,,"moderate, middle of the road",,oppose,oppose,,pretty happy,good,routine,,yes,pretty well satisfied,,2,about once a year,none,never,don't believe,no,ancient book,no,not at all scientific,,,earth around sun,false,false,true,false,true,true,500 get the drug; 500 don't,no,yes,7,7
2018,1917,64,female,white,associate/junior college,13,west,married,2,retired,,,middle class,strong republican,conservative,trump,oppose,favor,should not be legal,pretty happy,good,exciting,most people can be trusted,yes,pretty well satisfied,,,,protestant,several times a year,no doubts,yes,inspired word,,,,,,,,,,,,,,,0,0
2018,1918,34,male,other,high school,12,west,never married,0,keeping house,,,upper class,"independent (neither, no response)","moderate, middle of the road",,oppose,don't know,,not too happy,poor,dull,,yes,pretty well satisfied,,3,never,none,never,higher power,yes,ancient book,yes,don't know,,,earth around sun,false,false,true,false,true,true,all 1000 get the drug,no,yes,7,7
2018,1919,60,male,white,high school,12,west,never married,0,working full time,40,31544.999999999996,working class,not very strong democrat,"moderate, middle of the road",clinton,,favor,should be legal,pretty happy,,,can't be too careful,,more or less satisfied,0,3,several times a year,catholic,never,believe with doubts,no,inspired word,,,,,,,,,,,,,,,0,0
2018,1920,34,male,white,high school,12,west,never married,0,working full time,60,38555,working class,"independent, close to republican","moderate, middle of the road",,,favor,should not be legal,very happy,,,can't be too careful,,more or less satisfied,2,0,about once a month,catholic,about once or twice a year,believe with doubts,yes,inspired word,yes,sort of scientific,true,,earth around sun,false,don't know,true,true,true,true,500 get the drug; 500 don't,no,yes,6,8
2018,1921,31,female,white,high school,14,west,married,1,working part time,24,,working class,not very strong democrat,"moderate, middle of the road",other candidate,favor,favor,should be legal,pretty happy,good,exciting,can't be too careful,yes,more or less satisfied,7,,,catholic,about once or twice a year,higher power,yes,inspired word,,,,,,,,,,,,,,,0,0
2018,1922,24,male,white,high school,12,west,never married,0,working full time,89,22782.5,working class,not very strong republican,"moderate, middle of the road",clinton,,oppose,should not be legal,pretty happy,,,can't be too careful,,more or less satisfied,1,0,several times a month,catholic,2-3 times a month,no doubts,yes,word of god,yes,very scientific,,,earth around sun,false,true,true,true,true,true,all 1000 get the drug,no,no,5,7
2018,1923,64,female,other,bachelor's,16,west,divorced,4,working full time,40,38555,middle class,strong democrat,liberal,clinton,favor,oppose,,pretty happy,good,exciting,,yes,more or less satisfied,0,1,never,none,never,higher power,yes,inspired word,no,not at all scientific,,,earth around sun,false,don't know,false,false,true,true,500 get the drug; 500 don't,no,yes,5,7
2018,1924,38,female,white,associate/junior college,15,west,never married,2,"with a job, but not at work because of temporary illness, vacation, strike",,,working class,not very strong democrat,"moderate, middle of the road",clinton,favor,favor,should be legal,pretty happy,fair,routine,can't be too careful,yes,not satisfied at all,30,,,protestant,less than once a year,no doubts,yes,inspired word,,,,,,,,,,,,,,,0,0
2018,1925,56,male,white,less than high school,11,west,never married,3,working full time,45,19277.5,working class,not very strong democrat,slightly conservative,trump,favor,favor,,pretty happy,good,exciting,,no,more or less satisfied,1,5,several times a month,catholic,about once a month,believe with doubts,yes,word of god,yes,not at all scientific,false,false,sun around earth,false,don't know,true,don't know,false,true,500 get the drug; 500 don't,no,yes,3,9
2018,1926,60,female,white,bachelor's,17,west,divorced,0,working full time,40,38555,working class,"independent (neither, no response)","moderate, middle of the road",,favor,oppose,don't know,very happy,excellent,exciting,can't be too careful,yes,pretty well satisfied,5,,,protestant,several times a week,no doubts,no,inspired word,,,,,,,,,,,,,,,0,0
2018,1927,27,male,white,high school,13,west,never married,1,working full time,20,,middle class,"independent (neither, no response)","moderate, middle of the road",,oppose,favor,,very happy,excellent,exciting,,no,pretty well satisfied,0,6,once or twice a week,none,never,no doubts,yes,ancient book,yes,very scientific,,,earth around sun,false,false,false,true,true,true,500 get the drug; 500 don't,no,no,5,7
2018,1928,25,female,white,high school,12,west,never married,0,working part time,22,3855.4999999999995,lower class,"independent (neither, no response)",slightly liberal,,favor,favor,should be legal,not too happy,poor,routine,can't be too careful,yes,more or less satisfied,5,,,protestant,several times a week,no doubts,no,word of god,,,,,,,,,,,,,,,0,0
2018,1929,38,male,other,high school,12,west,never married,1,working full time,50,,working class,,,,favor,favor,,pretty happy,good,routine,,no,more or less satisfied,2,1,never,catholic,never,believe with doubts,yes,ancient book,yes,sort of scientific,don't know,don't know,earth around sun,false,don't know,don't know,true,true,true,500 get the drug; 500 don't,no,yes,4,9
2018,1930,71,female,other,bachelor's,16,west,divorced,1,working part time,20,,working class,strong republican,conservative,trump,favor,favor,,pretty happy,excellent,exciting,,no,pretty well satisfied,0,1,never,protestant,about once or twice a year,no doubts,yes,word of god,yes,not at all scientific,true,true,earth around sun,false,false,true,false,true,true,500 get the drug; 500 don't,no,no,9,9
2018,1931,73,male,white,high school,11,west,married,1,working full time,30,7886.249999999999,middle class,strong democrat,slightly liberal,clinton,favor,favor,,very happy,good,exciting,,no,more or less satisfied,0,4,once or twice a week,protestant,less than once a year,no doubts,yes,inspired word,no,not at all scientific,,,earth around sun,false,false,true,false,true,true,500 get the drug; 500 don't,no,yes,7,7
2018,1932,61,female,white,graduate,20,west,married,2,retired,,,middle class,strong democrat,liberal,clinton,favor,oppose,should be legal,pretty happy,excellent,exciting,most people can be trusted,no,pretty well satisfied,,,,jewish,never,don't believe,no,ancient book,,,,,,,,,,,,,,,0,0
2018,1933,30,female,white,less than high school,9,west,separated,3,working part time,15,,middle class,"independent (neither, no response)",extremely liberal,,,favor,should not be legal,very happy,,,can't be too careful,,more or less satisfied,1,2,never,none,never,believe sometimes,no,ancient book,,,,,,,,,,,,,,,0,0
2018,1934,66,female,white,graduate,20,west,divorced,1,retired,,,middle class,not very strong democrat,extremely liberal,clinton,,oppose,should be legal,pretty happy,,,most people can be trusted,,pretty well satisfied,,0,never,none,never,higher power,yes,ancient book,no,not at all scientific,,,earth around sun,false,false,true,false,true,true,500 get the drug; 500 don't,no,yes,7,7
2018,1935,53,female,white,high school,12,west,divorced,4,working part time,6,1402,working class,"independent, close to republican",slightly conservative,,favor,favor,,pretty happy,fair,routine,,yes,not satisfied at all,0,1,never,protestant,never,no doubts,yes,inspired word,no,not at all scientific,,,sun around earth,false,false,false,false,true,true,500 get the drug; 500 don't,no,yes,5,7
2018,1936,41,male,white,bachelor's,16,west,married,4,working part time,15,,middle class,strong democrat,slightly liberal,,favor,favor,should be legal,pretty happy,good,exciting,most people can be trusted,no,not satisfied at all,0,,,protestant,several times a year,higher power,no,inspired word,,,,,,,,,,,,,,,0,0
2018,1937,56,female,white,graduate,18,west,married,4,working full time,50,57832.5,middle class,not very strong republican,slightly conservative,trump,favor,favor,,pretty happy,excellent,routine,,no,not satisfied at all,10,1,never,protestant,2-3 times a month,no doubts,yes,word of god,no,not at all scientific,true,false,earth around sun,false,false,false,false,false,true,all 1000 get the drug,no,yes,6,9
2018,1938,26,female,white,bachelor's,16,west,married,0,working full time,40,,middle class,not very strong democrat,slightly liberal,clinton,favor,oppose,should not be legal,not too happy,good,exciting,can't be too careful,no,more or less satisfied,20,,,other,several times a year,higher power,yes,inspired word,,,,,,,,,,,,,,,0,0
2018,1939,39,male,white,bachelor's,19,west,married,3,in school,,84120,middle class,"independent (neither, no response)","moderate, middle of the road",,oppose,favor,,pretty happy,good,exciting,,yes,pretty well satisfied,,0,never,protestant,2-3 times a month,believe with doubts,yes,inspired word,yes,not at all scientific,true,true,earth around sun,false,false,true,false,true,true,500 get the drug; 500 don't,no,yes,9,9
2018,1940,60,female,white,bachelor's,16,west,married,2,keeping house,,,middle class,strong republican,conservative,trump,oppose,favor,,very happy,excellent,exciting,,no,more or less satisfied,,3,never,catholic,2-3 times a month,no doubts,yes,word of god,yes,sort of scientific,false,don't know,sun around earth,false,false,true,false,true,true,500 get the drug; 500 don't,no,yes,6,9
2018,1941,56,male,white,graduate,20,west,married,2,working full time,50,98140,middle class,not very strong republican,slightly conservative,trump,favor,favor,,very happy,excellent,exciting,,no,pretty well satisfied,0,2,several times a month,protestant,about once or twice a year,believe with doubts,yes,inspired word,no,not at all scientific,,,earth around sun,false,false,true,false,true,true,500 get the drug; 500 don't,no,yes,7,7
2018,1942,18,female,white,high school,12,west,never married,0,in school,,,working class,not very strong democrat,liberal,,favor,don't know,don't know,pretty happy,good,exciting,depends,don't know,more or less satisfied,,,,protestant,about once or twice a year,believe with doubts,yes,inspired word,,,,,,,,,,,,,,,0,0
2018,1943,62,female,white,graduate,16,west,married,3,retired,,,middle class,strong republican,slightly conservative,trump,oppose,favor,,very happy,excellent,routine,,no,more or less satisfied,,0,never,protestant,every week,no doubts,yes,inspired word,no,not at all scientific,false,false,earth around sun,false,false,true,false,true,true,500 get the drug; 500 don't,no,yes,7,9
2018,1944,48,female,white,high school,14,west,married,1,keeping house,,,middle class,not very strong democrat,"moderate, middle of the road",,oppose,favor,should be legal,very happy,excellent,routine,most people can be trusted,yes,more or less satisfied,,,,none,never,higher power,no,ancient book,,,,,,,,,,,,,,,0,0
2018,1945,44,female,white,graduate,20,west,married,2,working full time,45,84120,middle class,not very strong republican,slightly conservative,,,oppose,should be legal,not too happy,,,can't be too careful,,pretty well satisfied,10,1,never,protestant,about once a month,believe with doubts,yes,inspired word,,,,,,,,,,,,,,,0,0
2018,1946,55,male,white,graduate,16,west,married,1,working full time,60,176200.14942,middle class,"independent (neither, no response)","moderate, middle of the road",clinton,favor,oppose,,pretty happy,good,routine,,no,pretty well satisfied,,1,several times a month,catholic,never,,yes,inspired word,no,not at all scientific,true,true,earth around sun,false,false,true,false,true,true,500 get the drug; 500 don't,no,yes,9,9
2018,1947,21,male,white,high school,15,west,never married,0,in school,,,upper class,other party,"moderate, middle of the road",clinton,,favor,should be legal,pretty happy,,,most people can be trusted,,pretty well satisfied,,0,several times a year,jewish,about once or twice a year,believe sometimes,yes,inspired word,,,,,,,,,,,,,,,0,0
2018,1948,24,male,white,bachelor's,16,west,never married,0,working full time,24,6309,lower class,not very strong democrat,liberal,,favor,oppose,,pretty happy,good,exciting,,yes,not satisfied at all,3,2,never,none,about once or twice a year,don't believe,no,ancient book,no,not at all scientific,true,don't know,earth around sun,false,false,true,don't know,true,true,500 get the drug; 500 don't,no,yes,7,9
2018,1949,36,male,white,high school,14,west,married,1,keeping house,,,working class,strong republican,conservative,trump,,favor,should be legal,pretty happy,,,can't be too careful,,not satisfied at all,,6,about once a year,protestant,less than once a year,higher power,don't know,ancient book,,,,,,,,,,,,,,,0,0
2018,1950,29,male,white,bachelor's,16,west,never married,0,working full time,55,57832.5,middle class,other party,"moderate, middle of the road",other candidate,favor,favor,,not too happy,excellent,routine,,yes,more or less satisfied,10,1,once or twice a week,none,never,don't know,no,ancient book,no,not at all scientific,true,don't know,earth around sun,false,false,true,false,true,true,500 get the drug; 500 don't,no,yes,8,9
2018,1951,66,female,other,high school,15,west,divorced,1,retired,,,lower class,not very strong democrat,"moderate, middle of the road",clinton,favor,oppose,should be legal,pretty happy,fair,exciting,most people can be trusted,yes,not satisfied at all,,,,protestant,2-3 times a month,higher power,yes,ancient book,,,,,,,,,,,,,,,0,0
2018,1952,33,female,white,bachelor's,16,west,divorced,2,working part time,24,31544.999999999996,working class,not very strong republican,conservative,trump,oppose,oppose,,pretty happy,excellent,routine,,yes,not satisfied at all,1,1,never,protestant,every week,no doubts,yes,word of god,no,not at all scientific,,,sun around earth,false,true,true,false,false,true,500 get the drug; 500 don't,no,yes,4,7
2018,1953,58,male,white,associate/junior college,14,west,divorced,0,retired,,,lower class,"independent, close to republican","moderate, middle of the road",trump,oppose,don't know,should be legal,pretty happy,fair,routine,most people can be trusted,no,more or less satisfied,,,,jewish,2-3 times a month,believe with doubts,yes,inspired word,,,,,,,,,,,,,,,0,0
2018,1954,76,female,white,high school,12,west,divorced,2,retired,,,middle class,strong republican,conservative,trump,oppose,oppose,,pretty happy,fair,routine,,no,more or less satisfied,,6,never,protestant,several times a week,no doubts,yes,word of god,no,not at all scientific,false,don't know,earth around sun,true,true,don't know,true,don't know,false,all 1000 get the drug,no,no,1,9
2018,1955,46,male,white,high school,12,west,never married,1,working full time,45,6309,working class,"independent, close to republican",conservative,,,favor,should be legal,pretty happy,,,can't be too careful,,not satisfied at all,0,2,once or twice a week,catholic,less than once a year,"don't know, no way to find out",yes,inspired word,no,not at all scientific,,,sun around earth,false,don't know,true,false,true,true,all 1000 get the drug,no,yes,5,7
2018,1956,30,female,white,high school,12,west,never married,1,working full time,60,38555,working class,"independent, close to democrat","moderate, middle of the road",,oppose,favor,,pretty happy,good,exciting,,yes,more or less satisfied,2,3,several times a year,none,never,higher power,yes,inspired word,yes,sort of scientific,,,sun around earth,false,don't know,true,true,false,don't know,all 1000 get the drug,no,no,2,7
2018,1957,49,female,white,bachelor's,17,west,divorced,2,working full time,50,47317.5,middle class,not very strong republican,slightly conservative,don't know,,favor,should not be legal,pretty happy,,,can't be too careful,,more or less satisfied,4,1,several times a year,protestant,about once or twice a year,no doubts,yes,inspired word,,,,,,,,,,,,,,,0,0
2018,1958,51,male,white,associate/junior college,14,west,divorced,6,working full time,56,26287.5,middle class,strong republican,"moderate, middle of the road",trump,oppose,favor,,pretty happy,excellent,routine,,no,more or less satisfied,0,4,never,catholic,about once or twice a year,believe with doubts,don't know,word of god,no,not at all scientific,true,true,earth around sun,false,false,true,true,true,true,all 1000 get the drug,no,yes,8,9
2018,1959,63,male,white,high school,12,west,married,5,retired,,,working class,strong democrat,liberal,trump,oppose,favor,should be legal,pretty happy,good,routine,can't be too careful,yes,not satisfied at all,,,,none,never,higher power,yes,inspired word,,,,,,,,,,,,,,,0,0
2018,1960,39,male,white,high school,10,west,married,0,keeping house,,,working class,strong democrat,extremely liberal,,favor,oppose,,pretty happy,fair,routine,,no,not satisfied at all,,1,never,none,never,don't believe,no,ancient book,no,not at all scientific,,,earth around sun,true,false,don't know,true,true,don't know,500 get the drug; 500 don't,no,yes,3,7
2018,1961,69,female,other,high school,14,west,divorced,4,working part time,22,11391.25,lower class,not very strong republican,conservative,trump,oppose,favor,should not be legal,not too happy,fair,exciting,can't be too careful,yes,not satisfied at all,7,,,protestant,about once a month,no doubts,yes,inspired word,,,,,,,,,,,,,,,0,0
2018,1962,24,male,white,high school,12,west,married,2,working full time,40,22782.5,middle class,"independent (neither, no response)",don't know,,oppose,oppose,,pretty happy,fair,exciting,,no,pretty well satisfied,0,2,never,none,never,believe with doubts,yes,inspired word,no,not at all scientific,true,don't know,earth around sun,true,don't know,don't know,true,true,true,500 get the drug; 500 don't,no,yes,4,9
2018,1963,,male,other,graduate,20,west,married,,working full time,40,,working class,"independent (neither, no response)",conservative,don't know,favor,oppose,,very happy,good,exciting,,yes,more or less satisfied,0,1,never,,about once a month,no doubts,yes,word of god,no,not at all scientific,,,earth around sun,false,false,true,true,true,true,500 get the drug; 500 don't,no,no,6,7
2018,1964,42,female,other,less than high school,6,west,divorced,4,working full time,54,1402,working class,"independent (neither, no response)","moderate, middle of the road",,,favor,should not be legal,very happy,,,can't be too careful,,more or less satisfied,4,0,never,catholic,nearly every week,no doubts,yes,word of god,,,,,,,,,,,,,,,0,0
2018,1965,30,male,other,high school,12,west,married,3,working full time,48,31544.999999999996,working class,"independent (neither, no response)","moderate, middle of the road",,favor,favor,,pretty happy,good,routine,,yes,more or less satisfied,0,1,never,none,never,"don't know, no way to find out",no,inspired word,no,not at all scientific,,,earth around sun,true,false,don't know,don't know,true,true,500 get the drug; 500 don't,no,yes,4,7
2018,1966,32,female,white,high school,13,west,married,3,working full time,40,31544.999999999996,working class,not very strong democrat,"moderate, middle of the road",clinton,favor,favor,,pretty happy,good,exciting,,no,pretty well satisfied,0,1,never,catholic,nearly every week,no doubts,yes,inspired word,no,not at all scientific,true,true,earth around sun,true,false,false,true,false,true,500 get the drug; 500 don't,no,yes,5,9
2018,1967,41,female,other,less than high school,6,west,married,4,keeping house,,,working class,"independent (neither, no response)",slightly conservative,,,oppose,should be legal,pretty happy,,,can't be too careful,,pretty well satisfied,,2,never,catholic,every week,no doubts,no,word of god,no,sort of scientific,,,sun around earth,false,false,don't know,true,true,true,all 1000 get the drug,yes,yes,4,7
2018,1968,67,female,white,high school,13,west,divorced,0,retired,,,working class,strong democrat,slightly liberal,clinton,favor,oppose,,very happy,good,routine,,yes,pretty well satisfied,,6,about once a year,catholic,never,believe with doubts,yes,inspired word,no,not at all scientific,,,earth around sun,don't know,don't know,don't know,false,don't know,true,500 get the drug; 500 don't,no,yes,3,7
2018,1969,28,female,white,high school,14,west,divorced,5,working full time,50,14896.249999999998,lower class,"independent (neither, no response)","moderate, middle of the road",,favor,oppose,should not be legal,pretty happy,poor,dull,can't be too careful,no,not satisfied at all,25,,,protestant,2-3 times a month,"don't know, no way to find out",yes,inspired word,,,,,,,,,,,,,,,0,0
2018,1970,60,female,other,bachelor's,16,west,never married,0,retired,,,,other party,"moderate, middle of the road",clinton,favor,,don't know,very happy,good,exciting,most people can be trusted,no,more or less satisfied,,,,catholic,2-3 times a month,believe with doubts,yes,inspired word,,,,,,,,,,,,,,,0,0
2018,1971,51,female,white,high school,14,west,divorced,0,working full time,54,84120,middle class,not very strong republican,slightly liberal,,favor,favor,,pretty happy,good,exciting,,no,pretty well satisfied,0,1,several times a month,protestant,2-3 times a month,no doubts,yes,inspired word,yes,not at all scientific,false,false,earth around sun,don't know,false,don't know,false,true,true,500 get the drug; 500 don't,no,no,5,9
2018,1972,32,male,white,high school,16,west,never married,0,working full time,40,22782.5,middle class,"independent, close to democrat","moderate, middle of the road",clinton,oppose,oppose,should be legal,pretty happy,good,routine,most people can be trusted,no,pretty well satisfied,3,,,none,about once or twice a year,"don't know, no way to find out",no,ancient book,,,,,,,,,,,,,,,0,0
2018,1973,28,male,black,high school,16,west,never married,1,"unemployed, laid off, looking for work",,9638.75,working class,strong democrat,"moderate, middle of the road",clinton,oppose,oppose,,very happy,good,exciting,,no,more or less satisfied,,6,several times a month,christian,about once or twice a year,no doubts,yes,word of god,yes,sort of scientific,,,sun around earth,true,don't know,false,false,true,true,500 get the drug; 500 don't,no,yes,3,7
2018,1974,59,male,white,high school,13,west,married,4,working full time,44,38555,working class,"independent, close to republican","moderate, middle of the road",trump,favor,favor,should not be legal,pretty happy,good,exciting,most people can be trusted,yes,not satisfied at all,0,,,protestant,every week,no doubts,yes,word of god,,,,,,,,,,,,,,,0,0
2018,1975,38,female,white,less than high school,9,west,married,5,working full time,35,5257.5,working class,"independent (neither, no response)",liberal,,,favor,should not be legal,pretty happy,,,can't be too careful,,more or less satisfied,3,3,never,none,never,no doubts,no,word of god,,,,,,,,,,,,,,,0,0
2018,1976,70,female,white,high school,12,west,married,1,retired,,,middle class,strong republican,"moderate, middle of the road",trump,favor,favor,,pretty happy,good,exciting,,yes,not satisfied at all,,5,once or twice a week,protestant,2-3 times a month,no doubts,yes,word of god,yes,not at all scientific,false,false,earth around sun,false,false,false,true,true,true,500 get the drug; 500 don't,no,yes,5,9
2018,1977,36,male,black,associate/junior college,15,west,never married,5,keeping house,,13143.75,working class,not very strong republican,"moderate, middle of the road",,oppose,oppose,should be legal,pretty happy,fair,exciting,can't be too careful,no,more or less satisfied,,,,protestant,less than once a year,no doubts,yes,word of god,,,,,,,,,,,,,,,0,0
2018,1978,29,male,white,bachelor's,16,west,never married,2,working full time,60,,working class,"independent, close to republican","moderate, middle of the road",trump,,favor,should be legal,very happy,,,most people can be trusted,,not satisfied at all,1,1,never,protestant,about once a month,believe with doubts,yes,inspired word,no,not at all scientific,,,earth around sun,don't know,false,don't know,false,true,true,500 get the drug; 500 don't,no,yes,5,7
2018,1979,59,male,other,less than high school,2,west,separated,4,working full time,45,5257.5,middle class,"independent (neither, no response)",liberal,,favor,favor,,not too happy,fair,routine,,yes,not satisfied at all,2,1,never,catholic,several times a year,no doubts,no,word of god,yes,sort of scientific,,,sun around earth,true,false,true,true,false,true,all 1000 get the drug,yes,no,3,7
2018,1980,42,female,other,less than high school,9,west,married,3,working full time,40,11391.25,working class,"independent (neither, no response)",slightly conservative,,favor,oppose,don't know,very happy,fair,routine,can't be too careful,no,more or less satisfied,0,,,protestant,nearly every week,no doubts,yes,word of god,,,,,,,,,,,,,,,0,0
2018,1981,60,male,other,high school,12,west,never married,0,keeping house,,,lower class,strong democrat,"moderate, middle of the road",clinton,,oppose,should not be legal,not too happy,,,can't be too careful,,not satisfied at all,,10,several times a year,catholic,never,no doubts,no,word of god,,,,,,,,,,,,,,,0,0
2018,1982,56,male,white,high school,13,west,separated,4,other,,,middle class,strong democrat,extremely liberal,clinton,oppose,favor,,not too happy,good,routine,,yes,more or less satisfied,,1,about once a year,protestant,never,no doubts,yes,word of god,yes,sort of scientific,true,true,earth around sun,false,false,true,true,true,true,all 1000 get the drug,no,no,8,9
2018,1983,34,male,white,graduate,18,west,never married,0,working full time,70,57832.5,middle class,"independent, close to democrat","moderate, middle of the road",clinton,favor,favor,should be legal,very happy,fair,routine,most people can be trusted,yes,more or less satisfied,0,,,protestant,never,believe with doubts,no,inspired word,,,,,,,,,,,,,,,0,0
2018,1984,32,female,white,bachelor's,16,west,never married,1,working full time,40,19277.5,working class,"independent, close to democrat",extremely liberal,,,oppose,should be legal,very happy,,,most people can be trusted,,more or less satisfied,0,1,about once a year,none,never,higher power,yes,inspired word,yes,not at all scientific,true,,earth around sun,false,don't know,true,false,true,true,500 get the drug; 500 don't,no,yes,7,8
2018,1985,22,female,black,high school,12,west,never married,0,keeping house,,4556.5,working class,"independent, close to republican","moderate, middle of the road",,oppose,oppose,should be legal,not too happy,good,routine,can't be too careful,yes,more or less satisfied,,,,protestant,less than once a year,no doubts,yes,word of god,,,,,,,,,,,,,,,0,0
2018,1986,35,female,other,high school,13,west,married,3,working full time,40,3855.4999999999995,working class,"independent, close to democrat",slightly liberal,clinton,,oppose,should be legal,very happy,,,can't be too careful,,not satisfied at all,2,4,never,none,never,no doubts,yes,inspired word,,,,,,,,,,,,,,,0,0
2018,1987,22,female,black,high school,12,west,never married,2,working part time,16,,working class,"independent (neither, no response)","moderate, middle of the road",,oppose,oppose,should be legal,very happy,excellent,routine,can't be too careful,no,more or less satisfied,0,,,none,several times a year,no doubts,yes,,,,,,,,,,,,,,,,0,0
2018,1988,25,female,white,high school,12,west,never married,0,keeping house,,,lower class,not very strong republican,"moderate, middle of the road",,favor,favor,,very happy,fair,routine,,yes,pretty well satisfied,,2,about once a year,protestant,several times a year,no doubts,yes,inspired word,no,not at all scientific,,,earth around sun,true,false,false,true,true,true,all 1000 get the drug,don't know,yes,4,7
2018,1989,44,male,other,high school,12,west,never married,5,"unemployed, laid off, looking for work",,,lower class,"independent (neither, no response)",extremely liberal,,favor,oppose,should be legal,very happy,fair,exciting,can't be too careful,yes,more or less satisfied,,,,protestant,never,no doubts,yes,word of god,,,,,,,,,,,,,,,0,0
2018,1990,66,female,other,high school,12,west,divorced,3,retired,,13143.75,middle class,not very strong democrat,"moderate, middle of the road",clinton,,oppose,don't know,pretty happy,,,can't be too careful,,more or less satisfied,,5,about once a month,catholic,several times a year,believe with doubts,no,word of god,,,,,,,,,,,,,,,0,0
2018,1991,44,male,other,less than high school,11,west,never married,0,working part time,18,350.5,working class,strong republican,conservative,,favor,favor,,pretty happy,good,routine,,yes,not satisfied at all,0,6,about once a year,catholic,never,no doubts,yes,inspired word,no,not at all scientific,false,false,earth around sun,false,false,true,true,true,true,500 get the drug; 500 don't,no,yes,6,9
2018,1992,47,male,other,less than high school,0,west,widowed,2,"unemployed, laid off, looking for work",,3154.5,working class,"independent (neither, no response)","moderate, middle of the road",,oppose,oppose,should not be legal,pretty happy,good,routine,can't be too careful,yes,more or less satisfied,,,,catholic,several times a year,no doubts,yes,inspired word,,,,,,,,,,,,,,,0,0
2018,1993,21,male,white,high school,12,west,never married,1,"unemployed, laid off, looking for work",,,lower class,"independent (neither, no response)","moderate, middle of the road",,oppose,don't know,,pretty happy,fair,exciting,,no,more or less satisfied,,0,,none,never,don't believe,don't know,other (vol),yes,not at all scientific,,,earth around sun,false,false,false,true,true,true,500 get the drug; 500 don't,no,no,5,7
2018,1994,43,female,white,less than high school,9,west,divorced,3,keeping house,,,working class,"independent (neither, no response)","moderate, middle of the road",,favor,oppose,,very happy,fair,exciting,,yes,more or less satisfied,,3,never,catholic,less than once a year,no doubts,no,inspired word,no,not at all scientific,false,false,earth around sun,false,don't know,don't know,false,true,true,500 get the drug; 500 don't,no,yes,5,9
2018,1995,51,male,white,less than high school,8,west,divorced,2,other,,,lower class,"independent (neither, no response)","moderate, middle of the road",,don't know,oppose,,pretty happy,fair,routine,,no,don't know,,4,never,protestant,every week,no doubts,yes,word of god,no,not at all scientific,false,false,earth around sun,true,don't know,don't know,true,false,don't know,500 get the drug; 500 don't,no,yes,1,9
2018,1996,67,female,white,associate/junior college,14,west,married,3,retired,,,middle class,"independent, close to democrat",slightly liberal,clinton,,favor,should be legal,pretty happy,,,depends,,pretty well satisfied,,3,about once a year,protestant,never,"don't know, no way to find out",no,inspired word,yes,not at all scientific,true,,earth around sun,false,false,true,false,true,true,500 get the drug; 500 don't,yes,no,8,8
2018,1997,71,male,white,high school,14,west,married,7,retired,,,working class,not very strong democrat,slightly liberal,clinton,,oppose,should be legal,pretty happy,,,most people can be trusted,,not satisfied at all,,4,never,catholic,never,higher power,no,ancient book,,,,,,,,,,,,,,,0,0
2018,1998,85,female,white,bachelor's,16,west,widowed,4,retired,,,middle class,strong democrat,extremely liberal,clinton,favor,oppose,should be legal,not too happy,excellent,exciting,most people can be trusted,no,pretty well satisfied,,,,none,never,don't believe,no,ancient book,,,,,,,,,,,,,,,0,0
2018,1999,72,female,white,graduate,19,west,divorced,2,keeping house,,,lower class,strong democrat,extremely liberal,clinton,,oppose,should be legal,pretty happy,,,most people can be trusted,,not satisfied at all,,5,once or twice a week,protestant,never,"don't know, no way to find out",don't know,ancient book,no,not at all scientific,,,earth around sun,false,false,true,false,true,true,500 get the drug; 500 don't,no,no,7,7
2018,2000,51,female,other,high school,12,west,never married,2,retired,,,lower class,strong democrat,liberal,clinton,,favor,should be legal,very happy,,,can't be too careful,,pretty well satisfied,,3,about once a year,none,never,don't believe,yes,ancient book,,,,,,,,,,,,,,,0,0
2018,2001,81,male,other,less than high school,11,west,married,6,retired,,,lower class,strong republican,extremely conservative,trump,oppose,favor,,pretty happy,good,routine,,no,more or less satisfied,,3,never,catholic,every week,no doubts,yes,word of god,no,not at all scientific,false,false,earth around sun,false,don't know,don't know,true,true,true,don't know,don't know,yes,4,9
2018,2002,60,female,white,high school,15,west,divorced,2,working full time,34,22782.5,middle class,strong democrat,liberal,clinton,,don't know,don't know,pretty happy,,,depends,,more or less satisfied,0,0,about once a year,none,never,higher power,don't know,ancient book,,,,,,,,,,,,,,,0,0
2018,2003,56,female,white,bachelor's,17,west,married,2,working full time,45,38555,middle class,not very strong republican,conservative,trump,,oppose,should not be legal,pretty happy,,,can't be too careful,,pretty well satisfied,0,2,never,protestant,2-3 times a month,no doubts,yes,word of god,no,sort of scientific,,,sun around earth,true,false,don't know,false,true,true,all 1000 get the drug,yes,yes,4,7
2018,2004,55,female,white,bachelor's,17,west,married,2,working full time,40,70100,middle class,strong republican,conservative,trump,,favor,should not be legal,pretty happy,,,most people can be trusted,,pretty well satisfied,3,3,about once a month,protestant,several times a year,no doubts,yes,inspired word,,,,,,,,,,,,,,,0,0
2018,2005,49,male,white,high school,15,west,married,0,in school,,,working class,strong democrat,slightly liberal,clinton,oppose,favor,,pretty happy,good,routine,,no,more or less satisfied,,1,about once a year,none,never,"don't know, no way to find out",don't know,ancient book,no,not at all scientific,true,true,earth around sun,false,false,true,false,false,true,500 get the drug; 500 don't,no,yes,8,9
2018,2006,64,female,white,associate/junior college,15,west,married,1,keeping house,,,middle class,not very strong republican,conservative,trump,,don't know,should not be legal,pretty happy,,,can't be too careful,,more or less satisfied,,3,never,protestant,less than once a year,no doubts,yes,word of god,,,,,,,,,,,,,,,0,0
2018,2007,29,female,other,bachelor's,20,west,never married,0,working part time,20,,lower class,not very strong democrat,liberal,other candidate,favor,oppose,should be legal,not too happy,fair,exciting,depends,yes,more or less satisfied,22,,,none,never,"don't know, no way to find out",yes,ancient book,,,,,,,,,,,,,,,0,0
2018,2008,46,female,white,graduate,16,west,separated,3,working full time,50,47317.5,middle class,strong democrat,slightly liberal,clinton,,oppose,should not be legal,pretty happy,,,most people can be trusted,,more or less satisfied,3,1,about once a month,none,never,higher power,yes,inspired word,no,not at all scientific,,,earth around sun,don't know,true,don't know,false,true,true,500 get the drug; 500 don't,don't know,yes,4,7
2018,2009,19,female,white,high school,12,west,never married,0,in school,,,working class,strong democrat,liberal,,favor,favor,should be legal,pretty happy,good,routine,can't be too careful,yes,not satisfied at all,,,,none,never,"don't know, no way to find out",yes,ancient book,,,,,,,,,,,,,,,0,0
2018,2010,19,female,other,high school,12,west,never married,0,in school,,,working class,"independent, close to democrat","moderate, middle of the road",,,oppose,should be legal,pretty happy,,,can't be too careful,,more or less satisfied,,2,never,catholic,2-3 times a month,believe with doubts,yes,word of god,yes,sort of scientific,true,,earth around sun,false,don't know,false,false,true,true,500 get the drug; 500 don't,don't know,don't know,6,8
2018,2011,19,male,white,high school,12,west,never married,0,in school,,,middle class,strong democrat,liberal,,favor,oppose,,pretty happy,good,routine,,yes,pretty well satisfied,,2,never,none,never,"don't know, no way to find out",no,ancient book,no,not at all scientific,,,earth around sun,false,false,true,false,true,true,500 get the drug; 500 don't,no,yes,7,7
2018,2012,41,female,white,bachelor's,16,west,married,2,keeping house,,,middle class,strong republican,conservative,trump,,favor,should not be legal,pretty happy,,,most people can be trusted,,more or less satisfied,,2,never,protestant,several times a week,no doubts,yes,word of god,,,,,,,,,,,,,,,0,0
2018,2013,25,male,white,bachelor's,16,west,never married,0,working full time,40,13143.75,working class,strong democrat,liberal,clinton,favor,favor,should be legal,pretty happy,fair,exciting,can't be too careful,no,more or less satisfied,7,,,none,never,higher power,yes,ancient book,,,,,,,,,,,,,,,0,0
2018,2014,73,male,white,high school,15,west,married,2,retired,,,lower class,,slightly conservative,,oppose,favor,,pretty happy,good,exciting,,yes,more or less satisfied,,2,never,protestant,several times a week,no doubts,yes,word of god,no,not at all scientific,,,earth around sun,false,false,true,false,true,true,500 get the drug; 500 don't,no,yes,7,7
2018,2015,74,male,white,high school,13,west,married,3,retired,,,lower class,"independent (neither, no response)","moderate, middle of the road",other candidate,,favor,should be legal,pretty happy,,,can't be too careful,,more or less satisfied,,3,about once a month,catholic,about once or twice a year,no doubts,yes,inspired word,,,,,,,,,,,,,,,0,0
2018,2016,53,female,white,high school,12,west,married,0,working part time,32,14896.249999999998,working class,strong republican,extremely conservative,trump,,favor,should be legal,pretty happy,,,can't be too careful,,more or less satisfied,1,2,never,catholic,several times a week,no doubts,yes,word of god,,,,,,,,,,,,,,,0,0
2018,2017,49,female,white,high school,12,west,divorced,2,keeping house,,,working class,strong republican,conservative,trump,favor,favor,,pretty happy,fair,exciting,,no,more or less satisfied,,1,never,protestant,never,no doubts,yes,word of god,no,not at all scientific,true,false,earth around sun,false,don't know,true,false,true,true,500 get the drug; 500 don't,no,yes,7,9
2018,2018,69,male,white,high school,15,west,married,3,retired,,,middle class,strong republican,"moderate, middle of the road",trump,oppose,favor,should not be legal,very happy,fair,exciting,most people can be trusted,no,more or less satisfied,,,,catholic,about once or twice a year,no doubts,yes,inspired word,,,,,,,,,,,,,,,0,0
2018,2019,55,male,white,bachelor's,18,west,married,2,working full time,1,176200.14942,middle class,strong republican,conservative,trump,,favor,should not be legal,pretty happy,,,most people can be trusted,,pretty well satisfied,0,1,once or twice a week,protestant,about once a month,believe with doubts,yes,inspired word,no,not at all scientific,,,earth around sun,false,false,true,false,true,true,500 get the drug; 500 don't,no,yes,7,7
2018,2020,51,male,white,high school,15,west,married,2,working full time,48,,middle class,not very strong republican,"moderate, middle of the road",clinton,favor,favor,,pretty happy,good,exciting,,no,more or less satisfied,0,1,about once a year,none,about once or twice a year,believe with doubts,yes,inspired word,yes,sort of scientific,,,earth around sun,false,false,true,true,true,true,all 1000 get the drug,no,yes,6,7
2018,2021,68,male,white,associate/junior college,14,west,never married,0,retired,,,lower class,not very strong democrat,"moderate, middle of the road",don't know,,favor,should not be legal,pretty happy,,,can't be too careful,,not satisfied at all,,3,never,protestant,never,no doubts,yes,inspired word,,,,,,,,,,,,,,,0,0
2018,2022,66,female,white,associate/junior college,15,west,married,0,retired,,,middle class,not very strong republican,extremely conservative,trump,favor,favor,,very happy,excellent,exciting,,yes,pretty well satisfied,,1,never,catholic,every week,no doubts,no,inspired word,no,not at all scientific,true,don't know,sun around earth,don't know,true,don't know,false,true,true,500 get the drug; 500 don't,no,no,4,9
2018,2023,63,male,other,bachelor's,18,west,divorced,3,retired,,,working class,not very strong republican,conservative,trump,,favor,should be legal,pretty happy,,,depends,,not satisfied at all,,2,never,protestant,every week,believe with doubts,yes,inspired word,no,not at all scientific,false,,earth around sun,false,false,true,false,don't know,false,500 get the drug; 500 don't,no,yes,5,8
2018,2024,57,male,white,associate/junior college,17,west,divorced,2,working full time,60,70100,working class,"independent, close to democrat",extremely liberal,clinton,favor,favor,,not too happy,good,exciting,,no,not satisfied at all,4,3,never,none,never,don't believe,no,ancient book,yes,not at all scientific,,,earth around sun,false,false,true,false,true,true,500 get the drug; 500 don't,no,yes,7,7
2018,2025,44,male,white,graduate,20,west,married,2,working full time,80,112160,upper class,strong republican,slightly conservative,trump,oppose,oppose,should not be legal,very happy,good,exciting,most people can be trusted,no,pretty well satisfied,0,,,catholic,nearly every week,no doubts,yes,inspired word,,,,,,,,,,,,,,,0,0
2018,2026,26,female,black,bachelor's,16,west,never married,0,"with a job, but not at work because of temporary illness, vacation, strike",,31544.999999999996,working class,"independent (neither, no response)",extremely liberal,,oppose,oppose,,pretty happy,good,routine,,no,pretty well satisfied,,2,several times a month,protestant,never,believe with doubts,yes,inspired word,yes,sort of scientific,false,false,earth around sun,don't know,false,false,don't know,true,true,500 get the drug; 500 don't,no,yes,4,9
2018,2027,44,male,white,graduate,20,west,never married,0,working full time,45,31544.999999999996,working class,strong democrat,liberal,other candidate,oppose,oppose,should be legal,not too happy,excellent,exciting,most people can be trusted,yes,pretty well satisfied,1,,,protestant,several times a year,believe with doubts,yes,inspired word,,,,,,,,,,,,,,,0,0
2018,2028,58,female,white,graduate,19,west,divorced,3,working full time,84,112160,upper class,not very strong democrat,"moderate, middle of the road",clinton,favor,don't know,,very happy,excellent,exciting,,no,pretty well satisfied,0,0,several times a month,none,never,"don't know, no way to find out",don't know,ancient book,no,don't know,,,sun around earth,false,false,true,false,true,don't know,500 get the drug; 500 don't,no,yes,5,7
2018,2029,41,female,white,associate/junior college,14,west,divorced,1,working full time,43,14896.249999999998,working class,"independent (neither, no response)","moderate, middle of the road",,,favor,should be legal,very happy,,,can't be too careful,,not satisfied at all,0,2,never,none,never,higher power,yes,inspired word,,,,,,,,,,,,,,,0,0
2018,2030,24,male,white,bachelor's,19,west,married,2,in school,,,working class,other party,conservative,other candidate,oppose,oppose,should be legal,pretty happy,good,routine,most people can be trusted,no,more or less satisfied,,,,protestant,about once or twice a year,no doubts,yes,inspired word,,,,,,,,,,,,,,,0,0
2018,2031,28,female,white,associate/junior college,15,west,married,0,working part time,20,14896.249999999998,working class,"independent, close to democrat",slightly liberal,,favor,oppose,,pretty happy,good,routine,,no,more or less satisfied,10,4,never,other,never,higher power,yes,inspired word,yes,not at all scientific,true,true,earth around sun,true,false,false,false,true,true,500 get the drug; 500 don't,no,yes,7,9
2018,2032,36,female,white,bachelor's,16,west,never married,1,working full time,40,26287.5,middle class,strong democrat,slightly liberal,,,favor,should be legal,pretty happy,,,most people can be trusted,,more or less satisfied,2,1,several times a year,none,less than once a year,higher power,yes,ancient book,no,not at all scientific,,,earth around sun,false,true,don't know,false,true,don't know,500 get the drug; 500 don't,no,yes,4,7
2018,2033,34,male,white,associate/junior college,14,west,married,2,keeping house,,1402,working class,strong democrat,liberal,other candidate,favor,oppose,should be legal,pretty happy,good,routine,can't be too careful,yes,more or less satisfied,,,,none,never,higher power,no,ancient book,,,,,,,,,,,,,,,0,0
2018,2034,25,female,white,high school,14,west,married,0,working full time,40,14896.249999999998,working class,strong democrat,extremely liberal,,,oppose,should be legal,very happy,,,most people can be trusted,,not satisfied at all,4,0,several times a year,none,never,higher power,no,inspired word,,,,,,,,,,,,,,,0,0
2018,2035,62,female,other,high school,14,west,married,2,working part time,30,22782.5,working class,strong democrat,extremely liberal,clinton,favor,don't know,should be legal,pretty happy,good,exciting,can't be too careful,yes,not satisfied at all,20,,,none,never,"don't know, no way to find out",don't know,ancient book,,,,,,,,,,,,,,,0,0
2018,2036,33,female,white,high school,12,west,never married,1,working full time,40,22782.5,working class,"independent, close to democrat",liberal,other candidate,,,should be legal,pretty happy,,,can't be too careful,,more or less satisfied,15,2,once or twice a week,none,never,"don't know, no way to find out",no,ancient book,yes,not at all scientific,true,,earth around sun,false,false,false,false,true,true,500 get the drug; 500 don't,no,yes,7,8
2018,2037,37,male,white,high school,14,west,never married,1,working full time,40,19277.5,working class,not very strong democrat,slightly liberal,other candidate,favor,favor,,pretty happy,good,routine,,yes,not satisfied at all,3,3,once or twice a week,none,about once or twice a year,higher power,yes,inspired word,yes,not at all scientific,,,earth around sun,false,false,false,false,true,true,500 get the drug; 500 don't,no,yes,6,7
2018,2038,36,male,white,less than high school,9,west,separated,0,working full time,35,22782.5,working class,strong republican,conservative,trump,oppose,favor,should be legal,very happy,good,routine,can't be too careful,yes,not satisfied at all,20,,,protestant,never,no doubts,yes,inspired word,,,,,,,,,,,,,,,0,0
2018,2039,41,male,white,high school,10,west,divorced,0,"unemployed, laid off, looking for work",,,lower class,"independent (neither, no response)",don't know,,favor,oppose,,not too happy,poor,dull,,yes,not satisfied at all,,0,several times a month,none,never,"don't know, no way to find out",don't know,ancient book,no,not at all scientific,don't know,true,earth around sun,false,false,true,false,true,true,500 get the drug; 500 don't,no,yes,8,9
2018,2040,61,female,other,high school,12,west,divorced,4,working full time,50,47317.5,middle class,strong democrat,liberal,,,favor,should be legal,pretty happy,,,depends,,pretty well satisfied,1,2,never,other,several times a year,higher power,yes,inspired word,yes,sort of scientific,,,sun around earth,false,don't know,don't know,true,true,true,all 1000 get the drug,yes,no,3,7
2018,2041,71,male,white,graduate,19,west,married,1,working full time,64,70100,middle class,strong republican,extremely conservative,trump,favor,favor,,very happy,excellent,exciting,,no,pretty well satisfied,0,2,never,catholic,about once or twice a year,no doubts,yes,inspired word,yes,not at all scientific,true,don't know,earth around sun,false,false,false,false,true,true,500 get the drug; 500 don't,no,yes,7,9
2018,2042,53,male,white,graduate,20,west,married,0,working full time,40,47317.5,upper class,strong democrat,liberal,clinton,,oppose,should be legal,not too happy,,,most people can be trusted,,pretty well satisfied,30,0,several times a year,other,never,higher power,no,inspired word,no,not at all scientific,true,,earth around sun,false,false,true,false,true,true,all 1000 get the drug,no,yes,8,8
2018,2043,44,male,other,high school,12,west,divorced,2,working full time,43,22782.5,working class,"independent, close to democrat","moderate, middle of the road",clinton,favor,oppose,,pretty happy,excellent,exciting,,no,not satisfied at all,,3,several times a month,catholic,about once or twice a year,believe with doubts,yes,inspired word,no,sort of scientific,,,earth around sun,false,don't know,don't know,don't know,true,true,500 get the drug; 500 don't,no,don't know,4,7
2018,2044,50,male,other,associate/junior college,14,west,divorced,2,working full time,40,38555,middle class,"independent (neither, no response)","moderate, middle of the road",,favor,oppose,should not be legal,pretty happy,excellent,routine,can't be too careful,yes,pretty well satisfied,3,,,protestant,every week,no doubts,yes,word of god,,,,,,,,,,,,,,,0,0
2018,2045,75,male,white,less than high school,11,west,divorced,3,retired,,,middle class,not very strong democrat,liberal,clinton,,don't know,should be legal,not too happy,,,can't be too careful,,more or less satisfied,,9,never,other eastern religions,never,no doubts,yes,ancient book,,,,,,,,,,,,,,,0,0
2018,2046,69,female,other,high school,16,west,widowed,2,retired,,,middle class,not very strong republican,slightly conservative,trump,favor,favor,should be legal,not too happy,excellent,exciting,depends,no,not satisfied at all,,,,protestant,every week,no doubts,yes,word of god,,,,,,,,,,,,,,,0,0
2018,2047,63,female,white,bachelor's,18,west,married,3,keeping house,,,middle class,not very strong republican,conservative,trump,favor,favor,,pretty happy,fair,don't know,,yes,pretty well satisfied,,4,about once a year,protestant,about once or twice a year,believe with doubts,yes,inspired word,no,not at all scientific,,,earth around sun,false,false,true,false,true,true,500 get the drug; 500 don't,no,yes,7,7
2018,2048,80,female,other,high school,12,west,widowed,2,keeping house,,,working class,strong democrat,extremely liberal,clinton,,oppose,should be legal,pretty happy,,,most people can be trusted,,more or less satisfied,,6,once or twice a week,none,2-3 times a month,"don't know, no way to find out",don't know,inspired word,,,,,,,,,,,,,,,0,0
2018,2049,66,male,white,high school,12,west,married,3,working part time,24,3855.4999999999995,working class,"independent (neither, no response)","moderate, middle of the road",trump,favor,don't know,,very happy,good,exciting,,no,more or less satisfied,0,3,never,protestant,every week,no doubts,yes,word of god,no,not at all scientific,false,false,earth around sun,false,false,false,false,false,true,500 get the drug; 500 don't,don't know,yes,5,9
2018,2050,35,male,white,high school,12,west,separated,0,working full time,65,31544.999999999996,middle class,not very strong republican,conservative,trump,oppose,favor,,pretty happy,excellent,routine,,no,more or less satisfied,0,0,several times a year,none,never,higher power,no,ancient book,yes,sort of scientific,,,earth around sun,false,false,false,true,true,true,all 1000 get the drug,no,no,5,7
2018,2051,44,male,white,high school,12,west,married,0,working full time,46,31544.999999999996,working class,other party,slightly conservative,other candidate,oppose,don't know,should be legal,pretty happy,good,exciting,can't be too careful,no,more or less satisfied,1,,,protestant,every week,no doubts,yes,word of god,,,,,,,,,,,,,,,0,0
2018,2052,81,female,white,high school,12,west,widowed,6,retired,,,middle class,"independent, close to democrat",liberal,other candidate,favor,favor,,pretty happy,good,routine,,no,more or less satisfied,,3,never,none,never,no doubts,yes,inspired word,yes,sort of scientific,true,true,earth around sun,don't know,don't know,don't know,true,don't know,don't know,500 get the drug; 500 don't,no,yes,3,9
2018,2053,76,male,white,high school,14,west,married,4,retired,,,working class,strong republican,conservative,trump,oppose,favor,should not be legal,very happy,poor,exciting,most people can be trusted,no,pretty well satisfied,,,,protestant,every week,no doubts,yes,word of god,,,,,,,,,,,,,,,0,0
2018,2054,34,female,white,high school,12,west,married,2,keeping house,,,middle class,"independent (neither, no response)","moderate, middle of the road",,don't know,favor,should be legal,pretty happy,excellent,routine,can't be too careful,no,more or less satisfied,,,,none,never,believe with doubts,yes,inspired word,,,,,,,,,,,,,,,0,0
2018,2055,18,male,white,less than high school,8,west,never married,0,working full time,30,3154.5,lower class,strong republican,extremely conservative,,oppose,favor,,not too happy,fair,routine,,no,not satisfied at all,3,2,never,none,never,"don't know, no way to find out",don't know,ancient book,no,sort of scientific,don't know,don't know,earth around sun,false,false,true,true,true,true,500 get the drug; 500 don't,yes,yes,6,9
2018,2056,36,male,white,high school,12,west,never married,0,working full time,50,19277.5,working class,"independent, close to democrat",liberal,,favor,oppose,should be legal,not too happy,good,routine,can't be too careful,no,not satisfied at all,2,,,none,never,"don't know, no way to find out",no,ancient book,,,,,,,,,,,,,,,0,0
2018,2057,70,female,white,associate/junior college,14,west,divorced,1,retired,,,lower class,strong republican,conservative,trump,,favor,should not be legal,pretty happy,,,most people can be trusted,,not satisfied at all,,2,never,protestant,never,no doubts,yes,inspired word,,,,,,,,,,,,,,,0,0
2018,2058,41,female,white,less than high school,11,west,married,3,keeping house,,,lower class,"independent (neither, no response)","moderate, middle of the road",,favor,favor,should be legal,very happy,fair,routine,can't be too careful,no,not satisfied at all,,,,none,never,no doubts,yes,inspired word,,,,,,,,,,,,,,,0,0
2018,2059,34,female,white,high school,12,west,married,3,keeping house,,,working class,"independent, close to republican",extremely conservative,trump,,favor,don't know,pretty happy,,,can't be too careful,,not satisfied at all,,3,never,protestant,several times a week,no doubts,yes,word of god,no,not at all scientific,,,earth around sun,false,don't know,don't know,false,true,true,500 get the drug; 500 don't,no,yes,5,7
2018,2060,57,male,white,high school,12,west,divorced,0,keeping house,,,working class,not very strong republican,slightly conservative,,favor,favor,,very happy,good,routine,,no,pretty well satisfied,,7,never,none,never,"don't know, no way to find out",yes,inspired word,no,not at all scientific,true,true,earth around sun,don't know,false,true,don't know,true,true,all 1000 get the drug,no,yes,7,9
2018,2061,30,female,white,high school,14,west,never married,3,keeping house,,,lower class,"independent, close to democrat","moderate, middle of the road",,favor,favor,should be legal,pretty happy,poor,exciting,most people can be trusted,yes,more or less satisfied,,,,protestant,about once or twice a year,no doubts,no,inspired word,,,,,,,,,,,,,,,0,0
2018,2062,56,female,white,associate/junior college,14,west,separated,3,working full time,40,26287.5,working class,,"moderate, middle of the road",,,favor,don't know,pretty happy,,,can't be too careful,,not satisfied at all,0,3,never,,several times a year,believe with doubts,yes,inspired word,no,not at all scientific,,,sun around earth,true,false,false,false,true,true,500 get the drug; 500 don't,no,no,4,7
2018,2063,53,female,white,high school,12,west,never married,2,working full time,60,13143.75,working class,strong democrat,slightly conservative,,,oppose,,not too happy,good,exciting,,yes,more or less satisfied,5,1,never,catholic,about once or twice a year,believe with doubts,no,ancient book,yes,very scientific,,,earth around sun,true,true,true,false,true,false,500 get the drug; 500 don't,no,yes,4,7
2018,2064,54,female,white,bachelor's,18,west,married,3,working part time,3,3154.5,working class,not very strong republican,conservative,trump,,favor,should not be legal,very happy,,,most people can be trusted,,more or less satisfied,0,1,about once a year,catholic,every week,no doubts,yes,inspired word,,,,,,,,,,,,,,,0,0
2018,2065,70,female,white,high school,14,west,widowed,0,retired,,,middle class,,"moderate, middle of the road",trump,,favor,should be legal,very happy,,,can't be too careful,,more or less satisfied,,5,never,protestant,never,no doubts,yes,ancient book,yes,very scientific,,,earth around sun,false,true,true,false,true,don't know,500 get the drug; 500 don't,no,yes,5,7
2018,2066,37,male,other,high school,12,west,never married,0,working part time,20,2453.5,working class,"independent, close to republican","moderate, middle of the road",,favor,favor,should be legal,very happy,excellent,exciting,can't be too careful,no,more or less satisfied,0,,,none,about once a month,higher power,yes,inspired word,,,,,,,,,,,,,,,0,0
2018,2067,59,male,other,less than high school,9,west,married,6,retired,,,middle class,"independent, close to republican","moderate, middle of the road",,,favor,should be legal,very happy,,,can't be too careful,,more or less satisfied,,4,never,protestant,nearly every week,no doubts,yes,word of god,,,,,,,,,,,,,,,0,0
2018,2068,51,female,white,high school,10,west,separated,2,working full time,40,14896.249999999998,working class,"independent, close to democrat",extremely conservative,,,favor,should not be legal,pretty happy,,,can't be too careful,,more or less satisfied,0,2,never,protestant,2-3 times a month,higher power,no,word of god,no,very scientific,true,,earth around sun,true,don't know,true,true,true,true,all 1000 get the drug,no,no,5,8
2018,2069,52,female,white,associate/junior college,14,west,married,2,working full time,40,38555,middle class,"independent, close to republican","moderate, middle of the road",,favor,oppose,should be legal,not too happy,good,routine,can't be too careful,yes,not satisfied at all,15,,,protestant,less than once a year,no doubts,yes,inspired word,,,,,,,,,,,,,,,0,0
2018,2070,53,female,white,high school,15,west,divorced,3,keeping house,,,lower class,"independent, close to democrat",extremely conservative,trump,,favor,should be legal,not too happy,,,most people can be trusted,,not satisfied at all,,3,several times a year,protestant,about once a month,no doubts,yes,inspired word,,,,,,,,,,,,,,,0,0
2018,2071,60,female,white,high school,11,west,divorced,3,retired,,,lower class,"independent, close to republican",slightly conservative,don't know,oppose,favor,should be legal,pretty happy,fair,exciting,can't be too careful,yes,more or less satisfied,,,,protestant,never,no doubts,yes,ancient book,,,,,,,,,,,,,,,0,0
2018,2072,18,female,white,less than high school,11,west,never married,0,in school,,,working class,not very strong democrat,slightly liberal,,,favor,,pretty happy,,,can't be too careful,,more or less satisfied,,1,never,buddhism,never,higher power,yes,inspired word,no,not at all scientific,,,earth around sun,false,false,false,false,true,true,500 get the drug; 500 don't,no,yes,6,7
2018,2073,33,female,white,less than high school,9,west,married,3,keeping house,,,working class,"independent, close to democrat",extremely liberal,,favor,favor,,very happy,good,exciting,,no,more or less satisfied,,10,never,christian,about once a month,no doubts,yes,inspired word,no,not at all scientific,,,earth around sun,false,false,true,false,true,true,all 1000 get the drug,no,yes,7,7
2018,2074,22,male,white,high school,12,west,never married,0,working full time,50,13143.75,working class,"independent, close to republican",conservative,,,favor,should be legal,not too happy,,,can't be too careful,,not satisfied at all,0,10,once or twice a week,none,never,higher power,yes,ancient book,yes,not at all scientific,false,,earth around sun,true,false,false,false,true,false,500 get the drug; 500 don't,no,no,4,8
2018,2075,53,female,white,high school,12,west,divorced,6,working part time,32,7886.249999999999,working class,"independent, close to republican","moderate, middle of the road",clinton,favor,favor,,very happy,fair,exciting,,no,not satisfied at all,0,2,about once a year,catholic,about once or twice a year,believe with doubts,yes,inspired word,no,very scientific,,,earth around sun,false,false,false,false,true,true,all 1000 get the drug,no,yes,6,7
2018,2076,66,female,white,high school,12,west,widowed,2,retired,,22782.5,working class,not very strong democrat,slightly liberal,clinton,oppose,favor,should not be legal,very happy,good,routine,can't be too careful,yes,pretty well satisfied,,,,none,never,higher power,yes,inspired word,,,,,,,,,,,,,,,0,0
2018,2077,28,male,white,graduate,18,west,never married,0,working full time,48,38555,working class,"independent, close to democrat",slightly liberal,clinton,,oppose,should be legal,pretty happy,,,can't be too careful,,pretty well satisfied,3,3,once or twice a week,protestant,every week,no doubts,yes,word of god,,,,,,,,,,,,,,,0,0
2018,2078,27,female,white,high school,12,west,married,2,working full time,35,,working class,"independent (neither, no response)","moderate, middle of the road",,oppose,don't know,,pretty happy,good,routine,,no,more or less satisfied,0,3,about once a year,none,less than once a year,"don't know, no way to find out",yes,inspired word,no,not at all scientific,true,true,earth around sun,false,don't know,don't know,false,true,true,500 get the drug; 500 don't,no,yes,7,9
2018,2079,89,male,white,high school,12,west,widowed,2,retired,,,middle class,"independent (neither, no response)",don't know,trump,favor,favor,should not be legal,pretty happy,don't know,don't know,most people can be trusted,don't know,don't know,,,,none,several times a year,no doubts,yes,word of god,,,,,,,,,,,,,,,0,0
2018,2080,26,male,black,high school,12,west,married,2,working full time,89,16648.75,lower class,"independent, close to democrat",liberal,,,oppose,should be legal,very happy,,,can't be too careful,,more or less satisfied,1,4,several times a year,protestant,every week,no doubts,yes,inspired word,,,,,,,,,,,,,,,0,0
2018,2081,28,female,white,high school,14,west,married,0,working part time,13,7886.249999999999,working class,"independent (neither, no response)","moderate, middle of the road",trump,oppose,favor,,pretty happy,good,routine,,no,not satisfied at all,16,4,never,protestant,never,no doubts,yes,word of god,yes,not at all scientific,false,false,earth around sun,false,true,true,true,true,true,500 get the drug; 500 don't,no,yes,5,9
2018,2082,66,female,white,associate/junior college,14,west,married,2,working part time,21,9638.75,middle class,strong republican,conservative,trump,,favor,should be legal,pretty happy,,,most people can be trusted,,pretty well satisfied,5,2,about once a year,catholic,about once or twice a year,believe with doubts,yes,inspired word,no,not at all scientific,,,earth around sun,false,false,false,true,true,true,500 get the drug; 500 don't,no,yes,5,7
2018,2083,59,male,white,high school,14,west,married,2,working full time,40,14896.249999999998,middle class,other party,conservative,trump,favor,favor,,very happy,good,exciting,,no,pretty well satisfied,2,1,never,protestant,every week,no doubts,yes,inspired word,no,not at all scientific,,,earth around sun,false,false,don't know,don't know,true,true,500 get the drug; 500 don't,don't know,don't know,5,7
2018,2084,80,male,white,bachelor's,16,west,married,4,retired,,,middle class,strong republican,conservative,trump,,favor,should be legal,very happy,,,can't be too careful,,pretty well satisfied,,3,never,catholic,every week,no doubts,yes,inspired word,,,,,,,,,,,,,,,0,0
2018,2085,75,female,white,high school,12,west,married,3,working full time,38,,middle class,not very strong republican,conservative,trump,oppose,favor,,pretty happy,good,routine,,yes,pretty well satisfied,0,1,never,protestant,several times a year,no doubts,yes,inspired word,yes,not at all scientific,false,,sun around earth,false,don't know,true,false,true,true,500 get the drug; 500 don't,no,yes,5,8
2018,2086,73,female,white,high school,12,south,married,2,retired,,,working class,not very strong republican,"moderate, middle of the road",,,favor,should be legal,pretty happy,,,can't be too careful,,pretty well satisfied,,3,never,protestant,several times a year,believe with doubts,don't know,inspired word,yes,not at all scientific,false,,don't know,false,don't know,don't know,false,true,true,500 get the drug; 500 don't,no,yes,4,8
2018,2087,64,male,white,high school,12,south,married,5,working full time,40,26287.5,working class,not very strong republican,"moderate, middle of the road",other candidate,,favor,should not be legal,pretty happy,,,can't be too careful,,pretty well satisfied,0,1,never,protestant,nearly every week,no doubts,yes,word of god,,,,,,,,,,,,,,,0,0
2018,2088,36,male,other,associate/junior college,14,south,married,3,"with a job, but not at work because of temporary illness, vacation, strike",,47317.5,working class,strong republican,conservative,trump,favor,favor,should be legal,pretty happy,good,exciting,can't be too careful,no,pretty well satisfied,4,,,protestant,2-3 times a month,higher power,yes,inspired word,,,,,,,,,,,,,,,0,0
2018,2089,65,male,white,less than high school,8,south,married,0,retired,,,don't know,"independent, close to republican",conservative,trump,oppose,,,pretty happy,good,routine,,no,pretty well satisfied,,8,never,protestant,several times a week,no doubts,yes,word of god,no,not at all scientific,,,earth around sun,true,don't know,don't know,don't know,don't know,true,all 1000 get the drug,no,no,2,7
2018,2090,82,male,white,high school,12,south,widowed,3,retired,,,lower class,strong republican,liberal,trump,,favor,should not be legal,pretty happy,,,can't be too careful,,pretty well satisfied,,5,never,protestant,every week,no doubts,yes,word of god,,,,,,,,,,,,,,,0,0
2018,2091,29,female,white,high school,13,south,never married,1,"unemployed, laid off, looking for work",,6309,lower class,"independent, close to republican","moderate, middle of the road",,oppose,favor,should be legal,pretty happy,fair,routine,can't be too careful,no,not satisfied at all,,,,catholic,about once or twice a year,believe sometimes,no,inspired word,,,,,,,,,,,,,,,0,0
2018,2092,37,male,white,bachelor's,16,south,married,1,working full time,45,47317.5,middle class,strong democrat,slightly liberal,clinton,,favor,should be legal,pretty happy,,,most people can be trusted,,pretty well satisfied,5,2,about once a month,protestant,2-3 times a month,believe sometimes,yes,ancient book,,,,,,,,,,,,,,,0,0
2018,2093,39,male,white,bachelor's,17,south,married,4,working full time,65,57832.5,middle class,not very strong republican,"moderate, middle of the road",other candidate,oppose,favor,,pretty happy,good,exciting,,no,more or less satisfied,10,1,about once a month,none,never,don't believe,no,ancient book,yes,not at all scientific,true,true,earth around sun,false,false,true,false,true,true,500 get the drug; 500 don't,no,yes,9,9
2018,2094,40,female,white,associate/junior college,14,south,married,2,working full time,40,47317.5,working class,strong republican,conservative,don't know,oppose,oppose,should be legal,very happy,excellent,exciting,most people can be trusted,yes,pretty well satisfied,,,,protestant,every week,no doubts,yes,word of god,,,,,,,,,,,,,,,0,0
2018,2095,39,female,white,bachelor's,16,south,married,3,working part time,5,7886.249999999999,working class,not very strong democrat,"moderate, middle of the road",trump,,oppose,should be legal,not too happy,,,most people can be trusted,,more or less satisfied,,0,several times a year,catholic,every week,no doubts,yes,inspired word,yes,not at all scientific,,,sun around earth,false,false,true,false,true,true,500 get the drug; 500 don't,no,yes,6,7
2018,2096,63,female,white,high school,12,south,married,2,retired,,,working class,strong republican,conservative,trump,favor,favor,should be legal,pretty happy,fair,routine,can't be too careful,no,more or less satisfied,,,,protestant,never,no doubts,yes,word of god,,,,,,,,,,,,,,,0,0
2018,2097,39,female,white,high school,12,south,married,2,keeping house,,,working class,strong republican,slightly conservative,trump,don't know,favor,,pretty happy,good,routine,,yes,more or less satisfied,,1,never,protestant,every week,no doubts,yes,word of god,no,sort of scientific,false,false,earth around sun,true,true,true,true,don't know,true,500 get the drug; 500 don't,no,no,3,9
2018,2098,33,female,white,associate/junior college,14,south,never married,1,working full time,56,22782.5,working class,"independent, close to republican",slightly liberal,,oppose,favor,should be legal,pretty happy,excellent,routine,can't be too careful,no,more or less satisfied,,,,none,2-3 times a month,believe with doubts,yes,inspired word,,,,,,,,,,,,,,,0,0
2018,2099,57,female,white,high school,13,south,divorced,4,working full time,60,22782.5,working class,not very strong republican,slightly conservative,clinton,favor,favor,,pretty happy,excellent,exciting,,no,pretty well satisfied,0,2,never,protestant,about once a month,no doubts,yes,word of god,no,very scientific,,,earth around sun,false,true,true,false,true,true,500 get the drug; 500 don't,yes,no,6,7
2018,2100,44,female,white,associate/junior college,16,south,widowed,2,working full time,40,47317.5,middle class,"independent, close to democrat",slightly conservative,,favor,favor,should be legal,pretty happy,excellent,exciting,can't be too careful,no,pretty well satisfied,0,,,protestant,never,no doubts,yes,inspired word,,,,,,,,,,,,,,,0,0
2018,2101,43,female,white,associate/junior college,17,south,married,2,working full time,45,,middle class,not very strong republican,"moderate, middle of the road",,oppose,favor,,very happy,good,routine,,no,more or less satisfied,,4,about once a year,protestant,about once a month,no doubts,yes,word of god,no,not at all scientific,true,false,earth around sun,true,false,false,true,true,true,500 get the drug; 500 don't,yes,no,5,9
2018,2102,48,male,white,bachelor's,15,south,married,3,working full time,45,98140,middle class,"independent, close to republican",conservative,,favor,favor,should not be legal,very happy,excellent,exciting,depends,no,pretty well satisfied,,,,protestant,every week,no doubts,yes,word of god,,,,,,,,,,,,,,,0,0
2018,2103,27,male,white,high school,12,south,never married,0,working full time,48,38555,working class,"independent (neither, no response)","moderate, middle of the road",other candidate,oppose,favor,should be legal,pretty happy,good,exciting,depends,no,more or less satisfied,3,,,none,never,higher power,don't know,ancient book,,,,,,,,,,,,,,,0,0
2018,2104,59,female,white,high school,12,south,widowed,6,retired,,,working class,not very strong democrat,slightly liberal,clinton,favor,oppose,should be legal,pretty happy,good,routine,can't be too careful,no,more or less satisfied,,,,none,never,believe with doubts,yes,inspired word,,,,,,,,,,,,,,,0,0
2018,2105,46,male,other,high school,13,south,married,3,working full time,40,47317.5,middle class,"independent, close to democrat","moderate, middle of the road",trump,oppose,favor,,pretty happy,good,routine,,no,more or less satisfied,0,3,about once a month,protestant,never,believe with doubts,yes,inspired word,no,not at all scientific,,,earth around sun,false,false,true,false,true,true,500 get the drug; 500 don't,no,yes,7,7
2018,2106,51,male,white,associate/junior college,14,south,married,3,working full time,40,38555,working class,not very strong republican,slightly conservative,didn't vote for president,,favor,should not be legal,pretty happy,,,can't be too careful,,pretty well satisfied,,2,never,protestant,about once or twice a year,no doubts,yes,inspired word,,,,,,,,,,,,,,,0,0
2018,2107,63,male,white,bachelor's,16,south,married,2,working full time,40,47317.5,middle class,strong republican,"moderate, middle of the road",trump,oppose,don't know,should not be legal,very happy,excellent,exciting,most people can be trusted,yes,pretty well satisfied,0,,,none,never,no doubts,yes,word of god,,,,,,,,,,,,,,,0,0
2018,2108,76,female,white,high school,12,south,widowed,2,retired,,,middle class,strong republican,conservative,,oppose,oppose,,very happy,good,routine,,no,pretty well satisfied,,4,never,protestant,every week,no doubts,yes,word of god,no,not at all scientific,,,don't know,false,true,false,false,true,true,500 get the drug; 500 don't,yes,no,4,7
2018,2109,56,female,white,bachelor's,16,south,married,2,working full time,40,176200.14942,middle class,not very strong republican,conservative,trump,favor,favor,should not be legal,very happy,excellent,routine,can't be too careful,no,pretty well satisfied,0,,,protestant,2-3 times a month,no doubts,yes,inspired word,,,,,,,,,,,,,,,0,0
2018,2110,39,male,white,high school,13,south,married,4,working full time,30,22782.5,working class,not very strong republican,conservative,trump,oppose,favor,,very happy,excellent,exciting,,no,more or less satisfied,,3,never,protestant,every week,no doubts,yes,word of god,no,not at all scientific,false,false,sun around earth,true,don't know,true,true,true,true,500 get the drug; 500 don't,no,yes,3,9
2018,2111,34,female,white,associate/junior college,14,south,never married,3,working full time,45,9638.75,working class,"independent (neither, no response)","moderate, middle of the road",,oppose,favor,should be legal,pretty happy,fair,routine,can't be too careful,yes,not satisfied at all,0,,,none,never,no doubts,yes,inspired word,,,,,,,,,,,,,,,0,0
2018,2112,36,female,white,high school,12,south,married,2,working full time,35,9638.75,lower class,"independent (neither, no response)","moderate, middle of the road",,favor,favor,,pretty happy,good,routine,,yes,more or less satisfied,0,0,never,protestant,about once or twice a year,believe with doubts,yes,word of god,no,not at all scientific,,,earth around sun,false,true,don't know,true,true,true,don't know,no,yes,4,7
2018,2113,51,female,white,high school,12,south,never married,0,keeping house,,,middle class,"independent (neither, no response)","moderate, middle of the road",,,favor,should be legal,not too happy,,,can't be too careful,,pretty well satisfied,,7,never,catholic,never,no doubts,yes,word of god,yes,not at all scientific,,,don't know,true,don't know,don't know,true,true,don't know,500 get the drug; 500 don't,yes,no,1,7
2018,2114,62,male,white,bachelor's,20,south,widowed,1,retired,,,middle class,"independent (neither, no response)",liberal,clinton,favor,oppose,should be legal,pretty happy,good,exciting,depends,no,more or less satisfied,,,,buddhism,never,"don't know, no way to find out",yes,ancient book,,,,,,,,,,,,,,,0,0
2018,2115,75,female,black,high school,14,south,widowed,1,keeping house,,,middle class,not very strong democrat,"moderate, middle of the road",clinton,oppose,oppose,,very happy,good,routine,,yes,pretty well satisfied,,2,never,protestant,several times a week,no doubts,yes,word of god,yes,sort of scientific,,,earth around sun,false,true,don't know,true,true,don't know,500 get the drug; 500 don't,yes,no,3,7
2018,2116,68,male,white,high school,12,south,divorced,1,retired,,,lower class,not very strong republican,liberal,trump,,favor,should be legal,not too happy,,,can't be too careful,,not satisfied at all,,4,never,protestant,several times a week,no doubts,no,word of god,,,,,,,,,,,,,,,0,0
2018,2117,79,female,white,high school,10,south,widowed,4,retired,,,middle class,"independent (neither, no response)","moderate, middle of the road",don't know,,favor,should not be legal,very happy,,,can't be too careful,,pretty well satisfied,,3,never,protestant,every week,no doubts,yes,word of god,yes,not at all scientific,,,sun around earth,false,true,don't know,true,false,false,500 get the drug; 500 don't,no,yes,1,7
2018,2118,66,female,white,high school,14,south,divorced,2,retired,,,middle class,not very strong republican,conservative,clinton,,oppose,should not be legal,pretty happy,,,depends,,pretty well satisfied,,3,never,protestant,2-3 times a month,no doubts,yes,word of god,,,,,,,,,,,,,,,0,0
2018,2119,20,female,white,less than high school,10,south,married,1,keeping house,,,working class,"independent (neither, no response)","moderate, middle of the road",,oppose,favor,should be legal,not too happy,good,routine,can't be too careful,yes,pretty well satisfied,,,,protestant,2-3 times a month,higher power,yes,inspired word,,,,,,,,,,,,,,,0,0
2018,2120,74,female,white,high school,12,south,married,3,retired,,,middle class,"independent, close to republican",slightly conservative,trump,,favor,should not be legal,very happy,,,can't be too careful,,pretty well satisfied,,6,never,protestant,every week,no doubts,yes,word of god,no,not at all scientific,,,sun around earth,false,don't know,false,true,false,true,500 get the drug; 500 don't,no,yes,2,7
2018,2121,48,female,black,high school,14,south,separated,4,"with a job, but not at work because of temporary illness, vacation, strike",,19277.5,working class,not very strong democrat,"moderate, middle of the road",clinton,,favor,should be legal,not too happy,,,can't be too careful,,not satisfied at all,30,2,about once a year,protestant,every week,no doubts,don't know,inspired word,,,,,,,,,,,,,,,0,0
2018,2122,52,female,white,high school,13,south,married,2,working full time,40,,working class,not very strong republican,"moderate, middle of the road",trump,oppose,favor,should be legal,pretty happy,good,exciting,can't be too careful,no,more or less satisfied,2,,,protestant,several times a year,no doubts,yes,word of god,,,,,,,,,,,,,,,0,0
2018,2123,87,male,white,high school,14,south,widowed,4,retired,,,middle class,not very strong republican,conservative,trump,oppose,favor,should not be legal,pretty happy,good,routine,most people can be trusted,no,pretty well satisfied,,,,protestant,nearly every week,no doubts,yes,word of god,,,,,,,,,,,,,,,0,0
2018,2124,39,male,white,associate/junior college,14,south,married,3,working full time,40,19277.5,working class,"independent (neither, no response)",slightly conservative,,favor,oppose,should be legal,very happy,fair,routine,can't be too careful,no,more or less satisfied,0,,,protestant,several times a week,no doubts,yes,word of god,,,,,,,,,,,,,,,0,0
2018,2125,35,female,black,high school,14,south,married,3,working full time,,,working class,"independent, close to democrat","moderate, middle of the road",clinton,,oppose,should be legal,pretty happy,,,can't be too careful,,not satisfied at all,,1,never,protestant,several times a week,no doubts,yes,word of god,no,not at all scientific,,,earth around sun,don't know,true,true,true,don't know,true,500 get the drug; 500 don't,yes,no,3,7
2018,2126,30,female,white,high school,14,south,never married,0,working full time,40,,working class,not very strong republican,slightly conservative,trump,favor,oppose,should be legal,pretty happy,fair,exciting,can't be too careful,yes,more or less satisfied,0,,,protestant,2-3 times a month,no doubts,yes,inspired word,,,,,,,,,,,,,,,0,0
2018,2127,20,female,white,high school,13,south,never married,0,in school,,350.5,middle class,"independent, close to republican",slightly conservative,,oppose,favor,should be legal,pretty happy,good,exciting,can't be too careful,yes,pretty well satisfied,,,,protestant,every week,believe with doubts,yes,word of god,,,,,,,,,,,,,,,0,0
2018,2128,49,female,white,high school,12,south,married,0,working full time,40,31544.999999999996,middle class,not very strong republican,conservative,trump,,favor,should be legal,pretty happy,,,most people can be trusted,,more or less satisfied,3,5,about once a year,protestant,every week,no doubts,yes,inspired word,no,not at all scientific,true,,earth around sun,false,false,don't know,false,true,true,500 get the drug; 500 don't,no,yes,7,8
2018,2129,36,female,white,bachelor's,17,south,married,3,working full time,40,19277.5,working class,not very strong democrat,"moderate, middle of the road",clinton,favor,oppose,should not be legal,pretty happy,fair,exciting,can't be too careful,yes,not satisfied at all,0,,,catholic,every week,no doubts,don't know,inspired word,,,,,,,,,,,,,,,0,0
2018,2130,40,male,white,less than high school,7,south,married,2,working full time,60,31544.999999999996,working class,not very strong democrat,conservative,,,favor,should not be legal,very happy,,,can't be too careful,,more or less satisfied,0,1,about once a year,protestant,several times a week,no doubts,yes,word of god,no,not at all scientific,,,earth around sun,false,false,false,true,true,true,500 get the drug; 500 don't,no,yes,5,7
2018,2131,62,male,white,high school,12,south,married,2,retired,,70100,middle class,not very strong democrat,liberal,clinton,favor,favor,,pretty happy,fair,routine,,no,pretty well satisfied,,1,about once a month,catholic,several times a year,believe with doubts,yes,word of god,no,not at all scientific,,,earth around sun,true,false,true,false,true,true,all 1000 get the drug,no,yes,6,7
2018,2132,22,female,white,high school,12,south,never married,0,"unemployed, laid off, looking for work",,7886.249999999999,working class,strong republican,conservative,,,favor,should be legal,pretty happy,,,can't be too careful,,not satisfied at all,,4,never,none,never,higher power,yes,ancient book,,,,,,,,,,,,,,,0,0
2018,2133,38,female,white,graduate,20,south,married,2,working full time,50,31544.999999999996,working class,strong democrat,liberal,clinton,favor,oppose,,very happy,good,routine,,no,more or less satisfied,15,1,several times a year,protestant,2-3 times a month,no doubts,yes,inspired word,no,not at all scientific,false,false,earth around sun,false,don't know,true,false,true,true,500 get the drug; 500 don't,no,yes,6,9
2018,2134,59,male,white,graduate,16,south,married,3,working full time,45,47317.5,middle class,"independent, close to republican",extremely conservative,trump,oppose,favor,should be legal,very happy,excellent,exciting,depends,no,more or less satisfied,0,,,protestant,every week,no doubts,yes,inspired word,,,,,,,,,,,,,,,0,0
2018,2135,25,female,white,high school,15,south,married,0,working full time,30,14896.249999999998,working class,"independent, close to democrat","moderate, middle of the road",,,favor,should be legal,very happy,,,can't be too careful,,more or less satisfied,1,1,several times a year,none,about once or twice a year,believe with doubts,no,inspired word,yes,sort of scientific,false,,sun around earth,don't know,true,false,true,true,true,500 get the drug; 500 don't,yes,no,2,8
2018,2136,55,female,white,high school,12,south,married,2,keeping house,,,lower class,not very strong democrat,liberal,,favor,favor,,pretty happy,poor,dull,,yes,more or less satisfied,,3,never,protestant,about once or twice a year,believe with doubts,yes,word of god,no,not at all scientific,,,earth around sun,false,false,don't know,false,true,true,all 1000 get the drug,no,yes,6,7
2018,2137,37,female,white,high school,12,south,married,3,working full time,35,22782.5,working class,not very strong republican,"moderate, middle of the road",trump,favor,favor,should not be legal,very happy,poor,routine,can't be too careful,no,more or less satisfied,0,,,protestant,about once or twice a year,no doubts,yes,word of god,,,,,,,,,,,,,,,0,0
2018,2138,72,female,white,graduate,16,south,married,2,working part time,6,6309,upper class,strong republican,extremely conservative,trump,,favor,should not be legal,very happy,,,can't be too careful,,pretty well satisfied,0,5,never,protestant,several times a year,no doubts,yes,word of god,,,,,,,,,,,,,,,0,0
2018,2139,58,female,white,less than high school,9,south,married,5,working full time,40,,lower class,"independent (neither, no response)",liberal,,favor,favor,,very happy,excellent,exciting,,no,not satisfied at all,20,4,never,protestant,every week,no doubts,yes,word of god,no,sort of scientific,don't know,don't know,sun around earth,true,true,true,true,false,true,500 get the drug; 500 don't,no,no,2,9
2018,2140,65,female,white,high school,12,south,married,2,working part time,22,14896.249999999998,lower class,"independent, close to republican","moderate, middle of the road",,,favor,should not be legal,very happy,,,can't be too careful,,not satisfied at all,0,1,never,christian,never,no doubts,no,word of god,yes,very scientific,,,sun around earth,false,true,don't know,false,true,true,500 get the drug; 500 don't,no,no,4,7
2018,2141,46,female,white,high school,12,south,married,0,keeping house,,6309,working class,"independent, close to democrat",slightly conservative,,oppose,favor,should be legal,pretty happy,fair,routine,most people can be trusted,no,not satisfied at all,,,,protestant,never,no doubts,yes,word of god,,,,,,,,,,,,,,,0,0
2018,2142,50,female,white,high school,12,south,married,3,keeping house,,,working class,"independent (neither, no response)","moderate, middle of the road",,,favor,should be legal,pretty happy,,,can't be too careful,,more or less satisfied,,6,about once a year,none,never,believe sometimes,don't know,inspired word,,,,,,,,,,,,,,,0,0
2018,2143,85,male,white,high school,12,south,married,0,retired,,,middle class,not very strong republican,"moderate, middle of the road",trump,favor,favor,should not be legal,pretty happy,fair,exciting,depends,no,more or less satisfied,,,,protestant,several times a year,no doubts,yes,word of god,,,,,,,,,,,,,,,0,0
2018,2144,73,male,white,bachelor's,16,south,married,1,retired,,,working class,"independent, close to republican",extremely liberal,trump,oppose,favor,,pretty happy,fair,routine,,no,more or less satisfied,,2,never,protestant,never,no doubts,yes,inspired word,no,not at all scientific,,,earth around sun,false,false,true,false,true,true,500 get the drug; 500 don't,no,yes,7,7
2018,2145,89,male,white,high school,12,south,widowed,2,working part time,60,84120,working class,other party,conservative,trump,oppose,favor,should not be legal,pretty happy,good,exciting,can't be too careful,no,pretty well satisfied,0,,,protestant,every week,no doubts,yes,word of god,,,,,,,,,,,,,,,0,0
2018,2146,69,male,white,high school,14,south,widowed,0,retired,,,working class,strong democrat,"moderate, middle of the road",clinton,oppose,favor,should be legal,pretty happy,fair,routine,can't be too careful,no,more or less satisfied,,,,protestant,never,don't believe,,inspired word,,,,,,,,,,,,,,,0,0
2018,2147,71,male,white,high school,12,south,divorced,3,retired,,,middle class,not very strong democrat,liberal,clinton,,favor,should be legal,very happy,,,can't be too careful,,pretty well satisfied,,6,about once a year,protestant,never,believe with doubts,yes,inspired word,,,,,,,,,,,,,,,0,0
2018,2148,66,female,white,high school,12,south,married,1,keeping house,,,middle class,strong republican,extremely conservative,trump,oppose,favor,,very happy,excellent,routine,,no,pretty well satisfied,,8,never,protestant,several times a week,no doubts,yes,word of god,no,not at all scientific,false,false,earth around sun,false,don't know,don't know,false,false,true,500 get the drug; 500 don't,no,yes,4,9
2018,2149,19,male,white,less than high school,11,south,never married,0,in school,,,working class,strong republican,extremely conservative,,,don't know,should not be legal,pretty happy,,,can't be too careful,,more or less satisfied,,1,never,protestant,several times a week,no doubts,yes,word of god,no,sort of scientific,,,earth around sun,false,false,false,true,false,true,500 get the drug; 500 don't,no,yes,4,7
2018,2150,56,male,white,less than high school,6,south,married,3,other,,,lower class,"independent, close to republican",don't know,,favor,favor,,pretty happy,poor,exciting,,no,not satisfied at all,,4,never,none,never,no doubts,yes,word of god,no,don't know,,,earth around sun,false,false,true,true,true,don't know,don't know,don't know,don't know,5,7
2018,2151,46,male,white,less than high school,8,south,divorced,5,"with a job, but not at work because of temporary illness, vacation, strike",,22782.5,working class,"independent (neither, no response)","moderate, middle of the road",trump,,favor,should not be legal,not too happy,,,can't be too careful,,not satisfied at all,20,3,about once a month,none,about once or twice a year,no doubts,no,inspired word,,,,,,,,,,,,,,,0,0
2018,2152,49,female,white,high school,14,south,married,5,other,,,working class,not very strong republican,conservative,trump,,favor,should not be legal,pretty happy,,,can't be too careful,,more or less satisfied,,4,never,protestant,nearly every week,no doubts,yes,other (vol),,,,,,,,,,,,,,,0,0
2018,2153,34,female,white,high school,14,midwest,never married,7,working full time,40,19277.5,working class,"independent (neither, no response)",extremely liberal,,don't know,don't know,should be legal,pretty happy,fair,dull,can't be too careful,no,not satisfied at all,0,,,protestant,never,no doubts,don't know,other (vol),,,,,,,,,,,,,,,0,0
2018,2154,31,female,white,high school,14,midwest,married,1,working part time,13,,middle class,not very strong democrat,"moderate, middle of the road",,,favor,should be legal,pretty happy,,,can't be too careful,,pretty well satisfied,1,3,about once a month,catholic,about once or twice a year,higher power,don't know,inspired word,yes,sort of scientific,false,,earth around sun,false,true,false,true,true,true,500 get the drug; 500 don't,no,no,4,8
2018,2155,32,female,black,high school,12,midwest,never married,0,working full time,37,14896.249999999998,middle class,not very strong democrat,slightly conservative,clinton,,favor,should be legal,not too happy,,,can't be too careful,,not satisfied at all,10,7,several times a month,protestant,about once or twice a year,no doubts,yes,inspired word,,,,,,,,,,,,,,,0,0
2018,2156,26,male,white,bachelor's,17,midwest,never married,0,working full time,40,14896.249999999998,middle class,strong democrat,liberal,other candidate,favor,favor,,pretty happy,excellent,exciting,,no,pretty well satisfied,0,2,about once a month,none,never,higher power,don't know,ancient book,no,not at all scientific,true,true,earth around sun,false,false,true,false,true,true,500 get the drug; 500 don't,no,yes,9,9
2018,2157,53,male,white,high school,12,midwest,separated,8,working full time,70,176200.14942,middle class,strong democrat,"moderate, middle of the road",clinton,oppose,oppose,,pretty happy,excellent,routine,,no,not satisfied at all,2,2,about once a month,protestant,about once or twice a year,no doubts,yes,ancient book,yes,sort of scientific,,,earth around sun,false,false,true,false,false,true,500 get the drug; 500 don't,no,yes,6,7
2018,2158,49,male,white,high school,12,midwest,never married,0,working full time,30,,middle class,"independent (neither, no response)",don't know,trump,don't know,don't know,should be legal,don't know,don't know,exciting,can't be too careful,no,don't know,0,,,protestant,less than once a year,no doubts,yes,word of god,,,,,,,,,,,,,,,0,0
2018,2159,20,female,black,high school,13,midwest,never married,0,working full time,65,350.5,working class,"independent (neither, no response)","moderate, middle of the road",,oppose,favor,,pretty happy,fair,exciting,,no,not satisfied at all,2,2,about once a month,none,never,higher power,yes,other (vol),yes,very scientific,true,don't know,sun around earth,false,true,false,false,true,true,500 get the drug; 500 don't,no,yes,5,9
2018,2160,39,female,white,high school,12,midwest,divorced,2,working full time,80,31544.999999999996,working class,not very strong republican,slightly conservative,trump,oppose,oppose,should not be legal,pretty happy,good,routine,can't be too careful,no,more or less satisfied,5,,,protestant,2-3 times a month,no doubts,yes,inspired word,,,,,,,,,,,,,,,0,0
2018,2161,38,female,white,high school,12,midwest,married,2,working full time,70,38555,working class,"independent, close to democrat",liberal,,oppose,favor,,very happy,good,routine,,yes,more or less satisfied,0,1,never,none,never,"don't know, no way to find out",yes,ancient book,no,not at all scientific,,,sun around earth,false,don't know,don't know,true,true,true,all 1000 get the drug,no,yes,3,7
2018,2162,33,male,white,graduate,19,midwest,never married,0,working full time,50,57832.5,middle class,"independent, close to republican","moderate, middle of the road",trump,,favor,should be legal,not too happy,,,can't be too careful,,not satisfied at all,30,1,about once a month,catholic,several times a year,believe sometimes,yes,inspired word,,,,,,,,,,,,,,,0,0
2018,2163,63,male,white,high school,12,midwest,married,1,working part time,30,7886.249999999999,middle class,"independent, close to republican",conservative,trump,,favor,don't know,pretty happy,,,most people can be trusted,,not satisfied at all,0,2,never,protestant,about once or twice a year,believe with doubts,yes,inspired word,no,not at all scientific,,,earth around sun,false,false,false,false,true,true,500 get the drug; 500 don't,no,yes,6,7
2018,2164,82,male,white,less than high school,9,midwest,married,7,retired,,,middle class,"independent, close to democrat",slightly liberal,clinton,favor,oppose,,very happy,good,exciting,,no,more or less satisfied,,3,never,protestant,never,higher power,yes,word of god,no,not at all scientific,,,sun around earth,false,true,false,true,true,true,500 get the drug; 500 don't,no,yes,3,7
2018,2165,47,female,white,high school,12,midwest,never married,3,working full time,65,,working class,"independent, close to democrat","moderate, middle of the road",,oppose,favor,should be legal,not too happy,good,routine,can't be too careful,yes,not satisfied at all,2,,,protestant,several times a year,no doubts,yes,word of god,,,,,,,,,,,,,,,0,0
2018,2166,38,male,white,associate/junior college,14,midwest,married,2,working full time,45,,working class,not very strong republican,conservative,trump,favor,favor,,pretty happy,good,exciting,,no,not satisfied at all,0,2,never,protestant,every week,no doubts,yes,word of god,no,not at all scientific,false,false,earth around sun,true,false,true,true,true,true,500 get the drug; 500 don't,no,yes,5,9
2018,2167,25,male,black,high school,14,midwest,never married,1,working full time,64,19277.5,working class,not very strong democrat,"moderate, middle of the road",,favor,favor,,pretty happy,good,routine,,no,more or less satisfied,1,2,once or twice a week,protestant,every week,believe with doubts,yes,word of god,no,very scientific,,,earth around sun,true,don't know,true,true,true,true,all 1000 get the drug,yes,yes,4,7
2018,2168,55,female,black,less than high school,9,midwest,never married,1,working full time,34,31544.999999999996,working class,"independent, close to republican",extremely conservative,,,favor,should not be legal,very happy,,,can't be too careful,,pretty well satisfied,0,1,never,protestant,about once or twice a year,believe with doubts,yes,inspired word,,,,,,,,,,,,,,,0,0
2018,2169,55,female,other,high school,10,midwest,married,3,working full time,40,22782.5,middle class,"independent, close to republican",extremely conservative,trump,favor,favor,should be legal,very happy,good,exciting,can't be too careful,yes,pretty well satisfied,0,,,catholic,nearly every week,no doubts,yes,word of god,,,,,,,,,,,,,,,0,0
2018,2170,74,female,white,bachelor's,16,midwest,never married,0,retired,,,working class,"independent, close to republican",conservative,trump,oppose,oppose,,pretty happy,good,exciting,,no,pretty well satisfied,,3,never,protestant,never,no doubts,yes,word of god,no,not at all scientific,,,earth around sun,false,true,true,false,don't know,true,500 get the drug; 500 don't,no,yes,5,7
2018,2171,77,male,white,high school,12,midwest,married,3,retired,,,middle class,strong republican,slightly conservative,trump,favor,favor,,very happy,excellent,exciting,,no,pretty well satisfied,,5,about once a year,protestant,every week,believe with doubts,yes,inspired word,yes,not at all scientific,don't know,true,earth around sun,false,don't know,don't know,true,true,true,500 get the drug; 500 don't,no,no,5,9
2018,2172,61,female,white,high school,12,midwest,widowed,4,working full time,50,350.5,working class,strong democrat,"moderate, middle of the road",trump,favor,favor,,very happy,good,exciting,,no,pretty well satisfied,5,2,several times a month,catholic,every week,no doubts,yes,inspired word,yes,sort of scientific,,,earth around sun,false,true,don't know,false,true,true,500 get the drug; 500 don't,no,yes,5,7
2018,2173,29,male,white,high school,12,midwest,never married,1,working full time,40,70100,working class,strong republican,conservative,trump,oppose,favor,should be legal,pretty happy,good,routine,can't be too careful,yes,pretty well satisfied,15,,,protestant,nearly every week,no doubts,don't know,inspired word,,,,,,,,,,,,,,,0,0
2018,2174,29,female,white,high school,12,midwest,married,2,working full time,45,9638.75,working class,"independent (neither, no response)","moderate, middle of the road",,favor,favor,,pretty happy,good,exciting,,no,not satisfied at all,0,1,about once a month,none,several times a year,higher power,yes,ancient book,yes,not at all scientific,true,true,earth around sun,true,false,true,true,true,true,500 get the drug; 500 don't,no,yes,7,9
2018,2175,31,female,other,high school,12,midwest,never married,3,working full time,40,31544.999999999996,working class,not very strong democrat,"moderate, middle of the road",,,oppose,should not be legal,pretty happy,,,most people can be trusted,,more or less satisfied,0,0,never,native american,every week,no doubts,yes,ancient book,yes,sort of scientific,,,earth around sun,false,true,don't know,true,true,true,500 get the drug; 500 don't,no,no,4,7
2018,2176,37,female,white,high school,12,midwest,divorced,2,working full time,47,13143.75,working class,strong democrat,"moderate, middle of the road",,favor,favor,should be legal,pretty happy,fair,routine,can't be too careful,no,more or less satisfied,0,,,protestant,2-3 times a month,no doubts,yes,word of god,,,,,,,,,,,,,,,0,0
2018,2177,74,male,white,high school,12,midwest,divorced,4,retired,,,middle class,strong republican,"moderate, middle of the road",trump,,favor,should not be legal,pretty happy,,,most people can be trusted,,more or less satisfied,,5,once or twice a week,protestant,2-3 times a month,no doubts,yes,word of god,,,,,,,,,,,,,,,0,0
2018,2178,80,female,white,associate/junior college,14,midwest,widowed,4,working part time,24,9638.75,middle class,strong democrat,conservative,trump,favor,don't know,,not too happy,good,exciting,,no,more or less satisfied,,4,never,protestant,every week,no doubts,yes,word of god,yes,sort of scientific,false,false,earth around sun,false,don't know,true,false,true,true,all 1000 get the drug,no,yes,6,9
2018,2179,78,female,white,high school,12,midwest,widowed,6,retired,,,lower class,not very strong democrat,slightly liberal,trump,oppose,oppose,should not be legal,pretty happy,good,routine,most people can be trusted,no,pretty well satisfied,,,,protestant,every week,no doubts,yes,word of god,,,,,,,,,,,,,,,0,0
2018,2180,59,male,white,high school,12,midwest,married,2,retired,,,working class,not very strong republican,"moderate, middle of the road",,favor,oppose,should be legal,very happy,fair,exciting,can't be too careful,no,more or less satisfied,,,,protestant,less than once a year,no doubts,yes,word of god,,,,,,,,,,,,,,,0,0
2018,2181,39,female,white,high school,12,midwest,married,3,working part time,30,6309,working class,not very strong democrat,slightly liberal,trump,,favor,should be legal,pretty happy,,,can't be too careful,,more or less satisfied,7,1,never,protestant,2-3 times a month,believe with doubts,yes,inspired word,yes,not at all scientific,false,,earth around sun,don't know,don't know,true,false,true,true,500 get the drug; 500 don't,no,yes,5,8
2018,2182,59,male,white,high school,12,midwest,divorced,2,retired,,,lower class,strong republican,"moderate, middle of the road",trump,,favor,should not be legal,pretty happy,,,depends,,more or less satisfied,,5,about once a month,protestant,never,no doubts,no,word of god,no,not at all scientific,,,earth around sun,false,don't know,don't know,true,don't know,true,500 get the drug; 500 don't,no,no,3,7
2018,2183,52,male,white,high school,12,midwest,married,3,working full time,50,98140,middle class,strong republican,slightly conservative,trump,,favor,should not be legal,pretty happy,,,can't be too careful,,more or less satisfied,0,1,several times a year,protestant,several times a year,believe with doubts,yes,inspired word,,,,,,,,,,,,,,,0,0
2018,2184,44,female,white,bachelor's,16,midwest,married,7,keeping house,,,middle class,not very strong republican,conservative,trump,favor,oppose,,pretty happy,excellent,exciting,,no,more or less satisfied,,1,about once a year,protestant,every week,believe with doubts,yes,word of god,no,not at all scientific,false,false,earth around sun,false,false,true,false,true,true,500 get the drug; 500 don't,no,yes,7,9
2018,2185,36,female,white,high school,12,midwest,never married,1,working full time,36,22782.5,working class,"independent (neither, no response)",slightly liberal,,,oppose,should be legal,pretty happy,,,can't be too careful,,pretty well satisfied,0,2,about once a month,protestant,never,believe with doubts,yes,word of god,no,sort of scientific,true,,earth around sun,false,false,true,true,don't know,true,500 get the drug; 500 don't,don't know,don't know,6,8
2018,2186,83,male,white,high school,12,midwest,married,3,retired,,,lower class,strong democrat,extremely liberal,clinton,favor,oppose,,very happy,fair,routine,,no,not satisfied at all,,4,several times a month,none,never,no doubts,don't know,inspired word,no,sort of scientific,,,earth around sun,false,false,don't know,true,true,true,500 get the drug; 500 don't,no,yes,5,7
2018,2187,47,female,white,high school,12,midwest,divorced,0,working full time,40,31544.999999999996,working class,"independent (neither, no response)","moderate, middle of the road",trump,favor,favor,,very happy,fair,exciting,,no,not satisfied at all,2,1,about once a month,protestant,about once a month,believe with doubts,yes,word of god,yes,sort of scientific,false,false,earth around sun,false,false,true,false,true,true,500 get the drug; 500 don't,no,yes,7,9
2018,2188,65,male,white,high school,12,midwest,married,3,working part time,60,9638.75,middle class,"independent, close to democrat",slightly conservative,clinton,,favor,should not be legal,pretty happy,,,can't be too careful,,more or less satisfied,0,3,never,protestant,less than once a year,higher power,no,inspired word,no,not at all scientific,,,earth around sun,false,false,true,false,true,true,500 get the drug; 500 don't,yes,yes,7,7
2018,2189,37,male,white,high school,12,midwest,married,2,working full time,60,,working class,"independent (neither, no response)",slightly conservative,,favor,favor,,pretty happy,fair,routine,,no,more or less satisfied,20,2,several times a month,catholic,never,no doubts,yes,inspired word,no,not at all scientific,don't know,don't know,earth around sun,don't know,don't know,don't know,true,true,true,all 1000 get the drug,no,yes,3,9
2018,2190,56,female,white,bachelor's,16,midwest,married,2,working full time,30,47317.5,middle class,"independent, close to democrat",liberal,clinton,,oppose,should not be legal,pretty happy,,,most people can be trusted,,pretty well satisfied,2,1,about once a year,protestant,about once a month,believe sometimes,yes,ancient book,no,not at all scientific,true,,earth around sun,false,don't know,true,false,true,true,500 get the drug; 500 don't,no,yes,7,8
2018,2191,40,male,white,high school,12,midwest,married,1,working full time,1,31544.999999999996,working class,strong republican,conservative,trump,oppose,favor,,very happy,excellent,routine,,no,more or less satisfied,0,2,about once a year,catholic,several times a year,no doubts,don't know,inspired word,no,sort of scientific,true,don't know,earth around sun,don't know,true,don't know,false,don't know,true,500 get the drug; 500 don't,yes,yes,4,9
2018,2192,39,male,white,graduate,16,midwest,married,2,working full time,40,57832.5,middle class,strong democrat,liberal,clinton,favor,oppose,should be legal,very happy,good,routine,most people can be trusted,yes,pretty well satisfied,0,,,protestant,2-3 times a month,believe with doubts,yes,inspired word,,,,,,,,,,,,,,,0,0
2018,2193,30,female,white,bachelor's,19,midwest,never married,0,working full time,40,9638.75,lower class,"independent (neither, no response)","moderate, middle of the road",,favor,,,pretty happy,good,routine,,yes,not satisfied at all,7,,about once a year,protestant,less than once a year,no doubts,yes,inspired word,no,sort of scientific,,,earth around sun,true,true,don't know,false,true,true,500 get the drug; 500 don't,don't know,yes,4,7
2018,2194,29,male,other,graduate,15,midwest,never married,0,in school,,,working class,"independent (neither, no response)","moderate, middle of the road",,favor,favor,should not be legal,very happy,good,exciting,can't be too careful,no,pretty well satisfied,,,,muslim/islam,every week,believe with doubts,yes,ancient book,,,,,,,,,,,,,,,0,0
2018,2195,24,female,other,high school,12,midwest,never married,0,working part time,16,1402,middle class,"independent (neither, no response)",conservative,,favor,favor,,pretty happy,good,routine,,no,pretty well satisfied,0,2,never,none,less than once a year,don't believe,no,inspired word,no,sort of scientific,true,true,earth around sun,don't know,don't know,true,don't know,true,true,500 get the drug; 500 don't,no,yes,6,9
2018,2196,59,female,white,high school,12,midwest,separated,3,other,,,working class,"independent (neither, no response)","moderate, middle of the road",,,favor,should be legal,pretty happy,,,can't be too careful,,not satisfied at all,,12,never,protestant,about once or twice a year,higher power,yes,inspired word,no,not at all scientific,,,earth around sun,false,false,false,false,don't know,false,don't know,don't know,no,4,7
2018,2197,44,male,white,high school,14,midwest,married,3,working full time,55,,middle class,other party,slightly conservative,,,favor,should not be legal,very happy,,,can't be too careful,,more or less satisfied,2,1,several times a year,protestant,less than once a year,believe with doubts,yes,inspired word,no,not at all scientific,true,,earth around sun,false,true,false,false,true,true,500 get the drug; 500 don't,no,yes,6,8
2018,2198,59,male,black,bachelor's,16,midwest,divorced,1,retired,,26287.5,middle class,strong democrat,slightly liberal,other candidate,favor,favor,,not too happy,fair,don't know,,no,not satisfied at all,,2,several times a year,christian,about once or twice a year,higher power,yes,inspired word,yes,sort of scientific,,,earth around sun,false,false,true,false,true,true,all 1000 get the drug,no,yes,7,7
2018,2199,39,male,white,graduate,18,midwest,never married,0,working full time,40,26287.5,middle class,"independent, close to democrat",extremely liberal,clinton,favor,oppose,should be legal,pretty happy,good,routine,can't be too careful,no,more or less satisfied,10,,,none,never,"don't know, no way to find out",no,ancient book,,,,,,,,,,,,,,,0,0
2018,2200,72,female,white,high school,14,midwest,divorced,1,retired,,,lower class,"independent, close to republican","moderate, middle of the road",trump,,favor,should not be legal,not too happy,,,can't be too careful,,not satisfied at all,,16,never,catholic,don't know,no doubts,yes,word of god,,,,,,,,,,,,,,,0,0
2018,2201,56,female,white,high school,10,midwest,divorced,2,working full time,38,3154.5,working class,not very strong republican,"moderate, middle of the road",trump,oppose,oppose,,pretty happy,good,routine,,no,not satisfied at all,3,14,never,protestant,about once or twice a year,no doubts,yes,word of god,no,not at all scientific,false,false,sun around earth,true,true,don't know,false,false,true,500 get the drug; 500 don't,no,yes,2,9
2018,2202,36,female,white,high school,14,midwest,divorced,3,working full time,40,,working class,not very strong democrat,"moderate, middle of the road",trump,,favor,should be legal,pretty happy,,,don't know,,more or less satisfied,3,2,several times a year,catholic,less than once a year,believe with doubts,yes,inspired word,yes,not at all scientific,,,earth around sun,false,don't know,don't know,false,true,true,500 get the drug; 500 don't,no,yes,5,7
2018,2203,82,male,white,high school,12,midwest,married,3,retired,,,lower class,strong democrat,liberal,clinton,,oppose,should not be legal,very happy,,,can't be too careful,,more or less satisfied,,5,never,protestant,never,no doubts,no,word of god,,,,,,,,,,,,,,,0,0
2018,2204,35,female,white,high school,13,midwest,never married,3,working part time,25,,working class,"independent (neither, no response)","moderate, middle of the road",,oppose,favor,should be legal,pretty happy,good,exciting,can't be too careful,yes,more or less satisfied,15,,,none,never,no doubts,yes,ancient book,,,,,,,,,,,,,,,0,0
2018,2205,37,male,white,associate/junior college,15,midwest,married,2,working full time,40,,working class,"independent, close to republican","moderate, middle of the road",,,favor,don't know,pretty happy,,,can't be too careful,,more or less satisfied,0,2,several times a year,protestant,less than once a year,believe with doubts,yes,inspired word,no,sort of scientific,true,,earth around sun,false,don't know,false,true,true,true,500 get the drug; 500 don't,no,yes,5,8
2018,2206,62,male,white,high school,12,midwest,married,1,working full time,50,47317.5,middle class,"independent (neither, no response)","moderate, middle of the road",other candidate,oppose,favor,,not too happy,good,routine,,no,not satisfied at all,3,1,several times a year,catholic,several times a year,believe with doubts,yes,inspired word,yes,sort of scientific,,,earth around sun,false,false,don't know,don't know,true,true,500 get the drug; 500 don't,no,yes,5,7
2018,2207,33,female,white,graduate,20,midwest,married,1,working full time,50,31544.999999999996,working class,not very strong republican,slightly conservative,,favor,oppose,should be legal,pretty happy,good,exciting,can't be too careful,no,not satisfied at all,0,,,protestant,about once a month,no doubts,yes,inspired word,,,,,,,,,,,,,,,0,0
2018,2208,25,male,white,high school,12,midwest,never married,0,working part time,8,,lower class,strong republican,conservative,trump,,favor,should be legal,pretty happy,,,most people can be trusted,,pretty well satisfied,3,0,about once a month,protestant,never,no doubts,yes,inspired word,,,,,,,,,,,,,,,0,0
2018,2209,40,female,white,associate/junior college,16,midwest,married,0,working part time,36,13143.75,middle class,"independent (neither, no response)","moderate, middle of the road",other candidate,don't know,favor,,very happy,good,exciting,,no,more or less satisfied,0,4,once or twice a week,protestant,never,no doubts,yes,inspired word,no,not at all scientific,true,true,don't know,false,false,true,true,true,true,500 get the drug; 500 don't,no,yes,7,9
2018,2210,63,female,white,associate/junior college,14,midwest,divorced,1,retired,,,middle class,"independent, close to republican",slightly conservative,trump,oppose,oppose,should not be legal,not too happy,fair,routine,can't be too careful,yes,not satisfied at all,,,,protestant,less than once a year,no doubts,yes,inspired word,,,,,,,,,,,,,,,0,0
2018,2211,50,female,white,graduate,20,midwest,married,2,working full time,45,47317.5,working class,not very strong democrat,"moderate, middle of the road",trump,favor,oppose,should be legal,pretty happy,excellent,routine,can't be too careful,no,not satisfied at all,5,,,catholic,2-3 times a month,no doubts,yes,inspired word,,,,,,,,,,,,,,,0,0
2018,2212,71,male,white,high school,14,midwest,married,0,retired,,,middle class,strong republican,conservative,trump,,favor,should be legal,very happy,,,most people can be trusted,,pretty well satisfied,,3,once or twice a week,protestant,never,"don't know, no way to find out",yes,inspired word,,,,,,,,,,,,,,,0,0
2018,2213,77,male,white,less than high school,8,midwest,widowed,3,retired,,,don't know,not very strong republican,extremely liberal,trump,favor,oppose,,very happy,fair,exciting,,no,more or less satisfied,,5,never,protestant,never,higher power,yes,word of god,no,very scientific,false,true,sun around earth,true,false,false,false,false,true,don't know,yes,yes,4,9
2018,2214,33,male,white,high school,12,midwest,never married,0,"unemployed, laid off, looking for work",,,lower class,"independent, close to democrat","moderate, middle of the road",,favor,favor,should be legal,not too happy,fair,dull,can't be too careful,no,not satisfied at all,,,,protestant,less than once a year,no doubts,yes,ancient book,,,,,,,,,,,,,,,0,0
2018,2215,54,male,white,high school,12,midwest,never married,0,keeping house,,,working class,strong republican,conservative,trump,,favor,should not be legal,very happy,,,most people can be trusted,,more or less satisfied,,3,never,protestant,several times a year,higher power,yes,inspired word,no,not at all scientific,false,,earth around sun,false,false,don't know,false,true,true,all 1000 get the drug,no,yes,6,8
2018,2216,41,male,white,high school,12,midwest,married,4,keeping house,,,working class,not very strong democrat,slightly conservative,,,favor,should be legal,very happy,,,can't be too careful,,pretty well satisfied,,2,never,protestant,never,no doubts,yes,inspired word,,,,,,,,,,,,,,,0,0
2018,2217,51,male,white,bachelor's,17,midwest,married,2,working full time,40,57832.5,middle class,not very strong democrat,conservative,don't know,favor,favor,,not too happy,good,routine,,no,more or less satisfied,10,3,several times a year,protestant,about once a month,no doubts,yes,inspired word,no,not at all scientific,false,don't know,earth around sun,false,don't know,don't know,false,don't know,true,500 get the drug; 500 don't,no,yes,4,9
2018,2218,42,female,white,high school,12,midwest,never married,0,working full time,55,6309,lower class,,"moderate, middle of the road",,favor,favor,should be legal,pretty happy,good,routine,can't be too careful,no,more or less satisfied,0,,,none,never,higher power,yes,inspired word,,,,,,,,,,,,,,,0,0
2018,2219,73,male,white,high school,13,midwest,married,3,retired,,,working class,"independent (neither, no response)",slightly conservative,trump,favor,favor,,pretty happy,good,exciting,,no,more or less satisfied,,3,never,catholic,every week,believe with doubts,yes,inspired word,no,not at all scientific,,,sun around earth,false,true,don't know,true,true,true,all 1000 get the drug,no,don't know,3,7
2018,2220,23,male,white,high school,12,midwest,never married,0,"unemployed, laid off, looking for work",,,working class,"independent, close to democrat",slightly liberal,,,oppose,should be legal,pretty happy,,,can't be too careful,,more or less satisfied,,2,about once a month,protestant,never,believe with doubts,yes,inspired word,,,,,,,,,,,,,,,0,0
2018,2221,57,male,white,high school,12,midwest,never married,0,retired,,,lower class,"independent (neither, no response)",slightly conservative,,favor,oppose,,pretty happy,poor,dull,,no,pretty well satisfied,,24,once or twice a week,protestant,never,no doubts,yes,word of god,no,not at all scientific,false,false,earth around sun,false,false,true,false,false,true,500 get the drug; 500 don't,no,yes,6,9
2018,2222,65,male,white,bachelor's,19,midwest,,8,in school,,,working class,other party,extremely liberal,clinton,favor,oppose,should be legal,very happy,fair,exciting,most people can be trusted,no,more or less satisfied,,,,catholic,several times a week,no doubts,don't know,ancient book,,,,,,,,,,,,,,,0,0
2018,2223,58,male,other,less than high school,2,midwest,married,6,working full time,50,,working class,"independent (neither, no response)",slightly liberal,,,don't know,should not be legal,pretty happy,,,can't be too careful,,more or less satisfied,0,0,never,catholic,about once or twice a year,no doubts,no,inspired word,no,sort of scientific,true,,earth around sun,true,true,true,true,true,true,,yes,yes,5,8
2018,2224,59,male,white,high school,13,midwest,divorced,0,working full time,44,31544.999999999996,middle class,"independent, close to republican",slightly conservative,,favor,favor,,pretty happy,good,routine,,no,not satisfied at all,0,3,about once a year,protestant,about once or twice a year,"don't know, no way to find out",no,ancient book,no,not at all scientific,,,earth around sun,false,false,true,false,true,true,all 1000 get the drug,no,yes,7,7
2018,2225,27,female,white,graduate,18,midwest,married,0,working full time,40,,working class,not very strong republican,slightly conservative,,favor,don't know,,pretty happy,good,exciting,,no,pretty well satisfied,3,1,about once a month,protestant,about once or twice a year,believe with doubts,yes,inspired word,no,sort of scientific,true,false,sun around earth,false,false,true,true,true,true,500 get the drug; 500 don't,no,yes,6,9
2018,2226,29,male,white,bachelor's,16,midwest,never married,0,working full time,42,26287.5,working class,"independent, close to democrat","moderate, middle of the road",,favor,favor,should be legal,pretty happy,good,routine,can't be too careful,no,more or less satisfied,2,,,none,about once or twice a year,higher power,yes,ancient book,,,,,,,,,,,,,,,0,0
2018,2227,32,female,white,high school,12,midwest,married,3,working full time,45,19277.5,middle class,"independent, close to republican",slightly conservative,don't know,oppose,favor,,very happy,fair,routine,,no,more or less satisfied,5,1,several times a year,catholic,about once a month,believe with doubts,yes,inspired word,yes,not at all scientific,,,sun around earth,false,don't know,true,true,true,true,500 get the drug; 500 don't,no,yes,4,7
2018,2228,32,male,white,less than high school,11,midwest,never married,1,working full time,40,26287.5,working class,"independent, close to republican","moderate, middle of the road",,favor,favor,should be legal,very happy,good,routine,most people can be trusted,no,more or less satisfied,1,,,none,never,don't believe,no,ancient book,,,,,,,,,,,,,,,0,0
2018,2229,27,male,other,high school,13,midwest,never married,0,working full time,40,19277.5,working class,not very strong democrat,slightly liberal,,,oppose,should not be legal,pretty happy,,,can't be too careful,,more or less satisfied,0,3,once or twice a week,protestant,about once a month,"don't know, no way to find out",no,ancient book,,,,,,,,,,,,,,,0,0
2018,2230,40,female,white,high school,12,midwest,married,0,working full time,37,16648.75,working class,"independent, close to democrat","moderate, middle of the road",,favor,favor,,pretty happy,good,routine,,no,pretty well satisfied,5,2,several times a month,protestant,never,higher power,don't know,inspired word,yes,not at all scientific,false,true,earth around sun,false,don't know,false,false,true,true,500 get the drug; 500 don't,no,yes,6,9
2018,2231,30,female,white,bachelor's,17,midwest,married,2,keeping house,,,working class,"independent, close to republican","moderate, middle of the road",don't know,favor,favor,should be legal,very happy,excellent,exciting,most people can be trusted,no,more or less satisfied,,,,other,about once a month,no doubts,no,ancient book,,,,,,,,,,,,,,,0,0
2018,2232,68,female,white,associate/junior college,14,midwest,never married,0,retired,,,working class,strong democrat,slightly liberal,clinton,oppose,favor,should not be legal,not too happy,good,routine,can't be too careful,no,more or less satisfied,,,,none,never,"don't know, no way to find out",yes,ancient book,,,,,,,,,,,,,,,0,0
2018,2233,47,female,white,bachelor's,17,south,divorced,1,working full time,40,11391.25,working class,"independent (neither, no response)",slightly liberal,trump,,don't know,should be legal,not too happy,,,can't be too careful,,pretty well satisfied,2,2,never,protestant,less than once a year,believe sometimes,yes,inspired word,yes,sort of scientific,true,,earth around sun,false,false,true,false,true,true,500 get the drug; 500 don't,no,yes,8,8
2018,2234,51,male,white,less than high school,9,south,never married,0,working part time,3,,middle class,strong democrat,"moderate, middle of the road",,oppose,oppose,should not be legal,pretty happy,fair,dull,can't be too careful,no,more or less satisfied,15,,,catholic,about once or twice a year,no doubts,yes,word of god,,,,,,,,,,,,,,,0,0
2018,2235,56,female,white,less than high school,11,south,married,3,working full time,55,19277.5,working class,"independent (neither, no response)",don't know,,favor,favor,don't know,very happy,poor,exciting,can't be too careful,yes,not satisfied at all,0,,,protestant,never,believe with doubts,yes,inspired word,,,,,,,,,,,,,,,0,0
2018,2236,70,male,white,high school,10,south,divorced,2,working part time,72,,lower class,strong republican,extremely conservative,trump,,favor,should be legal,pretty happy,,,can't be too careful,,more or less satisfied,0,1,never,protestant,nearly every week,no doubts,yes,word of god,no,not at all scientific,,,earth around sun,false,false,false,true,true,true,500 get the drug; 500 don't,no,no,5,7
2018,2237,80,male,other,high school,13,south,married,6,retired,,,working class,strong democrat,liberal,clinton,favor,favor,,not too happy,poor,dull,,no,more or less satisfied,,4,never,protestant,never,believe with doubts,yes,word of god,no,very scientific,,,earth around sun,false,don't know,true,true,true,true,500 get the drug; 500 don't,no,yes,5,7
2018,2238,53,female,white,less than high school,8,south,married,2,working part time,32,,working class,not very strong democrat,"moderate, middle of the road",clinton,favor,oppose,should be legal,not too happy,fair,routine,can't be too careful,yes,not satisfied at all,15,,,none,never,higher power,don't know,ancient book,,,,,,,,,,,,,,,0,0
2018,2239,79,male,white,high school,12,south,divorced,4,retired,,,lower class,not very strong republican,slightly conservative,trump,,favor,should not be legal,pretty happy,,,can't be too careful,,pretty well satisfied,,2,never,protestant,several times a week,no doubts,yes,word of god,,,,,,,,,,,,,,,0,0
2018,2240,57,female,white,high school,12,south,married,2,working full time,40,22782.5,working class,not very strong democrat,slightly liberal,trump,favor,don't know,,very happy,good,exciting,,yes,pretty well satisfied,0,2,about once a year,protestant,about once or twice a year,no doubts,yes,word of god,no,sort of scientific,true,don't know,sun around earth,false,true,don't know,true,true,true,all 1000 get the drug,no,no,4,9
2018,2241,59,female,white,high school,10,south,widowed,3,other,,,lower class,"independent, close to republican",liberal,,favor,favor,should be legal,not too happy,poor,dull,can't be too careful,no,more or less satisfied,,,,protestant,every week,no doubts,yes,word of god,,,,,,,,,,,,,,,0,0
2018,2242,61,female,white,less than high school,12,midwest,married,2,working part time,30,9638.75,working class,not very strong republican,slightly conservative,trump,oppose,favor,,pretty happy,good,routine,,yes,not satisfied at all,5,3,never,protestant,several times a year,no doubts,yes,word of god,no,not at all scientific,,,don't know,false,don't know,don't know,false,true,false,500 get the drug; 500 don't,no,yes,3,7
2018,2243,45,male,white,high school,12,midwest,divorced,2,working full time,70,,working class,"independent, close to republican","moderate, middle of the road",trump,,favor,should not be legal,pretty happy,,,can't be too careful,,more or less satisfied,0,1,about once a month,protestant,nearly every week,no doubts,yes,word of god,,,,,,,,,,,,,,,0,0
2018,2244,66,male,white,high school,12,midwest,divorced,2,retired,,,lower class,not very strong democrat,slightly liberal,clinton,oppose,favor,,pretty happy,poor,dull,,no,not satisfied at all,,0,never,protestant,never,no doubts,yes,word of god,no,very scientific,don't know,don't know,earth around sun,true,false,true,false,true,true,,don't know,yes,6,9
2018,2245,55,female,white,high school,12,midwest,divorced,2,working full time,50,2453.5,working class,not very strong democrat,slightly liberal,trump,oppose,favor,,pretty happy,good,routine,,yes,not satisfied at all,0,0,never,protestant,never,no doubts,yes,word of god,yes,not at all scientific,,,sun around earth,false,false,true,true,true,true,500 get the drug; 500 don't,no,yes,5,7
2018,2246,60,female,white,high school,12,midwest,married,2,retired,,,working class,strong republican,conservative,trump,favor,favor,should be legal,very happy,good,routine,can't be too careful,yes,more or less satisfied,,,,protestant,every week,no doubts,yes,word of god,,,,,,,,,,,,,,,0,0
2018,2247,79,female,white,high school,12,midwest,widowed,3,retired,,,working class,not very strong republican,conservative,trump,oppose,don't know,,pretty happy,good,routine,,yes,more or less satisfied,,4,never,protestant,several times a week,no doubts,yes,word of god,no,not at all scientific,false,false,earth around sun,true,true,true,true,true,true,500 get the drug; 500 don't,no,no,4,9
2018,2248,55,male,white,high school,12,midwest,married,4,working full time,40,84120,middle class,not very strong democrat,"moderate, middle of the road",trump,favor,favor,should be legal,very happy,fair,routine,can't be too careful,no,pretty well satisfied,0,,,none,never,"don't know, no way to find out",no,inspired word,,,,,,,,,,,,,,,0,0
2018,2249,48,female,white,high school,14,midwest,married,2,working full time,40,11391.25,working class,"independent (neither, no response)",slightly conservative,,,favor,don't know,pretty happy,,,can't be too careful,,not satisfied at all,10,3,about once a year,none,never,no doubts,yes,inspired word,no,sort of scientific,true,,sun around earth,false,false,false,true,true,true,all 1000 get the drug,no,no,5,8
2018,2250,56,female,white,associate/junior college,14,midwest,divorced,2,working full time,40,31544.999999999996,working class,strong democrat,slightly conservative,clinton,favor,favor,,pretty happy,excellent,routine,,no,pretty well satisfied,0,3,never,protestant,nearly every week,no doubts,yes,word of god,yes,not at all scientific,,,earth around sun,false,false,false,false,true,false,500 get the drug; 500 don't,no,yes,5,7
2018,2251,66,male,white,high school,12,midwest,married,2,retired,,,working class,strong democrat,conservative,clinton,favor,favor,should not be legal,pretty happy,good,exciting,most people can be trusted,no,pretty well satisfied,,,,protestant,never,no doubts,yes,word of god,,,,,,,,,,,,,,,0,0
2018,2252,30,female,white,graduate,19,midwest,married,2,"with a job, but not at work because of temporary illness, vacation, strike",,38555,middle class,not very strong republican,"moderate, middle of the road",,favor,don't know,,very happy,good,exciting,,yes,pretty well satisfied,5,1,several times a year,catholic,every week,no doubts,yes,inspired word,no,sort of scientific,false,false,earth around sun,false,don't know,false,false,true,true,500 get the drug; 500 don't,no,yes,5,9
2018,2253,21,female,white,high school,12,midwest,never married,1,working full time,44,,working class,"independent (neither, no response)","moderate, middle of the road",,oppose,favor,,very happy,good,exciting,,no,pretty well satisfied,0,10,never,none,never,no doubts,yes,inspired word,yes,sort of scientific,true,true,earth around sun,false,true,don't know,false,true,true,all 1000 get the drug,no,no,7,9
2018,2254,29,male,white,high school,12,midwest,divorced,1,working full time,60,7886.249999999999,working class,strong republican,extremely conservative,trump,oppose,favor,should be legal,pretty happy,good,exciting,can't be too careful,no,pretty well satisfied,0,,,protestant,never,no doubts,yes,inspired word,,,,,,,,,,,,,,,0,0
2018,2255,81,female,white,high school,12,midwest,married,3,keeping house,,,middle class,not very strong republican,"moderate, middle of the road",trump,,favor,should not be legal,pretty happy,,,can't be too careful,,pretty well satisfied,,8,never,protestant,about once or twice a year,no doubts,yes,word of god,yes,sort of scientific,true,,sun around earth,true,true,true,false,true,true,all 1000 get the drug,no,no,5,8
2018,2256,57,female,white,high school,12,midwest,divorced,2,working full time,40,26287.5,working class,"independent, close to democrat","moderate, middle of the road",clinton,favor,favor,,pretty happy,fair,dull,,yes,not satisfied at all,5,4,never,none,about once or twice a year,believe with doubts,yes,word of god,no,very scientific,,,sun around earth,false,true,don't know,true,don't know,don't know,all 1000 get the drug,no,yes,1,7
2018,2257,37,male,white,high school,12,midwest,divorced,3,working full time,48,7886.249999999999,working class,not very strong republican,conservative,,,favor,should be legal,very happy,,,can't be too careful,,more or less satisfied,15,2,never,protestant,about once or twice a year,no doubts,yes,inspired word,,,,,,,,,,,,,,,0,0
2018,2258,77,male,white,less than high school,8,midwest,married,6,retired,,,working class,strong democrat,slightly liberal,trump,oppose,favor,,very happy,fair,exciting,,no,more or less satisfied,,3,never,protestant,never,no doubts,yes,inspired word,no,don't know,false,don't know,don't know,don't know,don't know,don't know,true,don't know,don't know,500 get the drug; 500 don't,don't know,don't know,0,9
2018,2259,67,male,black,less than high school,10,south,separated,2,retired,,,,strong democrat,don't know,clinton,favor,favor,should not be legal,don't know,excellent,don't know,can't be too careful,yes,pretty well satisfied,,,,none,less than once a year,no doubts,yes,ancient book,,,,,,,,,,,,,,,0,0
2018,2260,34,female,other,less than high school,3,south,married,4,working full time,40,13143.75,lower class,"independent (neither, no response)",extremely liberal,,,oppose,should not be legal,very happy,,,can't be too careful,,more or less satisfied,0,1,never,protestant,every week,no doubts,no,word of god,no,not at all scientific,,,earth around sun,true,true,don't know,true,true,true,don't know,yes,yes,3,7
2018,2261,24,female,black,bachelor's,16,south,never married,0,working full time,40,22782.5,middle class,"independent, close to democrat",slightly liberal,clinton,oppose,oppose,should be legal,not too happy,fair,exciting,can't be too careful,yes,not satisfied at all,4,,,protestant,nearly every week,no doubts,yes,inspired word,,,,,,,,,,,,,,,0,0
2018,2262,21,female,other,high school,16,south,never married,0,working full time,40,16648.75,middle class,"independent (neither, no response)","moderate, middle of the road",,favor,favor,,very happy,good,exciting,,no,pretty well satisfied,0,7,once or twice a week,protestant,2-3 times a month,no doubts,yes,inspired word,no,sort of scientific,true,true,sun around earth,true,true,false,false,true,true,500 get the drug; 500 don't,no,no,5,9
2018,2263,30,male,other,less than high school,6,south,never married,3,working full time,35,3855.4999999999995,middle class,"independent, close to democrat",extremely liberal,,don't know,oppose,should be legal,not too happy,fair,dull,can't be too careful,yes,more or less satisfied,0,,,catholic,about once a month,no doubts,yes,word of god,,,,,,,,,,,,,,,0,0
2018,2264,28,female,black,associate/junior college,13,south,never married,2,"unemployed, laid off, looking for work",,,lower class,not very strong republican,slightly conservative,clinton,favor,oppose,,very happy,fair,exciting,,yes,more or less satisfied,,5,about once a month,protestant,every week,no doubts,don't know,inspired word,no,sort of scientific,,,earth around sun,don't know,true,don't know,true,true,true,500 get the drug; 500 don't,no,no,3,7
2018,2265,22,female,black,high school,14,south,never married,0,"unemployed, laid off, looking for work",,,working class,strong democrat,slightly liberal,,favor,favor,don't know,pretty happy,good,routine,can't be too careful,no,more or less satisfied,,,,protestant,several times a year,believe with doubts,yes,inspired word,,,,,,,,,,,,,,,0,0
2018,2266,84,male,black,less than high school,4,south,married,7,retired,,,middle class,strong democrat,slightly liberal,clinton,,favor,should not be legal,pretty happy,,,can't be too careful,,not satisfied at all,,2,never,protestant,every week,no doubts,yes,word of god,,,,,,,,,,,,,,,0,0
2018,2267,65,male,white,high school,12,south,married,1,working full time,40,,working class,"independent, close to republican",extremely conservative,trump,oppose,favor,should be legal,very happy,good,exciting,most people can be trusted,no,pretty well satisfied,0,,,protestant,several times a week,no doubts,yes,word of god,,,,,,,,,,,,,,,0,0
2018,2268,74,male,white,high school,12,south,married,2,retired,,,lower class,strong republican,conservative,,,favor,should not be legal,pretty happy,,,most people can be trusted,,not satisfied at all,,3,never,protestant,every week,no doubts,yes,word of god,no,not at all scientific,false,,earth around sun,false,true,false,false,true,true,all 1000 get the drug,no,yes,5,8
2018,2269,89,female,white,high school,12,south,never married,0,retired,,,lower class,"independent (neither, no response)",don't know,,favor,oppose,,pretty happy,poor,routine,,no,not satisfied at all,,5,never,protestant,several times a year,no doubts,yes,word of god,no,not at all scientific,,,earth around sun,don't know,false,true,false,true,true,all 1000 get the drug,no,yes,6,7
2018,2270,46,male,black,high school,12,south,divorced,4,working full time,40,57832.5,working class,strong democrat,slightly liberal,clinton,favor,favor,should not be legal,not too happy,good,exciting,can't be too careful,yes,not satisfied at all,0,,,protestant,about once a month,no doubts,yes,inspired word,,,,,,,,,,,,,,,0,0
2018,2271,74,female,white,less than high school,8,south,widowed,5,keeping house,,,lower class,"independent, close to democrat",conservative,,,favor,should not be legal,not too happy,,,can't be too careful,,pretty well satisfied,,2,never,protestant,never,no doubts,yes,word of god,,,,,,,,,,,,,,,0,0
2018,2272,34,female,white,less than high school,11,south,married,3,working full time,37,6309,working class,"independent (neither, no response)","moderate, middle of the road",,favor,oppose,,very happy,good,exciting,,yes,pretty well satisfied,0,5,about once a year,protestant,several times a week,no doubts,yes,word of god,yes,sort of scientific,,,earth around sun,false,don't know,false,true,true,true,500 get the drug; 500 don't,no,yes,4,7
2018,2273,34,female,black,associate/junior college,14,south,married,3,working full time,57,31544.999999999996,working class,strong democrat,liberal,clinton,oppose,favor,should not be legal,pretty happy,fair,routine,can't be too careful,yes,pretty well satisfied,0,,,none,never,no doubts,yes,word of god,,,,,,,,,,,,,,,0,0
2018,2274,64,female,black,less than high school,10,south,widowed,4,other,,,working class,not very strong democrat,liberal,clinton,favor,oppose,should be legal,not too happy,fair,dull,can't be too careful,no,more or less satisfied,,,,protestant,several times a year,no doubts,yes,word of god,,,,,,,,,,,,,,,0,0
2018,2275,40,female,white,associate/junior college,15,south,married,5,working full time,45,31544.999999999996,working class,not very strong republican,conservative,trump,,favor,should not be legal,pretty happy,,,can't be too careful,,more or less satisfied,15,0,never,protestant,less than once a year,no doubts,yes,inspired word,yes,sort of scientific,false,,sun around earth,true,true,don't know,false,true,true,all 1000 get the drug,no,no,3,8
2018,2276,56,male,black,associate/junior college,14,south,married,2,working full time,50,1402,middle class,"independent, close to democrat","moderate, middle of the road",,oppose,favor,should not be legal,pretty happy,fair,routine,can't be too careful,no,pretty well satisfied,2,,,protestant,2-3 times a month,believe with doubts,yes,word of god,,,,,,,,,,,,,,,0,0
2018,2277,26,female,black,high school,14,south,never married,3,"unemployed, laid off, looking for work",,,lower class,not very strong republican,"moderate, middle of the road",,oppose,oppose,should not be legal,not too happy,fair,exciting,can't be too careful,yes,not satisfied at all,,,,protestant,2-3 times a month,no doubts,no,word of god,,,,,,,,,,,,,,,0,0
2018,2278,64,male,white,high school,13,south,divorced,2,other,,,working class,"independent, close to republican",extremely conservative,trump,,favor,should not be legal,very happy,,,can't be too careful,,pretty well satisfied,,2,never,protestant,about once a month,no doubts,yes,inspired word,no,sort of scientific,true,,earth around sun,false,false,false,true,true,true,500 get the drug; 500 don't,no,no,6,8
2018,2279,68,female,white,graduate,17,south,never married,0,working part time,16,9638.75,working class,strong republican,conservative,trump,oppose,favor,should not be legal,pretty happy,good,exciting,most people can be trusted,no,pretty well satisfied,0,,,catholic,every week,no doubts,yes,inspired word,,,,,,,,,,,,,,,0,0
2018,2280,30,female,white,high school,12,south,married,1,working full time,60,19277.5,working class,,slightly conservative,,,favor,should not be legal,very happy,,,can't be too careful,,pretty well satisfied,0,2,never,protestant,never,don't believe,yes,word of god,,,,,,,,,,,,,,,0,0
2018,2281,41,female,white,high school,12,south,widowed,3,keeping house,,,working class,"independent (neither, no response)",conservative,trump,,favor,should not be legal,very happy,,,can't be too careful,,more or less satisfied,,3,never,protestant,every week,no doubts,yes,inspired word,yes,not at all scientific,,,earth around sun,false,don't know,don't know,false,true,true,500 get the drug; 500 don't,no,yes,5,7
2018,2282,22,male,black,high school,12,south,never married,2,keeping house,,,middle class,"independent (neither, no response)",don't know,,favor,don't know,don't know,not too happy,excellent,routine,depends,no,more or less satisfied,,,,,several times a year,,,,,,,,,,,,,,,,,,0,0
2018,2283,66,female,white,high school,11,south,divorced,1,keeping house,,,lower class,not very strong democrat,slightly liberal,clinton,,favor,should not be legal,pretty happy,,,can't be too careful,,not satisfied at all,,5,never,protestant,every week,no doubts,yes,word of god,,,,,,,,,,,,,,,0,0
2018,2284,35,female,white,high school,12,south,married,6,working full time,40,16648.75,working class,"independent (neither, no response)",don't know,,favor,favor,,very happy,excellent,exciting,,yes,more or less satisfied,0,1,never,protestant,every week,no doubts,yes,word of god,no,not at all scientific,false,false,sun around earth,false,don't know,false,false,true,true,500 get the drug; 500 don't,yes,no,4,9
2018,2285,43,male,white,less than high school,9,south,married,3,keeping house,,,working class,not very strong republican,"moderate, middle of the road",,favor,favor,should be legal,pretty happy,fair,dull,can't be too careful,no,more or less satisfied,,,,protestant,several times a year,no doubts,yes,word of god,,,,,,,,,,,,,,,0,0
2018,2286,48,female,white,high school,12,south,married,2,working full time,47,26287.5,working class,"independent (neither, no response)","moderate, middle of the road",trump,,favor,should be legal,very happy,,,most people can be trusted,,more or less satisfied,8,2,about once a year,protestant,2-3 times a month,no doubts,yes,word of god,yes,not at all scientific,,,sun around earth,false,true,true,true,true,true,500 get the drug; 500 don't,no,yes,4,7
2018,2287,34,male,other,less than high school,6,south,never married,4,working full time,43,14896.249999999998,working class,strong democrat,liberal,,favor,oppose,,pretty happy,excellent,exciting,,no,pretty well satisfied,0,1,never,catholic,2-3 times a month,no doubts,yes,word of god,yes,very scientific,false,false,sun around earth,true,false,false,true,false,false,all 1000 get the drug,yes,no,1,9
2018,2288,60,male,white,high school,10,south,married,1,other,,,working class,not very strong republican,conservative,trump,favor,favor,should be legal,not too happy,poor,dull,can't be too careful,no,not satisfied at all,,,,protestant,every week,no doubts,yes,word of god,,,,,,,,,,,,,,,0,0
2018,2289,52,female,white,less than high school,11,south,divorced,0,keeping house,,,lower class,strong democrat,extremely conservative,,,favor,should be legal,pretty happy,,,can't be too careful,,pretty well satisfied,,7,never,protestant,never,no doubts,yes,word of god,no,not at all scientific,don't know,,sun around earth,don't know,true,don't know,true,don't know,true,500 get the drug; 500 don't,no,no,1,8
2018,2290,37,female,black,high school,11,south,never married,4,"unemployed, laid off, looking for work",,,lower class,"independent (neither, no response)","moderate, middle of the road",clinton,favor,oppose,,pretty happy,good,exciting,,yes,more or less satisfied,,3,never,other,less than once a year,no doubts,yes,word of god,yes,sort of scientific,false,false,earth around sun,false,true,don't know,true,true,true,500 get the drug; 500 don't,yes,yes,4,9
2018,2291,25,female,black,less than high school,11,south,never married,1,keeping house,,,middle class,"independent (neither, no response)",extremely liberal,,favor,oppose,should be legal,not too happy,good,exciting,can't be too careful,no,pretty well satisfied,,,,protestant,2-3 times a month,believe sometimes,yes,word of god,,,,,,,,,,,,,,,0,0
2018,2292,41,female,black,high school,10,south,never married,3,working full time,40,,middle class,not very strong democrat,"moderate, middle of the road",clinton,,favor,should be legal,pretty happy,,,most people can be trusted,,pretty well satisfied,1,1,never,protestant,several times a year,no doubts,yes,ancient book,yes,sort of scientific,,,sun around earth,true,true,don't know,false,don't know,don't know,all 1000 get the drug,no,no,1,7
2018,2293,41,male,black,high school,12,south,never married,2,working full time,55,350.5,working class,not very strong democrat,extremely liberal,,favor,don't know,,very happy,excellent,exciting,,no,not satisfied at all,0,2,never,protestant,every week,no doubts,yes,word of god,no,not at all scientific,,,earth around sun,don't know,don't know,don't know,true,don't know,don't know,500 get the drug; 500 don't,yes,yes,1,7
2018,2294,77,female,black,less than high school,9,south,widowed,7,retired,,,middle class,strong democrat,extremely liberal,clinton,,oppose,should be legal,very happy,,,can't be too careful,,more or less satisfied,,3,never,protestant,2-3 times a month,no doubts,yes,word of god,,,,,,,,,,,,,,,0,0
2018,2295,23,female,black,high school,13,south,never married,1,working part time,33,1402,working class,"independent, close to republican",extremely conservative,,favor,favor,,pretty happy,good,exciting,,no,more or less satisfied,30,3,about once a year,protestant,2-3 times a month,no doubts,yes,inspired word,no,sort of scientific,true,true,earth around sun,false,true,false,true,true,true,500 get the drug; 500 don't,no,no,6,9
2018,2296,53,female,black,high school,12,south,never married,2,retired,,,working class,strong democrat,slightly conservative,clinton,favor,oppose,,pretty happy,fair,routine,,no,not satisfied at all,,8,about once a year,protestant,every week,no doubts,yes,word of god,yes,very scientific,,,sun around earth,true,false,true,true,false,true,all 1000 get the drug,no,yes,3,7
2018,2297,30,male,black,high school,10,south,never married,1,working full time,48,19277.5,working class,"independent, close to democrat","moderate, middle of the road",,favor,favor,should be legal,not too happy,good,routine,can't be too careful,no,more or less satisfied,7,,,protestant,about once or twice a year,believe with doubts,yes,ancient book,,,,,,,,,,,,,,,0,0
2018,2298,21,female,black,high school,13,south,never married,0,working full time,42,2453.5,working class,strong democrat,liberal,don't know,favor,favor,,pretty happy,excellent,exciting,,yes,pretty well satisfied,2,0,never,protestant,several times a year,no doubts,yes,inspired word,yes,sort of scientific,don't know,true,earth around sun,true,false,true,true,true,true,500 get the drug; 500 don't,no,no,6,9
2018,2299,75,male,black,less than high school,6,south,separated,3,"unemployed, laid off, looking for work",,,working class,"independent (neither, no response)",don't know,,favor,favor,should be legal,not too happy,fair,exciting,can't be too careful,yes,more or less satisfied,,,,none,less than once a year,no doubts,don't know,word of god,,,,,,,,,,,,,,,0,0
2018,2300,77,male,black,high school,12,south,married,3,retired,,,working class,not very strong democrat,extremely conservative,clinton,favor,favor,,very happy,fair,exciting,,no,more or less satisfied,,6,never,protestant,every week,no doubts,no,inspired word,no,not at all scientific,,,sun around earth,false,false,don't know,don't know,true,true,all 1000 get the drug,no,no,4,7
2018,2301,68,male,black,less than high school,10,south,married,7,keeping house,,,lower class,strong democrat,liberal,clinton,oppose,oppose,should be legal,very happy,good,exciting,can't be too careful,no,more or less satisfied,,,,protestant,every week,no doubts,yes,word of god,,,,,,,,,,,,,,,0,0
2018,2302,28,female,black,high school,12,south,married,2,working full time,40,14896.249999999998,working class,strong democrat,"moderate, middle of the road",,favor,favor,,pretty happy,good,routine,,yes,more or less satisfied,14,4,several times a month,protestant,2-3 times a month,no doubts,yes,word of god,yes,sort of scientific,,,sun around earth,false,false,false,true,don't know,don't know,500 get the drug; 500 don't,no,yes,2,7
2018,2303,20,female,black,high school,12,south,never married,0,"unemployed, laid off, looking for work",,,working class,"independent, close to republican","moderate, middle of the road",,favor,oppose,should be legal,not too happy,excellent,routine,can't be too careful,yes,pretty well satisfied,,,,protestant,about once or twice a year,no doubts,yes,word of god,,,,,,,,,,,,,,,0,0
2018,2304,66,male,white,less than high school,6,south,divorced,5,retired,,350.5,working class,not very strong republican,don't know,,,favor,should not be legal,pretty happy,,,can't be too careful,,pretty well satisfied,,7,several times a year,protestant,never,no doubts,yes,word of god,,,,,,,,,,,,,,,0,0
2018,2305,52,male,black,less than high school,10,south,divorced,6,keeping house,,57832.5,working class,not very strong democrat,"moderate, middle of the road",,oppose,oppose,,pretty happy,fair,exciting,,no,pretty well satisfied,,1,about once a year,none,2-3 times a month,no doubts,yes,word of god,no,sort of scientific,false,false,earth around sun,don't know,false,don't know,true,false,don't know,all 1000 get the drug,yes,yes,2,9
2018,2306,40,male,white,high school,12,south,married,0,working full time,45,22782.5,working class,other party,liberal,,favor,favor,should be legal,pretty happy,good,exciting,can't be too careful,no,more or less satisfied,2,,,none,never,don't believe,no,ancient book,,,,,,,,,,,,,,,0,0
2018,2307,31,female,black,high school,12,south,married,0,keeping house,,,lower class,"independent (neither, no response)",conservative,,favor,favor,should not be legal,pretty happy,good,exciting,can't be too careful,yes,pretty well satisfied,,,,muslim/islam,every week,no doubts,yes,inspired word,,,,,,,,,,,,,,,0,0
2018,2308,32,male,black,high school,12,south,never married,0,working full time,46,14896.249999999998,working class,"independent, close to republican",slightly liberal,clinton,,don't know,don't know,pretty happy,,,can't be too careful,,more or less satisfied,3,3,once or twice a week,protestant,2-3 times a month,no doubts,no,word of god,no,not at all scientific,false,,sun around earth,false,false,don't know,true,true,true,all 1000 get the drug,yes,no,4,8
2018,2309,53,female,black,high school,9,south,never married,1,other,,,working class,not very strong democrat,liberal,don't know,oppose,favor,,pretty happy,poor,exciting,,no,not satisfied at all,,2,never,none,about once a month,believe sometimes,yes,ancient book,yes,not at all scientific,,,earth around sun,don't know,false,don't know,true,true,don't know,500 get the drug; 500 don't,no,no,3,7
2018,2310,78,male,black,high school,14,south,separated,2,retired,,,middle class,"independent, close to democrat",conservative,,oppose,oppose,should not be legal,not too happy,good,exciting,can't be too careful,no,pretty well satisfied,,,,protestant,2-3 times a month,no doubts,yes,inspired word,,,,,,,,,,,,,,,0,0
2018,2311,54,male,white,high school,13,south,married,2,retired,,22782.5,middle class,not very strong republican,"moderate, middle of the road",trump,,favor,should be legal,pretty happy,,,can't be too careful,,more or less satisfied,,3,never,protestant,about once or twice a year,believe sometimes,no,inspired word,,,,,,,,,,,,,,,0,0
2018,2312,25,female,white,high school,14,south,never married,1,in school,,6309,lower class,not very strong republican,slightly conservative,,favor,favor,,pretty happy,good,routine,,no,not satisfied at all,,0,about once a year,protestant,every week,no doubts,yes,word of god,yes,not at all scientific,false,false,earth around sun,false,don't know,true,false,true,true,500 get the drug; 500 don't,no,yes,6,9
2018,2313,53,female,white,less than high school,8,south,married,4,keeping house,,16648.75,middle class,"independent (neither, no response)","moderate, middle of the road",,oppose,oppose,,very happy,good,exciting,,yes,pretty well satisfied,,2,never,protestant,every week,no doubts,yes,inspired word,no,not at all scientific,,,sun around earth,false,don't know,false,true,true,true,don't know,no,no,3,7
2018,2314,54,female,white,high school,12,south,divorced,0,other,,,lower class,"independent, close to republican","moderate, middle of the road",trump,favor,favor,should be legal,pretty happy,fair,routine,can't be too careful,no,not satisfied at all,,,,protestant,never,believe with doubts,yes,inspired word,,,,,,,,,,,,,,,0,0
2018,2315,26,male,white,high school,12,south,never married,0,working full time,50,26287.5,working class,other party,conservative,trump,,oppose,should not be legal,very happy,,,most people can be trusted,,pretty well satisfied,0,1,about once a month,none,several times a week,no doubts,yes,word of god,no,sort of scientific,,,earth around sun,false,don't know,false,don't know,true,true,500 get the drug; 500 don't,no,yes,4,7
2018,2316,75,male,white,less than high school,,south,married,3,working part time,10,,upper class,"independent (neither, no response)",conservative,,favor,oppose,,very happy,fair,exciting,,no,more or less satisfied,0,,several times a year,none,about once or twice a year,no doubts,no,don't know,no,don't know,,,don't know,don't know,don't know,don't know,don't know,don't know,don't know,don't know,no,yes,0,7
2018,2317,56,male,white,bachelor's,17,south,married,0,working full time,44,84120,middle class,not very strong republican,conservative,trump,oppose,favor,,very happy,good,exciting,,no,pretty well satisfied,0,2,never,none,never,"don't know, no way to find out",no,inspired word,no,not at all scientific,true,true,earth around sun,false,false,true,false,true,true,500 get the drug; 500 don't,no,yes,9,9
2018,2318,36,female,white,graduate,20,south,married,0,"with a job, but not at work because of temporary illness, vacation, strike",,38555,middle class,strong democrat,extremely liberal,clinton,oppose,oppose,should be legal,pretty happy,good,exciting,most people can be trusted,no,pretty well satisfied,,,,none,never,"don't know, no way to find out",no,ancient book,,,,,,,,,,,,,,,0,0
2018,2319,52,female,white,high school,12,south,divorced,3,working full time,35,38555,lower class,"independent (neither, no response)",slightly conservative,,favor,favor,should be legal,very happy,excellent,routine,can't be too careful,yes,more or less satisfied,30,,,none,never,no doubts,no,other (vol),,,,,,,,,,,,,,,0,0
2018,2320,68,male,black,high school,10,south,married,3,working part time,30,,lower class,strong democrat,slightly liberal,clinton,,oppose,should be legal,pretty happy,,,can't be too careful,,more or less satisfied,0,4,never,none,never,believe with doubts,no,inspired word,,,,,,,,,,,,,,,0,0
2018,2321,67,male,black,high school,12,south,divorced,2,retired,,,working class,"independent (neither, no response)",extremely liberal,,favor,favor,,pretty happy,good,routine,,no,more or less satisfied,,4,once or twice a week,protestant,never,believe sometimes,yes,inspired word,yes,not at all scientific,don't know,true,earth around sun,false,false,don't know,don't know,true,true,500 get the drug; 500 don't,no,yes,6,9
2018,2322,53,male,white,bachelor's,15,south,married,2,working full time,46,57832.5,middle class,not very strong republican,conservative,trump,oppose,favor,should be legal,pretty happy,good,routine,can't be too careful,no,more or less satisfied,0,,,protestant,several times a week,no doubts,yes,inspired word,,,,,,,,,,,,,,,0,0
2018,2323,43,female,white,associate/junior college,14,south,married,1,working full time,40,47317.5,middle class,not very strong republican,conservative,trump,,favor,should not be legal,pretty happy,,,can't be too careful,,pretty well satisfied,0,0,about once a month,protestant,never,believe sometimes,yes,ancient book,,,,,,,,,,,,,,,0,0
2018,2324,38,female,white,bachelor's,16,northeast,married,2,keeping house,,,working class,"independent, close to democrat",liberal,clinton,,oppose,should be legal,pretty happy,,,most people can be trusted,,more or less satisfied,,0,never,other,about once a month,higher power,yes,ancient book,yes,not at all scientific,true,,earth around sun,don't know,true,true,false,true,true,500 get the drug; 500 don't,no,yes,6,8
2018,2325,68,female,white,high school,12,northeast,widowed,3,retired,,4556.5,working class,"independent (neither, no response)","moderate, middle of the road",clinton,oppose,oppose,,pretty happy,fair,routine,,no,not satisfied at all,,5,never,none,never,higher power,yes,inspired word,no,sort of scientific,,,earth around sun,false,don't know,true,don't know,true,true,500 get the drug; 500 don't,no,yes,5,7
2018,2326,57,female,white,bachelor's,16,northeast,widowed,3,working full time,55,4556.5,middle class,"independent, close to democrat",liberal,other candidate,oppose,oppose,,very happy,excellent,exciting,,no,more or less satisfied,0,1,several times a year,protestant,2-3 times a month,no doubts,yes,ancient book,no,not at all scientific,true,true,earth around sun,false,don't know,don't know,false,true,true,500 get the drug; 500 don't,no,yes,7,9
2018,2327,39,male,white,high school,12,northeast,never married,4,working full time,27,57832.5,middle class,"independent, close to republican","moderate, middle of the road",trump,oppose,favor,should not be legal,pretty happy,excellent,routine,can't be too careful,no,more or less satisfied,0,,,none,never,"don't know, no way to find out",no,inspired word,,,,,,,,,,,,,,,0,0
2018,2328,66,male,white,bachelor's,16,northeast,never married,0,keeping house,,1402,working class,"independent, close to democrat",slightly liberal,clinton,,favor,should be legal,pretty happy,,,most people can be trusted,,not satisfied at all,,2,never,none,about once or twice a year,"don't know, no way to find out",no,ancient book,,,,,,,,,,,,,,,0,0
2018,2329,74,male,white,graduate,17,northeast,widowed,3,retired,,,middle class,strong republican,slightly conservative,,favor,favor,should not be legal,pretty happy,good,exciting,can't be too careful,no,pretty well satisfied,,,,protestant,2-3 times a month,believe with doubts,yes,inspired word,,,,,,,,,,,,,,,0,0
2018,2330,39,female,white,high school,14,northeast,never married,2,keeping house,,,working class,"independent, close to democrat",liberal,,,favor,should be legal,not too happy,,,most people can be trusted,,not satisfied at all,,2,several times a year,none,never,higher power,don't know,ancient book,yes,not at all scientific,true,,earth around sun,false,false,true,false,true,true,500 get the drug; 500 don't,no,yes,8,8
2018,2331,50,male,white,associate/junior college,14,northeast,married,2,working full time,28,38555,middle class,"independent, close to democrat",slightly conservative,other candidate,,oppose,should not be legal,pretty happy,,,most people can be trusted,,more or less satisfied,0,1,several times a year,protestant,never,higher power,no,ancient book,,,,,,,,,,,,,,,0,0
2018,2332,74,female,white,high school,12,northeast,divorced,0,retired,,,working class,"independent, close to democrat","moderate, middle of the road",trump,,favor,should not be legal,pretty happy,,,most people can be trusted,,more or less satisfied,,3,never,protestant,several times a year,no doubts,yes,inspired word,no,sort of scientific,,,earth around sun,false,false,don't know,false,true,true,500 get the drug; 500 don't,no,no,6,7
2018,2333,35,female,white,bachelor's,17,northeast,married,2,keeping house,,,middle class,"independent, close to democrat","moderate, middle of the road",,favor,oppose,should not be legal,very happy,good,exciting,most people can be trusted,no,pretty well satisfied,,,,protestant,every week,no doubts,yes,word of god,,,,,,,,,,,,,,,0,0
2018,2334,76,male,white,graduate,20,northeast,married,2,retired,,,middle class,"independent, close to democrat","moderate, middle of the road",clinton,oppose,favor,,very happy,excellent,exciting,,no,more or less satisfied,,2,once or twice a week,protestant,less than once a year,believe with doubts,no,inspired word,no,not at all scientific,don't know,don't know,earth around sun,false,false,true,false,true,true,500 get the drug; 500 don't,no,yes,7,9
2018,2335,65,female,white,graduate,18,northeast,widowed,5,retired,,,working class,"independent, close to democrat",liberal,clinton,oppose,oppose,should not be legal,pretty happy,excellent,routine,most people can be trusted,no,more or less satisfied,,,,none,never,higher power,yes,inspired word,,,,,,,,,,,,,,,0,0
2018,2336,54,female,white,graduate,18,northeast,married,0,working full time,37,26287.5,middle class,"independent, close to democrat","moderate, middle of the road",clinton,favor,favor,,pretty happy,good,routine,,yes,pretty well satisfied,3,2,never,none,never,"don't know, no way to find out",no,inspired word,no,sort of scientific,,,earth around sun,false,false,false,false,true,true,500 get the drug; 500 don't,no,yes,6,7
2018,2337,25,female,white,bachelor's,16,northeast,never married,0,working full time,55,6309,working class,"independent, close to republican","moderate, middle of the road",,,favor,should be legal,not too happy,,,can't be too careful,,more or less satisfied,20,2,once or twice a week,catholic,never,don't believe,no,ancient book,,,,,,,,,,,,,,,0,0
2018,2338,87,female,white,high school,12,northeast,widowed,4,keeping house,,,middle class,strong republican,conservative,,favor,favor,should not be legal,pretty happy,good,routine,can't be too careful,yes,more or less satisfied,,,,protestant,every week,no doubts,yes,word of god,,,,,,,,,,,,,,,0,0
2018,2339,46,female,white,high school,12,northeast,divorced,3,keeping house,,,working class,strong republican,"moderate, middle of the road",trump,oppose,favor,should be legal,not too happy,fair,routine,can't be too careful,yes,not satisfied at all,,,,protestant,several times a week,no doubts,no,word of god,,,,,,,,,,,,,,,0,0
2018,2340,29,female,white,high school,14,northeast,married,0,working full time,60,22782.5,working class,"independent (neither, no response)","moderate, middle of the road",,favor,favor,,pretty happy,fair,exciting,,no,not satisfied at all,2,1,about once a month,other,2-3 times a month,don't know,yes,inspired word,yes,not at all scientific,don't know,true,earth around sun,false,false,don't know,false,true,true,500 get the drug; 500 don't,no,yes,7,9
2018,2341,89,male,white,less than high school,8,northeast,widowed,2,retired,,,don't know,"independent, close to republican","moderate, middle of the road",,,favor,should not be legal,pretty happy,,,can't be too careful,,more or less satisfied,,2,once or twice a week,protestant,don't know,,no,inspired word,no,don't know,don't know,,sun around earth,false,false,don't know,true,true,don't know,,no,don't know,3,8
2018,2342,68,female,white,high school,14,northeast,divorced,2,retired,,,lower class,strong republican,,trump,oppose,oppose,,pretty happy,fair,exciting,,no,not satisfied at all,,5,never,none,never,higher power,yes,word of god,yes,sort of scientific,,,earth around sun,false,true,false,false,true,true,500 get the drug; 500 don't,no,yes,5,7
2018,2343,19,male,white,high school,12,northeast,never married,0,in school,,,working class,not very strong republican,"moderate, middle of the road",,favor,favor,should be legal,pretty happy,good,routine,can't be too careful,no,more or less satisfied,,,,none,never,don't believe,no,inspired word,,,,,,,,,,,,,,,0,0
2018,2344,37,female,white,high school,12,northeast,divorced,2,working full time,36,,working class,"independent (neither, no response)","moderate, middle of the road",,oppose,oppose,,pretty happy,good,routine,,no,not satisfied at all,0,2,once or twice a week,protestant,never,higher power,yes,ancient book,no,sort of scientific,don't know,don't know,earth around sun,don't know,false,don't know,don't know,true,don't know,don't know,don't know,don't know,3,9
2018,2345,75,female,white,high school,12,northeast,married,4,working part time,36,11391.25,working class,not very strong republican,slightly conservative,trump,oppose,favor,,pretty happy,excellent,routine,,no,more or less satisfied,0,6,about once a year,protestant,never,no doubts,yes,word of god,yes,not at all scientific,false,don't know,earth around sun,false,false,don't know,true,don't know,don't know,all 1000 get the drug,no,no,3,9
2018,2346,67,female,white,high school,12,northeast,married,3,retired,,2453.5,middle class,"independent (neither, no response)","moderate, middle of the road",other candidate,favor,favor,should be legal,very happy,excellent,routine,most people can be trusted,no,pretty well satisfied,,,,jewish,several times a year,believe sometimes,don't know,inspired word,,,,,,,,,,,,,,,0,0
2018,2347,72,male,white,high school,16,northeast,married,2,retired,,,middle class,"independent, close to republican",conservative,trump,,favor,should not be legal,very happy,,,most people can be trusted,,more or less satisfied,,1,never,protestant,less than once a year,no doubts,yes,inspired word,no,not at all scientific,true,,earth around sun,true,false,true,false,true,true,500 get the drug; 500 don't,no,yes,7,8
2018,2348,79,female,white,high school,12,northeast,widowed,6,keeping house,,,working class,"independent (neither, no response)",don't know,,favor,favor,,very happy,good,routine,,yes,more or less satisfied,,1,never,catholic,every week,no doubts,yes,inspired word,yes,sort of scientific,,,earth around sun,true,false,don't know,false,true,don't know,500 get the drug; 500 don't,no,no,4,7
