year,id,age,sex,race,degree,educ,region,marital,childs,wrkstat,hrs1,income_2000dollars,class,party,political_views,pres20,gunlaw,cappun,cannabis_legal,happy,health,life,trust,satfin,mental_health_bad_days,relig,attend,god,postlife,bible
2022,1,72,female,white,bachelor's,16,northeast,divorced,1,working full time,40,63300,middle class,strong democrat,liberal,biden,favor,oppose,,not too happy,good,routine,,not satisfied at all,15,none,about once or twice a year,don't believe,,
2022,2,80,male,white,graduate,18,northeast,married,2,retired,,,middle class,"independent (neither, no response)",slightly conservative,biden,oppose,favor,,not too happy,good,routine,,more or less satisfied,,catholic,about once or twice a year,,,
2022,3,57,female,white,high school,12,northeast,divorced,1,working full time,52,28485,working class,not very strong republican,"moderate, middle of the road",trump,favor,favor,,not too happy,good,routine,,more or less satisfied,0,other,never,no doubts,,
2022,4,23,female,white,bachelor's,16,northeast,never married,0,"with a job, but not at work because of temporary illness, vacation, strike",,3481.5,middle class,strong democrat,extremely liberal,biden,favor,oppose,,not too happy,good,routine,,pretty well satisfied,10,none,about once a month,,,
2022,5,62,male,white,high school,14,northeast,never married,2,other,,,middle class,"independent (neither, no response)",slightly conservative,trump,oppose,oppose,,pretty happy,fair,routine,,not satisfied at all,,catholic,about once or twice a year,believe with doubts,,
2022,6,27,male,white,high school,12,northeast,never married,0,working full time,50,34815,lower class,not very strong democrat,"moderate, middle of the road",biden,favor,oppose,,pretty happy,excellent,exciting,,more or less satisfied,,none,never,don't believe,,
2022,7,20,female,other,high school,12,northeast,never married,0,working part time,30,23737.5,lower class,"independent, close to democrat",slightly liberal,,favor,oppose,should not be legal,pretty happy,good,routine,can't be too careful,not satisfied at all,14,none,less than once a year,higher power,yes,ancient book
2022,8,47,male,white,graduate,16,northeast,married,0,working full time,40,52222.5,upper class,strong democrat,extremely liberal,biden,favor,oppose,,pretty happy,good,routine,,pretty well satisfied,0,none,less than once a year,"don't know, no way to find out",,
2022,9,31,female,white,high school,12,northeast,never married,1,working full time,31,10286.25,working class,"independent, close to democrat",slightly liberal,biden,don't know,favor,,pretty happy,good,exciting,,not satisfied at all,5,none,never,,don't know,ancient book
2022,10,72,female,,high school,12,northeast,never married,4,retired,,,working class,strong democrat,"moderate, middle of the road",biden,,don't know,should be legal,pretty happy,excellent,,can't be too careful,pretty well satisfied,,other,every week,no doubts,don't know,word of god
2022,11,57,female,white,high school,13,northeast,widowed,2,keeping house,,,working class,"independent (neither, no response)","moderate, middle of the road",biden,,oppose,,pretty happy,good,,,more or less satisfied,,none,never,higher power,,
2022,12,25,female,white,bachelor's,16,northeast,never married,0,working part time,33,20572.5,middle class,"independent, close to democrat",don't know,biden,don't know,oppose,should be legal,pretty happy,fair,routine,can't be too careful,more or less satisfied,7,none,less than once a year,"don't know, no way to find out",no,ancient book
2022,13,35,female,white,high school,12,northeast,married,2,working full time,40,28485,working class,other party,"moderate, middle of the road",other candidate,,favor,don't know,very happy,fair,,most people can be trusted,more or less satisfied,15,orthodox-christian,about once or twice a year,believe with doubts,yes,inspired word
2022,14,36,female,white,high school,12,northeast,never married,2,working part time,10,316.5,middle class,not very strong republican,"moderate, middle of the road",trump,favor,favor,,not too happy,good,routine,,more or less satisfied,0,catholic,less than once a year,higher power,,
2022,15,41,female,white,high school,13,northeast,never married,3,keeping house,,,working class,"independent (neither, no response)",conservative,trump,favor,favor,,pretty happy,excellent,routine,,not satisfied at all,,catholic,about once a month,,,
2022,16,65,male,white,high school,14,northeast,divorced,4,retired,,,working class,"independent, close to democrat",liberal,biden,favor,don't know,,very happy,good,exciting,,not satisfied at all,,catholic,about once or twice a year,,yes,word of god
2022,17,20,female,other,high school,13,northeast,never married,1,keeping house,,,middle class,"independent, close to republican",conservative,biden,,oppose,,very happy,excellent,,,more or less satisfied,,protestant,nearly every week,no doubts,yes,word of god
2022,18,80,female,white,bachelor's,16,northeast,married,7,working part time,20,20572.5,middle class,"independent, close to democrat",slightly liberal,biden,,oppose,,very happy,good,,,more or less satisfied,4,catholic,every week,no doubts,,
2022,19,35,female,black,less than high school,11,northeast,never married,4,working part time,8,7121.25,lower class,"independent (neither, no response)","moderate, middle of the road",,favor,oppose,,not too happy,good,routine,,not satisfied at all,10,none,never,no doubts,,
2022,20,89,female,white,high school,12,northeast,never married,0,retired,,,middle class,not very strong democrat,conservative,,,don't know,should not be legal,pretty happy,poor,,can't be too careful,more or less satisfied,,catholic,never,no doubts,yes,ancient book
2022,21,34,female,other,high school,10,northeast,married,3,keeping house,,2215.5,working class,"independent (neither, no response)",conservative,trump,favor,oppose,,pretty happy,good,exciting,,more or less satisfied,,protestant,every week,,,
2022,22,55,female,black,high school,12,northeast,married,5,other,,,working class,"independent (neither, no response)",extremely conservative,,favor,favor,,not too happy,poor,routine,,more or less satisfied,,other,never,,,
2022,23,65,male,white,bachelor's,16,northeast,widowed,0,retired,,20572.5,working class,strong republican,conservative,trump,favor,favor,,not too happy,good,routine,,more or less satisfied,,catholic,less than once a year,,,
2022,24,60,female,black,associate/junior college,14,northeast,married,3,working full time,35,28485,working class,"independent, close to democrat",slightly liberal,biden,favor,oppose,,pretty happy,good,routine,,not satisfied at all,2,none,never,,,
2022,25,28,male,white,high school,13,northeast,never married,2,working part time,25,316.5,middle class,other party,"moderate, middle of the road",trump,favor,favor,,very happy,fair,exciting,,more or less satisfied,0,none,about once or twice a year,,,
2022,26,82,female,white,high school,12,northeast,widowed,3,retired,,,working class,strong republican,extremely conservative,trump,favor,favor,,pretty happy,good,routine,,not satisfied at all,,protestant,every week,,,
2022,27,59,male,other,high school,12,northeast,married,1,working full time,40,63300,working class,strong democrat,liberal,biden,favor,favor,should be legal,pretty happy,excellent,exciting,most people can be trusted,more or less satisfied,0,catholic,never,higher power,yes,inspired word
2022,28,86,female,black,high school,12,northeast,widowed,0,retired,,,working class,strong democrat,"moderate, middle of the road",biden,favor,oppose,,pretty happy,good,routine,,not satisfied at all,,protestant,about once a month,,,
2022,29,36,male,other,bachelor's,16,northeast,married,1,working full time,0,,middle class,not very strong democrat,"moderate, middle of the road",biden,favor,oppose,should be legal,not too happy,fair,exciting,can't be too careful,not satisfied at all,14,catholic,every week,no doubts,yes,inspired word
2022,30,79,female,white,high school,12,northeast,married,2,retired,,,middle class,strong republican,extremely conservative,trump,,favor,should not be legal,not too happy,good,,can't be too careful,pretty well satisfied,,protestant,never,no doubts,,inspired word
2022,31,65,male,other,high school,14,northeast,married,2,working full time,45,52222.5,working class,"independent (neither, no response)","moderate, middle of the road",biden,oppose,oppose,,pretty happy,good,routine,,not satisfied at all,0,none,never,don't believe,,
2022,32,,don't know,,graduate,12,northeast,never married,8,,,,upper class,other party,"moderate, middle of the road",,favor,oppose,,not too happy,good,routine,,not satisfied at all,,orthodox-christian,,no doubts,,
2022,33,76,female,white,high school,12,northeast,divorced,4,retired,,,lower class,"independent (neither, no response)",extremely liberal,biden,,favor,should be legal,pretty happy,poor,,can't be too careful,not satisfied at all,,none,never,don't believe,yes,ancient book
2022,34,72,female,white,bachelor's,16,northeast,divorced,2,retired,,,working class,"independent, close to democrat",slightly liberal,biden,favor,oppose,should not be legal,pretty happy,poor,exciting,can't be too careful,pretty well satisfied,,other,every week,no doubts,yes,inspired word
2022,35,62,female,white,high school,13,northeast,widowed,1,keeping house,,,lower class,strong democrat,"moderate, middle of the road",biden,favor,oppose,,pretty happy,good,routine,,not satisfied at all,,none,never,,yes,ancient book
2022,36,46,male,white,associate/junior college,14,northeast,never married,0,working part time,28,10286.25,working class,not very strong democrat,slightly liberal,trump,favor,favor,,not too happy,fair,exciting,,not satisfied at all,0,catholic,about once or twice a year,,no,ancient book
2022,37,84,male,white,associate/junior college,15,northeast,widowed,2,retired,,,middle class,other party,extremely conservative,,,oppose,should be legal,pretty happy,poor,,most people can be trusted,more or less satisfied,,catholic,every week,no doubts,yes,inspired word
2022,38,79,male,white,high school,12,northeast,married,2,retired,,,working class,"independent, close to republican","moderate, middle of the road",trump,,,,pretty happy,good,,,not satisfied at all,,catholic,several times a year,no doubts,,
2022,39,38,female,white,bachelor's,16,northeast,married,2,working full time,40,52222.5,middle class,"independent (neither, no response)","moderate, middle of the road",biden,favor,favor,,pretty happy,fair,routine,,more or less satisfied,1,catholic,about once or twice a year,,,
2022,40,64,male,white,high school,13,northeast,divorced,2,working full time,50,75960,working class,not very strong republican,"moderate, middle of the road",biden,favor,favor,should be legal,pretty happy,excellent,exciting,can't be too careful,not satisfied at all,10,none,about once or twice a year,higher power,don't know,inspired word
2022,41,49,female,white,bachelor's,16,northeast,married,6,working full time,36,88620,working class,not very strong republican,"moderate, middle of the road",trump,,favor,should be legal,pretty happy,good,,depends,more or less satisfied,1,jewish,2-3 times a month,no doubts,no,word of god
2022,42,65,female,white,high school,15,northeast,widowed,0,retired,,,working class,"independent, close to democrat",liberal,,favor,favor,,pretty happy,good,routine,,more or less satisfied,,catholic,2-3 times a month,believe sometimes,,
2022,43,29,female,other,bachelor's,16,northeast,never married,0,"unemployed, laid off, looking for work",,7121.25,middle class,not very strong democrat,liberal,,,oppose,should be legal,not too happy,good,,depends,not satisfied at all,,protestant,several times a year,believe with doubts,yes,inspired word
2022,44,30,male,black,graduate,18,northeast,never married,0,working full time,40,28485,working class,"independent (neither, no response)","moderate, middle of the road",biden,favor,oppose,,pretty happy,good,exciting,,not satisfied at all,0,other,several times a week,,yes,inspired word
2022,45,30,female,black,high school,14,northeast,never married,1,keeping house,,,lower class,"independent (neither, no response)","moderate, middle of the road",,oppose,oppose,,pretty happy,fair,routine,,not satisfied at all,,other,several times a year,higher power,,
2022,46,50,female,black,bachelor's,17,northeast,divorced,1,working full time,89,75960,working class,"independent, close to democrat",liberal,biden,favor,oppose,should be legal,not too happy,good,exciting,most people can be trusted,more or less satisfied,5,none,about once or twice a year,higher power,yes,inspired word
2022,47,32,female,black,high school,12,northeast,never married,3,working full time,40,28485,working class,"independent (neither, no response)",slightly liberal,,favor,oppose,,pretty happy,good,exciting,,not satisfied at all,0,none,about once or twice a year,,yes,ancient book
2022,48,52,male,white,bachelor's,16,northeast,married,3,other,,163572.71343,middle class,strong republican,conservative,trump,,favor,,pretty happy,good,,,more or less satisfied,,catholic,nearly every week,believe with doubts,,
2022,49,89,male,white,graduate,19,northeast,married,4,retired,,,working class,not very strong democrat,slightly liberal,biden,favor,oppose,,pretty happy,good,exciting,,more or less satisfied,,catholic,about once or twice a year,,,
2022,50,70,female,white,high school,14,northeast,married,3,keeping house,,101280,middle class,"independent, close to republican","moderate, middle of the road",biden,favor,oppose,,very happy,good,exciting,,pretty well satisfied,,catholic,nearly every week,no doubts,,
2022,51,59,female,white,bachelor's,16,northeast,married,4,working full time,38,23737.5,middle class,strong democrat,liberal,biden,favor,oppose,,very happy,good,routine,,pretty well satisfied,0,protestant,about once or twice a year,"don't know, no way to find out",,
2022,52,46,male,other,bachelor's,16,northeast,married,2,working full time,40,163572.71343,middle class,not very strong democrat,liberal,,oppose,oppose,,very happy,good,exciting,,more or less satisfied,0,none,never,,,
2022,53,43,female,other,graduate,16,northeast,married,0,working full time,50,,middle class,"independent, close to republican",slightly conservative,don't know,favor,oppose,,pretty happy,fair,exciting,,pretty well satisfied,1,hinduism,less than once a year,believe sometimes,,
2022,54,60,male,white,high school,12,northeast,married,5,working full time,35,63300,working class,strong democrat,slightly liberal,biden,,oppose,,very happy,excellent,,,more or less satisfied,0,catholic,never,"don't know, no way to find out",,
2022,55,38,male,white,high school,12,northeast,married,1,working full time,55,163572.71343,middle class,not very strong democrat,liberal,,favor,favor,should be legal,very happy,good,exciting,most people can be trusted,pretty well satisfied,3,jewish,never,"don't know, no way to find out",no,ancient book
2022,56,66,male,white,high school,14,northeast,married,3,keeping house,,,middle class,"independent, close to republican","moderate, middle of the road",,favor,oppose,,not too happy,poor,exciting,,more or less satisfied,,jewish,several times a year,,,
2022,57,28,female,black,high school,14,northeast,divorced,3,working full time,40,20572.5,working class,"independent, close to democrat",don't know,,,don't know,should be legal,don't know,good,,depends,not satisfied at all,1,none,never,higher power,yes,other (vol)
2022,58,20,female,black,high school,13,northeast,never married,1,keeping house,,4114.5,lower class,not very strong democrat,liberal,biden,favor,favor,,very happy,excellent,exciting,,not satisfied at all,,don't know,never,,no,ancient book
2022,59,62,female,white,high school,14,northeast,never married,4,retired,,,middle class,strong democrat,slightly conservative,biden,favor,favor,should not be legal,not too happy,good,routine,can't be too careful,not satisfied at all,,catholic,every week,no doubts,yes,word of god
2022,60,36,female,white,less than high school,12,northeast,never married,1,"unemployed, laid off, looking for work",,,lower class,not very strong democrat,slightly liberal,,favor,oppose,,not too happy,fair,routine,,not satisfied at all,,catholic,several times a year,,yes,inspired word
2022,61,49,female,white,less than high school,10,northeast,never married,1,"unemployed, laid off, looking for work",,17407.5,middle class,strong democrat,"moderate, middle of the road",trump,favor,oppose,don't know,not too happy,fair,routine,can't be too careful,not satisfied at all,,,,no doubts,yes,inspired word
2022,62,30,female,white,high school,12,northeast,separated,3,working part time,18,,working class,"independent (neither, no response)",conservative,,favor,oppose,should not be legal,pretty happy,good,routine,can't be too careful,not satisfied at all,30,other,every week,no doubts,no,word of god
2022,63,62,female,other,less than high school,9,northeast,divorced,3,retired,,,lower class,strong republican,conservative,trump,,oppose,should not be legal,very happy,good,,can't be too careful,not satisfied at all,,none,never,no doubts,yes,ancient book
2022,64,70,female,,less than high school,4,northeast,divorced,2,retired,,,working class,not very strong democrat,slightly conservative,,favor,favor,should not be legal,very happy,fair,routine,can't be too careful,more or less satisfied,,catholic,several times a year,no doubts,yes,word of god
2022,65,73,female,other,less than high school,8,northeast,widowed,3,retired,,5697,working class,,extremely conservative,trump,favor,oppose,should not be legal,not too happy,poor,routine,can't be too careful,more or less satisfied,,orthodox-christian,several times a year,no doubts,don't know,word of god
2022,66,34,female,black,less than high school,12,northeast,never married,8,working full time,40,,lower class,"independent (neither, no response)",extremely liberal,,,favor,,not too happy,excellent,,,pretty well satisfied,,none,never,,,
2022,67,47,female,white,bachelor's,16,northeast,never married,1,working part time,20,20572.5,working class,"independent (neither, no response)","moderate, middle of the road",biden,favor,oppose,,not too happy,fair,exciting,,more or less satisfied,0,none,never,no doubts,,
2022,68,47,female,white,high school,15,northeast,separated,4,working part time,8,,middle class,"independent, close to democrat",extremely liberal,,favor,oppose,,not too happy,good,exciting,,more or less satisfied,,catholic,2-3 times a month,,yes,word of god
2022,69,58,female,black,bachelor's,17,northeast,divorced,5,working full time,60,42727.5,middle class,not very strong democrat,slightly liberal,biden,favor,don't know,,pretty happy,fair,dull,,more or less satisfied,0,other,several times a year,,yes,word of god
2022,70,82,female,black,high school,12,northeast,divorced,2,retired,,,working class,not very strong democrat,"moderate, middle of the road",biden,,favor,should not be legal,not too happy,good,,can't be too careful,more or less satisfied,,other,less than once a year,no doubts,yes,word of god
2022,71,67,male,black,high school,12,northeast,widowed,2,working full time,40,,middle class,strong democrat,"moderate, middle of the road",,favor,oppose,,pretty happy,good,routine,,more or less satisfied,0,other,2-3 times a month,,yes,inspired word
2022,72,41,male,black,high school,14,northeast,separated,0,working full time,40,63300,working class,"independent (neither, no response)","moderate, middle of the road",,favor,favor,,pretty happy,good,exciting,,more or less satisfied,0,catholic,less than once a year,,,
2022,73,32,female,black,bachelor's,16,northeast,never married,0,working full time,38,,lower class,not very strong democrat,"moderate, middle of the road",biden,,oppose,should be legal,pretty happy,fair,,can't be too careful,not satisfied at all,5,protestant,about once or twice a year,no doubts,yes,inspired word
2022,74,65,female,black,less than high school,9,northeast,divorced,3,retired,,15033.75,working class,not very strong democrat,don't know,biden,favor,oppose,,pretty happy,good,exciting,,not satisfied at all,,protestant,2-3 times a month,,yes,word of god
2022,75,57,female,black,graduate,18,northeast,never married,0,other,,,lower class,strong democrat,liberal,biden,favor,oppose,,not too happy,poor,routine,,not satisfied at all,,catholic,every week,,,
2022,76,55,male,black,high school,12,northeast,divorced,4,working full time,37,34815,lower class,strong democrat,don't know,biden,,favor,should be legal,not too happy,fair,,can't be too careful,more or less satisfied,0,orthodox-christian,about once or twice a year,no doubts,yes,ancient book
2022,77,86,female,black,less than high school,9,northeast,widowed,4,retired,,13451.25,working class,strong democrat,,biden,favor,favor,,not too happy,poor,routine,,more or less satisfied,,protestant,every week,no doubts,,
2022,78,31,female,black,bachelor's,20,northeast,never married,0,working full time,40,23737.5,working class,"independent (neither, no response)","moderate, middle of the road",biden,favor,oppose,,pretty happy,fair,routine,,more or less satisfied,0,none,never,,,
2022,79,62,female,white,high school,12,northeast,divorced,2,keeping house,,,working class,not very strong republican,slightly conservative,trump,,favor,don't know,very happy,excellent,,can't be too careful,more or less satisfied,,catholic,several times a year,believe with doubts,don't know,inspired word
2022,80,23,female,black,bachelor's,17,northeast,never married,0,working full time,40,,lower class,not very strong democrat,don't know,biden,,don't know,don't know,don't know,fair,,can't be too careful,not satisfied at all,,catholic,never,no doubts,yes,inspired word
2022,81,,female,black,bachelor's,16,northeast,married,0,working full time,40,34815,working class,strong democrat,"moderate, middle of the road",biden,,favor,,very happy,excellent,,,more or less satisfied,0,,,no doubts,,inspired word
2022,82,22,female,black,high school,14,northeast,never married,0,working full time,30,,working class,"independent, close to democrat",liberal,biden,favor,oppose,should be legal,not too happy,fair,routine,can't be too careful,not satisfied at all,30,none,about once or twice a year,higher power,yes,other (vol)
2022,83,44,male,white,associate/junior college,15,northeast,married,1,working full time,40,42727.5,middle class,strong democrat,extremely liberal,biden,,oppose,,pretty happy,good,,,pretty well satisfied,1,none,less than once a year,"don't know, no way to find out",,
2022,84,24,female,other,high school,15,northeast,never married,0,working full time,30,,working class,"independent (neither, no response)","moderate, middle of the road",,,favor,should be legal,pretty happy,good,,can't be too careful,not satisfied at all,5,other,never,no doubts,no,inspired word
2022,85,37,male,black,graduate,18,northeast,never married,2,in school,,,working class,strong democrat,liberal,biden,favor,oppose,,pretty happy,good,exciting,,not satisfied at all,,protestant,several times a year,,yes,inspired word
2022,86,79,male,white,graduate,20,northeast,divorced,4,working full time,80,63300,upper class,"independent, close to democrat",liberal,biden,favor,oppose,,pretty happy,excellent,exciting,,more or less satisfied,0,none,never,,no,ancient book
2022,87,22,male,black,high school,15,northeast,never married,0,in school,,,working class,not very strong democrat,liberal,biden,,oppose,should not be legal,very happy,fair,,can't be too careful,pretty well satisfied,,none,never,"don't know, no way to find out",yes,inspired word
2022,88,34,male,other,bachelor's,16,northeast,never married,0,keeping house,,42727.5,working class,"independent, close to democrat",slightly liberal,biden,favor,oppose,,not too happy,fair,exciting,,not satisfied at all,,none,never,,don't know,ancient book
2022,89,26,male,black,bachelor's,16,northeast,never married,0,working full time,40,75960,working class,strong democrat,liberal,biden,,oppose,,pretty happy,excellent,,,pretty well satisfied,0,christian,never,believe with doubts,,
2022,90,29,male,,graduate,17,northeast,never married,0,working full time,45,,upper class,strong democrat,liberal,biden,,oppose,should be legal,pretty happy,excellent,,most people can be trusted,pretty well satisfied,0,other,less than once a year,higher power,no,ancient book
2022,91,36,female,white,bachelor's,16,northeast,married,1,working full time,20,52222.5,middle class,"independent, close to democrat",liberal,biden,favor,oppose,,very happy,excellent,exciting,,pretty well satisfied,2,none,never,,no,ancient book
2022,92,29,female,black,high school,15,northeast,never married,0,working part time,25,,working class,"independent, close to democrat",slightly liberal,biden,favor,oppose,,pretty happy,excellent,exciting,,more or less satisfied,1,none,about once or twice a year,,yes,inspired word
2022,93,47,male,other,high school,12,northeast,never married,0,keeping house,,42727.5,lower class,strong republican,"moderate, middle of the road",trump,,favor,should be legal,not too happy,fair,,can't be too careful,not satisfied at all,,protestant,about once or twice a year,believe with doubts,yes,ancient book
2022,94,58,female,black,bachelor's,16,northeast,never married,0,working full time,40,34815,working class,"independent, close to democrat",liberal,biden,,oppose,should be legal,very happy,excellent,,can't be too careful,not satisfied at all,0,buddhism,every week,higher power,yes,ancient book
2022,95,46,male,white,bachelor's,16,northeast,never married,0,working part time,20,23737.5,middle class,strong democrat,liberal,biden,,oppose,,not too happy,good,,,more or less satisfied,0,none,never,don't believe,,
2022,96,29,female,other,bachelor's,16,northeast,never married,0,working full time,40,63300,working class,"independent, close to democrat",liberal,biden,favor,oppose,,pretty happy,good,exciting,,more or less satisfied,1,don't know,never,,yes,ancient book
2022,97,46,female,white,high school,16,northeast,married,2,working full time,45,34815,working class,not very strong republican,"moderate, middle of the road",trump,,oppose,,pretty happy,good,,,not satisfied at all,30,orthodox-christian,2-3 times a month,believe with doubts,,
2022,98,71,male,white,associate/junior college,14,northeast,separated,2,retired,,,working class,strong democrat,"moderate, middle of the road",biden,favor,oppose,,very happy,good,exciting,,more or less satisfied,,catholic,about once or twice a year,no doubts,,
2022,99,28,male,other,bachelor's,16,northeast,married,2,working full time,40,,working class,"independent (neither, no response)",slightly liberal,,,oppose,don't know,pretty happy,good,,can't be too careful,more or less satisfied,0,christian,several times a year,no doubts,yes,inspired word
2022,100,38,female,white,bachelor's,16,northeast,never married,0,working full time,40,,middle class,"independent, close to republican","moderate, middle of the road",trump,favor,favor,,pretty happy,good,exciting,,more or less satisfied,0,jewish,about once a month,,yes,don't know
2022,101,25,male,black,associate/junior college,14,northeast,never married,0,working full time,45,,working class,not very strong democrat,"moderate, middle of the road",,favor,favor,should be legal,pretty happy,good,exciting,can't be too careful,not satisfied at all,,none,never,higher power,yes,ancient book
2022,102,34,female,white,bachelor's,16,northeast,never married,0,working full time,40,42727.5,middle class,"independent (neither, no response)","moderate, middle of the road",biden,favor,oppose,,pretty happy,good,routine,,more or less satisfied,0,catholic,never,"don't know, no way to find out",,
2022,103,26,female,other,associate/junior college,14,northeast,never married,3,working part time,26,11868.75,working class,"independent, close to democrat","moderate, middle of the road",biden,favor,oppose,,pretty happy,good,routine,,more or less satisfied,12,catholic,several times a year,believe with doubts,,
2022,104,63,male,white,bachelor's,16,northeast,separated,1,working full time,40,20572.5,middle class,not very strong democrat,slightly conservative,trump,,favor,should not be legal,not too happy,fair,,can't be too careful,not satisfied at all,2,catholic,several times a week,no doubts,yes,inspired word
2022,105,82,male,white,bachelor's,16,northeast,married,1,working part time,8,,upper class,strong republican,conservative,trump,favor,favor,should not be legal,don't know,fair,exciting,can't be too careful,pretty well satisfied,0,protestant,about once or twice a year,believe with doubts,yes,word of god
2022,106,47,male,white,graduate,18,northeast,never married,0,working full time,33,75960,middle class,strong republican,conservative,trump,favor,favor,,pretty happy,good,routine,,pretty well satisfied,5,catholic,less than once a year,,,
2022,107,40,male,white,bachelor's,16,northeast,married,2,working full time,70,163572.71343,middle class,"independent (neither, no response)","moderate, middle of the road",,,favor,don't know,pretty happy,good,,can't be too careful,more or less satisfied,5,jewish,several times a year,believe with doubts,yes,inspired word
2022,108,71,male,other,bachelor's,17,northeast,married,0,retired,,,working class,"independent (neither, no response)","moderate, middle of the road",trump,favor,favor,,pretty happy,good,routine,,more or less satisfied,,protestant,2-3 times a month,no doubts,,
2022,109,63,female,white,high school,13,northeast,married,3,retired,,,middle class,strong republican,conservative,trump,,favor,,pretty happy,good,,,more or less satisfied,,catholic,about once or twice a year,believe with doubts,don't know,inspired word
2022,110,89,female,white,high school,15,northeast,widowed,7,keeping house,,,middle class,strong democrat,"moderate, middle of the road",biden,favor,favor,,pretty happy,fair,routine,,pretty well satisfied,,catholic,about once or twice a year,,,
2022,111,61,male,white,high school,16,northeast,married,3,working full time,60,63300,middle class,strong republican,conservative,trump,,favor,,very happy,good,,,more or less satisfied,0,catholic,every week,no doubts,,
2022,112,52,male,other,high school,12,northeast,married,3,"with a job, but not at work because of temporary illness, vacation, strike",,23737.5,working class,"independent, close to democrat",slightly liberal,,favor,favor,,very happy,good,exciting,,not satisfied at all,0,catholic,less than once a year,,yes,inspired word
2022,113,48,male,black,associate/junior college,15,northeast,never married,0,working full time,48,101280,working class,not very strong democrat,liberal,biden,favor,oppose,should be legal,not too happy,good,exciting,can't be too careful,more or less satisfied,0,protestant,never,believe sometimes,don't know,ancient book
2022,114,40,male,white,bachelor's,16,northeast,never married,0,working full time,50,75960,middle class,"independent, close to democrat",liberal,biden,,oppose,should be legal,pretty happy,good,,can't be too careful,more or less satisfied,0,catholic,about once or twice a year,higher power,no,ancient book
2022,115,,male,black,high school,15,northeast,married,1,working full time,40,,middle class,strong democrat,liberal,,oppose,oppose,,very happy,excellent,don't know,,more or less satisfied,0,protestant,never,,no,word of god
2022,116,44,male,white,less than high school,12,northeast,married,3,working full time,40,52222.5,working class,"independent (neither, no response)",slightly conservative,,,oppose,,very happy,good,,,more or less satisfied,0,protestant,never,no doubts,,
2022,117,42,male,other,high school,12,northeast,married,3,working full time,40,20572.5,working class,"independent, close to democrat","moderate, middle of the road",,,oppose,should not be legal,pretty happy,good,,can't be too careful,not satisfied at all,0,protestant,nearly every week,no doubts,yes,inspired word
2022,118,46,male,other,bachelor's,16,northeast,separated,0,working full time,40,34815,working class,"independent (neither, no response)","moderate, middle of the road",,oppose,favor,,pretty happy,good,routine,,not satisfied at all,15,none,never,,,
2022,119,70,female,white,less than high school,9,northeast,widowed,2,retired,,,middle class,not very strong democrat,slightly liberal,,,favor,should be legal,pretty happy,fair,,can't be too careful,more or less satisfied,,catholic,2-3 times a month,no doubts,yes,word of god
2022,120,20,female,black,high school,14,northeast,never married,0,"unemployed, laid off, looking for work",,,working class,not very strong democrat,extremely liberal,,favor,oppose,should be legal,pretty happy,excellent,exciting,can't be too careful,more or less satisfied,,christian,about once a month,believe with doubts,yes,inspired word
2022,121,36,male,other,high school,12,northeast,married,1,working full time,60,,middle class,"independent, close to republican",slightly conservative,,,oppose,should be legal,very happy,excellent,,most people can be trusted,pretty well satisfied,0,don't know,several times a year,no doubts,no,inspired word
2022,122,82,male,white,high school,14,northeast,married,0,retired,,,middle class,"independent (neither, no response)","moderate, middle of the road",biden,favor,oppose,,pretty happy,good,routine,,more or less satisfied,,catholic,about once or twice a year,,,
2022,123,65,female,white,bachelor's,16,northeast,married,3,working full time,35,42727.5,working class,"independent (neither, no response)",conservative,trump,favor,oppose,,not too happy,good,routine,,not satisfied at all,10,catholic,several times a week,,yes,inspired word
2022,124,64,female,white,less than high school,9,northeast,divorced,5,keeping house,,,working class,not very strong republican,slightly liberal,biden,favor,oppose,,very happy,fair,routine,,not satisfied at all,,catholic,2-3 times a month,,don't know,word of god
2022,125,69,female,,high school,12,northeast,divorced,2,working part time,30,17407.5,working class,strong democrat,liberal,biden,favor,oppose,should be legal,pretty happy,excellent,exciting,can't be too careful,not satisfied at all,0,catholic,never,higher power,no,word of god
2022,126,,male,other,bachelor's,16,northeast,married,2,keeping house,,,lower class,"independent, close to democrat","moderate, middle of the road",,,favor,,pretty happy,fair,,,not satisfied at all,,none,never,believe with doubts,,
2022,127,65,female,white,high school,16,northeast,divorced,0,working full time,70,,middle class,"independent, close to democrat",extremely liberal,biden,favor,oppose,,not too happy,fair,exciting,,not satisfied at all,5,none,never,,yes,ancient book
2022,128,52,male,other,high school,12,northeast,divorced,0,working part time,,20572.5,middle class,"independent, close to republican","moderate, middle of the road",biden,,favor,should be legal,pretty happy,excellent,,can't be too careful,more or less satisfied,0,catholic,never,believe with doubts,yes,inspired word
2022,129,61,male,white,bachelor's,16,northeast,married,2,working full time,15,13451.25,working class,strong republican,"moderate, middle of the road",trump,favor,don't know,should not be legal,pretty happy,good,routine,can't be too careful,not satisfied at all,0,protestant,less than once a year,no doubts,no,word of god
2022,130,31,female,white,graduate,18,northeast,never married,0,working full time,40,42727.5,middle class,strong democrat,extremely liberal,biden,oppose,oppose,,very happy,excellent,routine,,pretty well satisfied,2,jewish,less than once a year,higher power,,
2022,131,40,male,other,graduate,18,northeast,never married,0,working full time,57,4747.5,lower class,not very strong democrat,"moderate, middle of the road",,oppose,don't know,should be legal,not too happy,good,exciting,depends,not satisfied at all,0,catholic,never,no doubts,yes,inspired word
2022,132,43,male,other,graduate,18,northeast,married,0,working full time,40,42727.5,working class,not very strong democrat,slightly liberal,,,oppose,should be legal,pretty happy,good,,can't be too careful,more or less satisfied,0,protestant,several times a week,no doubts,yes,inspired word
2022,133,26,male,black,graduate,17,northeast,never married,0,working full time,45,34815,working class,"independent, close to republican",slightly conservative,don't know,,oppose,should be legal,pretty happy,good,,can't be too careful,not satisfied at all,0,other,several times a year,believe with doubts,yes,ancient book
2022,134,80,male,white,high school,12,northeast,married,2,retired,,,middle class,"independent, close to democrat",liberal,biden,,oppose,,pretty happy,good,,,more or less satisfied,,none,never,don't believe,no,ancient book
2022,135,34,female,,less than high school,11,northeast,never married,2,"unemployed, laid off, looking for work",,,working class,not very strong democrat,slightly liberal,,,favor,should be legal,not too happy,fair,,can't be too careful,not satisfied at all,,catholic,never,believe with doubts,yes,inspired word
2022,136,26,female,other,high school,12,northeast,never married,0,"unemployed, laid off, looking for work",,,don't know,"independent (neither, no response)",slightly liberal,,,favor,should be legal,not too happy,good,,can't be too careful,not satisfied at all,,catholic,never,believe sometimes,no,ancient book
2022,137,56,female,black,associate/junior college,14,northeast,widowed,3,working full time,39,10286.25,working class,not very strong democrat,"moderate, middle of the road",biden,,favor,,not too happy,good,,,more or less satisfied,2,muslim/islam,several times a year,no doubts,,
2022,138,32,female,black,high school,12,northeast,never married,8,keeping house,,,middle class,"independent (neither, no response)","moderate, middle of the road",other candidate,favor,favor,,not too happy,good,routine,,not satisfied at all,,none,never,,yes,don't know
2022,139,23,female,white,bachelor's,16,northeast,never married,0,working full time,55,28485,middle class,strong democrat,liberal,biden,favor,oppose,should be legal,very happy,good,exciting,most people can be trusted,pretty well satisfied,2,none,about once or twice a year,higher power,don't know,ancient book
2022,140,34,female,white,bachelor's,16,northeast,divorced,0,working full time,40,75960,middle class,strong democrat,liberal,biden,,oppose,,not too happy,fair,,,more or less satisfied,3,none,never,don't believe,,
2022,141,,female,other,graduate,19,northeast,never married,0,working full time,36,,middle class,not very strong democrat,conservative,,favor,favor,,pretty happy,good,routine,,pretty well satisfied,0,none,never,,,
2022,142,79,male,black,graduate,16,northeast,married,4,retired,,,middle class,not very strong democrat,extremely liberal,biden,favor,favor,,pretty happy,excellent,routine,,pretty well satisfied,,catholic,several times a year,,no,word of god
2022,143,36,male,black,bachelor's,18,northeast,married,3,working full time,42,63300,middle class,"independent, close to democrat","moderate, middle of the road",biden,favor,don't know,,not too happy,good,routine,,not satisfied at all,0,protestant,nearly every week,,yes,ancient book
2022,144,,female,black,bachelor's,16,northeast,divorced,2,retired,,,middle class,,"moderate, middle of the road",,,oppose,should be legal,pretty happy,good,,can't be too careful,pretty well satisfied,,,,,yes,
2022,145,69,male,black,high school,14,northeast,married,3,retired,,,working class,"independent, close to democrat","moderate, middle of the road",biden,favor,oppose,,pretty happy,fair,exciting,,pretty well satisfied,,protestant,2-3 times a month,no doubts,,
2022,146,56,female,black,less than high school,14,northeast,never married,5,"unemployed, laid off, looking for work",,,working class,,,,favor,oppose,,very happy,good,exciting,,more or less satisfied,,protestant,2-3 times a month,,yes,word of god
2022,147,,female,other,bachelor's,16,northeast,married,2,retired,,,middle class,strong democrat,,biden,favor,oppose,,very happy,excellent,exciting,,pretty well satisfied,,catholic,less than once a year,believe with doubts,,
2022,148,36,female,black,associate/junior college,16,northeast,never married,3,keeping house,,13451.25,working class,"independent (neither, no response)","moderate, middle of the road",biden,favor,favor,,very happy,good,exciting,,more or less satisfied,,protestant,every week,,yes,inspired word
2022,149,,female,black,bachelor's,16,northeast,separated,2,working full time,45,,working class,,,,favor,oppose,,pretty happy,good,exciting,,pretty well satisfied,,protestant,2-3 times a month,,yes,word of god
2022,150,29,male,black,graduate,18,northeast,never married,0,working full time,45,88620,middle class,"independent, close to democrat",slightly liberal,biden,,oppose,don't know,pretty happy,good,,can't be too careful,more or less satisfied,,catholic,about once a month,believe with doubts,yes,inspired word
2022,151,44,female,other,high school,11,northeast,never married,0,working full time,60,52222.5,working class,strong democrat,"moderate, middle of the road",biden,favor,oppose,,pretty happy,good,exciting,,more or less satisfied,2,catholic,less than once a year,,,
2022,152,37,male,other,less than high school,10,northeast,married,2,working full time,,,working class,"independent (neither, no response)",conservative,,favor,oppose,,very happy,excellent,exciting,,not satisfied at all,0,none,never,,,
2022,153,70,male,white,bachelor's,18,northeast,divorced,4,retired,,,middle class,not very strong democrat,"moderate, middle of the road",biden,favor,favor,,pretty happy,fair,routine,,pretty well satisfied,,jewish,less than once a year,higher power,,
2022,154,,female,white,less than high school,13,northeast,never married,,in school,,,working class,not very strong democrat,liberal,,favor,oppose,,not too happy,good,routine,,more or less satisfied,,none,about once or twice a year,"don't know, no way to find out",,
2022,155,62,male,white,high school,12,northeast,separated,2,retired,,,middle class,"independent, close to republican",conservative,trump,,favor,should not be legal,pretty happy,excellent,,can't be too careful,pretty well satisfied,,catholic,never,no doubts,yes,inspired word
2022,156,24,female,white,bachelor's,16,northeast,never married,0,working full time,40,28485,middle class,"independent, close to democrat",slightly liberal,,,oppose,should be legal,pretty happy,excellent,,can't be too careful,pretty well satisfied,3,none,never,higher power,no,inspired word
2022,157,83,female,other,high school,12,northeast,widowed,2,keeping house,,,upper class,strong democrat,slightly liberal,biden,,oppose,,pretty happy,good,,,more or less satisfied,,hinduism,about once a month,no doubts,yes,word of god
2022,158,71,male,white,bachelor's,17,northeast,separated,1,retired,,,middle class,"independent (neither, no response)",slightly conservative,biden,favor,favor,,pretty happy,good,routine,,more or less satisfied,,catholic,several times a year,,,
2022,159,68,male,white,bachelor's,16,northeast,married,0,working full time,40,63300,middle class,not very strong democrat,conservative,trump,oppose,favor,,pretty happy,good,exciting,,pretty well satisfied,0,jewish,never,,,
2022,160,,female,,high school,12,northeast,divorced,2,working full time,7,,working class,,slightly conservative,,favor,,don't know,don't know,good,routine,can't be too careful,more or less satisfied,20,protestant,,no doubts,yes,inspired word
2022,161,74,male,other,bachelor's,19,northeast,married,2,working full time,40,63300,working class,"independent (neither, no response)","moderate, middle of the road",,favor,favor,,very happy,good,routine,,more or less satisfied,0,hinduism,about once a month,no doubts,,
2022,162,46,female,black,bachelor's,16,northeast,never married,0,working full time,40,42727.5,don't know,"independent (neither, no response)",don't know,,,favor,should be legal,pretty happy,good,,can't be too careful,pretty well satisfied,0,muslim/islam,several times a year,no doubts,yes,inspired word
2022,163,48,male,other,bachelor's,17,northeast,married,4,working full time,35,23737.5,working class,"independent (neither, no response)","moderate, middle of the road",didn't vote for president,,oppose,should not be legal,not too happy,fair,,can't be too careful,more or less satisfied,15,muslim/islam,several times a year,no doubts,yes,inspired word
2022,164,55,female,white,graduate,20,northeast,married,2,working full time,40,75960,middle class,strong republican,extremely conservative,trump,oppose,favor,,very happy,good,exciting,,more or less satisfied,0,catholic,never,,yes,inspired word
2022,165,46,female,white,high school,12,northeast,married,2,keeping house,,,working class,not very strong republican,slightly conservative,,favor,favor,should not be legal,very happy,excellent,exciting,depends,more or less satisfied,,catholic,several times a year,believe with doubts,don't know,inspired word
2022,166,40,female,white,graduate,18,northeast,married,2,working full time,44,88620,middle class,strong democrat,liberal,biden,favor,oppose,,very happy,good,exciting,,more or less satisfied,5,none,never,,,
2022,167,63,female,white,bachelor's,16,northeast,separated,3,retired,,,middle class,"independent, close to democrat",slightly conservative,biden,,oppose,don't know,pretty happy,poor,,can't be too careful,not satisfied at all,,catholic,about once or twice a year,no doubts,yes,inspired word
2022,168,65,female,white,high school,12,northeast,widowed,0,working full time,55,42727.5,working class,strong republican,"moderate, middle of the road",trump,favor,favor,should be legal,not too happy,good,routine,depends,more or less satisfied,0,protestant,never,no doubts,yes,word of god
2022,169,31,female,white,associate/junior college,18,northeast,never married,2,working full time,30,34815,don't know,"independent (neither, no response)",slightly conservative,,favor,oppose,don't know,very happy,excellent,exciting,don't know,more or less satisfied,0,catholic,several times a year,believe with doubts,yes,inspired word
2022,170,39,male,white,high school,13,northeast,separated,2,working full time,70,23737.5,working class,other party,conservative,trump,oppose,favor,,pretty happy,excellent,exciting,,not satisfied at all,0,none,never,don't believe,,
2022,171,51,male,white,graduate,20,northeast,divorced,3,working full time,40,163572.71343,middle class,"independent (neither, no response)",liberal,other candidate,,favor,,not too happy,excellent,,,pretty well satisfied,0,none,never,don't believe,,
2022,172,34,male,white,bachelor's,16,northeast,never married,0,working full time,40,13451.25,middle class,strong democrat,"moderate, middle of the road",,oppose,oppose,,pretty happy,good,routine,,not satisfied at all,0,protestant,never,,,
2022,173,29,female,white,bachelor's,16,northeast,never married,0,working full time,40,63300,upper class,"independent, close to republican",slightly liberal,biden,,favor,,pretty happy,excellent,,,more or less satisfied,3,catholic,less than once a year,higher power,,
2022,174,87,male,white,high school,15,northeast,divorced,0,retired,,,middle class,"independent, close to republican",slightly conservative,trump,,favor,,not too happy,fair,,,more or less satisfied,,none,never,"don't know, no way to find out",,
2022,175,41,female,white,graduate,16,northeast,married,0,working full time,50,63300,middle class,strong democrat,extremely liberal,biden,,oppose,should be legal,very happy,excellent,,depends,more or less satisfied,0,none,never,don't believe,don't know,ancient book
2022,176,39,female,other,associate/junior college,14,northeast,married,0,working full time,70,13451.25,lower class,"independent (neither, no response)","moderate, middle of the road",,,oppose,,pretty happy,fair,,,more or less satisfied,0,,never,"don't know, no way to find out",yes,inspired word
2022,177,63,female,black,bachelor's,16,northeast,never married,2,working full time,40,28485,middle class,not very strong democrat,"moderate, middle of the road",biden,favor,favor,should be legal,pretty happy,good,exciting,can't be too careful,pretty well satisfied,10,protestant,several times a week,no doubts,yes,word of god
2022,178,41,female,white,bachelor's,16,northeast,separated,4,working part time,20,2848.5,lower class,not very strong democrat,"moderate, middle of the road",,oppose,oppose,should not be legal,not too happy,good,routine,can't be too careful,more or less satisfied,4,protestant,about once or twice a year,higher power,don't know,ancient book
2022,179,68,female,white,high school,13,northeast,divorced,1,working part time,20,20572.5,middle class,"independent, close to republican",slightly conservative,,,favor,,pretty happy,excellent,,,pretty well satisfied,0,none,never,higher power,,
2022,180,74,female,white,high school,12,northeast,married,3,retired,,,working class,strong democrat,"moderate, middle of the road",biden,oppose,favor,should be legal,very happy,good,exciting,most people can be trusted,more or less satisfied,,catholic,every week,believe with doubts,no,inspired word
2022,181,50,female,black,less than high school,3,northeast,never married,5,"unemployed, laid off, looking for work",,4114.5,working class,not very strong republican,slightly conservative,trump,,oppose,,not too happy,fair,,,not satisfied at all,,none,about once a month,believe sometimes,,
2022,182,53,female,black,graduate,18,northeast,never married,1,working full time,45,63300,working class,strong democrat,slightly liberal,biden,favor,oppose,,pretty happy,fair,routine,,more or less satisfied,0,protestant,2-3 times a month,,,
2022,183,34,male,other,bachelor's,16,northeast,never married,1,working full time,45,8703.75,working class,"independent, close to democrat","moderate, middle of the road",biden,,favor,should not be legal,very happy,good,,can't be too careful,more or less satisfied,2,christian,2-3 times a month,no doubts,yes,inspired word
2022,184,62,male,black,high school,12,northeast,married,3,working full time,40,42727.5,upper class,strong democrat,"moderate, middle of the road",biden,favor,favor,,very happy,excellent,exciting,,more or less satisfied,,protestant,,,,
2022,185,54,female,other,graduate,16,northeast,separated,2,working full time,45,63300,working class,"independent (neither, no response)","moderate, middle of the road",,,oppose,,pretty happy,excellent,,,not satisfied at all,,protestant,about once or twice a year,no doubts,,
2022,186,37,female,white,bachelor's,16,northeast,separated,0,working full time,65,52222.5,working class,"independent, close to democrat","moderate, middle of the road",biden,,favor,,pretty happy,good,,,more or less satisfied,0,orthodox-christian,2-3 times a month,believe with doubts,,
2022,187,65,male,white,high school,12,northeast,divorced,2,retired,,,middle class,strong democrat,"moderate, middle of the road",biden,,oppose,,pretty happy,good,,,more or less satisfied,,catholic,less than once a year,believe with doubts,,
2022,188,42,male,white,bachelor's,16,northeast,married,2,working full time,40,75960,middle class,strong republican,slightly conservative,trump,favor,favor,,very happy,good,routine,,more or less satisfied,2,catholic,never,believe with doubts,,
2022,189,47,female,white,high school,12,northeast,never married,5,working part time,30,1266,working class,"independent, close to democrat","moderate, middle of the road",biden,favor,favor,,pretty happy,good,routine,,not satisfied at all,10,protestant,several times a year,no doubts,,
2022,190,49,male,white,graduate,18,west,never married,0,working full time,40,163572.71343,middle class,not very strong republican,slightly conservative,,favor,favor,,pretty happy,good,routine,,more or less satisfied,0,catholic,every week,,,
2022,191,,male,white,graduate,18,west,married,2,working full time,40,88620,middle class,"independent, close to democrat",slightly liberal,trump,favor,oppose,,very happy,excellent,exciting,,more or less satisfied,0,jewish,2-3 times a month,,don't know,inspired word
2022,192,,female,other,graduate,18,west,married,0,working full time,45,,middle class,not very strong democrat,slightly liberal,biden,,favor,,very happy,good,,,more or less satisfied,4,none,never,believe with doubts,,
2022,193,64,male,white,graduate,18,west,never married,0,working part time,20,75960,middle class,not very strong democrat,"moderate, middle of the road",biden,favor,favor,,very happy,good,exciting,,pretty well satisfied,0,protestant,never,,,
2022,194,60,male,white,bachelor's,16,west,divorced,,retired,,,working class,strong republican,extremely liberal,trump,favor,favor,,,,,,pretty well satisfied,,catholic,every week,,yes,word of god
2022,195,45,male,white,high school,12,west,married,3,working full time,40,101280,working class,"independent (neither, no response)","moderate, middle of the road",biden,oppose,favor,,very happy,fair,exciting,,pretty well satisfied,0,none,never,,,
2022,196,56,male,other,graduate,20,west,married,1,retired,,101280,middle class,"independent (neither, no response)",slightly liberal,biden,favor,favor,,pretty happy,good,routine,,more or less satisfied,,none,never,,,
2022,197,30,female,other,graduate,16,west,married,0,working full time,75,63300,upper class,strong democrat,liberal,biden,,don't know,should be legal,pretty happy,excellent,,most people can be trusted,more or less satisfied,2,none,about once or twice a year,higher power,no,ancient book
2022,198,74,male,white,graduate,18,west,married,3,retired,,,middle class,"independent, close to republican","moderate, middle of the road",trump,,favor,,very happy,excellent,,,pretty well satisfied,,protestant,about once or twice a year,believe sometimes,,
2022,199,,male,black,graduate,16,west,never married,0,working full time,45,,working class,"independent (neither, no response)","moderate, middle of the road",don't know,favor,favor,,pretty happy,good,exciting,,more or less satisfied,,none,less than once a year,,,
2022,200,25,female,white,high school,13,west,married,0,working full time,40,34815,working class,not very strong democrat,slightly liberal,biden,,favor,should be legal,pretty happy,excellent,,can't be too careful,more or less satisfied,5,catholic,about once or twice a year,believe with doubts,yes,ancient book
2022,201,29,male,white,bachelor's,16,west,never married,0,working full time,60,,middle class,not very strong republican,slightly conservative,,favor,favor,,pretty happy,fair,routine,,pretty well satisfied,0,none,never,,no,ancient book
2022,202,29,male,,bachelor's,17,west,never married,0,"unemployed, laid off, looking for work",,,working class,not very strong democrat,liberal,biden,favor,favor,,not too happy,fair,routine,,more or less satisfied,,none,about once or twice a year,,don't know,inspired word
2022,203,29,female,white,bachelor's,16,west,never married,0,working full time,45,42727.5,working class,"independent, close to democrat",slightly liberal,biden,favor,favor,,pretty happy,excellent,routine,,more or less satisfied,7,none,never,,,
2022,204,53,male,white,bachelor's,16,west,married,1,working full time,0,163572.71343,upper class,strong democrat,liberal,biden,favor,oppose,,pretty happy,excellent,exciting,,pretty well satisfied,2,none,never,,don't know,ancient book
2022,205,72,male,white,high school,16,west,married,2,other,,101280,middle class,not very strong democrat,slightly liberal,biden,favor,oppose,,pretty happy,excellent,exciting,,pretty well satisfied,,catholic,several times a year,believe with doubts,,
2022,206,74,female,other,graduate,18,west,never married,0,retired,,,middle class,not very strong democrat,slightly liberal,biden,favor,oppose,,not too happy,good,routine,,pretty well satisfied,,none,never,higher power,,
2022,207,43,male,other,graduate,19,west,married,3,working full time,40,63300,middle class,"independent, close to democrat","moderate, middle of the road",biden,,favor,,pretty happy,fair,,,more or less satisfied,5,catholic,about once or twice a year,believe with doubts,,
2022,208,36,female,white,high school,14,west,divorced,4,keeping house,,,lower class,"independent (neither, no response)","moderate, middle of the road",,favor,favor,should be legal,not too happy,good,routine,can't be too careful,not satisfied at all,,catholic,about once a month,believe with doubts,yes,ancient book
2022,209,40,female,white,graduate,17,west,married,2,working part time,14,4114.5,working class,not very strong republican,slightly conservative,biden,favor,favor,should not be legal,very happy,good,exciting,most people can be trusted,more or less satisfied,1,protestant,several times a week,no doubts,yes,word of god
2022,210,60,male,white,high school,14,west,married,3,working full time,59,88620,middle class,"independent (neither, no response)",slightly conservative,,favor,favor,,pretty happy,good,exciting,,more or less satisfied,0,catholic,several times a year,no doubts,,
2022,211,35,male,other,graduate,17,west,never married,3,working full time,48,63300,working class,"independent (neither, no response)",slightly liberal,biden,,favor,should not be legal,very happy,excellent,,can't be too careful,more or less satisfied,0,catholic,never,no doubts,yes,inspired word
2022,212,44,female,white,high school,14,west,married,3,keeping house,,,working class,"independent (neither, no response)",,,don't know,don't know,,not too happy,good,exciting,,more or less satisfied,,protestant,several times a week,,yes,inspired word
2022,213,66,male,other,bachelor's,17,west,married,1,working full time,40,42727.5,working class,not very strong republican,slightly conservative,trump,favor,oppose,,pretty happy,good,exciting,,more or less satisfied,0,catholic,less than once a year,,no,other (vol)
2022,214,32,female,white,high school,12,west,married,2,"with a job, but not at work because of temporary illness, vacation, strike",,163572.71343,working class,"independent (neither, no response)","moderate, middle of the road",trump,favor,favor,,very happy,good,exciting,,not satisfied at all,20,protestant,never,,,
2022,215,36,male,black,less than high school,11,west,never married,1,other,,,lower class,strong democrat,extremely liberal,biden,,oppose,should be legal,pretty happy,poor,,can't be too careful,not satisfied at all,,protestant,about once or twice a year,higher power,don't know,inspired word
2022,216,48,female,black,associate/junior college,15,west,married,2,working full time,40,34815,working class,not very strong democrat,conservative,biden,,favor,should not be legal,pretty happy,excellent,,can't be too careful,not satisfied at all,0,protestant,several times a year,no doubts,yes,word of god
2022,217,61,male,white,less than high school,3,west,widowed,3,working full time,40,17407.5,working class,"independent (neither, no response)","moderate, middle of the road",,,oppose,should not be legal,pretty happy,good,,can't be too careful,more or less satisfied,0,catholic,several times a year,no doubts,no,word of god
2022,218,47,male,other,high school,12,west,married,2,working full time,40,34815,middle class,"independent (neither, no response)",conservative,biden,,favor,should not be legal,very happy,fair,,can't be too careful,pretty well satisfied,0,catholic,several times a year,no doubts,no,word of god
2022,219,44,male,black,bachelor's,16,west,never married,2,retired,,,upper class,"independent (neither, no response)",,,favor,favor,should be legal,very happy,poor,exciting,can't be too careful,pretty well satisfied,,protestant,never,no doubts,yes,ancient book
2022,220,57,male,black,less than high school,15,west,divorced,2,working full time,40,63300,middle class,strong democrat,liberal,biden,oppose,oppose,,very happy,excellent,exciting,,pretty well satisfied,0,protestant,about once or twice a year,,,
2022,221,75,female,black,high school,14,west,divorced,3,retired,,,lower class,strong democrat,"moderate, middle of the road",biden,favor,oppose,don't know,very happy,good,exciting,can't be too careful,more or less satisfied,,protestant,2-3 times a month,no doubts,no,inspired word
2022,222,31,female,black,associate/junior college,14,west,never married,3,working full time,40,28485,working class,"independent, close to democrat","moderate, middle of the road",biden,,oppose,should be legal,pretty happy,excellent,,can't be too careful,don't know,0,protestant,never,higher power,yes,ancient book
2022,223,62,female,white,less than high school,0,west,separated,3,keeping house,,,middle class,"independent, close to republican",slightly liberal,trump,favor,oppose,should not be legal,pretty happy,good,routine,can't be too careful,more or less satisfied,,catholic,several times a year,no doubts,yes,inspired word
2022,224,50,female,white,associate/junior college,17,west,divorced,1,"with a job, but not at work because of temporary illness, vacation, strike",,34815,middle class,"independent (neither, no response)","moderate, middle of the road",,favor,oppose,,pretty happy,good,routine,,more or less satisfied,5,catholic,several times a year,no doubts,,
2022,225,39,male,white,high school,15,west,never married,2,working full time,35,17407.5,middle class,"independent (neither, no response)","moderate, middle of the road",,,oppose,,pretty happy,good,,,pretty well satisfied,30,orthodox-christian,about once or twice a year,no doubts,,
2022,226,33,male,white,high school,13,west,never married,0,"unemployed, laid off, looking for work",,28485,working class,"independent (neither, no response)","moderate, middle of the road",biden,oppose,favor,,not too happy,poor,routine,,not satisfied at all,,none,never,believe with doubts,,
2022,227,43,female,,graduate,16,west,separated,2,working full time,89,163572.71343,middle class,strong democrat,liberal,biden,,don't know,should be legal,pretty happy,good,,can't be too careful,more or less satisfied,3,catholic,less than once a year,believe with doubts,yes,inspired word
2022,228,23,female,other,bachelor's,16,west,never married,0,working full time,40,8703.75,middle class,not very strong democrat,liberal,biden,,favor,should be legal,pretty happy,good,,can't be too careful,more or less satisfied,3,none,about once or twice a year,higher power,yes,inspired word
2022,229,31,female,white,bachelor's,16,west,never married,0,working full time,45,52222.5,working class,strong democrat,slightly liberal,biden,favor,oppose,,pretty happy,good,exciting,,not satisfied at all,8,none,about once or twice a year,don't believe,,
2022,230,33,male,white,bachelor's,19,west,never married,0,working full time,40,28485,lower class,not very strong republican,conservative,trump,favor,favor,,not too happy,good,routine,,more or less satisfied,0,protestant,every week,no doubts,,
2022,231,24,male,other,less than high school,12,west,never married,0,working full time,60,2848.5,working class,not very strong democrat,"moderate, middle of the road",biden,favor,oppose,should be legal,very happy,good,routine,can't be too careful,not satisfied at all,0,catholic,never,believe sometimes,yes,inspired word
2022,232,23,male,white,bachelor's,16,west,never married,0,"unemployed, laid off, looking for work",,,working class,strong democrat,slightly liberal,biden,favor,oppose,should be legal,very happy,fair,routine,can't be too careful,not satisfied at all,,none,never,"don't know, no way to find out",no,ancient book
2022,233,58,male,black,high school,14,west,divorced,0,working full time,81,,working class,strong democrat,liberal,biden,favor,favor,,pretty happy,good,exciting,,not satisfied at all,0,protestant,less than once a year,,yes,word of god
2022,234,39,female,white,bachelor's,17,west,never married,0,working full time,84,,lower class,"independent, close to democrat",slightly liberal,biden,favor,oppose,,not too happy,fair,routine,,not satisfied at all,20,none,less than once a year,,yes,ancient book
2022,235,56,male,other,less than high school,6,west,married,3,working full time,40,4747.5,lower class,not very strong democrat,conservative,biden,,favor,should not be legal,not too happy,fair,,can't be too careful,not satisfied at all,0,catholic,about once a month,no doubts,yes,word of god
2022,236,71,female,black,associate/junior college,16,west,married,0,working part time,10,,upper class,strong democrat,extremely liberal,,favor,favor,,very happy,excellent,,,,0,none,nearly every week,no doubts,,
2022,237,56,female,other,bachelor's,16,west,married,3,other,,,working class,"independent (neither, no response)","moderate, middle of the road",,,oppose,,pretty happy,good,,,pretty well satisfied,,protestant,about once a month,no doubts,,
2022,238,41,female,other,associate/junior college,14,west,married,3,keeping house,,,working class,strong democrat,"moderate, middle of the road",biden,favor,don't know,should not be legal,very happy,fair,routine,can't be too careful,not satisfied at all,,muslim/islam,several times a week,no doubts,yes,
2022,239,27,female,white,graduate,17,west,never married,0,working full time,55,42727.5,working class,"independent, close to democrat",extremely liberal,other candidate,favor,oppose,,pretty happy,excellent,routine,,more or less satisfied,30,protestant,less than once a year,,yes,inspired word
2022,240,36,male,white,high school,12,west,never married,0,working part time,25,28485,working class,"independent (neither, no response)",slightly liberal,biden,,favor,,very happy,good,,,not satisfied at all,11,catholic,2-3 times a month,no doubts,,
2022,241,59,male,other,high school,12,west,married,4,working part time,30,7121.25,middle class,"independent (neither, no response)",,,don't know,don't know,,pretty happy,good,exciting,,more or less satisfied,0,catholic,every week,,yes,inspired word
2022,242,25,male,black,associate/junior college,15,west,never married,0,"with a job, but not at work because of temporary illness, vacation, strike",,1266,lower class,strong democrat,slightly liberal,biden,oppose,oppose,,not too happy,fair,routine,,not satisfied at all,0,catholic,nearly every week,believe with doubts,,
2022,243,28,female,black,bachelor's,20,west,married,1,working full time,40,28485,upper class,"independent (neither, no response)","moderate, middle of the road",biden,,oppose,,not too happy,good,,,not satisfied at all,30,protestant,every week,no doubts,,
2022,244,70,female,black,high school,12,west,widowed,1,retired,,,middle class,strong democrat,slightly liberal,biden,oppose,favor,,very happy,fair,routine,,not satisfied at all,,protestant,never,,no,word of god
2022,245,59,male,black,associate/junior college,16,west,separated,3,working part time,26,17407.5,working class,"independent, close to democrat","moderate, middle of the road",biden,favor,oppose,,not too happy,good,exciting,,more or less satisfied,0,muslim/islam,2-3 times a month,no doubts,,
2022,246,20,female,other,associate/junior college,15,west,never married,0,in school,,,working class,"independent (neither, no response)","moderate, middle of the road",biden,favor,favor,should be legal,very happy,good,exciting,can't be too careful,more or less satisfied,,catholic,about once a month,no doubts,yes,inspired word
2022,247,55,male,white,less than high school,3,west,married,6,working full time,40,10286.25,working class,"independent (neither, no response)",liberal,,favor,favor,,not too happy,fair,routine,,more or less satisfied,,none,never,,no,ancient book
2022,248,22,male,white,associate/junior college,15,west,never married,0,in school,,,middle class,"independent, close to democrat","moderate, middle of the road",trump,favor,favor,,not too happy,fair,dull,,not satisfied at all,,other,never,,,
2022,249,51,female,other,less than high school,7,west,widowed,3,keeping house,,,working class,"independent (neither, no response)",slightly conservative,,,don't know,should not be legal,not too happy,fair,,can't be too careful,more or less satisfied,,none,never,no doubts,don't know,word of god
2022,250,21,male,other,less than high school,11,west,never married,0,"unemployed, laid off, looking for work",,13451.25,working class,"independent (neither, no response)","moderate, middle of the road",,favor,favor,should not be legal,pretty happy,excellent,routine,can't be too careful,more or less satisfied,,protestant,never,no doubts,yes,word of god
2022,251,50,female,white,less than high school,11,west,married,4,working part time,24,7121.25,lower class,"independent, close to democrat",slightly conservative,,favor,oppose,,pretty happy,good,routine,,more or less satisfied,0,protestant,every week,,,
2022,252,60,female,white,less than high school,7,west,separated,5,keeping house,,,working class,strong democrat,conservative,biden,,oppose,should not be legal,pretty happy,good,,can't be too careful,more or less satisfied,,catholic,2-3 times a month,no doubts,no,inspired word
2022,253,66,female,white,associate/junior college,16,west,married,0,retired,,,working class,strong democrat,liberal,biden,favor,favor,,very happy,good,routine,,pretty well satisfied,,catholic,about once a month,,yes,word of god
2022,254,23,male,white,high school,12,west,never married,0,working full time,43,17407.5,lower class,not very strong democrat,"moderate, middle of the road",other candidate,oppose,favor,,pretty happy,good,routine,,not satisfied at all,5,catholic,never,believe with doubts,,
2022,255,64,female,other,less than high school,6,west,married,6,keeping house,,,working class,strong democrat,conservative,biden,favor,oppose,,not too happy,good,routine,,more or less satisfied,,catholic,nearly every week,believe with doubts,,
2022,256,32,male,other,associate/junior college,14,west,married,2,working full time,40,11868.75,middle class,not very strong republican,"moderate, middle of the road",,oppose,favor,,very happy,good,exciting,,more or less satisfied,0,catholic,about once a month,,,
2022,257,26,female,other,high school,15,west,never married,0,in school,,,working class,"independent, close to democrat","moderate, middle of the road",biden,favor,oppose,should be legal,very happy,excellent,routine,can't be too careful,not satisfied at all,,protestant,never,no doubts,yes,inspired word
2022,258,59,female,white,high school,12,west,divorced,1,working full time,40,23737.5,working class,strong republican,"moderate, middle of the road",trump,favor,favor,,pretty happy,good,routine,,more or less satisfied,0,none,less than once a year,,,
2022,259,81,female,black,bachelor's,18,west,widowed,2,retired,,,working class,strong democrat,liberal,biden,favor,oppose,should be legal,very happy,excellent,exciting,can't be too careful,pretty well satisfied,,none,never,"don't know, no way to find out",no,ancient book
2022,260,36,male,white,bachelor's,17,west,never married,0,working full time,40,28485,working class,strong republican,conservative,trump,favor,favor,,pretty happy,excellent,exciting,,more or less satisfied,0,protestant,2-3 times a month,no doubts,,
2022,261,29,female,other,high school,13,west,married,1,keeping house,,,lower class,strong republican,slightly liberal,,favor,don't know,should be legal,very happy,excellent,exciting,most people can be trusted,more or less satisfied,,hinduism,never,believe sometimes,yes,inspired word
2022,262,57,female,white,less than high school,11,west,divorced,2,keeping house,,,lower class,not very strong republican,,trump,favor,favor,don't know,very happy,fair,routine,can't be too careful,more or less satisfied,,protestant,never,no doubts,yes,word of god
2022,263,50,male,other,less than high school,13,west,married,3,working full time,0,,working class,"independent (neither, no response)",don't know,,oppose,oppose,,pretty happy,excellent,exciting,,more or less satisfied,0,none,never,,yes,word of god
2022,264,38,female,white,graduate,20,west,never married,0,working full time,28,52222.5,working class,strong democrat,liberal,biden,oppose,favor,,pretty happy,good,exciting,,not satisfied at all,14,none,less than once a year,,don't know,inspired word
2022,265,29,female,black,bachelor's,17,west,never married,0,working full time,40,75960,working class,not very strong democrat,"moderate, middle of the road",biden,oppose,oppose,,pretty happy,fair,exciting,,not satisfied at all,0,protestant,nearly every week,,,
2022,266,,male,other,high school,12,west,married,2,working part time,25,4114.5,working class,"independent (neither, no response)","moderate, middle of the road",,favor,oppose,,pretty happy,good,routine,,not satisfied at all,0,,every week,,yes,don't know
2022,267,37,female,white,graduate,20,west,married,0,working full time,22,28485,middle class,strong democrat,liberal,biden,,oppose,,very happy,excellent,,,pretty well satisfied,0,jewish,never,higher power,,
2022,268,30,female,white,graduate,16,west,never married,0,working full time,60,52222.5,middle class,strong democrat,liberal,biden,favor,oppose,,not too happy,fair,routine,,not satisfied at all,20,protestant,several times a year,,,
2022,269,19,male,other,high school,13,west,never married,0,in school,,,middle class,,,,favor,oppose,,pretty happy,excellent,routine,,pretty well satisfied,,jewish,several times a year,,yes,other (vol)
2022,270,52,male,white,graduate,16,west,married,2,working full time,55,34815,upper class,strong democrat,extremely liberal,biden,favor,oppose,,pretty happy,excellent,exciting,,pretty well satisfied,3,none,never,,,
2022,271,69,male,white,graduate,19,west,never married,0,working part time,10,34815,upper class,not very strong democrat,slightly conservative,biden,,oppose,,pretty happy,excellent,,,more or less satisfied,1,jewish,nearly every week,don't believe,,
2022,272,66,female,white,graduate,20,west,divorced,1,working part time,15,163572.71343,middle class,not very strong democrat,liberal,biden,favor,favor,,pretty happy,good,routine,,pretty well satisfied,0,jewish,less than once a year,,,
2022,273,45,female,white,graduate,18,west,married,2,working full time,40,75960,upper class,strong democrat,liberal,biden,favor,oppose,,pretty happy,excellent,routine,,pretty well satisfied,0,none,never,,don't know,ancient book
2022,274,33,male,white,high school,13,west,never married,0,working full time,40,5697,working class,other party,extremely liberal,biden,,oppose,,pretty happy,good,,,not satisfied at all,4,none,never,don't believe,,
2022,275,55,male,black,graduate,20,west,divorced,4,working part time,20,101280,middle class,"independent (neither, no response)","moderate, middle of the road",biden,,oppose,should be legal,very happy,excellent,,can't be too careful,more or less satisfied,0,none,several times a year,no doubts,yes,ancient book
2022,276,46,female,white,less than high school,9,west,separated,3,working full time,55,,working class,"independent (neither, no response)",extremely conservative,,,oppose,should not be legal,not too happy,fair,,can't be too careful,not satisfied at all,30,none,never,no doubts,don't know,word of god
2022,277,57,male,white,graduate,16,west,married,3,working full time,50,163572.71343,upper class,strong republican,slightly conservative,biden,favor,favor,,not too happy,excellent,exciting,,pretty well satisfied,0,protestant,nearly every week,no doubts,,
2022,278,42,male,black,high school,14,west,never married,1,other,,,lower class,strong democrat,liberal,biden,,oppose,,not too happy,poor,,,not satisfied at all,,none,several times a week,higher power,,
2022,279,58,male,other,high school,14,west,never married,0,"unemployed, laid off, looking for work",,,working class,strong democrat,"moderate, middle of the road",biden,favor,favor,should be legal,not too happy,good,exciting,can't be too careful,more or less satisfied,,none,never,believe with doubts,don't know,ancient book
2022,280,37,female,other,graduate,19,west,divorced,0,working full time,50,63300,middle class,"independent (neither, no response)","moderate, middle of the road",,favor,favor,,pretty happy,good,routine,,more or less satisfied,0,catholic,never,believe sometimes,,
2022,281,68,female,white,associate/junior college,14,west,married,3,retired,,,middle class,"independent (neither, no response)",slightly liberal,,favor,oppose,,pretty happy,good,routine,,more or less satisfied,,protestant,nearly every week,,,
2022,282,68,female,other,associate/junior college,15,west,divorced,2,"unemployed, laid off, looking for work",,,working class,"independent, close to democrat","moderate, middle of the road",biden,,oppose,should be legal,pretty happy,fair,,can't be too careful,not satisfied at all,,protestant,2-3 times a month,no doubts,yes,inspired word
2022,283,35,female,other,less than high school,12,west,separated,3,keeping house,,,working class,"independent (neither, no response)",slightly liberal,,favor,favor,,not too happy,fair,routine,,more or less satisfied,,catholic,less than once a year,believe sometimes,,
2022,284,41,female,other,associate/junior college,15,west,married,1,keeping house,,,middle class,not very strong democrat,slightly liberal,biden,favor,,should be legal,pretty happy,good,exciting,most people can be trusted,more or less satisfied,,catholic,never,higher power,yes,ancient book
2022,285,28,male,white,associate/junior college,14,west,never married,0,working full time,50,28485,lower class,not very strong democrat,slightly liberal,other candidate,oppose,favor,,pretty happy,good,routine,,not satisfied at all,1,none,never,,yes,ancient book
2022,286,53,female,white,bachelor's,16,west,married,0,working full time,40,42727.5,working class,strong democrat,slightly liberal,biden,favor,favor,,pretty happy,poor,routine,,not satisfied at all,12,catholic,nearly every week,no doubts,,
2022,287,63,female,white,high school,12,west,divorced,2,working full time,38,52222.5,working class,not very strong republican,conservative,trump,oppose,favor,,pretty happy,excellent,routine,,more or less satisfied,2,protestant,about once or twice a year,no doubts,,
2022,288,71,female,white,graduate,18,west,divorced,1,retired,,,middle class,strong democrat,liberal,biden,,favor,,pretty happy,good,,,pretty well satisfied,,protestant,less than once a year,no doubts,,
2022,289,56,female,white,high school,12,west,divorced,3,working full time,80,10286.25,working class,"independent (neither, no response)",conservative,,favor,oppose,should be legal,pretty happy,good,routine,most people can be trusted,more or less satisfied,0,protestant,several times a week,no doubts,yes,word of god
2022,290,44,female,white,less than high school,14,west,married,3,working part time,,2848.5,middle class,not very strong republican,conservative,trump,favor,favor,,pretty happy,good,routine,,more or less satisfied,,protestant,every week,,yes,inspired word
2022,291,26,female,white,high school,12,west,never married,0,"unemployed, laid off, looking for work",,2848.5,middle class,not very strong republican,conservative,trump,,favor,should be legal,not too happy,fair,,can't be too careful,more or less satisfied,,protestant,about once or twice a year,believe with doubts,yes,inspired word
2022,292,67,female,white,graduate,20,west,married,3,working full time,45,88620,middle class,"independent (neither, no response)","moderate, middle of the road",biden,favor,oppose,should be legal,very happy,good,routine,can't be too careful,pretty well satisfied,0,protestant,about once or twice a year,higher power,yes,inspired word
2022,293,49,male,white,less than high school,8,west,never married,0,retired,,13451.25,middle class,not very strong republican,slightly conservative,trump,,favor,should not be legal,pretty happy,good,,can't be too careful,more or less satisfied,,don't know,about once or twice a year,"don't know, no way to find out",don't know,ancient book
2022,294,32,male,other,bachelor's,16,west,married,0,working full time,40,,upper class,not very strong democrat,slightly liberal,biden,favor,oppose,should be legal,very happy,good,exciting,most people can be trusted,more or less satisfied,2,muslim/islam,every week,believe with doubts,yes,inspired word
2022,295,39,female,other,high school,12,west,married,0,working full time,40,63300,middle class,"independent, close to republican","moderate, middle of the road",trump,,favor,,pretty happy,good,,,not satisfied at all,0,christian,never,believe with doubts,,
2022,296,61,female,white,high school,12,west,married,1,keeping house,,,working class,not very strong democrat,slightly conservative,,,favor,,pretty happy,good,,,more or less satisfied,,orthodox-christian,about once or twice a year,believe with doubts,,
2022,297,55,female,other,bachelor's,17,west,divorced,0,working full time,40,75960,middle class,other party,"moderate, middle of the road",biden,favor,favor,should be legal,pretty happy,good,routine,can't be too careful,more or less satisfied,0,catholic,never,higher power,yes,inspired word
2022,298,65,male,white,bachelor's,16,west,never married,0,retired,,,middle class,not very strong republican,slightly conservative,trump,,favor,should be legal,not too happy,good,,can't be too careful,pretty well satisfied,,none,never,higher power,yes,ancient book
2022,299,61,,white,high school,11,west,divorced,2,working part time,32,,working class,"independent, close to democrat","moderate, middle of the road",biden,favor,favor,,not too happy,fair,exciting,,not satisfied at all,,protestant,about once or twice a year,,,
2022,300,28,female,white,high school,12,west,never married,0,working part time,18,8703.75,working class,"independent, close to democrat","moderate, middle of the road",biden,favor,favor,,pretty happy,fair,routine,,not satisfied at all,12,other,every week,,yes,inspired word
2022,301,60,female,white,bachelor's,16,west,divorced,4,keeping house,,,middle class,strong republican,slightly conservative,trump,oppose,favor,,pretty happy,excellent,exciting,,pretty well satisfied,,catholic,less than once a year,believe with doubts,,
2022,302,63,male,other,associate/junior college,15,west,divorced,4,retired,,,middle class,strong democrat,slightly liberal,biden,,favor,should not be legal,very happy,excellent,,can't be too careful,pretty well satisfied,,catholic,several times a year,believe with doubts,yes,inspired word
2022,303,78,female,white,associate/junior college,17,west,separated,1,retired,,,lower class,strong republican,conservative,trump,,oppose,should be legal,very happy,good,,depends,more or less satisfied,,catholic,every week,no doubts,yes,other (vol)
2022,304,23,male,white,high school,12,west,never married,0,"unemployed, laid off, looking for work",,23737.5,lower class,"independent (neither, no response)","moderate, middle of the road",,favor,oppose,,not too happy,good,exciting,,not satisfied at all,,catholic,,,yes,inspired word
2022,305,60,female,white,high school,13,west,married,1,retired,,,middle class,not very strong republican,"moderate, middle of the road",trump,favor,favor,,pretty happy,good,routine,,more or less satisfied,,none,never,believe with doubts,,
2022,306,26,female,white,high school,12,west,married,0,working part time,25,11868.75,working class,not very strong democrat,slightly liberal,biden,,oppose,,not too happy,good,,,not satisfied at all,30,none,never,higher power,,
2022,307,54,male,other,less than high school,6,west,married,5,working full time,48,,working class,"independent (neither, no response)",liberal,biden,favor,don't know,,pretty happy,good,routine,,more or less satisfied,0,catholic,every week,,yes,word of god
2022,308,83,female,white,high school,12,west,widowed,2,retired,,,working class,strong democrat,extremely liberal,biden,favor,oppose,should be legal,not too happy,excellent,routine,most people can be trusted,more or less satisfied,,protestant,never,no doubts,yes,inspired word
2022,309,65,male,white,bachelor's,16,west,married,3,retired,,,working class,"independent, close to republican",conservative,trump,oppose,favor,,not too happy,poor,routine,,not satisfied at all,,protestant,every week,,,
2022,310,39,male,white,less than high school,12,west,married,1,working full time,44,17407.5,middle class,"independent (neither, no response)","moderate, middle of the road",,favor,favor,,very happy,good,exciting,,more or less satisfied,0,catholic,several times a year,believe with doubts,,
2022,311,68,female,other,high school,12,west,married,8,working part time,30,17407.5,lower class,strong democrat,slightly liberal,biden,,oppose,should be legal,pretty happy,excellent,,depends,pretty well satisfied,0,catholic,less than once a year,no doubts,yes,word of god
2022,312,66,female,black,bachelor's,17,west,never married,0,keeping house,,,working class,"independent, close to republican",conservative,,favor,favor,should not be legal,pretty happy,good,exciting,can't be too careful,more or less satisfied,,protestant,every week,no doubts,yes,word of god
2022,313,75,male,black,bachelor's,16,west,married,2,retired,,,middle class,strong democrat,liberal,biden,favor,favor,,pretty happy,good,exciting,,pretty well satisfied,,protestant,several times a year,believe sometimes,,
2022,314,36,male,other,bachelor's,16,west,never married,0,working full time,40,63300,middle class,"independent (neither, no response)",slightly conservative,trump,oppose,favor,,very happy,excellent,exciting,,pretty well satisfied,0,none,never,higher power,,
2022,315,64,male,other,less than high school,9,west,divorced,2,retired,,,don't know,"independent, close to democrat",don't know,biden,,favor,should be legal,pretty happy,fair,,depends,not satisfied at all,,none,never,higher power,don't know,other (vol)
2022,316,89,male,white,less than high school,11,west,widowed,8,retired,,,middle class,not very strong democrat,slightly liberal,biden,favor,favor,,not too happy,excellent,routine,,more or less satisfied,,catholic,less than once a year,,,
2022,317,,male,white,high school,12,west,separated,,working full time,40,42727.5,working class,strong republican,conservative,trump,oppose,favor,,pretty happy,good,routine,,not satisfied at all,2,catholic,never,,yes,word of god
2022,318,73,male,white,bachelor's,16,west,divorced,0,retired,,,middle class,not very strong democrat,"moderate, middle of the road",biden,favor,favor,,not too happy,fair,routine,,more or less satisfied,,none,never,,,
2022,319,56,male,black,high school,12,west,never married,5,working full time,50,42727.5,middle class,"independent, close to republican",slightly conservative,,,favor,should not be legal,pretty happy,good,,most people can be trusted,not satisfied at all,0,protestant,every week,no doubts,yes,inspired word
2022,320,33,male,,bachelor's,16,west,married,1,working full time,40,,middle class,"independent (neither, no response)",extremely liberal,,favor,don't know,,very happy,excellent,exciting,,more or less satisfied,0,catholic,about once or twice a year,,yes,inspired word
2022,321,23,male,other,bachelor's,16,west,never married,0,working part time,30,20572.5,lower class,not very strong democrat,liberal,,favor,favor,,pretty happy,good,routine,,more or less satisfied,15,catholic,about once or twice a year,,yes,inspired word
2022,322,54,male,white,high school,14,west,never married,0,working part time,0,,middle class,not very strong republican,"moderate, middle of the road",,oppose,don't know,don't know,pretty happy,fair,exciting,can't be too careful,more or less satisfied,2,protestant,2-3 times a month,believe with doubts,yes,word of god
2022,323,22,female,black,high school,12,west,never married,0,keeping house,,,working class,"independent (neither, no response)","moderate, middle of the road",biden,favor,oppose,,not too happy,good,exciting,,not satisfied at all,,none,several times a year,no doubts,,
2022,324,22,male,white,high school,12,west,never married,0,working full time,60,28485,middle class,"independent (neither, no response)","moderate, middle of the road",,oppose,favor,,very happy,fair,exciting,,more or less satisfied,,none,less than once a year,,yes,inspired word
2022,325,30,female,other,high school,12,west,married,2,working full time,60,42727.5,working class,"independent (neither, no response)","moderate, middle of the road",,favor,favor,,pretty happy,good,routine,,not satisfied at all,,catholic,never,believe sometimes,,
2022,326,52,female,white,graduate,18,west,divorced,1,working full time,50,63300,working class,"independent, close to democrat","moderate, middle of the road",biden,favor,favor,,pretty happy,good,routine,,not satisfied at all,15,none,never,,,
2022,327,,,white,less than high school,11,west,separated,2,keeping house,,,working class,"independent (neither, no response)","moderate, middle of the road",,,oppose,,very happy,good,,,not satisfied at all,,none,never,believe with doubts,,
2022,328,47,female,black,associate/junior college,16,west,married,0,"with a job, but not at work because of temporary illness, vacation, strike",,42727.5,middle class,strong democrat,liberal,biden,,oppose,,pretty happy,good,,,more or less satisfied,0,protestant,every week,no doubts,,
2022,329,54,female,other,associate/junior college,14,west,divorced,2,working full time,72,34815,working class,not very strong republican,slightly conservative,,favor,favor,should be legal,not too happy,good,routine,can't be too careful,more or less satisfied,0,catholic,about once or twice a year,believe sometimes,yes,ancient book
2022,330,33,male,other,associate/junior college,16,west,never married,0,working full time,40,42727.5,working class,not very strong democrat,liberal,biden,,oppose,,not too happy,good,,,not satisfied at all,10,catholic,never,no doubts,,
2022,331,20,male,other,high school,12,west,married,1,"with a job, but not at work because of temporary illness, vacation, strike",,1266,working class,strong democrat,liberal,,favor,favor,,pretty happy,fair,exciting,,not satisfied at all,15,none,never,,don't know,inspired word
2022,332,48,female,other,less than high school,6,west,never married,0,keeping house,,10286.25,working class,"independent, close to republican",liberal,,,oppose,should be legal,not too happy,fair,,can't be too careful,more or less satisfied,,catholic,about once or twice a year,no doubts,no,ancient book
2022,333,,male,white,bachelor's,16,west,married,5,working full time,45,,middle class,"independent (neither, no response)",slightly conservative,don't know,oppose,favor,,pretty happy,excellent,exciting,,more or less satisfied,0,catholic,less than once a year,,,
2022,334,35,female,other,less than high school,11,west,married,0,working full time,40,7121.25,middle class,"independent (neither, no response)","moderate, middle of the road",,,favor,should be legal,pretty happy,fair,,can't be too careful,not satisfied at all,7,catholic,less than once a year,believe with doubts,yes,inspired word
2022,335,,female,white,high school,15,west,married,2,"with a job, but not at work because of temporary illness, vacation, strike",,,working class,,"moderate, middle of the road",trump,favor,,,pretty happy,good,routine,,more or less satisfied,0,,several times a week,,yes,word of god
2022,336,39,female,white,high school,12,west,married,1,keeping house,,17407.5,working class,strong democrat,extremely liberal,biden,,oppose,,very happy,good,,,more or less satisfied,,catholic,less than once a year,no doubts,,
2022,337,39,male,white,graduate,16,west,married,3,working full time,40,42727.5,working class,"independent, close to democrat",liberal,biden,favor,oppose,,pretty happy,good,routine,,more or less satisfied,5,protestant,every week,believe with doubts,,
2022,338,31,male,other,high school,12,west,never married,2,working full time,40,42727.5,middle class,"independent (neither, no response)",slightly conservative,biden,oppose,favor,,very happy,good,routine,,pretty well satisfied,0,catholic,about once or twice a year,no doubts,,
2022,339,37,female,other,less than high school,10,west,married,3,keeping house,,,middle class,"independent (neither, no response)",slightly liberal,trump,,oppose,should not be legal,pretty happy,good,,can't be too careful,not satisfied at all,,catholic,2-3 times a month,no doubts,yes,inspired word
2022,340,30,female,other,high school,16,west,married,1,working full time,32,10286.25,lower class,"independent (neither, no response)",extremely conservative,,,favor,,pretty happy,poor,,,not satisfied at all,15,catholic,never,believe with doubts,,
2022,341,24,female,white,bachelor's,17,west,never married,0,working full time,40,20572.5,working class,not very strong democrat,"moderate, middle of the road",biden,favor,favor,,pretty happy,good,routine,,more or less satisfied,,protestant,every week,no doubts,,
2022,342,26,male,other,associate/junior college,14,west,never married,0,working full time,40,11868.75,lower class,"independent, close to republican",slightly conservative,biden,favor,favor,,pretty happy,fair,exciting,,not satisfied at all,5,catholic,never,,yes,inspired word
2022,343,21,male,white,high school,14,west,never married,0,working part time,1,17407.5,lower class,not very strong democrat,slightly liberal,biden,,favor,,not too happy,fair,,,not satisfied at all,12,none,less than once a year,"don't know, no way to find out",,
2022,344,66,male,white,high school,13,west,married,1,retired,,,middle class,strong republican,slightly conservative,other candidate,,favor,,pretty happy,fair,,,not satisfied at all,,protestant,never,believe with doubts,,
2022,345,33,female,white,high school,14,west,divorced,4,working full time,84,5697,working class,strong democrat,extremely liberal,biden,,favor,,very happy,fair,,,more or less satisfied,0,none,less than once a year,"don't know, no way to find out",,
2022,346,67,male,white,less than high school,10,west,divorced,0,retired,,52222.5,working class,"independent (neither, no response)",slightly conservative,,oppose,favor,,not too happy,fair,exciting,,more or less satisfied,,none,never,,don't know,ancient book
2022,347,74,male,other,less than high school,6,west,divorced,8,keeping house,,28485,middle class,strong democrat,extremely conservative,biden,,oppose,should not be legal,pretty happy,good,,can't be too careful,more or less satisfied,,catholic,about once or twice a year,no doubts,yes,inspired word
2022,348,47,male,other,high school,14,west,separated,2,working full time,40,28485,working class,"independent (neither, no response)",slightly conservative,biden,,,should be legal,pretty happy,good,,can't be too careful,more or less satisfied,0,catholic,never,higher power,yes,ancient book
2022,349,24,male,white,high school,12,west,never married,0,working full time,40,17407.5,working class,not very strong democrat,"moderate, middle of the road",biden,,oppose,,pretty happy,good,,,more or less satisfied,15,none,never,don't believe,,
2022,350,57,female,other,high school,14,west,never married,3,working part time,0,11868.75,lower class,"independent (neither, no response)",liberal,,,oppose,,very happy,fair,,,more or less satisfied,25,protestant,2-3 times a month,no doubts,,
2022,351,23,male,white,high school,12,midwest,never married,0,working full time,30,,middle class,strong republican,conservative,trump,,favor,should be legal,pretty happy,good,,can't be too careful,pretty well satisfied,0,catholic,less than once a year,higher power,don't know,ancient book
2022,352,56,female,black,graduate,19,midwest,divorced,1,working full time,40,101280,upper class,strong democrat,"moderate, middle of the road",biden,favor,favor,,pretty happy,good,exciting,,more or less satisfied,4,protestant,about once a month,no doubts,,
2022,353,73,male,white,high school,13,midwest,married,5,working part time,20,7121.25,middle class,"independent, close to democrat","moderate, middle of the road",biden,favor,favor,should be legal,pretty happy,good,routine,most people can be trusted,more or less satisfied,0,catholic,less than once a year,no doubts,yes,inspired word
2022,354,63,female,white,high school,12,midwest,divorced,1,working full time,42,15033.75,working class,"independent (neither, no response)","moderate, middle of the road",,,favor,,pretty happy,good,,,not satisfied at all,10,none,several times a year,no doubts,,
2022,355,66,male,white,high school,12,midwest,married,2,working full time,60,10286.25,working class,"independent (neither, no response)","moderate, middle of the road",,favor,favor,,pretty happy,good,exciting,,more or less satisfied,0,none,never,higher power,,
2022,356,42,female,white,graduate,16,midwest,never married,0,"with a job, but not at work because of temporary illness, vacation, strike",,42727.5,middle class,strong democrat,liberal,biden,,oppose,,pretty happy,good,,,more or less satisfied,2,protestant,less than once a year,believe with doubts,,
2022,357,74,male,white,bachelor's,16,midwest,never married,0,retired,,,middle class,strong republican,conservative,other candidate,favor,oppose,should be legal,pretty happy,good,exciting,most people can be trusted,more or less satisfied,,jewish,about once a month,no doubts,don't know,inspired word
2022,358,62,female,white,graduate,16,midwest,never married,0,working full time,55,63300,middle class,strong democrat,liberal,biden,oppose,oppose,,not too happy,good,routine,,more or less satisfied,0,protestant,several times a year,,,
2022,359,57,female,white,bachelor's,18,midwest,married,2,retired,,,middle class,"independent, close to democrat",liberal,biden,favor,favor,,pretty happy,excellent,exciting,,more or less satisfied,,protestant,about once or twice a year,,,
2022,360,79,female,white,graduate,17,midwest,married,2,retired,,,upper class,not very strong democrat,liberal,biden,,,,very happy,excellent,,,pretty well satisfied,,jewish,2-3 times a month,believe sometimes,,
2022,361,39,male,white,high school,14,midwest,married,0,working full time,40,63300,middle class,strong democrat,liberal,biden,favor,oppose,,pretty happy,excellent,routine,,pretty well satisfied,20,none,never,,,
2022,362,62,female,white,graduate,18,midwest,married,2,retired,,,middle class,strong democrat,liberal,biden,,favor,,pretty happy,good,,,pretty well satisfied,,none,never,believe sometimes,,
2022,363,49,male,white,high school,12,midwest,married,3,working full time,45,,middle class,"independent (neither, no response)","moderate, middle of the road",,,favor,,very happy,good,,,more or less satisfied,0,catholic,about once a month,believe sometimes,,
2022,364,70,male,black,less than high school,10,midwest,never married,0,retired,,,middle class,strong democrat,conservative,biden,favor,favor,,pretty happy,excellent,exciting,,more or less satisfied,,protestant,never,,yes,word of god
2022,365,27,female,black,high school,12,midwest,never married,3,keeping house,,11868.75,middle class,"independent, close to democrat",slightly liberal,biden,favor,oppose,should be legal,not too happy,good,routine,can't be too careful,pretty well satisfied,,protestant,about once or twice a year,no doubts,yes,ancient book
2022,366,57,male,black,high school,12,midwest,never married,4,"unemployed, laid off, looking for work",,,lower class,"independent, close to democrat","moderate, middle of the road",biden,favor,favor,,pretty happy,good,routine,,not satisfied at all,,protestant,every week,,,
2022,367,,male,black,high school,12,midwest,never married,1,retired,,,working class,strong democrat,don't know,biden,favor,favor,should be legal,not too happy,fair,routine,can't be too careful,more or less satisfied,,protestant,several times a year,no doubts,yes,word of god
2022,368,62,male,black,bachelor's,16,midwest,divorced,3,retired,,,lower class,other party,don't know,trump,oppose,oppose,,pretty happy,fair,routine,,pretty well satisfied,,protestant,less than once a year,,yes,inspired word
2022,369,66,male,black,bachelor's,16,midwest,widowed,2,retired,,,lower class,strong democrat,liberal,biden,,favor,should be legal,not too happy,fair,,can't be too careful,not satisfied at all,,protestant,never,no doubts,yes,word of god
2022,370,54,male,black,high school,12,midwest,never married,0,"unemployed, laid off, looking for work",,,working class,not very strong democrat,extremely liberal,,favor,favor,should not be legal,pretty happy,good,routine,most people can be trusted,more or less satisfied,,none,less than once a year,no doubts,no,inspired word
2022,371,68,male,white,associate/junior college,14,midwest,never married,0,retired,,,working class,"independent (neither, no response)",conservative,,favor,favor,,not too happy,excellent,routine,,not satisfied at all,,protestant,less than once a year,,yes,inspired word
2022,372,53,male,black,bachelor's,16,midwest,never married,0,other,,,lower class,"independent, close to democrat",liberal,biden,favor,oppose,,very happy,good,exciting,,not satisfied at all,,none,about once a month,,yes,inspired word
2022,373,31,female,black,high school,14,midwest,never married,3,"unemployed, laid off, looking for work",,11868.75,lower class,"independent, close to democrat",liberal,biden,favor,favor,,pretty happy,fair,routine,,not satisfied at all,,protestant,never,no doubts,,
2022,374,45,female,black,less than high school,11,midwest,married,3,working full time,40,20572.5,working class,strong democrat,"moderate, middle of the road",biden,,oppose,,pretty happy,fair,,,not satisfied at all,10,protestant,about once a month,no doubts,,
2022,375,40,female,black,less than high school,9,midwest,never married,0,"unemployed, laid off, looking for work",,,lower class,"independent (neither, no response)",conservative,,,oppose,,not too happy,poor,,,not satisfied at all,,none,never,no doubts,,
2022,376,18,male,black,high school,12,midwest,never married,0,keeping house,,,working class,"independent (neither, no response)","moderate, middle of the road",,,favor,,not too happy,good,,,pretty well satisfied,,none,about once or twice a year,believe with doubts,,
2022,377,70,male,other,bachelor's,16,midwest,divorced,3,working part time,20,63300,middle class,"independent, close to republican",conservative,biden,favor,favor,,pretty happy,good,exciting,,more or less satisfied,0,catholic,several times a year,believe with doubts,,
2022,378,33,female,other,high school,12,midwest,never married,4,working full time,40,13451.25,middle class,"independent (neither, no response)",extremely conservative,,favor,oppose,,pretty happy,good,exciting,,not satisfied at all,0,none,several times a year,,no,inspired word
2022,379,66,male,white,graduate,18,midwest,married,2,working full time,40,75960,middle class,strong republican,conservative,trump,oppose,favor,should not be legal,pretty happy,fair,exciting,can't be too careful,pretty well satisfied,3,catholic,several times a year,believe with doubts,yes,inspired word
2022,380,68,don't know,black,high school,12,midwest,widowed,8,retired,,,working class,"independent (neither, no response)",extremely conservative,,oppose,oppose,,very happy,excellent,dull,,pretty well satisfied,,other,every week,,,
2022,381,45,male,white,graduate,18,midwest,married,0,"unemployed, laid off, looking for work",,75960,upper class,not very strong democrat,slightly liberal,biden,favor,favor,,very happy,excellent,exciting,,pretty well satisfied,,protestant,less than once a year,,,
2022,382,68,female,white,bachelor's,16,midwest,married,4,keeping house,,,middle class,not very strong democrat,slightly conservative,biden,favor,oppose,should be legal,very happy,good,routine,can't be too careful,more or less satisfied,,catholic,several times a year,believe with doubts,yes,inspired word
2022,383,59,female,white,bachelor's,16,midwest,married,4,working part time,16,20572.5,working class,"independent, close to democrat","moderate, middle of the road",,,favor,,very happy,excellent,,,pretty well satisfied,0,catholic,about once a month,no doubts,,
2022,384,70,female,white,graduate,17,midwest,married,3,retired,,8703.75,middle class,not very strong democrat,liberal,biden,favor,oppose,,pretty happy,excellent,exciting,,pretty well satisfied,,catholic,every week,,,
2022,385,75,male,white,high school,12,midwest,divorced,3,retired,,,upper class,"independent, close to republican",slightly conservative,biden,favor,favor,,not too happy,good,routine,,more or less satisfied,,catholic,several times a year,believe with doubts,,
2022,386,39,male,white,graduate,19,midwest,married,2,"with a job, but not at work because of temporary illness, vacation, strike",,163572.71343,middle class,strong democrat,slightly liberal,biden,favor,oppose,,very happy,good,exciting,,pretty well satisfied,0,catholic,less than once a year,don't believe,,
2022,387,71,male,white,high school,14,midwest,widowed,3,retired,,,middle class,"independent, close to republican",slightly conservative,trump,,favor,should be legal,pretty happy,fair,,can't be too careful,pretty well satisfied,,catholic,several times a year,no doubts,yes,inspired word
2022,388,63,male,white,bachelor's,16,midwest,married,2,retired,,,upper class,"independent (neither, no response)","moderate, middle of the road",biden,favor,oppose,,pretty happy,excellent,exciting,,pretty well satisfied,,protestant,about once or twice a year,higher power,,
2022,389,54,female,white,bachelor's,16,midwest,married,2,working full time,40,52222.5,middle class,strong republican,conservative,trump,favor,favor,should be legal,pretty happy,good,exciting,most people can be trusted,more or less satisfied,0,catholic,every week,no doubts,yes,inspired word
2022,390,77,female,white,graduate,18,midwest,married,2,working part time,6,10286.25,middle class,"independent (neither, no response)",conservative,,favor,favor,,very happy,good,routine,,more or less satisfied,0,protestant,never,,,
2022,391,89,female,white,high school,12,midwest,widowed,2,retired,,,middle class,strong democrat,"moderate, middle of the road",biden,,favor,should not be legal,pretty happy,excellent,,can't be too careful,more or less satisfied,,catholic,several times a year,believe with doubts,yes,word of god
2022,392,58,male,white,high school,13,midwest,never married,0,in school,,,middle class,"independent (neither, no response)","moderate, middle of the road",,favor,favor,,very happy,excellent,exciting,,pretty well satisfied,,catholic,about once or twice a year,,,
2022,393,89,female,white,high school,12,midwest,widowed,1,retired,,,middle class,not very strong republican,slightly conservative,trump,,oppose,,very happy,good,,,pretty well satisfied,,catholic,2-3 times a month,no doubts,,
2022,394,39,male,white,bachelor's,16,midwest,married,2,"with a job, but not at work because of temporary illness, vacation, strike",,88620,middle class,"independent (neither, no response)","moderate, middle of the road",biden,,oppose,,not too happy,good,,,pretty well satisfied,5,none,less than once a year,"don't know, no way to find out",,
2022,395,20,female,other,high school,12,midwest,never married,0,other,,,middle class,strong democrat,"moderate, middle of the road",biden,,favor,should be legal,pretty happy,good,,can't be too careful,pretty well satisfied,,catholic,never,believe sometimes,yes,inspired word
2022,396,22,male,white,associate/junior college,13,midwest,never married,8,other,,,lower class,"independent (neither, no response)",extremely liberal,,,favor,,not too happy,poor,,,not satisfied at all,,none,several times a week,no doubts,,
2022,397,72,female,white,high school,12,midwest,never married,1,retired,,,working class,not very strong democrat,liberal,biden,,oppose,should be legal,not too happy,good,,can't be too careful,not satisfied at all,,protestant,never,believe with doubts,don't know,inspired word
2022,398,22,female,other,high school,14,midwest,never married,0,working full time,8,2848.5,working class,not very strong democrat,"moderate, middle of the road",biden,,favor,,pretty happy,good,,,more or less satisfied,,catholic,about once or twice a year,no doubts,,
2022,399,65,female,white,associate/junior college,14,midwest,never married,1,working full time,36,13451.25,working class,"independent (neither, no response)",conservative,,favor,oppose,,not too happy,fair,routine,,not satisfied at all,,orthodox-christian,nearly every week,,,
2022,400,51,male,black,associate/junior college,14,midwest,never married,1,working part time,23,17407.5,middle class,strong democrat,"moderate, middle of the road",biden,favor,oppose,,pretty happy,good,exciting,,more or less satisfied,0,christian,every week,no doubts,,
2022,401,30,male,white,associate/junior college,16,midwest,never married,8,working full time,40,75960,working class,"independent (neither, no response)","moderate, middle of the road",biden,,oppose,,not too happy,good,,,not satisfied at all,30,none,never,higher power,,
2022,402,60,male,white,less than high school,6,midwest,married,0,other,,,middle class,not very strong democrat,slightly conservative,,favor,favor,should not be legal,very happy,fair,exciting,can't be too careful,more or less satisfied,,catholic,never,no doubts,yes,other (vol)
2022,403,57,male,white,high school,12,midwest,divorced,2,working full time,40,,working class,not very strong republican,"moderate, middle of the road",trump,,favor,,pretty happy,good,,,not satisfied at all,0,catholic,several times a year,believe with doubts,,
2022,404,48,male,white,high school,14,midwest,married,3,working full time,73,88620,middle class,strong republican,conservative,trump,oppose,favor,,very happy,excellent,routine,,more or less satisfied,0,catholic,every week,believe with doubts,,
2022,405,46,male,white,less than high school,8,midwest,never married,0,"unemployed, laid off, looking for work",,2215.5,middle class,"independent (neither, no response)","moderate, middle of the road",,favor,favor,,pretty happy,good,routine,,more or less satisfied,,catholic,about once or twice a year,,,
2022,406,62,male,,high school,12,midwest,divorced,2,working part time,35,11868.75,working class,not very strong democrat,slightly conservative,,favor,oppose,should not be legal,not too happy,good,routine,most people can be trusted,not satisfied at all,0,protestant,every week,no doubts,yes,word of god
2022,407,57,female,white,high school,14,midwest,never married,1,working full time,40,63300,working class,strong republican,slightly conservative,,,favor,,pretty happy,good,,,more or less satisfied,0,catholic,never,no doubts,,
2022,408,32,male,black,less than high school,9,midwest,never married,2,keeping house,,,working class,strong democrat,extremely conservative,,favor,favor,,very happy,excellent,exciting,,pretty well satisfied,,protestant,about once a month,,yes,word of god
2022,409,61,female,black,high school,12,midwest,never married,5,keeping house,,,middle class,"independent, close to democrat",extremely conservative,biden,favor,favor,,not too happy,poor,exciting,,pretty well satisfied,,protestant,every week,,yes,word of god
2022,410,60,female,other,less than high school,12,midwest,separated,0,keeping house,,,lower class,strong democrat,slightly conservative,,,favor,,not too happy,poor,,,not satisfied at all,,catholic,never,no doubts,,
2022,411,51,male,other,high school,12,midwest,married,2,other,,,working class,"independent (neither, no response)",conservative,,favor,oppose,,not too happy,poor,routine,,more or less satisfied,,catholic,less than once a year,,don't know,inspired word
2022,412,84,female,white,high school,12,midwest,widowed,0,retired,,,working class,strong republican,conservative,didn't vote for president,,favor,should not be legal,pretty happy,good,,can't be too careful,more or less satisfied,,protestant,every week,no doubts,yes,word of god
2022,413,29,female,white,bachelor's,16,midwest,never married,0,working full time,40,,working class,not very strong democrat,"moderate, middle of the road",biden,favor,favor,,pretty happy,good,routine,,more or less satisfied,5,catholic,about once or twice a year,,yes,inspired word
2022,414,31,female,white,graduate,16,midwest,never married,0,working full time,40,163572.71343,middle class,strong democrat,liberal,biden,,oppose,,pretty happy,good,,,pretty well satisfied,2,protestant,less than once a year,believe sometimes,,
2022,415,77,female,white,graduate,16,midwest,widowed,4,retired,,7121.25,middle class,strong democrat,liberal,biden,favor,oppose,,pretty happy,excellent,routine,,pretty well satisfied,,catholic,nearly every week,no doubts,,
2022,416,40,male,white,bachelor's,16,midwest,married,1,working full time,45,163572.71343,middle class,"independent, close to democrat",liberal,biden,favor,oppose,,pretty happy,excellent,exciting,,pretty well satisfied,3,none,less than once a year,,,
2022,417,20,female,white,high school,14,midwest,never married,0,in school,,,middle class,not very strong republican,slightly conservative,trump,,favor,,pretty happy,good,,,more or less satisfied,,catholic,about once or twice a year,believe with doubts,,
2022,418,23,male,white,high school,14,midwest,never married,0,working full time,40,7121.25,working class,"independent, close to democrat",slightly liberal,biden,favor,favor,,pretty happy,fair,routine,,not satisfied at all,30,catholic,never,no doubts,,
2022,419,24,female,white,bachelor's,16,midwest,never married,0,working full time,35,,upper class,strong democrat,liberal,,,oppose,should be legal,pretty happy,excellent,,depends,more or less satisfied,20,protestant,less than once a year,higher power,yes,ancient book
2022,420,63,male,black,graduate,20,midwest,never married,0,in school,,42727.5,working class,not very strong democrat,"moderate, middle of the road",biden,favor,favor,,pretty happy,good,exciting,,more or less satisfied,,protestant,several times a week,no doubts,,
2022,421,46,male,white,graduate,18,midwest,married,3,working full time,50,163572.71343,upper class,strong republican,conservative,trump,,favor,,pretty happy,good,,,pretty well satisfied,0,catholic,nearly every week,believe with doubts,,
2022,422,31,male,white,graduate,18,midwest,married,0,working full time,40,52222.5,middle class,other party,"moderate, middle of the road",didn't vote for president,favor,oppose,should be legal,very happy,fair,routine,most people can be trusted,pretty well satisfied,2,catholic,every week,no doubts,yes,inspired word
2022,423,85,female,white,high school,12,midwest,widowed,0,retired,,,middle class,"independent (neither, no response)","moderate, middle of the road",trump,favor,don't know,should not be legal,not too happy,good,routine,most people can be trusted,more or less satisfied,,catholic,several times a week,no doubts,yes,word of god
2022,424,42,male,black,high school,14,midwest,married,5,working full time,70,42727.5,middle class,"independent, close to republican",slightly conservative,,,favor,should be legal,very happy,excellent,,can't be too careful,pretty well satisfied,0,protestant,less than once a year,no doubts,yes,word of god
2022,425,22,male,white,high school,15,midwest,never married,0,working part time,35,13451.25,working class,not very strong republican,"moderate, middle of the road",trump,favor,favor,,pretty happy,good,exciting,,not satisfied at all,3,catholic,never,,yes,inspired word
2022,426,62,male,white,high school,12,midwest,married,1,"with a job, but not at work because of temporary illness, vacation, strike",,34815,working class,"independent (neither, no response)","moderate, middle of the road",trump,,favor,,not too happy,good,,,not satisfied at all,0,catholic,about once or twice a year,no doubts,,
2022,427,,female,white,graduate,20,midwest,divorced,3,retired,,,middle class,"independent, close to democrat","moderate, middle of the road",biden,favor,oppose,,pretty happy,excellent,exciting,,more or less satisfied,,catholic,nearly every week,,,
2022,428,39,male,white,high school,16,midwest,married,3,working full time,60,163572.71343,middle class,not very strong republican,conservative,trump,,favor,,pretty happy,good,,,more or less satisfied,3,catholic,about once a month,believe with doubts,,
2022,429,63,female,white,bachelor's,17,midwest,divorced,2,working full time,40,163572.71343,middle class,strong republican,conservative,trump,,favor,should not be legal,pretty happy,fair,,can't be too careful,pretty well satisfied,0,protestant,several times a year,no doubts,yes,word of god
2022,430,49,female,white,bachelor's,17,midwest,married,2,working full time,25,34815,working class,"independent, close to republican",conservative,trump,favor,favor,,very happy,excellent,exciting,,more or less satisfied,1,christian,every week,,yes,inspired word
2022,431,59,female,white,bachelor's,16,midwest,married,0,working part time,28,,middle class,strong republican,conservative,don't know,favor,oppose,,pretty happy,excellent,routine,,more or less satisfied,0,protestant,nearly every week,,,
2022,432,75,female,white,graduate,16,midwest,married,0,retired,,,middle class,not very strong democrat,"moderate, middle of the road",biden,favor,favor,,pretty happy,excellent,exciting,,pretty well satisfied,,catholic,less than once a year,"don't know, no way to find out",,
2022,433,29,male,white,high school,12,midwest,never married,0,working part time,30,7121.25,working class,"independent (neither, no response)","moderate, middle of the road",,favor,favor,,pretty happy,good,routine,,more or less satisfied,0,catholic,about once or twice a year,no doubts,,
2022,434,45,female,white,bachelor's,16,midwest,divorced,1,working full time,40,34815,middle class,"independent, close to democrat",slightly liberal,biden,favor,favor,,very happy,good,exciting,,more or less satisfied,3,none,never,,,
2022,435,55,female,white,bachelor's,16,midwest,divorced,,,,28485,middle class,"independent, close to republican",conservative,trump,favor,oppose,,not too happy,excellent,exciting,,more or less satisfied,,protestant,nearly every week,no doubts,,
2022,436,79,female,white,high school,14,midwest,married,2,retired,,,middle class,strong republican,conservative,trump,,favor,,pretty happy,good,,,not satisfied at all,,protestant,nearly every week,believe with doubts,,
2022,437,29,male,white,high school,13,midwest,never married,0,working full time,40,13451.25,working class,not very strong democrat,extremely liberal,biden,favor,oppose,,pretty happy,good,exciting,,more or less satisfied,5,other,about once or twice a year,,no,inspired word
2022,438,29,male,white,high school,12,midwest,married,1,working full time,62,101280,working class,"independent (neither, no response)","moderate, middle of the road",,favor,favor,,very happy,fair,routine,,pretty well satisfied,15,protestant,about once or twice a year,,yes,inspired word
2022,439,32,female,white,high school,13,midwest,married,1,working part time,10,23737.5,middle class,not very strong democrat,conservative,,,favor,,very happy,excellent,,,more or less satisfied,2,catholic,about once or twice a year,believe with doubts,,
2022,440,21,male,white,associate/junior college,16,midwest,never married,0,working full time,50,5697,working class,strong republican,conservative,trump,,favor,,pretty happy,good,,,more or less satisfied,15,protestant,less than once a year,believe with doubts,,
2022,441,39,male,white,high school,12,midwest,married,3,working full time,45,52222.5,working class,"independent, close to democrat","moderate, middle of the road",biden,,,should be legal,pretty happy,good,,can't be too careful,more or less satisfied,4,catholic,2-3 times a month,no doubts,no,inspired word
2022,442,,male,white,bachelor's,17,midwest,widowed,2,retired,,,middle class,"independent, close to democrat",slightly liberal,biden,favor,oppose,should be legal,very happy,good,exciting,most people can be trusted,pretty well satisfied,,protestant,less than once a year,higher power,yes,ancient book
2022,443,,,white,less than high school,,midwest,married,0,working full time,40,,middle class,strong republican,,,oppose,favor,,pretty happy,excellent,routine,,more or less satisfied,,,,,,
2022,444,31,female,white,high school,15,midwest,never married,0,working full time,38,34815,working class,"independent, close to democrat",liberal,biden,favor,favor,,pretty happy,good,routine,,more or less satisfied,10,none,never,don't believe,,
2022,445,33,female,white,high school,12,midwest,never married,0,working full time,40,17407.5,working class,"independent (neither, no response)",slightly conservative,,oppose,favor,,pretty happy,excellent,routine,,more or less satisfied,0,none,less than once a year,higher power,,
2022,446,71,female,white,high school,12,midwest,divorced,1,working full time,40,17407.5,working class,"independent, close to democrat",liberal,biden,favor,oppose,,very happy,good,exciting,,not satisfied at all,4,catholic,nearly every week,believe with doubts,,
2022,447,39,male,white,bachelor's,16,midwest,never married,0,working full time,32,52222.5,middle class,not very strong democrat,liberal,biden,,oppose,should be legal,pretty happy,poor,,can't be too careful,not satisfied at all,23,none,never,"don't know, no way to find out",no,ancient book
2022,448,32,male,white,bachelor's,18,midwest,never married,0,other,,,middle class,"independent, close to democrat",slightly liberal,biden,favor,oppose,,pretty happy,good,exciting,,not satisfied at all,,protestant,less than once a year,,,
2022,449,47,male,white,high school,18,midwest,married,2,working full time,40,63300,middle class,not very strong democrat,slightly liberal,biden,favor,favor,,pretty happy,excellent,exciting,,pretty well satisfied,0,catholic,never,,,
2022,450,48,male,other,high school,14,south,married,1,working full time,40,34815,middle class,"independent (neither, no response)",slightly conservative,other candidate,,oppose,should be legal,pretty happy,good,,can't be too careful,more or less satisfied,7,protestant,about once or twice a year,no doubts,yes,inspired word
2022,451,46,male,black,high school,12,south,married,3,working full time,80,,middle class,not very strong republican,"moderate, middle of the road",trump,favor,oppose,,very happy,fair,exciting,,not satisfied at all,5,protestant,never,,yes,word of god
2022,452,21,female,white,high school,14,south,married,2,working full time,40,11868.75,working class,"independent (neither, no response)","moderate, middle of the road",,favor,favor,,very happy,excellent,routine,,more or less satisfied,5,catholic,less than once a year,no doubts,,
2022,453,42,male,other,bachelor's,16,south,married,2,working full time,50,75960,middle class,not very strong republican,slightly conservative,,,favor,should not be legal,very happy,good,,most people can be trusted,pretty well satisfied,0,none,never,believe sometimes,no,inspired word
2022,454,64,female,black,high school,14,south,divorced,0,working part time,22,,middle class,strong democrat,"moderate, middle of the road",biden,favor,oppose,,pretty happy,good,exciting,,pretty well satisfied,0,protestant,several times a week,,,
2022,455,29,female,white,bachelor's,17,south,never married,0,working full time,40,34815,working class,other party,extremely liberal,biden,oppose,oppose,,not too happy,fair,routine,,not satisfied at all,30,none,never,"don't know, no way to find out",,
2022,456,36,female,other,high school,14,south,married,1,keeping house,,20572.5,working class,"independent (neither, no response)","moderate, middle of the road",biden,favor,oppose,,pretty happy,good,exciting,,more or less satisfied,,catholic,about once or twice a year,no doubts,,
2022,457,,male,black,bachelor's,20,south,married,2,working full time,40,52222.5,middle class,"independent, close to democrat","moderate, middle of the road",,favor,oppose,,pretty happy,excellent,routine,,more or less satisfied,0,protestant,every week,,,
2022,458,65,female,black,graduate,18,south,divorced,3,retired,,,working class,strong democrat,"moderate, middle of the road",biden,favor,oppose,should not be legal,not too happy,excellent,exciting,most people can be trusted,more or less satisfied,,protestant,several times a year,no doubts,yes,inspired word
2022,459,56,female,white,bachelor's,16,south,never married,0,working full time,50,42727.5,middle class,"independent, close to republican","moderate, middle of the road",trump,favor,favor,,not too happy,fair,exciting,,more or less satisfied,0,protestant,several times a year,,,
2022,460,32,female,white,high school,15,south,never married,0,working full time,40,316.5,middle class,"independent, close to democrat",slightly conservative,biden,favor,favor,,pretty happy,good,exciting,,not satisfied at all,30,none,less than once a year,,don't know,word of god
2022,461,61,female,black,graduate,20,south,divorced,4,retired,,,middle class,,,,favor,don't know,,not too happy,fair,routine,,not satisfied at all,,protestant,several times a week,,yes,word of god
2022,462,56,female,white,bachelor's,16,south,divorced,1,working full time,40,34815,middle class,"independent, close to democrat","moderate, middle of the road",biden,favor,favor,,pretty happy,good,exciting,,not satisfied at all,5,catholic,several times a year,believe with doubts,,
2022,463,33,female,white,high school,13,south,divorced,3,working full time,52,42727.5,working class,"independent, close to republican","moderate, middle of the road",trump,,favor,,pretty happy,good,,,not satisfied at all,10,catholic,less than once a year,"don't know, no way to find out",don't know,ancient book
2022,464,72,female,white,graduate,20,south,widowed,2,retired,,,middle class,strong democrat,liberal,biden,favor,favor,,pretty happy,excellent,routine,,pretty well satisfied,,catholic,about once or twice a year,believe with doubts,,
2022,465,36,female,,less than high school,,south,married,3,working full time,40,,don't know,"independent (neither, no response)",don't know,,favor,favor,should not be legal,very happy,good,exciting,can't be too careful,pretty well satisfied,0,catholic,every week,no doubts,no,word of god
2022,466,44,male,other,less than high school,8,south,divorced,2,working full time,60,13451.25,working class,"independent, close to democrat","moderate, middle of the road",,favor,favor,,pretty happy,fair,exciting,,more or less satisfied,0,orthodox-christian,about once or twice a year,,,
2022,467,49,female,black,high school,12,south,divorced,2,working full time,45,52222.5,working class,not very strong democrat,extremely conservative,biden,favor,favor,,pretty happy,fair,dull,,not satisfied at all,3,catholic,less than once a year,,yes,inspired word
2022,468,42,female,,high school,15,south,,1,keeping house,,,working class,"independent (neither, no response)",liberal,biden,favor,,,,good,dull,,not satisfied at all,,none,never,don't believe,,
2022,469,65,male,white,graduate,18,south,married,4,working full time,40,101280,middle class,not very strong republican,slightly conservative,trump,,favor,should be legal,very happy,good,,most people can be trusted,pretty well satisfied,0,protestant,every week,no doubts,yes,inspired word
2022,470,45,female,white,high school,14,south,married,2,working full time,41,,working class,"independent (neither, no response)","moderate, middle of the road",,favor,favor,,pretty happy,good,routine,,not satisfied at all,,catholic,several times a year,believe sometimes,,
2022,471,26,female,white,graduate,16,south,married,0,working full time,40,34815,middle class,not very strong democrat,liberal,,favor,favor,,very happy,excellent,exciting,,more or less satisfied,,none,never,,,
2022,472,62,female,white,bachelor's,16,south,married,1,working part time,20,20572.5,middle class,"independent (neither, no response)",slightly conservative,other candidate,,oppose,,pretty happy,good,,,pretty well satisfied,0,none,about once or twice a year,"don't know, no way to find out",,
2022,473,,female,white,associate/junior college,15,south,married,2,working full time,40,52222.5,working class,"independent (neither, no response)","moderate, middle of the road",,favor,favor,,not too happy,good,routine,,not satisfied at all,10,none,less than once a year,,,
2022,474,68,male,white,high school,12,south,married,2,working full time,40,52222.5,working class,"independent, close to democrat","moderate, middle of the road",biden,,oppose,,pretty happy,good,,,more or less satisfied,0,none,about once or twice a year,higher power,,
2022,475,68,female,white,bachelor's,16,south,divorced,4,retired,,5697,middle class,not very strong democrat,slightly liberal,biden,,oppose,,pretty happy,good,,,more or less satisfied,,protestant,less than once a year,believe with doubts,,
2022,476,44,female,white,bachelor's,15,south,divorced,2,"with a job, but not at work because of temporary illness, vacation, strike",,28485,working class,not very strong democrat,extremely liberal,biden,oppose,oppose,,not too happy,poor,exciting,,not satisfied at all,30,none,never,,don't know,ancient book
2022,477,,female,white,bachelor's,16,south,widowed,2,retired,,,middle class,"independent (neither, no response)",slightly conservative,biden,,favor,should not be legal,not too happy,good,,most people can be trusted,pretty well satisfied,,none,never,higher power,yes,ancient book
2022,478,26,female,white,graduate,17,south,never married,0,working full time,40,28485,middle class,not very strong republican,"moderate, middle of the road",,favor,favor,,very happy,excellent,exciting,,more or less satisfied,0,catholic,several times a year,,yes,inspired word
2022,479,21,female,white,high school,12,south,never married,0,working part time,14,,working class,"independent, close to democrat",liberal,biden,favor,favor,,pretty happy,good,exciting,,more or less satisfied,,none,never,,,
2022,480,61,female,white,bachelor's,16,south,married,2,retired,,,middle class,strong democrat,liberal,biden,,oppose,should be legal,pretty happy,good,,most people can be trusted,pretty well satisfied,,none,never,"don't know, no way to find out",no,ancient book
2022,481,64,male,white,graduate,18,south,married,1,retired,,163572.71343,upper class,not very strong republican,slightly conservative,biden,favor,favor,,very happy,excellent,exciting,,more or less satisfied,,protestant,2-3 times a month,believe with doubts,,
2022,482,57,female,white,graduate,20,south,married,2,working full time,50,163572.71343,middle class,strong democrat,slightly liberal,biden,favor,oppose,,pretty happy,good,exciting,,more or less satisfied,0,none,never,"don't know, no way to find out",,
2022,483,61,male,white,graduate,19,south,married,3,working full time,40,163572.71343,upper class,"independent, close to democrat",liberal,biden,,oppose,,very happy,good,,,pretty well satisfied,0,none,about once a month,"don't know, no way to find out",,
2022,484,18,female,white,high school,12,south,never married,0,working part time,11,1266,middle class,not very strong democrat,extremely liberal,,favor,oppose,,pretty happy,good,routine,,pretty well satisfied,2,none,never,,,
2022,485,58,female,white,graduate,19,south,married,3,working full time,40,163572.71343,upper class,strong democrat,extremely liberal,biden,favor,oppose,,pretty happy,good,exciting,,pretty well satisfied,4,protestant,less than once a year,,,
2022,486,61,female,black,high school,12,south,never married,0,other,,,middle class,strong democrat,liberal,,favor,oppose,should be legal,not too happy,fair,dull,can't be too careful,not satisfied at all,,catholic,about once or twice a year,no doubts,yes,word of god
2022,487,69,female,black,graduate,20,south,divorced,2,working full time,40,42727.5,middle class,not very strong democrat,slightly conservative,biden,favor,favor,should be legal,very happy,excellent,exciting,can't be too careful,pretty well satisfied,0,protestant,every week,no doubts,yes,word of god
2022,488,60,male,black,bachelor's,16,south,never married,2,working part time,25,13451.25,working class,strong democrat,slightly liberal,biden,,favor,,pretty happy,good,,,more or less satisfied,,catholic,2-3 times a month,no doubts,,
2022,489,51,male,black,high school,12,south,never married,8,working full time,32,15033.75,working class,strong democrat,don't know,biden,oppose,don't know,should be legal,pretty happy,fair,exciting,can't be too careful,more or less satisfied,1,protestant,about once or twice a year,no doubts,yes,word of god
2022,490,79,female,white,bachelor's,16,south,married,8,retired,,,middle class,not very strong democrat,"moderate, middle of the road",biden,favor,favor,,pretty happy,good,routine,,more or less satisfied,,jewish,several times a year,,don't know,word of god
2022,491,71,female,white,high school,14,south,married,4,working part time,17,52222.5,middle class,strong republican,conservative,trump,favor,favor,,pretty happy,good,routine,,more or less satisfied,0,jewish,every week,no doubts,,
2022,492,49,male,white,graduate,20,south,married,4,working full time,50,42727.5,middle class,"independent, close to republican",slightly conservative,trump,favor,favor,,pretty happy,fair,routine,,more or less satisfied,7,jewish,every week,,don't know,word of god
2022,493,,male,black,associate/junior college,14,south,married,3,working full time,40,63300,working class,strong democrat,liberal,biden,favor,oppose,,not too happy,good,routine,,not satisfied at all,0,protestant,2-3 times a month,no doubts,,
2022,494,72,male,black,graduate,16,south,widowed,1,retired,,,middle class,"independent, close to democrat","moderate, middle of the road",biden,favor,favor,should be legal,pretty happy,fair,exciting,can't be too careful,more or less satisfied,,protestant,about once or twice a year,believe with doubts,yes,ancient book
2022,495,38,male,white,high school,12,south,divorced,2,working full time,40,,working class,"independent, close to democrat","moderate, middle of the road",,favor,oppose,,not too happy,fair,routine,,not satisfied at all,5,none,never,,,
2022,496,65,female,black,high school,12,south,married,4,retired,,,middle class,,,,,,,pretty happy,good,exciting,,pretty well satisfied,,protestant,every week,no doubts,,
2022,497,56,male,,high school,15,south,married,3,working full time,40,20572.5,middle class,"independent (neither, no response)","moderate, middle of the road",,don't know,favor,should not be legal,very happy,fair,exciting,most people can be trusted,pretty well satisfied,,protestant,several times a week,no doubts,yes,word of god
2022,498,,male,white,high school,12,south,married,2,working full time,48,15033.75,working class,not very strong republican,conservative,,,favor,should not be legal,pretty happy,excellent,,can't be too careful,pretty well satisfied,0,catholic,2-3 times a month,no doubts,yes,word of god
2022,499,40,female,black,less than high school,12,south,married,4,working full time,40,2848.5,lower class,,"moderate, middle of the road",,favor,favor,,very happy,excellent,routine,most people can be trusted,more or less satisfied,0,protestant,several times a year,no doubts,yes,word of god
2022,500,71,female,white,bachelor's,20,south,never married,1,working part time,12,,working class,not very strong democrat,slightly conservative,biden,favor,don't know,,not too happy,excellent,exciting,,more or less satisfied,0,catholic,several times a year,,don't know,word of god
2022,501,70,female,black,bachelor's,16,south,separated,3,retired,,,middle class,"independent, close to republican",slightly conservative,other candidate,favor,favor,,not too happy,fair,exciting,,not satisfied at all,,protestant,every week,no doubts,,
2022,502,29,male,white,bachelor's,16,south,never married,0,working full time,40,34815,middle class,strong democrat,liberal,biden,favor,oppose,,very happy,good,routine,,pretty well satisfied,0,none,never,don't believe,,
2022,503,29,female,black,high school,12,south,separated,1,working full time,40,28485,working class,not very strong democrat,"moderate, middle of the road",,,favor,should be legal,pretty happy,fair,,can't be too careful,more or less satisfied,3,protestant,about once or twice a year,believe with doubts,yes,inspired word
2022,504,80,male,black,less than high school,9,south,never married,1,retired,,,working class,"independent (neither, no response)",slightly conservative,,,oppose,should be legal,very happy,good,,can't be too careful,pretty well satisfied,,none,never,don't believe,don't know,ancient book
2022,505,28,male,black,graduate,20,south,never married,0,working full time,55,,middle class,"independent, close to democrat",slightly liberal,biden,favor,oppose,should be legal,pretty happy,excellent,routine,most people can be trusted,more or less satisfied,10,protestant,every week,no doubts,yes,inspired word
2022,506,62,female,white,graduate,20,south,never married,0,working full time,40,63300,middle class,"independent, close to democrat","moderate, middle of the road",biden,,oppose,,not too happy,fair,,,more or less satisfied,0,protestant,never,believe with doubts,,
2022,507,36,male,white,graduate,18,south,married,0,working full time,40,75960,working class,strong democrat,liberal,biden,favor,oppose,,very happy,excellent,exciting,,pretty well satisfied,,catholic,less than once a year,"don't know, no way to find out",,
2022,508,37,male,white,graduate,16,south,divorced,0,"unemployed, laid off, looking for work",,52222.5,middle class,strong democrat,extremely liberal,biden,favor,oppose,,not too happy,fair,routine,,more or less satisfied,,catholic,about once or twice a year,,,
2022,509,43,male,other,high school,12,south,never married,0,retired,,,lower class,"independent, close to republican","moderate, middle of the road",trump,favor,don't know,should be legal,pretty happy,good,routine,most people can be trusted,pretty well satisfied,,none,never,"don't know, no way to find out",yes,don't know
2022,510,37,female,white,graduate,19,south,never married,0,working full time,40,88620,middle class,strong democrat,liberal,biden,,oppose,should be legal,pretty happy,good,,most people can be trusted,pretty well satisfied,7,jewish,less than once a year,"don't know, no way to find out",don't know,ancient book
2022,511,34,male,white,bachelor's,16,south,never married,0,working full time,35,63300,middle class,not very strong democrat,liberal,biden,favor,oppose,,pretty happy,good,routine,,more or less satisfied,3,none,about once or twice a year,,,
2022,512,34,female,white,bachelor's,16,south,never married,0,working full time,70,4747.5,working class,"independent, close to republican","moderate, middle of the road",don't know,,favor,should be legal,very happy,good,,most people can be trusted,not satisfied at all,7,none,about once or twice a year,higher power,yes,ancient book
2022,513,80,female,white,high school,12,south,married,4,working part time,32,13451.25,middle class,strong democrat,liberal,biden,favor,favor,should not be legal,pretty happy,good,routine,most people can be trusted,more or less satisfied,15,catholic,every week,no doubts,yes,word of god
2022,514,70,male,white,associate/junior college,16,south,married,0,retired,,,middle class,not very strong democrat,slightly liberal,biden,,favor,,very happy,good,,,more or less satisfied,,catholic,less than once a year,believe with doubts,,
2022,515,61,female,white,associate/junior college,14,south,divorced,3,working full time,40,88620,middle class,not very strong democrat,liberal,biden,favor,oppose,should be legal,pretty happy,good,routine,most people can be trusted,pretty well satisfied,0,none,never,"don't know, no way to find out",don't know,ancient book
2022,516,24,male,,high school,12,south,never married,0,working full time,30,,working class,"independent (neither, no response)","moderate, middle of the road",biden,oppose,oppose,,very happy,excellent,exciting,,more or less satisfied,7,protestant,about once or twice a year,,yes,word of god
2022,517,52,female,other,less than high school,11,south,divorced,7,other,,,middle class,not very strong democrat,"moderate, middle of the road",,favor,favor,should not be legal,pretty happy,good,exciting,can't be too careful,pretty well satisfied,,protestant,about once or twice a year,believe with doubts,no,inspired word
2022,518,53,male,white,bachelor's,17,south,married,1,working part time,12,,upper class,strong democrat,liberal,biden,favor,oppose,,pretty happy,fair,routine,,pretty well satisfied,7,jewish,nearly every week,,,
2022,519,32,female,other,bachelor's,16,south,never married,0,working full time,37,163572.71343,middle class,not very strong democrat,liberal,,favor,favor,should be legal,very happy,good,exciting,most people can be trusted,pretty well satisfied,0,buddhism,less than once a year,"don't know, no way to find out",no,ancient book
2022,520,49,female,white,graduate,18,south,married,2,working full time,50,,upper class,not very strong democrat,"moderate, middle of the road",biden,,oppose,should be legal,pretty happy,excellent,,can't be too careful,more or less satisfied,10,none,less than once a year,"don't know, no way to find out",yes,ancient book
2022,521,65,male,black,high school,12,south,never married,2,retired,,,middle class,"independent (neither, no response)",extremely conservative,,favor,favor,,pretty happy,excellent,routine,,more or less satisfied,,protestant,less than once a year,,yes,ancient book
2022,522,23,female,white,bachelor's,16,south,married,0,working full time,45,11868.75,working class,other party,liberal,biden,favor,oppose,,pretty happy,excellent,routine,,more or less satisfied,0,none,about once or twice a year,,no,ancient book
2022,523,41,female,other,graduate,20,south,married,1,working full time,40,163572.71343,upper class,strong democrat,liberal,biden,,oppose,,pretty happy,good,,,pretty well satisfied,0,hinduism,never,don't believe,,
2022,524,21,female,black,high school,12,south,never married,0,working part time,25,13451.25,middle class,"independent (neither, no response)","moderate, middle of the road",,favor,favor,,pretty happy,good,routine,,more or less satisfied,5,none,never,believe with doubts,,
2022,525,66,female,black,less than high school,11,south,married,4,retired,,,middle class,strong democrat,extremely conservative,biden,,oppose,should not be legal,very happy,fair,,can't be too careful,not satisfied at all,,protestant,every week,no doubts,yes,word of god
2022,526,36,female,,bachelor's,20,south,widowed,8,"unemployed, laid off, looking for work",,,upper class,strong republican,"moderate, middle of the road",other candidate,,oppose,,,excellent,,,not satisfied at all,,other,several times a week,no doubts,,
2022,527,,female,white,high school,14,south,,1,working full time,40,,working class,,,,favor,favor,should be legal,pretty happy,excellent,exciting,can't be too careful,not satisfied at all,0,protestant,every week,no doubts,yes,word of god
2022,528,24,female,black,associate/junior college,14,south,never married,1,working full time,40,3481.5,working class,not very strong republican,slightly liberal,biden,favor,oppose,should be legal,pretty happy,excellent,exciting,can't be too careful,not satisfied at all,5,none,nearly every week,no doubts,don't know,word of god
2022,529,24,female,white,high school,13,south,married,0,in school,,34815,working class,"independent (neither, no response)","moderate, middle of the road",trump,favor,favor,should be legal,pretty happy,fair,routine,can't be too careful,more or less satisfied,,none,never,"don't know, no way to find out",yes,ancient book
2022,530,45,male,white,associate/junior college,14,south,married,3,working full time,50,163572.71343,middle class,not very strong republican,slightly conservative,trump,oppose,favor,should not be legal,very happy,good,exciting,most people can be trusted,more or less satisfied,0,other,never,higher power,yes,ancient book
2022,531,49,female,black,graduate,18,south,divorced,0,working full time,40,88620,middle class,not very strong democrat,"moderate, middle of the road",biden,favor,oppose,,very happy,excellent,exciting,,pretty well satisfied,0,protestant,nearly every week,,,
2022,532,26,male,,high school,12,south,never married,0,"with a job, but not at work because of temporary illness, vacation, strike",,52222.5,working class,,"moderate, middle of the road",,don't know,don't know,should be legal,very happy,excellent,exciting,can't be too careful,more or less satisfied,0,none,never,higher power,don't know,don't know
2022,533,,female,black,high school,14,south,never married,1,working full time,40,28485,lower class,"independent (neither, no response)","moderate, middle of the road",biden,favor,oppose,,not too happy,excellent,routine,,not satisfied at all,,protestant,every week,,,
2022,534,23,male,black,high school,13,south,never married,0,working part time,33,3481.5,lower class,other party,slightly liberal,biden,oppose,oppose,should be legal,not too happy,fair,dull,can't be too careful,pretty well satisfied,5,none,never,higher power,yes,inspired word
2022,535,47,female,other,graduate,16,south,married,0,"unemployed, laid off, looking for work",,88620,middle class,strong democrat,liberal,biden,,favor,should be legal,pretty happy,good,,depends,pretty well satisfied,,hinduism,several times a year,higher power,don't know,don't know
2022,536,,male,other,graduate,19,south,married,2,keeping house,,,middle class,not very strong democrat,slightly liberal,biden,favor,oppose,,very happy,excellent,exciting,,pretty well satisfied,,muslim/islam,less than once a year,,,
2022,537,42,male,white,high school,13,south,married,1,working full time,40,,middle class,"independent (neither, no response)","moderate, middle of the road",biden,,favor,,very happy,good,,,more or less satisfied,0,none,never,don't believe,,
2022,538,46,female,white,high school,13,south,married,4,keeping house,,,middle class,strong republican,conservative,other candidate,,favor,should not be legal,pretty happy,fair,,can't be too careful,more or less satisfied,,protestant,every week,no doubts,yes,word of god
2022,539,54,male,white,bachelor's,16,south,married,0,working full time,46,163572.71343,upper class,strong democrat,liberal,biden,favor,oppose,,pretty happy,good,exciting,,pretty well satisfied,5,none,never,,,
2022,540,42,male,other,high school,14,south,never married,0,"unemployed, laid off, looking for work",,23737.5,lower class,strong democrat,slightly liberal,biden,,oppose,,not too happy,fair,,,not satisfied at all,,catholic,about once or twice a year,no doubts,,
2022,541,53,female,black,high school,13,south,never married,3,working full time,78,,working class,"independent (neither, no response)",liberal,,,oppose,,pretty happy,fair,,,more or less satisfied,0,protestant,about once or twice a year,no doubts,,
2022,542,33,male,other,less than high school,8,south,never married,0,working full time,10,8703.75,working class,not very strong democrat,"moderate, middle of the road",,favor,favor,,pretty happy,excellent,routine,,not satisfied at all,0,catholic,never,,yes,word of god
2022,543,,female,white,high school,12,south,married,2,"unemployed, laid off, looking for work",,,lower class,strong democrat,"moderate, middle of the road",,favor,oppose,,pretty happy,good,dull,,not satisfied at all,,catholic,several times a year,believe sometimes,,
2022,544,,male,black,bachelor's,16,south,never married,0,working full time,40,42727.5,working class,strong democrat,"moderate, middle of the road",biden,oppose,oppose,,pretty happy,excellent,exciting,,not satisfied at all,0,protestant,several times a year,,,
2022,545,35,female,white,graduate,17,south,never married,0,working full time,40,88620,middle class,"independent (neither, no response)",slightly liberal,biden,oppose,favor,should be legal,pretty happy,good,exciting,most people can be trusted,more or less satisfied,0,protestant,about once or twice a year,higher power,yes,inspired word
2022,546,63,female,white,bachelor's,16,south,married,2,working full time,40,163572.71343,middle class,"independent (neither, no response)","moderate, middle of the road",,,oppose,should be legal,very happy,excellent,,most people can be trusted,pretty well satisfied,0,none,,believe with doubts,yes,ancient book
2022,547,79,male,white,bachelor's,17,south,married,4,working part time,24,7121.25,middle class,not very strong democrat,slightly liberal,biden,favor,favor,should be legal,pretty happy,fair,exciting,most people can be trusted,pretty well satisfied,0,protestant,less than once a year,believe with doubts,yes,ancient book
2022,548,58,male,white,graduate,18,south,married,0,working full time,45,163572.71343,middle class,strong republican,extremely conservative,trump,,favor,,pretty happy,good,,,pretty well satisfied,0,catholic,several times a week,no doubts,,
2022,549,18,female,black,high school,12,south,never married,0,working part time,11,,working class,"independent (neither, no response)",slightly liberal,,oppose,oppose,,pretty happy,good,routine,,more or less satisfied,0,none,never,,,
2022,550,68,male,white,high school,17,south,divorced,3,working full time,38,13451.25,working class,strong republican,conservative,trump,oppose,favor,should be legal,not too happy,fair,dull,can't be too careful,not satisfied at all,30,catholic,about once or twice a year,no doubts,yes,inspired word
2022,551,67,female,white,high school,13,south,married,2,retired,,,lower class,"independent, close to republican","moderate, middle of the road",trump,favor,favor,,not too happy,poor,routine,,not satisfied at all,,protestant,about once or twice a year,believe with doubts,,
2022,552,65,female,white,high school,14,south,married,2,working full time,30,75960,working class,not very strong republican,"moderate, middle of the road",trump,favor,don't know,,very happy,good,exciting,,more or less satisfied,0,protestant,every week,,yes,inspired word
2022,553,72,female,white,high school,16,south,divorced,0,retired,,,middle class,"independent, close to democrat","moderate, middle of the road",biden,favor,oppose,,pretty happy,good,routine,,more or less satisfied,,none,less than once a year,don't believe,,
2022,554,,female,white,bachelor's,16,south,married,0,working full time,36,52222.5,middle class,"independent (neither, no response)","moderate, middle of the road",,,favor,,pretty happy,good,,,more or less satisfied,,none,never,don't believe,,
2022,555,61,male,white,graduate,20,south,married,4,retired,,88620,middle class,not very strong democrat,"moderate, middle of the road",biden,favor,favor,,pretty happy,good,routine,,more or less satisfied,,protestant,less than once a year,,,
2022,556,60,female,white,high school,14,south,married,5,working full time,38,28485,middle class,strong republican,slightly conservative,,,oppose,,pretty happy,good,,,more or less satisfied,0,catholic,less than once a year,believe with doubts,,
2022,557,31,female,white,bachelor's,16,northeast,never married,0,working full time,40,,working class,not very strong democrat,"moderate, middle of the road",,favor,oppose,,pretty happy,good,routine,,more or less satisfied,0,protestant,about once or twice a year,no doubts,,
2022,558,77,male,white,bachelor's,20,northeast,separated,1,retired,,,middle class,strong democrat,extremely liberal,biden,favor,oppose,,pretty happy,fair,exciting,,not satisfied at all,,catholic,nearly every week,,,
2022,559,74,female,white,high school,14,northeast,widowed,2,working full time,40,42727.5,middle class,"independent, close to democrat","moderate, middle of the road",biden,favor,oppose,should be legal,not too happy,good,routine,can't be too careful,more or less satisfied,0,catholic,never,believe sometimes,don't know,inspired word
2022,560,82,female,other,bachelor's,17,northeast,widowed,3,retired,,,lower class,not very strong democrat,"moderate, middle of the road",biden,favor,favor,,not too happy,fair,routine,,more or less satisfied,,protestant,every week,no doubts,,
2022,561,27,female,white,bachelor's,16,northeast,never married,0,in school,,13451.25,working class,not very strong republican,"moderate, middle of the road",trump,oppose,favor,should be legal,very happy,good,exciting,can't be too careful,more or less satisfied,,catholic,about once or twice a year,no doubts,don't know,ancient book
2022,562,28,male,white,bachelor's,16,northeast,never married,0,working full time,40,,middle class,other party,extremely liberal,biden,favor,oppose,,very happy,excellent,exciting,,pretty well satisfied,15,none,never,,,
2022,563,23,male,white,bachelor's,16,northeast,never married,0,working full time,50,63300,upper class,strong democrat,liberal,biden,favor,oppose,,pretty happy,good,exciting,,pretty well satisfied,0,jewish,about once or twice a year,,no,ancient book
2022,564,,female,white,bachelor's,16,northeast,married,0,working full time,45,52222.5,working class,strong democrat,slightly liberal,biden,favor,favor,,pretty happy,good,routine,,not satisfied at all,3,protestant,less than once a year,,yes,inspired word
2022,565,37,male,white,graduate,20,northeast,divorced,0,working full time,50,163572.71343,upper class,not very strong democrat,extremely liberal,biden,favor,oppose,,pretty happy,excellent,exciting,,pretty well satisfied,3,none,about once or twice a year,,,
2022,566,73,male,white,graduate,18,northeast,married,1,working part time,6,15033.75,middle class,"independent (neither, no response)",slightly liberal,,favor,oppose,should not be legal,pretty happy,good,exciting,depends,not satisfied at all,,,,higher power,don't know,ancient book
2022,567,,female,white,bachelor's,16,northeast,married,0,working full time,40,101280,upper class,strong democrat,"moderate, middle of the road",biden,favor,oppose,,very happy,excellent,routine,,more or less satisfied,0,none,never,higher power,,
2022,568,52,male,white,graduate,20,northeast,married,2,working full time,60,163572.71343,upper class,"independent, close to democrat",slightly liberal,,,oppose,,very happy,excellent,,,pretty well satisfied,0,none,never,believe sometimes,,
2022,569,24,male,white,high school,14,northeast,never married,0,in school,,1266,working class,other party,slightly liberal,other candidate,oppose,oppose,,not too happy,good,exciting,,more or less satisfied,,protestant,never,believe with doubts,,
2022,570,24,female,other,bachelor's,16,northeast,never married,0,working full time,40,42727.5,upper class,"independent, close to democrat",slightly liberal,biden,favor,favor,,very happy,good,exciting,,pretty well satisfied,1,none,never,higher power,,
2022,571,25,male,white,bachelor's,16,northeast,never married,0,working full time,45,52222.5,middle class,not very strong democrat,liberal,biden,favor,don't know,should be legal,pretty happy,good,exciting,depends,more or less satisfied,3,none,never,"don't know, no way to find out",don't know,ancient book
2022,572,31,male,other,high school,12,northeast,never married,0,working full time,48,88620,middle class,"independent (neither, no response)","moderate, middle of the road",,favor,oppose,,pretty happy,good,routine,,more or less satisfied,,catholic,nearly every week,,,
2022,573,39,male,white,graduate,16,northeast,married,2,working full time,60,163572.71343,upper class,not very strong democrat,extremely liberal,biden,favor,oppose,,very happy,excellent,exciting,,pretty well satisfied,1,protestant,several times a year,,,
2022,574,41,female,white,bachelor's,16,northeast,divorced,2,working full time,40,28485,working class,"independent (neither, no response)","moderate, middle of the road",trump,favor,oppose,,pretty happy,excellent,exciting,,more or less satisfied,2,catholic,every week,,yes,inspired word
2022,575,42,female,white,high school,14,northeast,married,4,"unemployed, laid off, looking for work",,2215.5,middle class,strong republican,"moderate, middle of the road",trump,,favor,should not be legal,not too happy,fair,,can't be too careful,not satisfied at all,,none,never,"don't know, no way to find out",no,inspired word
2022,576,37,male,white,high school,12,northeast,never married,2,working full time,55,63300,working class,not very strong republican,extremely conservative,trump,favor,favor,should be legal,not too happy,fair,exciting,can't be too careful,not satisfied at all,30,other,never,higher power,yes,ancient book
2022,577,43,female,white,bachelor's,16,northeast,never married,1,working full time,45,28485,middle class,"independent, close to republican","moderate, middle of the road",trump,favor,favor,,pretty happy,excellent,routine,,more or less satisfied,0,catholic,never,,yes,inspired word
2022,578,33,male,white,high school,12,northeast,married,1,working full time,65,163572.71343,middle class,"independent, close to republican","moderate, middle of the road",trump,favor,favor,,very happy,fair,routine,,more or less satisfied,15,catholic,several times a year,,yes,ancient book
2022,579,33,female,white,graduate,16,northeast,married,1,keeping house,,5697,upper class,"independent, close to democrat","moderate, middle of the road",biden,favor,favor,,very happy,excellent,exciting,,pretty well satisfied,,none,never,,,
2022,580,38,male,white,graduate,16,northeast,married,2,working full time,50,163572.71343,upper class,"independent, close to democrat",slightly liberal,biden,favor,favor,,not too happy,good,routine,,not satisfied at all,20,none,never,don't believe,,
2022,581,58,female,black,bachelor's,16,northeast,married,3,working full time,50,,middle class,"independent (neither, no response)",slightly liberal,trump,favor,favor,,pretty happy,excellent,exciting,,pretty well satisfied,0,jewish,several times a year,believe with doubts,,
2022,582,85,female,white,graduate,18,northeast,widowed,4,keeping house,,,middle class,"independent, close to democrat",liberal,biden,favor,favor,,pretty happy,good,exciting,,pretty well satisfied,,protestant,several times a year,,don't know,inspired word
2022,583,70,female,white,graduate,20,northeast,divorced,1,working part time,28,23737.5,middle class,strong democrat,liberal,biden,,oppose,,pretty happy,good,,,more or less satisfied,30,protestant,several times a year,higher power,,
2022,584,47,male,white,graduate,18,northeast,married,2,working full time,40,163572.71343,upper class,"independent, close to democrat",liberal,biden,favor,oppose,,pretty happy,good,routine,,more or less satisfied,3,none,never,,no,ancient book
2022,585,57,male,white,bachelor's,16,northeast,married,3,working full time,60,88620,upper class,"independent, close to democrat",slightly liberal,biden,favor,oppose,,very happy,excellent,exciting,,pretty well satisfied,0,catholic,several times a year,,yes,inspired word
2022,586,59,female,white,associate/junior college,14,northeast,married,3,working full time,42,75960,middle class,strong democrat,liberal,biden,favor,oppose,,pretty happy,good,routine,,more or less satisfied,20,catholic,every week,no doubts,,
2022,587,18,male,white,less than high school,11,northeast,never married,0,in school,,,middle class,not very strong republican,conservative,,,favor,,pretty happy,excellent,,,pretty well satisfied,,catholic,several times a year,believe with doubts,,
2022,588,36,male,white,bachelor's,16,northeast,married,2,working full time,55,163572.71343,upper class,other party,slightly liberal,biden,favor,oppose,should be legal,very happy,good,exciting,most people can be trusted,pretty well satisfied,0,none,never,don't believe,no,ancient book
2022,589,34,male,white,graduate,18,northeast,married,2,working full time,50,163572.71343,middle class,"independent, close to republican","moderate, middle of the road",other candidate,favor,oppose,should be legal,very happy,excellent,exciting,most people can be trusted,pretty well satisfied,0,catholic,about once a month,no doubts,yes,ancient book
2022,590,43,female,other,bachelor's,16,northeast,divorced,1,working full time,40,42727.5,middle class,"independent (neither, no response)","moderate, middle of the road",don't know,,oppose,,not too happy,good,,,not satisfied at all,0,buddhism,about once a month,higher power,,
2022,591,31,female,white,bachelor's,16,northeast,married,0,working full time,40,52222.5,middle class,not very strong democrat,liberal,biden,,favor,,pretty happy,good,,,more or less satisfied,12,catholic,every week,no doubts,,
2022,592,72,male,white,bachelor's,20,northeast,never married,0,retired,,,working class,"independent, close to democrat",don't know,biden,,favor,should be legal,pretty happy,good,,can't be too careful,more or less satisfied,,catholic,never,no doubts,yes,inspired word
2022,593,51,female,white,graduate,16,northeast,married,1,working full time,35,52222.5,middle class,strong democrat,liberal,biden,favor,oppose,,pretty happy,excellent,routine,,pretty well satisfied,2,jewish,several times a year,don't believe,,
2022,594,52,female,white,graduate,18,northeast,divorced,2,working full time,50,88620,middle class,"independent, close to democrat",liberal,biden,,oppose,should be legal,pretty happy,good,,can't be too careful,more or less satisfied,0,none,several times a year,higher power,yes,ancient book
2022,595,86,male,white,bachelor's,16,northeast,married,0,retired,,,middle class,"independent, close to democrat","moderate, middle of the road",biden,favor,oppose,should not be legal,very happy,good,routine,most people can be trusted,pretty well satisfied,,catholic,never,higher power,no,ancient book
2022,596,62,male,white,graduate,17,northeast,divorced,2,other,,,working class,"independent, close to democrat",extremely liberal,biden,favor,oppose,should be legal,not too happy,poor,exciting,can't be too careful,not satisfied at all,,none,never,higher power,yes,ancient book
2022,597,26,male,white,graduate,17,northeast,never married,0,in school,,20572.5,middle class,"independent, close to democrat",extremely liberal,biden,,oppose,,pretty happy,excellent,,,more or less satisfied,,none,about once or twice a year,don't believe,,
2022,598,56,male,other,graduate,16,northeast,married,2,working full time,40,88620,middle class,not very strong republican,"moderate, middle of the road",,,favor,,pretty happy,good,,,pretty well satisfied,0,protestant,several times a year,no doubts,,
2022,599,41,male,white,graduate,16,northeast,never married,0,"unemployed, laid off, looking for work",,,working class,strong democrat,"moderate, middle of the road",,,favor,,not too happy,fair,,,not satisfied at all,,protestant,several times a year,no doubts,,
2022,600,28,male,white,graduate,20,northeast,never married,0,working full time,50,17407.5,middle class,strong democrat,liberal,biden,favor,oppose,,pretty happy,excellent,routine,,more or less satisfied,15,protestant,about once or twice a year,believe with doubts,,
2022,601,28,,white,graduate,17,northeast,never married,0,working full time,54,17407.5,middle class,other party,slightly liberal,biden,favor,oppose,,not too happy,good,exciting,,pretty well satisfied,0,jewish,several times a year,,,
2022,602,,male,white,graduate,18,northeast,never married,0,retired,,,working class,"independent, close to republican",slightly conservative,,favor,oppose,,not too happy,fair,routine,,more or less satisfied,,protestant,never,,yes,inspired word
2022,603,,male,other,graduate,20,northeast,never married,0,working full time,55,,middle class,"independent (neither, no response)","moderate, middle of the road",,favor,oppose,,pretty happy,excellent,routine,,more or less satisfied,,,,,,
2022,604,42,female,white,high school,14,northeast,never married,0,working full time,50,34815,middle class,strong republican,extremely liberal,trump,favor,favor,,very happy,good,exciting,,more or less satisfied,,catholic,several times a year,,yes,
2022,605,,female,other,high school,15,northeast,never married,1,"with a job, but not at work because of temporary illness, vacation, strike",,,,strong democrat,,,,favor,don't know,very happy,good,,most people can be trusted,,,,2-3 times a month,,yes,
2022,606,62,female,white,high school,12,northeast,widowed,1,other,,,working class,not very strong democrat,"moderate, middle of the road",biden,favor,,should be legal,not too happy,good,exciting,can't be too careful,not satisfied at all,,catholic,about once or twice a year,no doubts,yes,inspired word
2022,607,51,don't know,other,less than high school,0,northeast,married,1,"unemployed, laid off, looking for work",,,upper class,other party,extremely liberal,,favor,oppose,,very happy,excellent,dull,,not satisfied at all,,jewish,about once a month,don't believe,,
2022,608,45,male,white,graduate,19,northeast,married,2,working full time,40,101280,upper class,strong democrat,liberal,biden,,oppose,,pretty happy,good,,,pretty well satisfied,0,jewish,nearly every week,believe sometimes,,
2022,609,32,female,white,graduate,16,northeast,married,0,working full time,45,34815,middle class,strong democrat,liberal,biden,favor,oppose,should be legal,pretty happy,excellent,routine,most people can be trusted,pretty well satisfied,0,jewish,about once a month,believe with doubts,don't know,other (vol)
2022,610,25,male,white,high school,12,northeast,never married,0,working full time,24,,working class,not very strong republican,slightly conservative,,favor,favor,,not too happy,fair,routine,,not satisfied at all,30,other,never,believe with doubts,,
2022,611,62,female,white,high school,14,northeast,widowed,5,working full time,45,163572.71343,middle class,strong democrat,liberal,biden,favor,oppose,don't know,very happy,excellent,exciting,most people can be trusted,pretty well satisfied,0,protestant,about once or twice a year,higher power,yes,ancient book
2022,612,46,female,white,bachelor's,16,northeast,married,2,working part time,4,7121.25,upper class,strong democrat,liberal,biden,,favor,should be legal,pretty happy,good,,can't be too careful,pretty well satisfied,5,none,never,don't believe,no,ancient book
2022,613,33,female,white,associate/junior college,14,northeast,never married,2,keeping house,,,lower class,"independent (neither, no response)","moderate, middle of the road",,,favor,,pretty happy,fair,,,not satisfied at all,,none,less than once a year,higher power,,
2022,614,71,female,white,bachelor's,16,northeast,married,3,retired,,,middle class,"independent (neither, no response)",slightly conservative,biden,,favor,should not be legal,very happy,good,,most people can be trusted,pretty well satisfied,,protestant,every week,no doubts,yes,inspired word
2022,615,56,female,white,bachelor's,17,northeast,married,2,working full time,30,42727.5,middle class,not very strong democrat,liberal,biden,favor,favor,,pretty happy,good,routine,,pretty well satisfied,,catholic,never,no doubts,,
2022,616,31,female,white,high school,12,northeast,never married,0,working full time,55,28485,working class,"independent, close to democrat","moderate, middle of the road",biden,favor,favor,,not too happy,fair,routine,,not satisfied at all,30,none,never,,yes,inspired word
2022,617,86,male,white,high school,12,northeast,widowed,3,retired,,,working class,not very strong republican,"moderate, middle of the road",biden,oppose,favor,,pretty happy,fair,exciting,,more or less satisfied,,protestant,every week,,no,word of god
2022,618,27,male,other,bachelor's,16,northeast,never married,0,working full time,40,42727.5,middle class,"independent, close to democrat",slightly liberal,biden,favor,favor,,pretty happy,good,exciting,,more or less satisfied,4,protestant,several times a year,,,
2022,619,78,male,white,high school,12,northeast,married,0,retired,,,middle class,strong republican,extremely conservative,trump,favor,favor,,pretty happy,good,routine,,not satisfied at all,,catholic,several times a year,no doubts,,
2022,620,74,female,white,graduate,19,northeast,divorced,4,retired,,,middle class,strong democrat,liberal,biden,favor,oppose,,pretty happy,good,routine,,pretty well satisfied,,protestant,about once a month,believe with doubts,,
2022,621,33,male,white,high school,13,northeast,never married,0,working full time,40,42727.5,working class,not very strong democrat,"moderate, middle of the road",biden,favor,favor,should be legal,not too happy,fair,routine,can't be too careful,more or less satisfied,5,protestant,never,don't believe,no,ancient book
2022,622,72,female,white,graduate,20,northeast,married,2,retired,,,middle class,strong democrat,extremely liberal,biden,favor,oppose,,not too happy,good,routine,,pretty well satisfied,,jewish,never,,no,ancient book
2022,623,74,female,white,graduate,18,northeast,married,1,working part time,18,8703.75,middle class,strong democrat,liberal,biden,favor,oppose,,pretty happy,good,exciting,,not satisfied at all,0,catholic,never,,don't know,ancient book
2022,624,59,male,white,high school,12,northeast,never married,0,other,,,lower class,strong republican,conservative,trump,,favor,should be legal,pretty happy,fair,,can't be too careful,not satisfied at all,,catholic,never,believe with doubts,yes,other (vol)
2022,625,27,female,white,less than high school,12,northeast,married,2,working full time,40,17407.5,lower class,"independent (neither, no response)",conservative,,oppose,oppose,,not too happy,fair,routine,,not satisfied at all,0,catholic,every week,,,
2022,626,21,female,white,high school,14,northeast,never married,0,keeping house,,,middle class,"independent (neither, no response)",slightly liberal,biden,,favor,,very happy,good,,,pretty well satisfied,,none,never,"don't know, no way to find out",,
2022,627,34,female,other,high school,13,northeast,never married,0,working part time,16,10286.25,lower class,"independent (neither, no response)","moderate, middle of the road",,favor,favor,,not too happy,fair,routine,,not satisfied at all,30,catholic,never,,,
2022,628,,,white,associate/junior college,14,northeast,divorced,2,working full time,40,,working class,"independent, close to republican",conservative,,,favor,,pretty happy,good,,,pretty well satisfied,,,,,,
2022,629,66,male,white,high school,14,northeast,married,4,working full time,48,28485,working class,"independent (neither, no response)","moderate, middle of the road",biden,oppose,oppose,,not too happy,good,routine,,not satisfied at all,0,protestant,less than once a year,"don't know, no way to find out",,
2022,630,28,female,other,high school,12,northeast,never married,3,"with a job, but not at work because of temporary illness, vacation, strike",,52222.5,middle class,not very strong democrat,conservative,,favor,favor,,pretty happy,good,exciting,,more or less satisfied,0,catholic,never,,yes,ancient book
2022,631,56,male,white,high school,14,northeast,married,1,retired,,,middle class,not very strong republican,,trump,,favor,,very happy,good,,,more or less satisfied,,protestant,every week,no doubts,,
2022,632,52,male,white,bachelor's,17,northeast,never married,0,working full time,50,88620,middle class,"independent, close to republican",conservative,,favor,favor,,not too happy,excellent,routine,,not satisfied at all,0,none,never,"don't know, no way to find out",,
2022,633,42,female,white,bachelor's,16,northeast,married,1,working full time,40,42727.5,middle class,strong democrat,liberal,biden,favor,oppose,,very happy,good,exciting,,pretty well satisfied,2,protestant,nearly every week,,,
2022,634,67,male,white,high school,14,northeast,widowed,2,retired,,,working class,"independent, close to democrat","moderate, middle of the road",biden,favor,oppose,,pretty happy,good,routine,,more or less satisfied,,catholic,never,,yes,ancient book
2022,635,,female,white,graduate,18,northeast,divorced,2,working full time,45,52222.5,middle class,not very strong democrat,liberal,,,oppose,,pretty happy,good,,,more or less satisfied,,none,never,believe with doubts,,
2022,636,59,female,white,high school,16,northeast,divorced,2,retired,,,middle class,"independent, close to democrat","moderate, middle of the road",,oppose,oppose,,pretty happy,good,routine,,more or less satisfied,,none,never,believe sometimes,,
2022,637,61,male,white,bachelor's,16,northeast,married,2,working full time,41,42727.5,middle class,"independent, close to democrat",liberal,biden,oppose,favor,,pretty happy,good,routine,,more or less satisfied,0,none,never,,,
2022,638,52,female,other,bachelor's,16,northeast,married,5,other,,2848.5,working class,strong republican,extremely conservative,trump,oppose,favor,,very happy,good,exciting,,not satisfied at all,,catholic,every week,no doubts,,
2022,639,33,female,white,bachelor's,17,northeast,never married,0,"unemployed, laid off, looking for work",,,lower class,"independent, close to democrat",liberal,other candidate,,favor,should be legal,not too happy,fair,,can't be too careful,not satisfied at all,,catholic,never,believe sometimes,don't know,ancient book
2022,640,54,male,white,bachelor's,16,northeast,married,2,working full time,60,163572.71343,upper class,not very strong democrat,"moderate, middle of the road",biden,favor,oppose,,pretty happy,excellent,routine,,pretty well satisfied,,catholic,never,,,
2022,641,53,male,white,high school,14,northeast,married,1,working full time,50,63300,working class,"independent, close to republican",conservative,trump,favor,favor,,very happy,good,routine,,more or less satisfied,0,catholic,nearly every week,no doubts,,
2022,642,51,male,white,bachelor's,16,northeast,married,2,working full time,40,75960,middle class,"independent (neither, no response)","moderate, middle of the road",biden,favor,oppose,,pretty happy,excellent,routine,,more or less satisfied,0,none,never,,,
2022,643,75,female,white,high school,12,northeast,divorced,1,retired,,,middle class,"independent (neither, no response)","moderate, middle of the road",biden,,don't know,should not be legal,pretty happy,good,,can't be too careful,not satisfied at all,,catholic,about once or twice a year,higher power,don't know,inspired word
2022,644,29,male,white,bachelor's,19,northeast,never married,0,working part time,45,11868.75,working class,other party,"moderate, middle of the road",biden,favor,don't know,,pretty happy,good,routine,,more or less satisfied,0,none,never,,don't know,ancient book
2022,645,65,female,,associate/junior college,14,northeast,divorced,2,working full time,40,28485,working class,"independent, close to democrat",slightly conservative,biden,,oppose,,not too happy,good,,,more or less satisfied,0,christian,never,no doubts,,
2022,646,74,male,white,associate/junior college,14,northeast,divorced,2,retired,,,working class,"independent, close to democrat","moderate, middle of the road",biden,,favor,,pretty happy,fair,,,more or less satisfied,,none,never,higher power,,
2022,647,61,male,white,high school,12,northeast,married,0,working full time,80,34815,working class,"independent, close to democrat","moderate, middle of the road",biden,,favor,should be legal,pretty happy,excellent,,most people can be trusted,more or less satisfied,0,none,never,higher power,don't know,ancient book
2022,648,52,female,white,associate/junior college,15,northeast,married,0,"unemployed, laid off, looking for work",,2848.5,working class,"independent (neither, no response)",slightly liberal,trump,,favor,,pretty happy,fair,,,more or less satisfied,,catholic,about once or twice a year,no doubts,,
2022,649,44,female,white,graduate,18,northeast,married,1,"with a job, but not at work because of temporary illness, vacation, strike",,4747.5,middle class,,,other candidate,,don't know,don't know,pretty happy,good,,most people can be trusted,more or less satisfied,0,,,,don't know,
2022,650,69,female,white,high school,12,northeast,married,3,keeping house,,,working class,"independent (neither, no response)","moderate, middle of the road",trump,favor,favor,,very happy,good,exciting,,pretty well satisfied,,catholic,several times a year,,yes,inspired word
2022,651,59,male,white,high school,12,northeast,divorced,2,working full time,50,17407.5,middle class,strong republican,conservative,trump,don't know,favor,,pretty happy,fair,exciting,,not satisfied at all,0,,,,don't know,
2022,652,52,female,white,graduate,18,northeast,divorced,0,retired,,,middle class,strong democrat,liberal,biden,favor,oppose,,pretty happy,excellent,exciting,,pretty well satisfied,,none,never,don't believe,,
2022,653,39,female,white,graduate,19,northeast,married,2,working full time,40,52222.5,middle class,other party,"moderate, middle of the road",,favor,favor,,very happy,excellent,exciting,,more or less satisfied,0,catholic,several times a year,believe with doubts,,
2022,654,38,female,white,graduate,16,west,never married,0,working part time,35,42727.5,middle class,strong democrat,liberal,biden,favor,oppose,should be legal,pretty happy,good,routine,can't be too careful,more or less satisfied,5,protestant,2-3 times a month,believe with doubts,don't know,ancient book
2022,655,34,male,white,bachelor's,16,west,married,0,working full time,45,163572.71343,upper class,"independent, close to democrat",slightly liberal,biden,favor,oppose,,pretty happy,fair,routine,,pretty well satisfied,5,protestant,2-3 times a month,,yes,inspired word
2022,656,74,female,other,graduate,18,west,married,3,retired,,,middle class,"independent (neither, no response)","moderate, middle of the road",other candidate,favor,favor,,pretty happy,good,routine,,more or less satisfied,,hinduism,several times a year,higher power,,
2022,657,68,female,white,graduate,18,west,widowed,2,working full time,40,101280,middle class,strong democrat,liberal,biden,favor,oppose,,pretty happy,excellent,exciting,,pretty well satisfied,0,none,less than once a year,believe with doubts,,
2022,658,82,female,white,high school,14,west,widowed,1,retired,,,middle class,strong democrat,liberal,biden,favor,favor,,pretty happy,poor,exciting,,pretty well satisfied,,none,never,,don't know,ancient book
2022,659,27,female,white,bachelor's,16,west,never married,0,working full time,40,42727.5,working class,not very strong democrat,extremely liberal,biden,favor,oppose,,not too happy,good,routine,,not satisfied at all,10,none,never,,no,ancient book
2022,660,30,male,white,graduate,17,west,never married,0,working full time,40,63300,middle class,strong democrat,liberal,,favor,oppose,,pretty happy,good,exciting,,pretty well satisfied,2,none,about once or twice a year,"don't know, no way to find out",,
2022,661,60,male,white,graduate,20,west,married,3,working full time,30,163572.71343,upper class,"independent, close to republican",slightly conservative,biden,favor,oppose,,very happy,excellent,exciting,,pretty well satisfied,0,catholic,nearly every week,believe with doubts,,
2022,662,69,male,white,graduate,18,west,married,0,retired,,316.5,middle class,strong democrat,liberal,biden,favor,oppose,,pretty happy,good,exciting,,pretty well satisfied,,none,never,,,
2022,663,54,female,white,graduate,18,west,divorced,2,working full time,60,75960,middle class,strong democrat,liberal,biden,favor,oppose,should not be legal,not too happy,good,exciting,most people can be trusted,more or less satisfied,2,catholic,several times a year,no doubts,yes,inspired word
2022,664,68,male,white,graduate,18,west,married,2,retired,,,middle class,strong democrat,liberal,biden,favor,oppose,,pretty happy,fair,routine,,pretty well satisfied,,protestant,never,,no,inspired word
2022,665,35,female,white,graduate,16,west,married,1,other,,163572.71343,middle class,strong democrat,slightly liberal,biden,favor,oppose,,very happy,excellent,routine,,more or less satisfied,,catholic,several times a year,,don't know,ancient book
2022,666,,male,other,high school,14,west,married,2,retired,,,working class,"independent (neither, no response)","moderate, middle of the road",,favor,favor,,pretty happy,good,routine,,more or less satisfied,,buddhism,about once or twice a year,,,
2022,667,74,female,other,bachelor's,16,west,married,0,retired,,,middle class,strong democrat,"moderate, middle of the road",biden,favor,,,pretty happy,excellent,routine,,more or less satisfied,,protestant,never,higher power,,
2022,668,62,male,other,graduate,17,west,never married,0,working full time,40,163572.71343,middle class,"independent (neither, no response)","moderate, middle of the road",,oppose,favor,,pretty happy,excellent,routine,,pretty well satisfied,,none,never,don't believe,,
2022,669,80,female,white,less than high school,13,west,divorced,6,keeping house,,,working class,not very strong democrat,"moderate, middle of the road",biden,,oppose,,pretty happy,excellent,,,more or less satisfied,,christian,every week,no doubts,,
2022,670,47,male,other,bachelor's,16,west,married,1,working full time,50,101280,middle class,not very strong democrat,"moderate, middle of the road",biden,favor,favor,should be legal,pretty happy,fair,exciting,depends,pretty well satisfied,5,none,several times a year,higher power,don't know,inspired word
2022,671,76,female,white,graduate,20,west,divorced,2,working part time,16,17407.5,middle class,strong democrat,extremely liberal,biden,favor,oppose,,very happy,good,exciting,,more or less satisfied,0,buddhism,several times a year,,,
2022,672,53,female,white,bachelor's,17,west,divorced,1,working full time,40,88620,middle class,not very strong democrat,slightly liberal,biden,,favor,should not be legal,not too happy,fair,,most people can be trusted,more or less satisfied,20,protestant,several times a year,believe with doubts,yes,inspired word
2022,673,45,male,white,graduate,16,west,married,2,"unemployed, laid off, looking for work",,,middle class,"independent (neither, no response)",slightly conservative,,favor,favor,,pretty happy,good,exciting,,more or less satisfied,,catholic,about once or twice a year,,,
2022,674,70,female,white,bachelor's,16,west,divorced,2,retired,,,middle class,strong democrat,liberal,biden,favor,oppose,,pretty happy,good,exciting,,pretty well satisfied,,catholic,less than once a year,,yes,inspired word
2022,675,78,female,white,bachelor's,16,west,married,2,retired,,,middle class,not very strong democrat,slightly liberal,biden,favor,oppose,,pretty happy,good,exciting,,pretty well satisfied,,protestant,never,,no,ancient book
2022,676,40,female,white,bachelor's,16,west,married,2,working full time,50,75960,upper class,"independent (neither, no response)","moderate, middle of the road",biden,,favor,should be legal,pretty happy,fair,,most people can be trusted,more or less satisfied,7,protestant,about once or twice a year,believe with doubts,yes,inspired word
2022,677,53,female,white,graduate,18,west,married,2,"unemployed, laid off, looking for work",,,middle class,strong democrat,liberal,biden,,oppose,should be legal,pretty happy,excellent,,most people can be trusted,not satisfied at all,,none,less than once a year,higher power,don't know,ancient book
2022,678,38,female,white,graduate,18,west,divorced,0,working full time,50,88620,upper class,"independent, close to democrat","moderate, middle of the road",,favor,oppose,should be legal,pretty happy,excellent,exciting,most people can be trusted,pretty well satisfied,3,protestant,about once or twice a year,no doubts,yes,inspired word
2022,679,41,male,black,high school,14,west,separated,0,other,,,middle class,"independent (neither, no response)","moderate, middle of the road",,oppose,favor,,not too happy,fair,exciting,,more or less satisfied,,none,never,no doubts,,
2022,680,52,female,black,bachelor's,17,west,married,2,working full time,40,75960,working class,not very strong democrat,"moderate, middle of the road",biden,favor,,,pretty happy,good,routine,,pretty well satisfied,3,protestant,several times a week,,yes,inspired word
2022,681,44,male,black,bachelor's,17,west,married,4,working full time,55,63300,working class,"independent (neither, no response)",,biden,,oppose,,pretty happy,good,,,more or less satisfied,25,none,never,higher power,,
2022,682,33,female,other,high school,14,west,married,2,in school,,1266,working class,"independent (neither, no response)",slightly conservative,don't know,favor,favor,,pretty happy,excellent,routine,,more or less satisfied,,none,less than once a year,,,
2022,683,44,female,black,high school,15,west,never married,0,working full time,46,63300,working class,"independent (neither, no response)",slightly liberal,biden,favor,favor,,very happy,good,exciting,,more or less satisfied,1,other,several times a week,,yes,ancient book
2022,684,24,male,other,high school,12,west,never married,0,working full time,55,63300,middle class,"independent (neither, no response)","moderate, middle of the road",,,favor,,pretty happy,fair,,,pretty well satisfied,0,catholic,about once or twice a year,don't believe,,
2022,685,23,male,,high school,12,west,never married,0,"unemployed, laid off, looking for work",,,working class,"independent (neither, no response)","moderate, middle of the road",,oppose,favor,,pretty happy,good,routine,,more or less satisfied,,catholic,several times a year,,,
2022,686,57,male,black,high school,12,west,divorced,4,working full time,40,63300,middle class,not very strong democrat,"moderate, middle of the road",biden,favor,favor,should be legal,not too happy,fair,routine,can't be too careful,more or less satisfied,0,catholic,about once a month,no doubts,yes,inspired word
2022,687,46,male,white,high school,14,west,married,2,working full time,44,75960,middle class,strong democrat,extremely liberal,,favor,oppose,,pretty happy,good,exciting,,pretty well satisfied,2,none,never,,,
2022,688,67,female,white,graduate,20,west,divorced,1,retired,,,working class,strong democrat,liberal,biden,,oppose,should be legal,pretty happy,good,,most people can be trusted,pretty well satisfied,,protestant,2-3 times a month,higher power,no,ancient book
2022,689,32,male,white,graduate,17,west,divorced,0,working full time,43,,working class,other party,liberal,biden,favor,oppose,,pretty happy,excellent,exciting,,more or less satisfied,30,other,never,,don't know,ancient book
2022,690,46,female,black,associate/junior college,15,west,never married,2,working full time,37,17407.5,working class,not very strong democrat,liberal,biden,,oppose,,not too happy,good,,,not satisfied at all,2,protestant,several times a year,no doubts,,
2022,691,41,male,white,high school,12,west,never married,0,working full time,51,163572.71343,working class,"independent (neither, no response)",slightly liberal,trump,favor,favor,don't know,pretty happy,good,exciting,can't be too careful,more or less satisfied,2,catholic,less than once a year,,yes,word of god
2022,692,37,female,other,high school,12,west,never married,1,working part time,35,7121.25,working class,"independent (neither, no response)","moderate, middle of the road",,oppose,favor,,very happy,good,routine,,more or less satisfied,4,catholic,several times a year,,yes,inspired word
2022,693,46,male,other,bachelor's,16,west,never married,0,"unemployed, laid off, looking for work",,101280,middle class,not very strong democrat,"moderate, middle of the road",,favor,favor,should be legal,pretty happy,excellent,exciting,can't be too careful,more or less satisfied,,none,never,higher power,yes,ancient book
2022,694,86,female,other,less than high school,3,west,widowed,1,retired,,,lower class,"independent, close to democrat",slightly liberal,,favor,oppose,,pretty happy,poor,exciting,,not satisfied at all,,buddhism,about once or twice a year,"don't know, no way to find out",,
2022,695,41,female,other,bachelor's,16,west,married,3,"with a job, but not at work because of temporary illness, vacation, strike",,34815,middle class,strong democrat,liberal,biden,favor,oppose,should be legal,very happy,fair,exciting,can't be too careful,pretty well satisfied,2,catholic,2-3 times a month,no doubts,yes,word of god
2022,696,,male,black,graduate,20,west,divorced,2,retired,,,middle class,strong democrat,extremely liberal,biden,favor,oppose,,not too happy,good,routine,,more or less satisfied,,none,never,,,
2022,697,21,female,other,high school,16,west,never married,0,working part time,12,2215.5,middle class,not very strong democrat,liberal,biden,don't know,oppose,,pretty happy,good,routine,,more or less satisfied,15,protestant,every week,,yes,inspired word
2022,698,39,female,other,high school,12,west,married,1,working full time,40,,middle class,"independent (neither, no response)",slightly liberal,other candidate,,favor,,pretty happy,fair,,,more or less satisfied,0,buddhism,never,"don't know, no way to find out",yes,inspired word
2022,699,55,male,other,graduate,16,west,married,2,working full time,40,163572.71343,middle class,"independent (neither, no response)","moderate, middle of the road",,,favor,,pretty happy,fair,,,not satisfied at all,0,none,less than once a year,no doubts,,
2022,700,29,female,white,bachelor's,16,west,married,0,working full time,40,163572.71343,middle class,other party,liberal,other candidate,favor,oppose,should be legal,pretty happy,good,routine,most people can be trusted,pretty well satisfied,0,none,about once a month,"don't know, no way to find out",don't know,ancient book
2022,701,35,male,other,associate/junior college,16,west,never married,0,working full time,42,,middle class,not very strong democrat,"moderate, middle of the road",biden,favor,oppose,should be legal,pretty happy,good,routine,can't be too careful,pretty well satisfied,0,none,less than once a year,no doubts,yes,inspired word
2022,702,28,female,white,bachelor's,16,west,never married,0,working full time,40,34815,working class,not very strong democrat,slightly liberal,biden,favor,favor,,pretty happy,fair,routine,,more or less satisfied,4,catholic,several times a year,,,
2022,703,48,female,white,bachelor's,17,west,never married,0,working full time,45,101280,middle class,"independent (neither, no response)","moderate, middle of the road",don't know,favor,favor,,pretty happy,good,exciting,,pretty well satisfied,7,none,less than once a year,,,
2022,704,77,male,white,high school,14,west,married,2,retired,,,working class,strong democrat,liberal,biden,favor,oppose,,very happy,good,exciting,,more or less satisfied,,catholic,every week,,don't know,inspired word
2022,705,68,male,other,less than high school,3,west,never married,0,retired,,13451.25,middle class,strong democrat,liberal,biden,,oppose,should not be legal,very happy,excellent,,don't know,more or less satisfied,,catholic,every week,believe sometimes,don't know,inspired word
2022,706,27,female,white,high school,12,west,never married,0,working full time,40,,working class,strong republican,"moderate, middle of the road",trump,oppose,favor,,pretty happy,good,routine,,not satisfied at all,4,catholic,less than once a year,,,
2022,707,70,female,white,less than high school,11,west,married,1,retired,,,middle class,strong republican,conservative,trump,favor,favor,,pretty happy,fair,routine,,pretty well satisfied,,protestant,2-3 times a month,,,
2022,708,49,male,black,high school,16,west,married,0,other,,34815,middle class,strong republican,"moderate, middle of the road",trump,favor,favor,,pretty happy,poor,routine,,not satisfied at all,,protestant,never,,,
2022,709,72,female,white,less than high school,12,west,widowed,2,retired,,,working class,strong republican,conservative,trump,favor,favor,,not too happy,good,exciting,,pretty well satisfied,,protestant,several times a week,no doubts,,
2022,710,43,female,white,high school,13,west,married,7,keeping house,,,middle class,"independent (neither, no response)","moderate, middle of the road",biden,,oppose,,very happy,good,,,pretty well satisfied,,muslim/islam,several times a year,no doubts,,
2022,711,57,male,white,bachelor's,16,west,widowed,1,working full time,50,163572.71343,middle class,not very strong republican,conservative,trump,,favor,,pretty happy,good,,,more or less satisfied,3,catholic,less than once a year,believe sometimes,,
2022,712,67,female,other,bachelor's,16,west,divorced,0,retired,,,working class,not very strong democrat,"moderate, middle of the road",biden,favor,oppose,,pretty happy,good,routine,,pretty well satisfied,,none,less than once a year,believe with doubts,,
2022,713,60,female,white,associate/junior college,15,west,married,2,retired,,101280,middle class,strong democrat,liberal,biden,oppose,oppose,,pretty happy,excellent,exciting,,pretty well satisfied,,protestant,about once or twice a year,,,
2022,714,20,female,white,high school,14,west,never married,0,working full time,40,2215.5,middle class,strong democrat,liberal,biden,favor,oppose,,not too happy,good,dull,,not satisfied at all,15,none,never,don't believe,,
2022,715,18,male,other,less than high school,11,west,never married,0,in school,,,middle class,"independent, close to democrat",slightly liberal,,,favor,should be legal,pretty happy,good,,can't be too careful,more or less satisfied,,catholic,several times a year,believe sometimes,yes,inspired word
2022,716,,female,white,bachelor's,17,west,married,2,retired,,,middle class,strong democrat,"moderate, middle of the road",biden,,favor,,not too happy,good,routine,,more or less satisfied,,buddhism,never,,,
2022,717,58,female,white,high school,12,west,married,3,working part time,20,316.5,middle class,"independent, close to republican",conservative,trump,favor,favor,,very happy,excellent,exciting,,more or less satisfied,0,none,never,higher power,,
2022,718,55,female,white,high school,14,west,divorced,1,keeping house,,,lower class,"independent, close to republican",slightly conservative,biden,,favor,,pretty happy,fair,,,not satisfied at all,,catholic,about once or twice a year,no doubts,,
2022,719,46,male,white,high school,13,west,never married,1,working full time,45,42727.5,working class,strong democrat,"moderate, middle of the road",biden,favor,don't know,should be legal,very happy,fair,exciting,can't be too careful,more or less satisfied,25,none,about once or twice a year,believe with doubts,don't know,inspired word
2022,720,77,female,white,high school,12,west,divorced,3,retired,,,working class,strong democrat,liberal,biden,favor,oppose,should be legal,very happy,good,exciting,depends,not satisfied at all,,buddhism,several times a week,higher power,yes,ancient book
2022,721,72,male,white,bachelor's,16,west,married,0,retired,,,middle class,not very strong democrat,"moderate, middle of the road",biden,favor,oppose,,pretty happy,fair,routine,,pretty well satisfied,,none,never,"don't know, no way to find out",,
2022,722,61,female,white,associate/junior college,16,west,married,2,working full time,40,34815,working class,"independent (neither, no response)","moderate, middle of the road",biden,oppose,oppose,,very happy,excellent,exciting,,not satisfied at all,0,none,never,higher power,,
2022,723,51,male,white,bachelor's,16,west,married,0,retired,,,middle class,strong democrat,"moderate, middle of the road",biden,favor,favor,should be legal,pretty happy,fair,routine,most people can be trusted,not satisfied at all,,none,never,higher power,no,don't know
2022,724,52,female,other,less than high school,,west,married,4,"unemployed, laid off, looking for work",,,working class,"independent (neither, no response)",conservative,,oppose,oppose,,very happy,good,exciting,,more or less satisfied,,catholic,2-3 times a month,,,
2022,725,65,male,other,bachelor's,16,west,divorced,2,retired,,,middle class,not very strong republican,"moderate, middle of the road",other candidate,favor,favor,,pretty happy,excellent,exciting,,more or less satisfied,,protestant,never,no doubts,,
2022,726,79,female,white,high school,12,west,married,2,retired,,,middle class,strong democrat,liberal,biden,favor,oppose,,very happy,excellent,exciting,,pretty well satisfied,,catholic,every week,,no,ancient book
2022,727,30,female,white,graduate,18,west,married,2,working full time,50,52222.5,middle class,strong democrat,liberal,biden,favor,oppose,,pretty happy,good,exciting,,more or less satisfied,5,none,never,don't believe,,
2022,728,73,male,white,high school,13,west,married,2,retired,,,working class,not very strong democrat,slightly conservative,biden,,favor,,not too happy,fair,,,pretty well satisfied,,protestant,never,believe sometimes,,
2022,729,37,female,white,bachelor's,16,west,married,0,working part time,20,23737.5,upper class,"independent, close to democrat",liberal,biden,,oppose,should be legal,pretty happy,excellent,,can't be too careful,pretty well satisfied,2,catholic,several times a year,higher power,yes,ancient book
2022,730,32,male,white,bachelor's,16,south,married,2,working full time,40,42727.5,working class,not very strong republican,"moderate, middle of the road",,favor,favor,,pretty happy,good,exciting,,more or less satisfied,1,catholic,about once a month,,yes,inspired word
2022,731,49,female,white,graduate,17,south,never married,0,working full time,50,75960,middle class,not very strong democrat,"moderate, middle of the road",biden,favor,oppose,,not too happy,excellent,exciting,,not satisfied at all,5,catholic,about once or twice a year,,,
2022,732,66,female,white,graduate,17,south,never married,0,retired,,52222.5,middle class,strong democrat,liberal,biden,favor,oppose,should be legal,,good,routine,depends,more or less satisfied,,protestant,several times a year,believe with doubts,yes,inspired word
2022,733,38,male,white,high school,14,south,married,0,working full time,60,,working class,"independent (neither, no response)","moderate, middle of the road",other candidate,oppose,oppose,should be legal,pretty happy,fair,routine,can't be too careful,more or less satisfied,24,other,never,higher power,yes,ancient book
2022,734,39,female,other,high school,13,south,never married,3,working full time,36,11868.75,working class,"independent (neither, no response)",conservative,,favor,favor,,pretty happy,good,routine,,not satisfied at all,0,none,never,believe with doubts,,
2022,735,78,male,white,high school,15,south,never married,8,other,,,working class,not very strong republican,"moderate, middle of the road",biden,favor,favor,,pretty happy,good,exciting,,not satisfied at all,,protestant,never,,,
2022,736,60,male,other,associate/junior college,14,south,married,2,working full time,40,52222.5,middle class,strong democrat,don't know,biden,favor,,,pretty happy,excellent,routine,,pretty well satisfied,,other eastern religions,several times a week,,yes,ancient book
2022,737,51,male,white,associate/junior college,14,south,married,1,working full time,50,63300,working class,other party,liberal,biden,favor,oppose,,not too happy,good,routine,,more or less satisfied,2,none,never,,,
2022,738,37,female,black,high school,13,south,never married,0,working full time,48,28485,working class,not very strong democrat,liberal,biden,favor,oppose,,very happy,good,exciting,,more or less satisfied,0,none,never,,yes,ancient book
2022,739,25,female,white,high school,12,south,never married,1,keeping house,,23737.5,working class,"independent (neither, no response)","moderate, middle of the road",,,oppose,don't know,pretty happy,good,,can't be too careful,pretty well satisfied,,none,never,"don't know, no way to find out",don't know,ancient book
2022,740,43,female,other,graduate,20,south,never married,2,working full time,42,42727.5,middle class,not very strong democrat,"moderate, middle of the road",biden,favor,favor,,very happy,good,exciting,,pretty well satisfied,4,catholic,nearly every week,,yes,inspired word
2022,741,45,female,other,high school,14,south,married,1,working full time,40,23737.5,working class,"independent, close to republican","moderate, middle of the road",trump,favor,favor,,not too happy,good,routine,,not satisfied at all,5,none,never,no doubts,,
2022,742,66,female,white,bachelor's,18,south,married,4,keeping house,,,middle class,"independent (neither, no response)",slightly conservative,other candidate,,,,,good,exciting,,more or less satisfied,,protestant,nearly every week,no doubts,,
2022,743,55,female,black,high school,12,south,widowed,1,working full time,40,42727.5,middle class,not very strong democrat,liberal,biden,oppose,oppose,,pretty happy,good,exciting,,pretty well satisfied,6,protestant,never,,,
2022,744,,male,black,high school,12,south,never married,0,working full time,40,2215.5,working class,"independent (neither, no response)","moderate, middle of the road",,,don't know,should be legal,pretty happy,fair,,depends,more or less satisfied,0,none,never,higher power,don't know,inspired word
2022,745,75,male,white,graduate,20,south,married,2,"with a job, but not at work because of temporary illness, vacation, strike",,75960,middle class,not very strong republican,slightly conservative,trump,favor,oppose,,pretty happy,good,exciting,,pretty well satisfied,0,protestant,every week,no doubts,,
2022,746,89,female,black,high school,14,south,widowed,6,retired,,,middle class,strong democrat,slightly conservative,biden,favor,favor,,pretty happy,good,routine,,more or less satisfied,,protestant,2-3 times a month,no doubts,,
2022,747,83,male,white,bachelor's,17,south,married,3,retired,,,middle class,strong republican,conservative,trump,,favor,,very happy,good,,,pretty well satisfied,,protestant,several times a year,believe with doubts,,
2022,748,,male,other,associate/junior college,14,south,married,3,other,,88620,middle class,not very strong republican,slightly conservative,,favor,favor,,very happy,good,exciting,,more or less satisfied,,catholic,every week,no doubts,,
2022,749,80,female,other,bachelor's,16,south,married,3,retired,,,middle class,not very strong democrat,"moderate, middle of the road",biden,favor,favor,should not be legal,pretty happy,good,routine,can't be too careful,pretty well satisfied,,catholic,several times a week,no doubts,yes,don't know
2022,750,61,female,white,bachelor's,16,south,married,0,working full time,40,88620,upper class,not very strong republican,slightly conservative,biden,oppose,oppose,,pretty happy,good,routine,,pretty well satisfied,3,protestant,never,,,
2022,751,80,female,white,high school,14,south,married,0,retired,,,middle class,"independent, close to democrat",liberal,biden,favor,oppose,,pretty happy,good,routine,,pretty well satisfied,,protestant,never,no doubts,,
2022,752,86,male,white,bachelor's,16,south,married,2,retired,,,working class,"independent, close to republican",conservative,,,favor,,very happy,good,,,pretty well satisfied,,protestant,every week,no doubts,,
2022,753,59,female,white,graduate,18,south,married,2,retired,,,upper class,strong democrat,liberal,biden,,oppose,,very happy,excellent,,,pretty well satisfied,,none,less than once a year,"don't know, no way to find out",,
2022,754,31,female,white,bachelor's,20,south,never married,0,working full time,45,,working class,other party,slightly conservative,trump,favor,favor,,pretty happy,good,routine,,more or less satisfied,0,catholic,about once or twice a year,,yes,inspired word
2022,755,63,female,black,graduate,18,south,married,8,in school,,11868.75,working class,not very strong democrat,slightly conservative,biden,favor,oppose,,not too happy,good,routine,,not satisfied at all,,protestant,about once a month,,,
2022,756,,female,black,high school,12,south,never married,4,working full time,40,20572.5,lower class,strong democrat,"moderate, middle of the road",biden,,favor,should be legal,pretty happy,good,,can't be too careful,not satisfied at all,0,protestant,several times a year,believe with doubts,yes,inspired word
2022,757,,female,black,high school,13,south,never married,4,working part time,44,2215.5,working class,"independent (neither, no response)",don't know,biden,,oppose,don't know,not too happy,fair,,can't be too careful,more or less satisfied,4,protestant,about once or twice a year,no doubts,don't know,don't know
2022,758,,female,black,high school,14,south,widowed,1,retired,,,middle class,strong democrat,,biden,favor,oppose,should not be legal,very happy,good,exciting,can't be too careful,pretty well satisfied,,other,every week,,yes,word of god
2022,759,20,male,other,associate/junior college,20,south,never married,7,in school,,,working class,not very strong democrat,liberal,didn't vote for president,favor,favor,,not too happy,fair,routine,,pretty well satisfied,,hinduism,2-3 times a month,,,
2022,760,,female,black,high school,14,south,married,3,retired,,,working class,strong democrat,"moderate, middle of the road",biden,favor,oppose,should be legal,pretty happy,good,exciting,can't be too careful,more or less satisfied,,protestant,several times a week,no doubts,no,word of god
2022,761,25,female,white,graduate,18,south,married,0,working full time,48,,middle class,strong republican,conservative,trump,favor,favor,,pretty happy,good,routine,,pretty well satisfied,0,protestant,several times a week,,,
2022,762,68,male,white,associate/junior college,17,south,widowed,2,working part time,18,20572.5,middle class,strong republican,extremely conservative,,oppose,favor,,very happy,fair,exciting,,pretty well satisfied,0,none,never,,no,ancient book
2022,763,38,male,black,high school,12,south,never married,2,working full time,40,34815,middle class,"independent (neither, no response)","moderate, middle of the road",,,oppose,,very happy,good,,,more or less satisfied,0,protestant,about once a month,no doubts,,
2022,764,22,female,black,bachelor's,16,south,never married,0,in school,,23737.5,middle class,not very strong democrat,"moderate, middle of the road",,favor,oppose,,pretty happy,good,exciting,,more or less satisfied,,protestant,nearly every week,,,
2022,765,32,female,black,high school,14,south,never married,0,working full time,40,20572.5,middle class,not very strong democrat,slightly liberal,biden,favor,favor,,pretty happy,fair,routine,,more or less satisfied,5,none,never,,,
2022,766,35,male,other,bachelor's,16,south,married,1,working full time,40,42727.5,middle class,"independent, close to democrat",slightly liberal,,,oppose,,pretty happy,fair,,,not satisfied at all,0,muslim/islam,several times a year,no doubts,,
2022,767,44,male,black,graduate,20,south,married,0,working full time,40,63300,upper class,"independent (neither, no response)","moderate, middle of the road",,favor,favor,,pretty happy,good,routine,,more or less satisfied,0,protestant,every week,,,
2022,768,49,male,white,bachelor's,16,south,never married,1,working full time,50,163572.71343,upper class,not very strong republican,"moderate, middle of the road",trump,,favor,,very happy,excellent,,,pretty well satisfied,3,protestant,nearly every week,no doubts,,
2022,769,,male,other,high school,14,south,married,2,keeping house,,4114.5,working class,"independent, close to republican","moderate, middle of the road",,oppose,oppose,should be legal,pretty happy,good,exciting,can't be too careful,not satisfied at all,,none,never,higher power,no,ancient book
2022,770,43,male,white,high school,12,south,married,3,working full time,40,42727.5,working class,"independent (neither, no response)","moderate, middle of the road",don't know,favor,oppose,,pretty happy,good,routine,,more or less satisfied,0,catholic,nearly every week,no doubts,,
2022,771,40,female,black,graduate,20,south,never married,2,working full time,50,75960,middle class,"independent (neither, no response)","moderate, middle of the road",biden,,oppose,,pretty happy,good,,,more or less satisfied,0,protestant,several times a year,no doubts,,
2022,772,62,female,white,bachelor's,16,south,separated,2,working full time,40,23737.5,middle class,strong republican,conservative,trump,oppose,favor,,pretty happy,fair,routine,,more or less satisfied,0,protestant,2-3 times a month,,,
2022,773,,male,white,graduate,18,south,divorced,2,working full time,40,,middle class,strong democrat,liberal,biden,favor,favor,,pretty happy,good,routine,,pretty well satisfied,0,protestant,about once or twice a year,,no,inspired word
2022,774,55,female,white,graduate,20,south,married,2,other,,,middle class,"independent, close to democrat","moderate, middle of the road",biden,oppose,favor,,pretty happy,fair,routine,,pretty well satisfied,,none,never,believe sometimes,,
2022,775,31,female,other,associate/junior college,14,south,married,2,keeping house,,,middle class,"independent (neither, no response)","moderate, middle of the road",,,favor,,very happy,good,,,more or less satisfied,,muslim/islam,several times a week,no doubts,,
2022,776,68,female,white,high school,13,south,divorced,2,retired,,,middle class,strong democrat,extremely liberal,biden,favor,oppose,,pretty happy,good,routine,,more or less satisfied,,none,never,,,
2022,777,,female,white,bachelor's,16,south,never married,0,retired,,,upper class,strong republican,extremely conservative,trump,,favor,should not be legal,pretty happy,fair,,can't be too careful,pretty well satisfied,,,never,no doubts,yes,inspired word
2022,778,73,male,white,graduate,18,south,married,1,retired,,,middle class,"independent (neither, no response)",slightly conservative,biden,oppose,favor,,pretty happy,good,routine,,more or less satisfied,,protestant,2-3 times a month,,,
2022,779,74,male,white,bachelor's,16,south,divorced,0,retired,,,middle class,strong republican,conservative,trump,favor,favor,,not too happy,good,exciting,,pretty well satisfied,,protestant,2-3 times a month,no doubts,,
2022,780,69,female,white,graduate,19,south,married,2,retired,,10286.25,middle class,strong democrat,liberal,biden,favor,oppose,,not too happy,good,routine,,more or less satisfied,,jewish,about once or twice a year,believe sometimes,,
2022,781,78,female,white,bachelor's,16,south,married,4,retired,,,middle class,"independent, close to democrat",slightly liberal,biden,favor,favor,,pretty happy,excellent,routine,,more or less satisfied,,none,never,,no,inspired word
2022,782,58,female,white,high school,12,south,married,5,"with a job, but not at work because of temporary illness, vacation, strike",,20572.5,middle class,strong republican,conservative,trump,oppose,favor,,pretty happy,fair,routine,,more or less satisfied,,protestant,nearly every week,,,
2022,783,66,male,white,high school,12,south,married,2,keeping house,,,middle class,strong republican,extremely conservative,trump,,favor,should not be legal,very happy,good,,most people can be trusted,more or less satisfied,,protestant,about once or twice a year,no doubts,yes,inspired word
2022,784,21,male,white,high school,15,south,never married,0,in school,,4747.5,middle class,strong republican,conservative,trump,oppose,favor,,not too happy,excellent,routine,,more or less satisfied,,protestant,nearly every week,no doubts,,
2022,785,43,female,white,graduate,20,south,married,,working full time,40,,upper class,strong republican,extremely conservative,,,don't know,should be legal,very happy,excellent,,depends,pretty well satisfied,,catholic,about once a month,no doubts,yes,word of god
2022,786,62,male,white,bachelor's,16,south,married,2,working full time,60,163572.71343,upper class,strong republican,conservative,trump,,favor,,very happy,fair,,,pretty well satisfied,0,protestant,several times a year,no doubts,,
2022,787,40,male,white,high school,15,south,married,4,working full time,47,42727.5,working class,not very strong republican,conservative,biden,favor,favor,,pretty happy,good,exciting,,not satisfied at all,0,catholic,several times a year,,,
2022,788,37,male,white,graduate,19,south,married,1,working full time,40,75960,middle class,"independent, close to republican",conservative,trump,favor,favor,,very happy,excellent,routine,,more or less satisfied,2,protestant,nearly every week,no doubts,,
2022,789,68,male,white,bachelor's,16,south,married,1,retired,,5697,working class,not very strong republican,slightly conservative,trump,,favor,,very happy,good,,,more or less satisfied,,protestant,several times a year,believe sometimes,,
2022,790,39,male,white,graduate,16,south,married,1,working full time,51,75960,upper class,not very strong republican,"moderate, middle of the road",trump,favor,favor,,very happy,good,routine,,pretty well satisfied,10,protestant,several times a year,no doubts,,
2022,791,42,female,,bachelor's,16,south,married,2,working full time,40,,middle class,not very strong democrat,slightly liberal,biden,favor,favor,,pretty happy,good,routine,,more or less satisfied,5,none,less than once a year,,,
2022,792,37,female,other,graduate,20,south,married,4,working full time,40,75960,middle class,not very strong democrat,slightly liberal,,favor,oppose,should be legal,pretty happy,fair,routine,most people can be trusted,more or less satisfied,5,catholic,nearly every week,believe with doubts,yes,inspired word
2022,793,61,female,white,high school,14,south,married,0,working full time,40,75960,middle class,strong republican,"moderate, middle of the road",trump,,favor,,very happy,good,,,pretty well satisfied,0,catholic,never,believe with doubts,,
2022,794,69,female,other,bachelor's,20,south,married,2,retired,,,middle class,"independent, close to democrat","moderate, middle of the road",,favor,favor,,very happy,good,routine,,more or less satisfied,,protestant,every week,no doubts,,
2022,795,71,female,white,graduate,19,south,divorced,2,working part time,24,5697,middle class,not very strong republican,"moderate, middle of the road",biden,favor,favor,,pretty happy,good,routine,,more or less satisfied,0,catholic,several times a year,believe with doubts,,
2022,796,73,female,white,bachelor's,17,south,divorced,2,retired,,,middle class,"independent (neither, no response)",slightly liberal,biden,,favor,,pretty happy,good,,,more or less satisfied,,catholic,about once or twice a year,no doubts,,
2022,797,64,male,white,bachelor's,16,south,married,4,working full time,35,163572.71343,upper class,strong republican,extremely conservative,trump,favor,favor,,pretty happy,good,exciting,,pretty well satisfied,10,protestant,every week,no doubts,,
2022,798,70,male,white,bachelor's,16,south,married,1,working part time,21,42727.5,middle class,not very strong republican,conservative,trump,,favor,,very happy,good,,,more or less satisfied,0,protestant,about once a month,no doubts,,
2022,799,70,male,white,bachelor's,16,south,divorced,1,retired,,,middle class,strong republican,conservative,trump,,favor,should not be legal,not too happy,fair,,can't be too careful,more or less satisfied,,protestant,every week,no doubts,yes,inspired word
2022,800,55,female,white,bachelor's,17,south,married,4,working part time,20,28485,middle class,not very strong republican,"moderate, middle of the road",trump,favor,oppose,,pretty happy,good,exciting,,pretty well satisfied,0,catholic,every week,no doubts,,
2022,801,69,male,white,less than high school,6,south,divorced,0,retired,,,working class,strong republican,"moderate, middle of the road",,favor,favor,should not be legal,not too happy,poor,dull,can't be too careful,not satisfied at all,,protestant,2-3 times a month,believe sometimes,no,inspired word
2022,802,50,male,white,high school,16,south,married,3,working full time,53,,working class,"independent, close to republican",extremely conservative,trump,,favor,don't know,very happy,excellent,,can't be too careful,pretty well satisfied,0,protestant,about once or twice a year,higher power,yes,inspired word
2022,803,41,male,white,high school,12,south,married,3,working full time,0,75960,middle class,strong republican,extremely conservative,trump,oppose,favor,,very happy,good,routine,,pretty well satisfied,0,protestant,every week,,yes,word of god
2022,804,77,female,white,less than high school,11,south,widowed,2,retired,,,middle class,"independent (neither, no response)","moderate, middle of the road",biden,,favor,,pretty happy,good,,,pretty well satisfied,,protestant,less than once a year,believe with doubts,,
2022,805,56,female,white,graduate,18,south,divorced,1,working full time,40,42727.5,working class,strong democrat,liberal,biden,favor,oppose,,pretty happy,good,routine,,more or less satisfied,1,none,never,higher power,,
2022,806,56,male,white,bachelor's,20,south,married,0,working full time,60,101280,working class,strong republican,extremely conservative,trump,oppose,favor,,pretty happy,excellent,routine,,more or less satisfied,0,protestant,never,,yes,inspired word
2022,807,19,female,black,high school,13,south,never married,3,in school,,,upper class,"independent (neither, no response)",extremely conservative,,favor,favor,,very happy,excellent,exciting,,not satisfied at all,,none,never,,,
2022,808,40,male,black,high school,13,south,married,2,working part time,20,5697,working class,"independent (neither, no response)","moderate, middle of the road",,favor,favor,,very happy,good,exciting,,pretty well satisfied,0,christian,every week,,yes,inspired word
2022,809,41,male,other,associate/junior college,14,south,married,4,working full time,38,42727.5,working class,"independent (neither, no response)","moderate, middle of the road",biden,favor,favor,,pretty happy,good,routine,,more or less satisfied,0,none,never,,don't know,ancient book
2022,810,72,female,black,bachelor's,18,south,never married,1,other,,,upper class,strong democrat,"moderate, middle of the road",biden,oppose,favor,should be legal,pretty happy,fair,routine,can't be too careful,more or less satisfied,,protestant,every week,no doubts,yes,word of god
2022,811,20,female,white,high school,12,south,never married,0,in school,,7121.25,middle class,"independent, close to democrat",liberal,biden,favor,oppose,should be legal,pretty happy,good,routine,can't be too careful,pretty well satisfied,,none,about once or twice a year,higher power,yes,ancient book
2022,812,54,male,white,bachelor's,16,south,never married,2,working full time,40,34815,middle class,"independent, close to republican",slightly conservative,trump,oppose,favor,,not too happy,excellent,routine,,more or less satisfied,0,protestant,never,believe with doubts,,
2022,813,33,female,white,high school,12,south,separated,0,working full time,47,28485,working class,"independent (neither, no response)",liberal,,oppose,favor,,pretty happy,good,routine,,more or less satisfied,15,none,never,,,
2022,814,40,female,white,bachelor's,16,south,married,0,working full time,40,28485,working class,"independent (neither, no response)",slightly conservative,,,favor,,not too happy,fair,,,not satisfied at all,,protestant,nearly every week,no doubts,,
2022,815,,,white,high school,14,south,married,3,working full time,40,,middle class,strong republican,conservative,trump,oppose,favor,,pretty happy,good,exciting,,pretty well satisfied,,catholic,several times a year,,,
2022,816,,male,white,high school,13,south,married,2,retired,,,middle class,strong republican,extremely conservative,trump,favor,,,very happy,good,exciting,can't be too careful,pretty well satisfied,,protestant,several times a week,no doubts,yes,word of god
2022,817,70,female,other,less than high school,5,south,married,3,retired,,,working class,"independent (neither, no response)",don't know,biden,,oppose,should not be legal,pretty happy,fair,,can't be too careful,pretty well satisfied,,hinduism,about once or twice a year,no doubts,no,ancient book
2022,818,32,female,black,high school,12,south,never married,1,"unemployed, laid off, looking for work",,2848.5,working class,"independent, close to democrat",slightly conservative,biden,,oppose,should be legal,not too happy,excellent,,can't be too careful,not satisfied at all,,christian,several times a year,no doubts,yes,word of god
2022,819,,female,other,high school,12,south,married,2,working full time,84,3481.5,working class,strong democrat,liberal,biden,favor,oppose,,pretty happy,good,routine,,more or less satisfied,5,protestant,every week,,,
2022,820,18,female,white,high school,12,south,never married,0,keeping house,,,middle class,not very strong republican,conservative,,,favor,,pretty happy,good,,,more or less satisfied,,none,about once or twice a year,believe sometimes,,
2022,821,54,female,white,graduate,18,south,married,3,working part time,18,42727.5,middle class,not very strong republican,conservative,biden,favor,favor,,very happy,excellent,routine,,pretty well satisfied,0,protestant,every week,,,
2022,822,65,male,white,high school,12,south,married,2,working full time,40,63300,middle class,"independent, close to democrat",slightly liberal,biden,favor,favor,,pretty happy,fair,exciting,,not satisfied at all,,catholic,about once or twice a year,believe with doubts,,
2022,823,66,female,white,high school,12,south,married,0,retired,,,middle class,"independent, close to republican",conservative,trump,oppose,favor,,pretty happy,good,routine,,more or less satisfied,,none,never,"don't know, no way to find out",,
2022,824,54,female,white,bachelor's,16,south,divorced,0,keeping house,,,middle class,"independent (neither, no response)","moderate, middle of the road",,,oppose,should be legal,not too happy,good,,can't be too careful,pretty well satisfied,,other,never,believe with doubts,yes,inspired word
2022,825,47,female,white,high school,10,south,married,2,working full time,60,42727.5,middle class,"independent (neither, no response)","moderate, middle of the road",trump,oppose,oppose,,pretty happy,fair,dull,,not satisfied at all,15,none,less than once a year,,,
2022,826,40,female,other,high school,12,south,never married,0,working full time,80,63300,middle class,not very strong republican,slightly conservative,,oppose,oppose,,very happy,fair,routine,,pretty well satisfied,5,christian,about once or twice a year,,yes,word of god
2022,827,32,female,white,bachelor's,16,south,married,2,working part time,16,17407.5,middle class,not very strong republican,conservative,trump,,oppose,should be legal,pretty happy,excellent,,most people can be trusted,more or less satisfied,0,christian,about once or twice a year,believe with doubts,yes,inspired word
2022,828,67,female,black,high school,12,south,widowed,3,retired,,,middle class,"independent (neither, no response)","moderate, middle of the road",,,oppose,,pretty happy,good,,,not satisfied at all,,protestant,several times a week,no doubts,,
2022,829,61,male,white,high school,12,south,married,2,working full time,34,88620,middle class,not very strong republican,slightly conservative,trump,oppose,favor,should not be legal,pretty happy,fair,routine,most people can be trusted,more or less satisfied,0,none,never,believe with doubts,no,inspired word
2022,830,84,male,white,high school,10,south,widowed,5,retired,,,middle class,strong republican,conservative,trump,oppose,favor,should not be legal,pretty happy,fair,exciting,most people can be trusted,pretty well satisfied,,catholic,every week,no doubts,yes,word of god
2022,831,39,female,other,graduate,19,south,married,2,working full time,50,42727.5,working class,not very strong democrat,liberal,biden,favor,oppose,,very happy,fair,routine,,more or less satisfied,0,none,about once or twice a year,,don't know,inspired word
2022,832,28,male,white,less than high school,11,south,married,3,working full time,40,,working class,"independent (neither, no response)",slightly liberal,,oppose,favor,,pretty happy,fair,dull,,not satisfied at all,4,none,never,,,
2022,833,60,male,white,bachelor's,16,south,married,2,working full time,49,,middle class,not very strong republican,slightly conservative,trump,oppose,favor,,pretty happy,good,exciting,,more or less satisfied,0,catholic,about once or twice a year,,yes,inspired word
2022,834,68,female,white,high school,12,south,divorced,2,working part time,20,,middle class,"independent, close to republican","moderate, middle of the road",trump,favor,oppose,,pretty happy,good,routine,,not satisfied at all,5,protestant,about once a month,,yes,inspired word
2022,835,64,female,white,high school,12,south,married,4,retired,,,working class,"independent (neither, no response)","moderate, middle of the road",didn't vote for president,oppose,favor,should be legal,pretty happy,fair,exciting,most people can be trusted,more or less satisfied,,protestant,every week,no doubts,yes,word of god
2022,836,57,male,other,high school,12,south,divorced,1,working full time,40,42727.5,working class,strong republican,"moderate, middle of the road",,oppose,favor,,not too happy,excellent,routine,,not satisfied at all,0,protestant,several times a year,,yes,other (vol)
2022,837,48,female,white,high school,13,south,,2,keeping house,,,middle class,not very strong republican,conservative,trump,oppose,favor,should not be legal,pretty happy,good,routine,most people can be trusted,more or less satisfied,,protestant,nearly every week,no doubts,yes,inspired word
2022,838,69,female,white,high school,12,south,married,2,working full time,40,34815,working class,strong republican,"moderate, middle of the road",trump,oppose,favor,should be legal,very happy,good,routine,can't be too careful,not satisfied at all,0,protestant,never,no doubts,yes,word of god
2022,839,55,male,white,high school,13,south,married,2,other,,,working class,strong republican,"moderate, middle of the road",,oppose,favor,should not be legal,very happy,poor,routine,most people can be trusted,pretty well satisfied,,protestant,never,no doubts,yes,word of god
2022,840,60,male,white,bachelor's,16,south,married,2,working full time,40,163572.71343,middle class,strong republican,conservative,,favor,favor,,pretty happy,good,routine,,more or less satisfied,0,protestant,several times a week,no doubts,,
2022,841,79,male,white,high school,14,south,divorced,3,retired,,7121.25,middle class,strong democrat,liberal,biden,favor,favor,,pretty happy,good,exciting,,more or less satisfied,,buddhism,less than once a year,"don't know, no way to find out",,
2022,842,41,male,white,graduate,20,south,married,3,working full time,89,52222.5,working class,"independent, close to democrat","moderate, middle of the road",biden,favor,oppose,,not too happy,good,exciting,,not satisfied at all,10,none,never,,yes,other (vol)
2022,843,61,female,white,graduate,18,south,divorced,1,working full time,40,34815,working class,strong democrat,liberal,biden,,oppose,should be legal,not too happy,good,,most people can be trusted,not satisfied at all,7,none,never,don't believe,don't know,ancient book
2022,844,84,female,white,high school,13,south,divorced,4,retired,,,middle class,strong democrat,liberal,biden,favor,,,pretty happy,good,exciting,,more or less satisfied,,none,never,,,
2022,845,,female,white,high school,13,south,widowed,1,retired,,,middle class,strong republican,conservative,trump,oppose,favor,should be legal,not too happy,good,routine,can't be too careful,more or less satisfied,,protestant,every week,no doubts,yes,word of god
2022,846,28,male,white,associate/junior college,14,south,never married,0,working full time,40,13451.25,working class,"independent (neither, no response)","moderate, middle of the road",,favor,oppose,,not too happy,fair,routine,,more or less satisfied,12,none,never,"don't know, no way to find out",,
2022,847,42,male,white,associate/junior college,14,south,married,0,working full time,40,52222.5,working class,strong democrat,liberal,biden,favor,favor,,very happy,good,routine,,more or less satisfied,0,none,never,,no,ancient book
2022,848,36,male,white,high school,15,south,never married,0,working full time,40,75960,working class,not very strong democrat,slightly liberal,biden,,oppose,don't know,pretty happy,good,,can't be too careful,more or less satisfied,12,none,less than once a year,don't believe,no,ancient book
2022,849,62,female,white,bachelor's,17,south,married,1,retired,,,upper class,strong democrat,"moderate, middle of the road",biden,favor,favor,,very happy,good,exciting,,pretty well satisfied,,jewish,several times a year,,,
2022,850,60,male,white,associate/junior college,14,south,married,3,working full time,40,88620,middle class,other party,slightly conservative,other candidate,oppose,favor,,pretty happy,good,exciting,,more or less satisfied,0,catholic,about once a month,,,
2022,851,59,female,white,bachelor's,19,south,married,1,working full time,40,75960,middle class,"independent, close to republican","moderate, middle of the road",trump,,favor,,pretty happy,good,,,pretty well satisfied,5,none,less than once a year,believe with doubts,,
2022,852,22,female,white,bachelor's,16,south,never married,0,working full time,35,2848.5,middle class,not very strong democrat,liberal,biden,favor,oppose,,not too happy,fair,routine,,pretty well satisfied,20,none,never,,no,ancient book
2022,853,69,male,white,bachelor's,16,south,married,2,working full time,40,163572.71343,upper class,strong democrat,extremely liberal,biden,,oppose,,pretty happy,good,,,pretty well satisfied,2,jewish,about once or twice a year,believe sometimes,,
2022,854,72,male,white,high school,13,south,divorced,2,retired,,,middle class,strong republican,conservative,trump,favor,favor,,not too happy,good,dull,,more or less satisfied,,catholic,nearly every week,believe with doubts,,
2022,855,76,male,white,high school,12,northeast,married,2,retired,,,working class,"independent, close to republican",conservative,,,favor,should be legal,very happy,fair,,can't be too careful,not satisfied at all,,catholic,less than once a year,no doubts,yes,inspired word
2022,856,22,male,white,associate/junior college,15,northeast,never married,0,in school,,8703.75,middle class,"independent, close to republican",slightly conservative,trump,,favor,should be legal,pretty happy,good,,can't be too careful,more or less satisfied,,protestant,about once or twice a year,no doubts,yes,inspired word
2022,857,54,female,white,high school,12,northeast,married,4,"with a job, but not at work because of temporary illness, vacation, strike",,17407.5,working class,strong republican,"moderate, middle of the road",trump,,favor,should not be legal,very happy,fair,,most people can be trusted,not satisfied at all,5,catholic,about once a month,no doubts,no,inspired word
2022,858,,female,white,high school,14,northeast,widowed,3,retired,,,middle class,strong democrat,slightly conservative,biden,,favor,don't know,not too happy,excellent,,most people can be trusted,more or less satisfied,,catholic,about once or twice a year,,yes,word of god
2022,859,69,male,white,high school,14,northeast,married,1,working part time,26,,working class,not very strong republican,slightly conservative,,favor,,,pretty happy,excellent,exciting,,not satisfied at all,0,buddhism,never,,don't know,ancient book
2022,860,85,female,white,high school,12,northeast,widowed,3,retired,,,middle class,strong republican,extremely conservative,trump,favor,favor,should not be legal,very happy,excellent,exciting,can't be too careful,more or less satisfied,,protestant,every week,no doubts,yes,word of god
2022,861,,,other,bachelor's,18,northeast,never married,0,other,,,working class,"independent (neither, no response)",slightly liberal,don't know,,oppose,,pretty happy,poor,,,not satisfied at all,,protestant,several times a year,no doubts,,
2022,862,58,male,white,bachelor's,16,northeast,married,3,working full time,70,101280,middle class,not very strong republican,slightly conservative,trump,oppose,favor,,pretty happy,good,exciting,,more or less satisfied,0,catholic,nearly every week,,yes,word of god
2022,863,37,female,white,graduate,17,northeast,married,1,keeping house,,,middle class,not very strong democrat,slightly liberal,,favor,oppose,,very happy,good,exciting,,pretty well satisfied,,buddhism,never,,no,ancient book
2022,864,20,male,white,high school,14,northeast,never married,0,keeping house,,,upper class,strong democrat,liberal,biden,favor,favor,,not too happy,excellent,routine,,pretty well satisfied,,none,never,don't believe,,
2022,865,64,female,white,bachelor's,16,northeast,married,2,working full time,41,11868.75,middle class,strong democrat,liberal,biden,favor,oppose,,pretty happy,good,routine,,not satisfied at all,3,jewish,less than once a year,,no,ancient book
2022,866,42,female,other,bachelor's,16,northeast,married,2,keeping house,,,working class,not very strong democrat,"moderate, middle of the road",,favor,oppose,,not too happy,fair,routine,,not satisfied at all,,hinduism,several times a year,believe sometimes,,
2022,867,65,male,white,bachelor's,16,northeast,married,3,retired,,,middle class,strong republican,conservative,trump,,favor,,pretty happy,good,,,more or less satisfied,,protestant,nearly every week,no doubts,,
2022,868,39,female,white,graduate,18,northeast,married,1,working full time,45,,middle class,strong democrat,slightly liberal,biden,favor,favor,,very happy,good,routine,,more or less satisfied,2,catholic,less than once a year,,,
2022,869,54,female,white,high school,12,northeast,married,2,retired,,75960,upper class,strong democrat,liberal,biden,favor,oppose,,pretty happy,good,exciting,,pretty well satisfied,,catholic,about once or twice a year,believe with doubts,,
2022,870,,male,white,bachelor's,16,northeast,married,,working full time,40,,middle class,not very strong democrat,slightly liberal,biden,favor,favor,,very happy,good,exciting,,more or less satisfied,0,catholic,about once or twice a year,,yes,inspired word
2022,871,76,male,white,bachelor's,16,northeast,married,2,retired,,,middle class,"independent, close to republican",slightly conservative,trump,,favor,,pretty happy,excellent,,,not satisfied at all,,catholic,less than once a year,no doubts,,
2022,872,68,male,white,associate/junior college,14,northeast,married,2,retired,,,middle class,strong republican,slightly conservative,trump,favor,favor,,very happy,excellent,exciting,,pretty well satisfied,,protestant,several times a year,,yes,word of god
2022,873,58,female,black,bachelor's,16,northeast,married,2,working full time,40,75960,middle class,strong democrat,liberal,biden,favor,oppose,,pretty happy,good,exciting,,not satisfied at all,0,catholic,several times a year,,,
2022,874,63,male,other,graduate,16,northeast,divorced,2,retired,,,middle class,strong republican,slightly conservative,trump,favor,favor,should not be legal,pretty happy,excellent,exciting,most people can be trusted,more or less satisfied,,none,never,higher power,no,inspired word
2022,875,21,female,white,high school,15,northeast,never married,0,working part time,43,2848.5,working class,"independent, close to democrat",slightly liberal,biden,favor,oppose,,very happy,excellent,exciting,,more or less satisfied,0,protestant,about once a month,,,
2022,876,26,female,other,high school,14,northeast,married,0,working full time,40,28485,middle class,"independent (neither, no response)","moderate, middle of the road",,,favor,should be legal,very happy,excellent,,most people can be trusted,pretty well satisfied,0,none,never,higher power,yes,ancient book
2022,877,34,male,white,bachelor's,16,northeast,never married,0,working full time,40,88620,middle class,not very strong democrat,extremely liberal,biden,,oppose,,pretty happy,good,,,pretty well satisfied,6,none,never,"don't know, no way to find out",,
2022,878,34,male,white,bachelor's,15,northeast,never married,0,working full time,54,42727.5,working class,strong democrat,extremely liberal,biden,favor,oppose,,pretty happy,good,routine,,pretty well satisfied,0,none,never,,no,ancient book
2022,879,23,female,white,bachelor's,16,northeast,never married,0,in school,,,upper class,"independent, close to republican",conservative,trump,oppose,favor,,pretty happy,good,routine,,not satisfied at all,,catholic,nearly every week,,,
2022,880,32,female,other,graduate,16,northeast,never married,0,working full time,40,34815,middle class,not very strong democrat,liberal,,favor,favor,,very happy,good,exciting,,more or less satisfied,2,none,about once or twice a year,,don't know,ancient book
2022,881,26,male,white,bachelor's,17,northeast,divorced,0,in school,,,middle class,"independent (neither, no response)",slightly liberal,,favor,oppose,,pretty happy,good,exciting,,pretty well satisfied,,none,never,,,
2022,882,76,female,black,bachelor's,16,northeast,widowed,1,retired,,,middle class,strong democrat,"moderate, middle of the road",biden,favor,oppose,should be legal,very happy,good,exciting,can't be too careful,more or less satisfied,,protestant,every week,no doubts,yes,word of god
2022,883,22,female,black,less than high school,12,northeast,never married,1,keeping house,,316.5,upper class,"independent, close to democrat",extremely conservative,biden,favor,oppose,should be legal,not too happy,excellent,routine,can't be too careful,not satisfied at all,,protestant,2-3 times a month,no doubts,yes,word of god
2022,884,67,male,black,bachelor's,16,northeast,never married,0,retired,,,lower class,strong democrat,slightly conservative,biden,favor,oppose,,pretty happy,good,exciting,,not satisfied at all,,protestant,several times a week,,,
2022,885,35,female,black,bachelor's,16,northeast,never married,0,working full time,55,52222.5,middle class,not very strong democrat,slightly liberal,biden,oppose,oppose,should be legal,pretty happy,good,routine,can't be too careful,more or less satisfied,5,protestant,about once a month,no doubts,yes,inspired word
2022,886,40,female,black,less than high school,11,northeast,never married,7,working full time,40,15033.75,working class,strong democrat,"moderate, middle of the road",biden,favor,oppose,should be legal,pretty happy,good,exciting,can't be too careful,not satisfied at all,0,protestant,less than once a year,no doubts,no,word of god
2022,887,53,male,black,bachelor's,16,northeast,never married,0,working full time,32,17407.5,working class,not very strong democrat,slightly liberal,biden,,oppose,should not be legal,not too happy,good,,can't be too careful,more or less satisfied,10,protestant,several times a week,no doubts,yes,word of god
2022,888,63,male,black,high school,12,northeast,never married,0,"unemployed, laid off, looking for work",,23737.5,working class,strong democrat,liberal,biden,oppose,oppose,should not be legal,not too happy,good,exciting,can't be too careful,more or less satisfied,,protestant,every week,no doubts,yes,word of god
2022,889,72,male,other,bachelor's,16,northeast,married,2,working full time,40,42727.5,working class,not very strong democrat,"moderate, middle of the road",biden,oppose,oppose,,pretty happy,good,routine,,more or less satisfied,0,hinduism,every week,,,
2022,890,67,female,black,graduate,16,northeast,widowed,3,retired,,52222.5,middle class,not very strong democrat,"moderate, middle of the road",biden,,favor,,pretty happy,good,,,pretty well satisfied,,protestant,2-3 times a month,no doubts,,
2022,891,,male,white,bachelor's,16,northeast,married,0,working full time,55,63300,middle class,"independent, close to democrat",slightly liberal,biden,favor,oppose,should be legal,very happy,good,exciting,can't be too careful,more or less satisfied,,other,never,higher power,yes,ancient book
2022,892,51,female,white,graduate,20,northeast,married,2,working full time,39,42727.5,working class,not very strong democrat,"moderate, middle of the road",biden,favor,favor,should be legal,very happy,good,exciting,most people can be trusted,more or less satisfied,0,protestant,about once or twice a year,no doubts,yes,inspired word
2022,893,54,male,white,high school,12,northeast,married,2,working full time,50,75960,working class,not very strong democrat,"moderate, middle of the road",biden,favor,favor,,not too happy,fair,routine,,not satisfied at all,30,none,never,,don't know,other (vol)
2022,894,75,male,white,bachelor's,17,northeast,married,1,retired,,,upper class,"independent, close to republican","moderate, middle of the road",trump,,don't know,should not be legal,very happy,good,,can't be too careful,pretty well satisfied,,protestant,every week,no doubts,yes,inspired word
2022,895,28,female,other,bachelor's,18,northeast,married,3,in school,,,lower class,"independent (neither, no response)","moderate, middle of the road",trump,favor,favor,,pretty happy,fair,dull,,not satisfied at all,,none,less than once a year,"don't know, no way to find out",,
2022,896,,female,white,graduate,18,northeast,never married,1,working full time,70,,middle class,not very strong republican,slightly conservative,trump,oppose,don't know,,very happy,excellent,exciting,,more or less satisfied,0,christian,every week,,yes,inspired word
2022,897,,female,white,graduate,16,northeast,never married,0,working full time,50,,upper class,"independent, close to democrat","moderate, middle of the road",biden,,don't know,should not be legal,pretty happy,excellent,,most people can be trusted,pretty well satisfied,0,catholic,about once a month,no doubts,yes,inspired word
2022,898,75,female,black,graduate,18,northeast,divorced,6,retired,,,working class,strong democrat,extremely liberal,biden,,favor,should be legal,pretty happy,fair,,most people can be trusted,more or less satisfied,,protestant,2-3 times a month,no doubts,yes,inspired word
2022,899,82,female,white,high school,13,northeast,divorced,4,keeping house,,,working class,strong democrat,liberal,biden,favor,oppose,,pretty happy,good,routine,,more or less satisfied,,none,less than once a year,don't believe,,
2022,900,,female,white,high school,14,northeast,never married,,"unemployed, laid off, looking for work",,,lower class,"independent, close to democrat","moderate, middle of the road",biden,,oppose,should be legal,pretty happy,fair,,depends,not satisfied at all,,don't know,never,no doubts,yes,inspired word
2022,901,49,male,other,bachelor's,17,northeast,married,2,keeping house,,,working class,strong democrat,"moderate, middle of the road",biden,,favor,should be legal,not too happy,poor,,most people can be trusted,more or less satisfied,,other eastern religions,several times a year,"don't know, no way to find out",no,inspired word
2022,902,27,male,white,less than high school,,northeast,never married,8,working full time,30,7121.25,working class,"independent, close to republican",extremely conservative,,favor,oppose,,pretty happy,good,routine,,not satisfied at all,,none,about once or twice a year,,,
2022,903,57,female,white,high school,15,northeast,married,4,working part time,12,5697,middle class,strong republican,extremely conservative,trump,oppose,favor,,very happy,good,routine,,more or less satisfied,2,protestant,every week,,yes,word of god
2022,904,33,male,white,bachelor's,20,northeast,never married,0,working full time,40,23737.5,middle class,strong republican,conservative,trump,,favor,,not too happy,fair,,,not satisfied at all,30,catholic,never,no doubts,,
2022,905,59,female,white,high school,13,northeast,married,4,working part time,32,28485,working class,strong republican,extremely conservative,trump,favor,favor,,very happy,good,routine,,more or less satisfied,0,protestant,every week,,yes,word of god
2022,906,68,male,white,high school,12,northeast,married,0,retired,,,middle class,"independent (neither, no response)","moderate, middle of the road",trump,,favor,,not too happy,good,,,more or less satisfied,,catholic,never,no doubts,,
2022,907,63,male,white,bachelor's,16,northeast,married,2,working full time,40,20572.5,working class,not very strong democrat,slightly liberal,biden,,oppose,,pretty happy,fair,,,not satisfied at all,0,catholic,several times a year,no doubts,,
2022,908,37,female,,associate/junior college,14,northeast,married,2,working full time,40,15033.75,middle class,"independent (neither, no response)","moderate, middle of the road",,don't know,oppose,,very happy,good,routine,,pretty well satisfied,,none,never,,don't know,word of god
2022,909,76,male,white,high school,13,northeast,married,2,retired,,,working class,"independent, close to republican","moderate, middle of the road",trump,,favor,should not be legal,not too happy,good,,can't be too careful,more or less satisfied,,none,less than once a year,believe with doubts,no,inspired word
2022,910,70,female,black,graduate,19,south,married,0,retired,,,middle class,,liberal,,,don't know,should be legal,don't know,fair,,depends,not satisfied at all,,protestant,several times a week,no doubts,yes,word of god
2022,911,70,female,black,high school,14,south,married,4,retired,,,middle class,strong democrat,extremely liberal,biden,favor,oppose,should be legal,very happy,good,routine,can't be too careful,more or less satisfied,,protestant,every week,no doubts,yes,inspired word
2022,912,42,male,black,high school,14,south,never married,5,working full time,49,23737.5,working class,not very strong democrat,slightly liberal,biden,,favor,should be legal,very happy,good,,can't be too careful,more or less satisfied,0,none,about once or twice a year,higher power,yes,ancient book
2022,913,42,female,black,bachelor's,16,south,never married,2,working full time,40,34815,working class,strong democrat,slightly liberal,biden,favor,favor,should be legal,pretty happy,good,exciting,can't be too careful,not satisfied at all,0,protestant,2-3 times a month,believe with doubts,yes,inspired word
2022,914,65,male,black,high school,12,south,married,3,retired,,28485,middle class,strong democrat,"moderate, middle of the road",biden,favor,favor,,very happy,good,routine,,more or less satisfied,,protestant,2-3 times a month,,,
2022,915,45,female,white,high school,14,south,married,0,working full time,45,42727.5,working class,"independent, close to republican","moderate, middle of the road",,favor,oppose,,pretty happy,fair,exciting,,more or less satisfied,1,protestant,never,,yes,inspired word
2022,916,49,male,white,associate/junior college,14,south,married,3,keeping house,,,working class,"independent, close to republican",slightly conservative,trump,oppose,favor,,very happy,good,exciting,,not satisfied at all,,catholic,never,,don't know,inspired word
2022,917,75,female,white,high school,12,south,married,2,retired,,,working class,"independent, close to republican",slightly conservative,trump,oppose,favor,,not too happy,good,routine,,not satisfied at all,,protestant,nearly every week,,,
2022,918,37,female,white,high school,11,south,widowed,5,working full time,30,7121.25,working class,"independent (neither, no response)","moderate, middle of the road",,oppose,favor,,pretty happy,poor,routine,,not satisfied at all,30,none,never,,yes,ancient book
2022,919,68,male,black,high school,12,south,married,2,retired,,,middle class,strong democrat,extremely liberal,biden,,oppose,should be legal,very happy,fair,,can't be too careful,not satisfied at all,,protestant,less than once a year,no doubts,no,word of god
2022,920,,male,white,high school,12,south,married,5,working full time,50,42727.5,working class,not very strong republican,slightly conservative,,,favor,should be legal,not too happy,fair,,can't be too careful,not satisfied at all,30,catholic,less than once a year,no doubts,yes,ancient book
2022,921,21,female,white,high school,15,south,never married,0,working full time,40,,working class,strong republican,"moderate, middle of the road",trump,oppose,favor,,very happy,excellent,exciting,,pretty well satisfied,6,protestant,about once or twice a year,,yes,inspired word
2022,922,44,female,black,bachelor's,16,south,married,0,working full time,40,75960,working class,strong democrat,conservative,biden,favor,oppose,should be legal,pretty happy,good,exciting,most people can be trusted,pretty well satisfied,0,protestant,2-3 times a month,no doubts,yes,word of god
2022,923,48,female,black,high school,13,south,separated,0,retired,,,lower class,strong republican,slightly conservative,,favor,oppose,,not too happy,fair,routine,,not satisfied at all,,protestant,several times a week,no doubts,,
2022,924,51,female,white,high school,12,south,married,1,"unemployed, laid off, looking for work",,10286.25,working class,not very strong republican,"moderate, middle of the road",biden,favor,don't know,should be legal,pretty happy,fair,exciting,can't be too careful,not satisfied at all,,catholic,every week,no doubts,no,inspired word
2022,925,46,male,black,high school,12,south,separated,2,"unemployed, laid off, looking for work",,,,not very strong democrat,don't know,biden,,favor,should not be legal,not too happy,good,,can't be too careful,pretty well satisfied,,protestant,never,no doubts,yes,word of god
2022,926,38,female,black,graduate,20,south,married,2,"with a job, but not at work because of temporary illness, vacation, strike",,42727.5,middle class,,liberal,biden,favor,oppose,should be legal,pretty happy,excellent,routine,can't be too careful,more or less satisfied,14,none,never,"don't know, no way to find out",no,ancient book
2022,927,41,female,black,high school,14,south,divorced,1,working part time,30,,working class,"independent, close to republican",slightly liberal,biden,,oppose,,pretty happy,good,,,more or less satisfied,0,christian,several times a year,no doubts,,
2022,928,,male,other,associate/junior college,14,south,married,0,working full time,40,28485,working class,"independent, close to republican",slightly conservative,trump,oppose,favor,should be legal,pretty happy,good,exciting,can't be too careful,not satisfied at all,0,protestant,about once a month,no doubts,don't know,inspired word
2022,929,52,female,white,high school,15,south,widowed,3,working full time,60,15033.75,lower class,not very strong democrat,don't know,,,favor,should be legal,very happy,poor,,can't be too careful,not satisfied at all,0,jewish,less than once a year,believe sometimes,yes,don't know
2022,930,64,male,white,high school,10,south,never married,0,working part time,20,8703.75,working class,strong republican,conservative,,favor,favor,,pretty happy,good,routine,,more or less satisfied,0,catholic,about once a month,,yes,inspired word
2022,931,32,male,other,bachelor's,16,south,married,1,working full time,40,,middle class,"independent (neither, no response)",slightly conservative,,,favor,should not be legal,pretty happy,good,,depends,more or less satisfied,0,hinduism,several times a year,no doubts,yes,don't know
2022,932,28,male,white,high school,14,south,never married,0,working part time,30,7121.25,lower class,not very strong republican,slightly liberal,,favor,don't know,,pretty happy,good,exciting,,not satisfied at all,1,none,never,,don't know,inspired word
2022,933,51,female,white,less than high school,6,south,separated,3,"unemployed, laid off, looking for work",,10286.25,working class,not very strong republican,extremely liberal,trump,,oppose,should be legal,pretty happy,fair,,can't be too careful,more or less satisfied,,catholic,several times a year,no doubts,yes,ancient book
2022,934,62,female,white,high school,12,south,divorced,2,"unemployed, laid off, looking for work",,,middle class,"independent, close to republican","moderate, middle of the road",,favor,favor,,not too happy,good,routine,,not satisfied at all,,catholic,less than once a year,believe with doubts,,
2022,935,18,female,white,high school,12,south,never married,0,keeping house,,,working class,"independent, close to democrat",liberal,,favor,oppose,,not too happy,fair,dull,,not satisfied at all,,none,never,,,
2022,936,21,female,white,associate/junior college,15,south,never married,0,in school,,5697,working class,not very strong democrat,liberal,biden,,oppose,,pretty happy,good,,,pretty well satisfied,,none,never,"don't know, no way to find out",,
2022,937,38,female,white,high school,12,south,separated,3,working full time,40,42727.5,working class,not very strong democrat,slightly conservative,biden,,oppose,,very happy,good,,,more or less satisfied,0,catholic,every week,no doubts,yes,word of god
2022,938,27,female,other,high school,14,south,never married,1,keeping house,,17407.5,middle class,"independent (neither, no response)",liberal,,,favor,should be legal,pretty happy,excellent,,can't be too careful,pretty well satisfied,,none,never,no doubts,yes,word of god
2022,939,39,female,white,bachelor's,17,south,separated,3,keeping house,,34815,middle class,not very strong democrat,"moderate, middle of the road",,favor,oppose,,pretty happy,good,exciting,,pretty well satisfied,,other,several times a year,,,
2022,940,18,male,white,less than high school,11,south,never married,0,"unemployed, laid off, looking for work",,,working class,"independent (neither, no response)",conservative,,oppose,oppose,should be legal,pretty happy,good,routine,can't be too careful,pretty well satisfied,,other,never,higher power,yes,inspired word
2022,941,25,male,white,high school,15,south,never married,1,working full time,57,,working class,not very strong democrat,"moderate, middle of the road",,favor,oppose,,pretty happy,fair,exciting,,more or less satisfied,3,catholic,about once a month,,yes,inspired word
2022,942,32,female,white,less than high school,9,south,married,3,working part time,4,2215.5,lower class,"independent (neither, no response)",conservative,,favor,oppose,should not be legal,very happy,good,exciting,can't be too careful,not satisfied at all,7,none,never,no doubts,don't know,ancient book
2022,943,34,female,other,less than high school,9,south,never married,3,keeping house,,,working class,"independent (neither, no response)",conservative,,favor,oppose,,pretty happy,good,exciting,,more or less satisfied,,catholic,nearly every week,no doubts,,
2022,944,25,female,other,high school,12,south,married,2,working part time,5,,lower class,"independent (neither, no response)",slightly conservative,,,oppose,should not be legal,not too happy,good,,can't be too careful,more or less satisfied,0,protestant,every week,no doubts,yes,word of god
2022,945,48,female,white,less than high school,2,south,married,4,keeping house,,,working class,"independent (neither, no response)",conservative,,favor,don't know,,pretty happy,fair,routine,,more or less satisfied,,catholic,2-3 times a month,,don't know,word of god
2022,946,36,female,white,high school,12,south,married,3,keeping house,,,working class,"independent (neither, no response)",slightly conservative,,,favor,should not be legal,pretty happy,good,,can't be too careful,pretty well satisfied,,protestant,several times a week,no doubts,yes,inspired word
2022,947,48,female,black,associate/junior college,14,south,married,2,working full time,40,20572.5,working class,"independent, close to republican","moderate, middle of the road",trump,favor,oppose,,pretty happy,good,routine,,not satisfied at all,0,protestant,every week,no doubts,,
2022,948,41,male,white,less than high school,6,south,separated,2,working part time,24,,working class,"independent (neither, no response)","moderate, middle of the road",,favor,favor,,not too happy,fair,routine,,more or less satisfied,0,catholic,about once or twice a year,,yes,don't know
2022,949,39,female,white,bachelor's,15,south,married,2,working full time,40,3481.5,working class,"independent (neither, no response)",conservative,,,oppose,don't know,not too happy,excellent,,can't be too careful,not satisfied at all,1,catholic,,no doubts,no,inspired word
2022,950,26,female,black,high school,20,south,never married,1,working full time,40,2215.5,working class,strong republican,liberal,,oppose,favor,,very happy,fair,exciting,,pretty well satisfied,3,none,about once or twice a year,,,
2022,951,38,male,other,bachelor's,16,south,never married,0,working full time,40,42727.5,working class,"independent, close to democrat",liberal,,,oppose,should be legal,not too happy,good,,can't be too careful,not satisfied at all,10,protestant,less than once a year,believe with doubts,yes,inspired word
2022,952,50,male,other,bachelor's,17,south,never married,0,working full time,60,88620,middle class,strong democrat,extremely liberal,biden,favor,oppose,,pretty happy,good,routine,,more or less satisfied,10,muslim/islam,never,,,
2022,953,57,male,black,high school,12,south,never married,2,working full time,40,17407.5,middle class,strong republican,conservative,,oppose,oppose,don't know,not too happy,fair,exciting,can't be too careful,more or less satisfied,0,catholic,never,no doubts,yes,word of god
2022,954,42,female,other,bachelor's,16,south,never married,0,working full time,52,75960,middle class,"independent, close to republican",slightly conservative,,,favor,,pretty happy,good,,,more or less satisfied,0,protestant,2-3 times a month,"don't know, no way to find out",,
2022,955,50,female,white,bachelor's,16,south,never married,8,working full time,60,163572.71343,middle class,"independent (neither, no response)","moderate, middle of the road",trump,,favor,,pretty happy,fair,,,more or less satisfied,0,catholic,never,believe with doubts,,
2022,956,34,male,white,less than high school,,south,married,0,working full time,40,34815,middle class,"independent (neither, no response)","moderate, middle of the road",biden,favor,favor,,very happy,excellent,exciting,,not satisfied at all,,other,about once a month,,,
2022,957,48,male,white,high school,14,south,married,2,working full time,65,,working class,not very strong democrat,slightly liberal,biden,favor,favor,,pretty happy,fair,exciting,,more or less satisfied,20,none,less than once a year,,,
2022,958,42,female,white,high school,14,south,divorced,6,keeping house,,4114.5,middle class,other party,slightly conservative,trump,oppose,favor,,pretty happy,good,exciting,,not satisfied at all,,other,never,,,
2022,959,23,male,other,associate/junior college,14,south,never married,0,working full time,43,17407.5,working class,not very strong republican,slightly conservative,,,favor,should be legal,not too happy,excellent,,can't be too careful,not satisfied at all,10,catholic,never,believe with doubts,don't know,inspired word
2022,960,34,female,white,graduate,17,south,married,0,working full time,35,10286.25,middle class,"independent, close to democrat",liberal,,favor,oppose,,very happy,good,exciting,,more or less satisfied,2,none,never,,yes,ancient book
2022,961,76,male,other,graduate,18,south,married,3,retired,,,middle class,"independent, close to democrat","moderate, middle of the road",biden,,favor,should not be legal,pretty happy,good,,can't be too careful,pretty well satisfied,,muslim/islam,several times a week,no doubts,no,word of god
2022,962,36,female,white,graduate,17,south,married,2,working full time,40,,middle class,"independent, close to republican","moderate, middle of the road",,,oppose,should be legal,pretty happy,good,,most people can be trusted,pretty well satisfied,5,none,several times a year,higher power,don't know,inspired word
2022,963,52,female,white,bachelor's,18,south,married,2,working full time,6,75960,middle class,"independent (neither, no response)",slightly liberal,biden,favor,favor,,very happy,excellent,exciting,,more or less satisfied,1,none,less than once a year,,don't know,inspired word
2022,964,81,male,white,graduate,20,south,married,0,retired,,,middle class,"independent, close to republican","moderate, middle of the road",biden,favor,oppose,,pretty happy,good,exciting,,pretty well satisfied,,catholic,every week,,,
2022,965,57,female,white,graduate,18,south,married,0,working part time,16,17407.5,middle class,strong democrat,conservative,,favor,favor,should not be legal,pretty happy,excellent,exciting,can't be too careful,more or less satisfied,0,protestant,never,no doubts,yes,inspired word
2022,966,35,male,white,high school,11,south,divorced,2,working part time,32,23737.5,lower class,not very strong republican,slightly conservative,,oppose,favor,,pretty happy,good,exciting,,not satisfied at all,14,catholic,2-3 times a month,,,
2022,967,20,female,white,high school,14,south,never married,0,working part time,50,,middle class,not very strong democrat,liberal,biden,,oppose,,pretty happy,fair,,,more or less satisfied,0,none,never,"don't know, no way to find out",,
2022,968,49,male,other,high school,14,south,divorced,1,working full time,70,163572.71343,working class,"independent (neither, no response)",liberal,biden,favor,favor,,pretty happy,good,exciting,,pretty well satisfied,3,catholic,about once or twice a year,,yes,inspired word
2022,969,50,male,white,graduate,18,south,widowed,2,working full time,40,163572.71343,middle class,not very strong democrat,slightly liberal,biden,,favor,,pretty happy,excellent,,,pretty well satisfied,1,none,never,"don't know, no way to find out",don't know,ancient book
2022,970,25,male,black,high school,13,south,never married,0,working part time,32,4114.5,upper class,"independent (neither, no response)",extremely liberal,,,favor,,pretty happy,good,,,not satisfied at all,0,protestant,2-3 times a month,no doubts,,
2022,971,49,female,black,high school,12,south,never married,3,working full time,40,,lower class,"independent (neither, no response)","moderate, middle of the road",,favor,oppose,,pretty happy,good,routine,,not satisfied at all,3,none,less than once a year,,,
2022,972,62,male,other,bachelor's,16,south,married,4,working full time,42,52222.5,middle class,strong democrat,"moderate, middle of the road",biden,favor,oppose,,very happy,fair,exciting,,more or less satisfied,0,catholic,nearly every week,,yes,inspired word
2022,973,64,female,black,high school,14,south,widowed,2,working part time,16,5697,working class,strong democrat,slightly liberal,biden,favor,favor,,not too happy,good,routine,,more or less satisfied,0,none,less than once a year,no doubts,,
2022,974,21,female,black,high school,12,south,never married,0,working full time,30,,working class,"independent, close to democrat","moderate, middle of the road",biden,favor,favor,,pretty happy,fair,routine,,not satisfied at all,10,none,never,,no,ancient book
2022,975,46,female,black,high school,12,south,divorced,4,keeping house,,,lower class,"independent (neither, no response)",liberal,,,favor,,pretty happy,poor,,,not satisfied at all,,none,never,no doubts,,
2022,976,58,male,other,associate/junior college,15,south,never married,0,working full time,35,17407.5,working class,strong democrat,"moderate, middle of the road",biden,,oppose,,not too happy,poor,,,not satisfied at all,30,christian,less than once a year,higher power,,
2022,977,32,male,black,high school,12,south,never married,0,working full time,36,28485,working class,"independent (neither, no response)",slightly liberal,biden,favor,oppose,should be legal,not too happy,good,routine,can't be too careful,not satisfied at all,10,protestant,about once or twice a year,no doubts,yes,inspired word
2022,978,32,male,white,less than high school,10,south,never married,0,working part time,0,,working class,"independent (neither, no response)",slightly liberal,,oppose,favor,should be legal,pretty happy,good,routine,can't be too careful,more or less satisfied,0,catholic,never,no doubts,no,other (vol)
2022,979,41,male,white,bachelor's,16,south,married,0,working full time,74,88620,middle class,not very strong republican,conservative,trump,favor,favor,,very happy,good,exciting,,pretty well satisfied,0,protestant,about once a month,,,
2022,980,29,female,other,less than high school,9,south,never married,3,working full time,56,,lower class,"independent, close to republican","moderate, middle of the road",,favor,favor,should be legal,not too happy,good,routine,can't be too careful,not satisfied at all,0,none,never,believe sometimes,yes,inspired word
2022,981,,male,other,high school,12,south,married,0,working full time,70,75960,working class,"independent (neither, no response)","moderate, middle of the road",,,favor,,pretty happy,excellent,,,not satisfied at all,0,muslim/islam,every week,no doubts,,
2022,982,64,male,other,high school,16,south,divorced,1,working full time,40,20572.5,working class,not very strong republican,"moderate, middle of the road",,favor,favor,,not too happy,good,exciting,,more or less satisfied,0,catholic,about once or twice a year,,,
2022,983,20,female,white,high school,13,south,never married,0,working part time,20,5697,working class,not very strong democrat,liberal,biden,favor,favor,,pretty happy,good,routine,,more or less satisfied,5,catholic,about once or twice a year,,don't know,inspired word
2022,984,82,female,other,associate/junior college,14,south,divorced,5,retired,,,middle class,"independent (neither, no response)","moderate, middle of the road",,favor,favor,,not too happy,good,exciting,,not satisfied at all,,protestant,several times a week,no doubts,,
2022,985,31,male,black,graduate,20,south,never married,2,working full time,65,52222.5,middle class,"independent, close to democrat",slightly conservative,,,oppose,should be legal,pretty happy,fair,,most people can be trusted,more or less satisfied,15,protestant,2-3 times a month,no doubts,yes,word of god
2022,986,28,female,white,high school,14,south,never married,0,working full time,35,34815,middle class,"independent (neither, no response)","moderate, middle of the road",,favor,oppose,,very happy,good,routine,,not satisfied at all,0,catholic,2-3 times a month,no doubts,,
2022,987,40,female,black,less than high school,10,south,divorced,0,working part time,30,,middle class,not very strong democrat,"moderate, middle of the road",,,favor,should be legal,very happy,good,,depends,not satisfied at all,10,none,never,"don't know, no way to find out",don't know,inspired word
2022,988,43,male,black,high school,12,south,never married,2,working full time,40,13451.25,working class,strong republican,slightly conservative,trump,favor,oppose,,pretty happy,excellent,exciting,,not satisfied at all,0,protestant,never,,yes,ancient book
2022,989,31,female,black,less than high school,9,south,never married,3,"unemployed, laid off, looking for work",,,working class,"independent (neither, no response)",don't know,,oppose,oppose,should not be legal,pretty happy,good,dull,can't be too careful,more or less satisfied,,none,never,"don't know, no way to find out",don't know,inspired word
2022,990,84,male,black,high school,13,south,divorced,4,retired,,,lower class,strong democrat,slightly conservative,biden,,oppose,should be legal,pretty happy,fair,,can't be too careful,pretty well satisfied,,protestant,nearly every week,no doubts,yes,word of god
2022,991,79,female,black,high school,12,south,widowed,2,retired,,,working class,strong democrat,"moderate, middle of the road",biden,oppose,oppose,should not be legal,pretty happy,good,routine,depends,more or less satisfied,,protestant,nearly every week,no doubts,yes,word of god
2022,992,72,female,black,associate/junior college,14,south,widowed,7,retired,,,middle class,strong democrat,liberal,biden,favor,oppose,,very happy,fair,routine,,more or less satisfied,,protestant,less than once a year,,yes,ancient book
2022,993,70,female,black,less than high school,12,south,widowed,4,retired,,,lower class,strong democrat,slightly liberal,biden,,favor,should be legal,pretty happy,good,,can't be too careful,more or less satisfied,,protestant,about once a month,believe with doubts,yes,inspired word
2022,994,47,female,black,less than high school,,south,divorced,8,other,,,lower class,"independent (neither, no response)","moderate, middle of the road",,favor,oppose,,pretty happy,poor,dull,,not satisfied at all,,none,never,,,
2022,995,28,male,other,high school,16,south,married,0,working full time,40,,working class,not very strong republican,conservative,,favor,oppose,,not too happy,fair,exciting,,not satisfied at all,30,catholic,several times a week,,,
2022,996,23,male,,high school,12,south,never married,0,working full time,48,10286.25,middle class,not very strong republican,slightly conservative,,favor,don't know,,pretty happy,excellent,exciting,,pretty well satisfied,4,catholic,every week,,yes,inspired word
2022,997,77,female,other,less than high school,14,south,married,0,keeping house,,23737.5,middle class,strong democrat,slightly liberal,biden,favor,favor,,pretty happy,good,routine,,more or less satisfied,,none,never,,,
2022,998,60,female,white,bachelor's,17,south,married,2,working full time,45,52222.5,middle class,strong democrat,extremely liberal,biden,favor,oppose,,pretty happy,good,routine,,more or less satisfied,2,none,never,,don't know,ancient book
2022,999,62,female,black,high school,12,south,never married,1,working full time,40,20572.5,middle class,"independent, close to republican","moderate, middle of the road",biden,,oppose,should be legal,pretty happy,good,,can't be too careful,more or less satisfied,0,protestant,every week,no doubts,yes,word of god
2022,1000,43,female,black,bachelor's,16,south,divorced,2,working full time,40,42727.5,working class,not very strong democrat,liberal,biden,favor,favor,,pretty happy,good,exciting,,more or less satisfied,3,protestant,every week,,yes,inspired word
2022,1001,20,male,white,high school,14,south,never married,0,working part time,14,5697,working class,"independent, close to democrat","moderate, middle of the road",biden,oppose,oppose,,pretty happy,good,routine,,more or less satisfied,0,catholic,about once a month,,yes,inspired word
2022,1002,47,female,black,graduate,18,south,never married,0,working full time,40,,middle class,not very strong democrat,"moderate, middle of the road",biden,,oppose,should be legal,pretty happy,fair,,can't be too careful,pretty well satisfied,0,protestant,several times a year,believe with doubts,no,inspired word
2022,1003,39,female,white,less than high school,10,south,married,3,working full time,50,,working class,"independent, close to republican",slightly conservative,trump,favor,favor,,pretty happy,good,routine,,pretty well satisfied,0,protestant,several times a year,,yes,inspired word
2022,1004,,,,high school,16,south,divorced,0,working part time,30,,lower class,"independent, close to republican",slightly conservative,trump,,oppose,should be legal,not too happy,fair,,can't be too careful,not satisfied at all,30,protestant,about once a month,believe with doubts,yes,inspired word
2022,1005,,female,white,high school,20,south,married,0,working part time,20,4114.5,working class,"independent, close to democrat",liberal,biden,favor,favor,should be legal,not too happy,fair,dull,depends,not satisfied at all,,none,never,believe with doubts,yes,inspired word
2022,1006,46,male,black,high school,14,south,married,4,working full time,50,75960,upper class,not very strong democrat,"moderate, middle of the road",biden,oppose,favor,should be legal,pretty happy,good,routine,depends,more or less satisfied,0,none,less than once a year,no doubts,don't know,word of god
2022,1007,51,male,black,high school,12,south,divorced,2,working full time,89,75960,middle class,strong democrat,slightly liberal,biden,favor,favor,should be legal,pretty happy,excellent,routine,depends,pretty well satisfied,0,protestant,never,no doubts,don't know,word of god
2022,1008,44,female,black,bachelor's,16,south,widowed,2,working full time,40,,middle class,"independent (neither, no response)","moderate, middle of the road",,favor,oppose,,pretty happy,good,routine,,more or less satisfied,4,protestant,,no doubts,,
2022,1009,35,male,black,associate/junior college,16,south,divorced,2,"unemployed, laid off, looking for work",,,upper class,strong democrat,"moderate, middle of the road",biden,,oppose,should not be legal,very happy,excellent,,depends,more or less satisfied,,protestant,several times a year,no doubts,yes,word of god
2022,1010,68,female,white,less than high school,12,south,never married,1,working full time,75,4747.5,working class,"independent (neither, no response)",slightly liberal,biden,favor,favor,,very happy,good,exciting,,pretty well satisfied,0,jewish,several times a year,,,
2022,1011,69,female,white,high school,13,south,married,4,retired,,,middle class,strong republican,extremely conservative,trump,favor,favor,,very happy,good,exciting,,more or less satisfied,,protestant,every week,no doubts,,
2022,1012,22,male,white,associate/junior college,15,south,married,0,working full time,32,,middle class,"independent, close to republican",slightly conservative,trump,,favor,should be legal,pretty happy,excellent,,can't be too careful,more or less satisfied,0,protestant,2-3 times a month,believe with doubts,yes,ancient book
2022,1013,36,female,white,graduate,20,south,married,2,working full time,45,52222.5,middle class,strong democrat,liberal,biden,favor,favor,,pretty happy,good,exciting,,more or less satisfied,2,none,never,,,
2022,1014,29,female,white,high school,16,south,never married,5,keeping house,,,working class,not very strong democrat,"moderate, middle of the road",,oppose,oppose,,very happy,good,routine,,pretty well satisfied,,none,never,believe sometimes,,
2022,1015,55,male,black,high school,14,south,widowed,1,working full time,50,34815,working class,not very strong democrat,"moderate, middle of the road",biden,oppose,oppose,should be legal,pretty happy,fair,exciting,can't be too careful,more or less satisfied,2,protestant,2-3 times a month,no doubts,yes,inspired word
2022,1016,,female,white,graduate,20,south,divorced,2,working full time,50,75960,middle class,"independent (neither, no response)",slightly conservative,biden,oppose,favor,,pretty happy,good,exciting,,pretty well satisfied,5,protestant,several times a year,,,
2022,1017,34,female,white,high school,13,south,married,3,working part time,20,5697,working class,strong republican,conservative,trump,,don't know,should not be legal,pretty happy,fair,,can't be too careful,more or less satisfied,2,protestant,several times a week,no doubts,yes,word of god
2022,1018,76,male,white,graduate,18,south,married,2,retired,,52222.5,middle class,"independent, close to republican",slightly conservative,trump,favor,favor,,pretty happy,good,routine,,more or less satisfied,,protestant,nearly every week,,,
2022,1019,41,male,white,associate/junior college,14,south,married,1,working full time,45,,middle class,strong republican,conservative,trump,favor,favor,,pretty happy,excellent,routine,,not satisfied at all,2,protestant,2-3 times a month,,yes,word of god
2022,1020,42,male,white,high school,14,south,married,2,working full time,40,52222.5,middle class,not very strong republican,"moderate, middle of the road",biden,favor,favor,,pretty happy,good,routine,,pretty well satisfied,0,protestant,about once a month,,yes,inspired word
2022,1021,29,male,black,associate/junior college,16,south,married,5,working part time,11,,middle class,not very strong republican,"moderate, middle of the road",trump,,favor,should be legal,very happy,good,,can't be too careful,more or less satisfied,0,protestant,never,no doubts,yes,inspired word
2022,1022,70,female,black,high school,13,south,divorced,1,retired,,,working class,strong democrat,"moderate, middle of the road",biden,favor,oppose,,pretty happy,fair,routine,,pretty well satisfied,,protestant,every week,,,
2022,1023,39,female,black,high school,13,south,divorced,3,keeping house,,,working class,strong democrat,don't know,biden,oppose,favor,should be legal,not too happy,good,exciting,can't be too careful,more or less satisfied,,protestant,every week,no doubts,yes,word of god
2022,1024,53,female,black,graduate,18,south,divorced,2,working full time,40,52222.5,working class,strong democrat,"moderate, middle of the road",biden,favor,favor,,pretty happy,good,routine,,not satisfied at all,0,protestant,every week,,,
2022,1025,56,female,black,associate/junior college,14,south,married,6,working full time,40,4747.5,working class,strong democrat,conservative,biden,,favor,should be legal,not too happy,fair,,can't be too careful,more or less satisfied,0,protestant,every week,no doubts,yes,inspired word
2022,1026,70,male,black,less than high school,10,south,widowed,8,retired,,,lower class,strong democrat,slightly liberal,,,favor,should be legal,not too happy,poor,,can't be too careful,not satisfied at all,,protestant,several times a year,higher power,don't know,inspired word
2022,1027,74,female,black,high school,12,south,widowed,2,working part time,32,13451.25,working class,strong democrat,"moderate, middle of the road",biden,favor,favor,,not too happy,good,routine,,more or less satisfied,0,protestant,every week,,,
2022,1028,23,female,black,high school,12,south,never married,1,"unemployed, laid off, looking for work",,,working class,strong democrat,slightly liberal,biden,oppose,favor,,not too happy,excellent,routine,,more or less satisfied,,protestant,several times a week,no doubts,,
2022,1029,25,male,white,bachelor's,16,south,never married,0,working full time,40,,working class,other party,extremely liberal,biden,oppose,oppose,,pretty happy,fair,routine,,more or less satisfied,5,none,never,higher power,,
2022,1030,60,female,other,high school,11,south,married,4,working full time,46,,lower class,"independent (neither, no response)",conservative,trump,favor,favor,,,fair,routine,,not satisfied at all,30,protestant,about once a month,,yes,ancient book
2022,1031,60,female,white,high school,12,south,never married,0,working full time,45,23737.5,middle class,other party,conservative,,,favor,should not be legal,pretty happy,poor,,can't be too careful,not satisfied at all,7,protestant,every week,no doubts,yes,word of god
2022,1032,58,female,white,less than high school,9,south,married,2,working full time,50,2215.5,working class,"independent, close to republican",conservative,,,oppose,,pretty happy,fair,,,not satisfied at all,1,catholic,several times a year,no doubts,,
2022,1033,32,female,white,high school,16,south,married,2,keeping house,,,working class,"independent (neither, no response)","moderate, middle of the road",,favor,oppose,,pretty happy,good,exciting,,more or less satisfied,,catholic,about once a month,no doubts,,
2022,1034,76,male,white,high school,11,south,married,2,"unemployed, laid off, looking for work",,,working class,"independent (neither, no response)",conservative,trump,oppose,favor,,not too happy,good,routine,,not satisfied at all,,none,never,,,
2022,1035,55,female,white,high school,12,south,divorced,2,working full time,40,3481.5,working class,not very strong democrat,slightly liberal,biden,,favor,,pretty happy,good,,,more or less satisfied,30,none,never,higher power,,
2022,1036,31,female,white,high school,13,south,never married,3,working full time,40,34815,working class,not very strong democrat,liberal,biden,,oppose,should be legal,pretty happy,good,,can't be too careful,more or less satisfied,0,catholic,about once a month,no doubts,yes,inspired word
2022,1037,45,female,black,less than high school,12,south,never married,8,"unemployed, laid off, looking for work",,,working class,"independent (neither, no response)",liberal,,,oppose,,pretty happy,good,,,not satisfied at all,,none,never,believe sometimes,,
2022,1038,18,male,white,less than high school,11,south,never married,0,other,,,working class,"independent (neither, no response)",liberal,,favor,favor,,pretty happy,excellent,routine,,not satisfied at all,,none,never,believe with doubts,,
2022,1039,38,female,black,high school,13,south,never married,2,working full time,58,42727.5,working class,"independent (neither, no response)",extremely liberal,,,favor,should be legal,pretty happy,fair,,can't be too careful,more or less satisfied,5,protestant,2-3 times a month,no doubts,no,word of god
2022,1040,31,female,black,high school,12,south,never married,3,working full time,44,,working class,"independent (neither, no response)",slightly conservative,biden,favor,oppose,,pretty happy,good,routine,,pretty well satisfied,,protestant,about once a month,,,
2022,1041,40,male,black,high school,12,south,divorced,1,other,,,working class,strong democrat,conservative,biden,oppose,don't know,should be legal,not too happy,fair,routine,can't be too careful,more or less satisfied,,christian,2-3 times a month,no doubts,yes,inspired word
2022,1042,87,female,black,less than high school,6,south,divorced,7,other,,,working class,strong democrat,extremely liberal,biden,favor,don't know,,not too happy,poor,don't know,,not satisfied at all,,protestant,several times a year,,no,inspired word
2022,1043,25,male,white,bachelor's,17,south,never married,0,working full time,40,34815,middle class,"independent, close to democrat",slightly liberal,biden,favor,favor,,not too happy,excellent,routine,,not satisfied at all,2,none,never,higher power,,
2022,1044,66,male,white,bachelor's,16,south,never married,0,retired,,,middle class,"independent, close to republican","moderate, middle of the road",,favor,favor,should not be legal,very happy,poor,routine,can't be too careful,not satisfied at all,,protestant,about once or twice a year,no doubts,yes,inspired word
2022,1045,23,female,black,high school,14,south,never married,0,working full time,40,,working class,"independent, close to republican","moderate, middle of the road",trump,oppose,,,not too happy,fair,dull,,not satisfied at all,20,protestant,2-3 times a month,,yes,word of god
2022,1046,55,male,white,graduate,20,south,married,2,working full time,40,28485,middle class,not very strong democrat,liberal,biden,favor,favor,,very happy,good,exciting,,more or less satisfied,0,protestant,less than once a year,,yes,inspired word
2022,1047,35,male,black,high school,13,south,married,0,working full time,43,42727.5,middle class,not very strong republican,conservative,trump,,favor,,pretty happy,fair,,,more or less satisfied,0,catholic,never,believe with doubts,,
2022,1048,31,female,white,high school,14,south,divorced,0,in school,,4114.5,working class,,"moderate, middle of the road",,oppose,favor,should be legal,pretty happy,good,exciting,can't be too careful,more or less satisfied,,protestant,never,no doubts,yes,word of god
2022,1049,71,female,other,high school,14,south,widowed,3,retired,,,working class,"independent, close to republican",conservative,trump,,favor,,pretty happy,fair,,,more or less satisfied,,protestant,less than once a year,no doubts,,
2022,1050,34,male,white,high school,12,south,separated,1,keeping house,,,working class,"independent (neither, no response)","moderate, middle of the road",,oppose,favor,,pretty happy,fair,exciting,,more or less satisfied,,none,never,,no,inspired word
2022,1051,59,male,white,high school,12,south,married,2,working full time,72,52222.5,working class,"independent, close to democrat","moderate, middle of the road",biden,favor,favor,,pretty happy,good,exciting,,pretty well satisfied,0,christian,never,,no,inspired word
2022,1052,25,female,other,less than high school,11,south,never married,0,working full time,40,316.5,working class,"independent (neither, no response)","moderate, middle of the road",,favor,oppose,,very happy,good,exciting,,more or less satisfied,5,catholic,about once or twice a year,no doubts,,
2022,1053,51,female,white,high school,12,south,divorced,2,working full time,44,23737.5,working class,"independent (neither, no response)","moderate, middle of the road",,,favor,should not be legal,very happy,fair,,can't be too careful,not satisfied at all,0,christian,never,no doubts,no,other (vol)
2022,1054,83,male,white,less than high school,9,south,married,4,other,,,lower class,strong republican,liberal,,,favor,should not be legal,not too happy,excellent,,can't be too careful,more or less satisfied,,catholic,never,no doubts,no,inspired word
2022,1055,29,male,other,high school,12,south,never married,0,in school,,7121.25,lower class,"independent (neither, no response)",slightly liberal,biden,,oppose,should be legal,pretty happy,excellent,,can't be too careful,more or less satisfied,,none,never,higher power,no,ancient book
2022,1056,47,female,white,bachelor's,16,south,married,2,working full time,40,42727.5,middle class,not very strong republican,slightly conservative,trump,oppose,favor,,not too happy,good,routine,,more or less satisfied,0,catholic,never,,,
2022,1057,21,female,white,high school,15,south,never married,0,in school,,,working class,"independent, close to democrat","moderate, middle of the road",,,,,not too happy,excellent,exciting,,not satisfied at all,,protestant,several times a week,no doubts,,
2022,1058,47,female,black,graduate,16,south,married,2,working full time,40,52222.5,working class,"independent, close to democrat",slightly liberal,biden,,favor,should not be legal,pretty happy,fair,,can't be too careful,more or less satisfied,0,protestant,several times a year,no doubts,yes,word of god
2022,1059,56,female,white,high school,12,south,married,2,working full time,40,34815,working class,"independent (neither, no response)","moderate, middle of the road",biden,,favor,,pretty happy,fair,,,not satisfied at all,,catholic,less than once a year,no doubts,,
2022,1060,27,male,white,graduate,18,south,married,0,working full time,40,63300,middle class,"independent (neither, no response)",slightly liberal,biden,favor,favor,,very happy,excellent,exciting,,pretty well satisfied,0,none,less than once a year,higher power,,
2022,1061,23,female,black,high school,12,south,never married,1,working full time,72,7121.25,working class,"independent, close to democrat",liberal,,favor,oppose,should be legal,not too happy,fair,routine,can't be too careful,not satisfied at all,20,none,never,no doubts,yes,word of god
2022,1062,41,male,white,high school,12,south,never married,2,working full time,55,,working class,"independent, close to republican","moderate, middle of the road",trump,,,should not be legal,very happy,good,,can't be too careful,more or less satisfied,2,none,never,believe sometimes,no,other (vol)
2022,1063,48,female,white,less than high school,12,south,divorced,2,working part time,25,7121.25,working class,not very strong republican,slightly conservative,trump,,don't know,should not be legal,pretty happy,good,,can't be too careful,more or less satisfied,0,protestant,never,believe with doubts,yes,inspired word
2022,1064,32,female,white,high school,12,south,married,2,working full time,40,15033.75,middle class,"independent, close to republican",slightly conservative,trump,favor,oppose,,pretty happy,good,routine,,not satisfied at all,2,catholic,about once or twice a year,,yes,word of god
2022,1065,23,female,white,high school,12,south,never married,0,keeping house,,23737.5,middle class,not very strong republican,"moderate, middle of the road",,,favor,should be legal,pretty happy,good,,can't be too careful,more or less satisfied,,none,never,higher power,yes,inspired word
2022,1066,37,female,white,high school,13,south,married,1,keeping house,,,working class,strong democrat,extremely liberal,biden,,oppose,,not too happy,fair,,,not satisfied at all,,protestant,about once or twice a year,believe sometimes,,
2022,1067,30,male,black,bachelor's,16,south,never married,0,"unemployed, laid off, looking for work",,13451.25,lower class,strong democrat,liberal,biden,oppose,oppose,,very happy,excellent,dull,,not satisfied at all,,protestant,several times a week,,yes,inspired word
2022,1068,77,female,black,graduate,17,south,never married,0,retired,,316.5,middle class,"independent, close to democrat",conservative,biden,favor,favor,should not be legal,not too happy,good,exciting,most people can be trusted,more or less satisfied,,catholic,every week,no doubts,yes,word of god
2022,1069,62,female,white,bachelor's,16,south,divorced,0,working full time,55,34815,working class,strong republican,conservative,trump,,favor,,not too happy,good,,,not satisfied at all,0,catholic,about once or twice a year,no doubts,,
2022,1070,57,female,black,high school,15,south,widowed,0,working full time,40,10286.25,working class,not very strong democrat,conservative,biden,,oppose,should not be legal,pretty happy,good,,can't be too careful,not satisfied at all,30,none,less than once a year,no doubts,yes,don't know
2022,1071,61,female,white,bachelor's,17,south,never married,0,working full time,50,,working class,not very strong democrat,"moderate, middle of the road",biden,,oppose,,not too happy,fair,,,not satisfied at all,15,catholic,several times a year,,,
2022,1072,43,male,white,graduate,18,south,married,0,working full time,40,42727.5,middle class,not very strong republican,slightly liberal,trump,favor,oppose,,pretty happy,good,routine,,more or less satisfied,0,catholic,about once or twice a year,,no,word of god
2022,1073,46,male,white,graduate,17,south,widowed,4,working full time,40,163572.71343,upper class,"independent (neither, no response)",slightly conservative,,favor,oppose,,very happy,good,exciting,,pretty well satisfied,0,catholic,about once a month,"don't know, no way to find out",,
2022,1074,82,male,white,bachelor's,17,south,married,1,retired,,,middle class,"independent, close to republican",extremely conservative,trump,oppose,favor,,pretty happy,good,routine,,pretty well satisfied,,protestant,never,,,
2022,1075,56,male,white,bachelor's,17,south,married,2,working full time,60,163572.71343,middle class,strong republican,conservative,trump,oppose,favor,,pretty happy,good,exciting,,more or less satisfied,0,protestant,every week,,,
2022,1076,20,female,black,high school,12,south,never married,1,working part time,28,1266,working class,"independent (neither, no response)","moderate, middle of the road",,favor,oppose,,pretty happy,excellent,exciting,,more or less satisfied,,none,never,,,
2022,1077,34,male,other,less than high school,11,south,never married,0,working part time,25,10286.25,lower class,"independent, close to republican","moderate, middle of the road",,,favor,should not be legal,very happy,good,,can't be too careful,not satisfied at all,0,catholic,about once or twice a year,no doubts,yes,word of god
2022,1078,30,female,white,less than high school,,south,married,1,working part time,20,17407.5,working class,"independent (neither, no response)","moderate, middle of the road",,favor,oppose,should not be legal,not too happy,fair,exciting,can't be too careful,pretty well satisfied,22,protestant,several times a week,no doubts,yes,inspired word
2022,1079,44,female,white,less than high school,8,south,,5,"with a job, but not at work because of temporary illness, vacation, strike",,11868.75,middle class,"independent (neither, no response)",liberal,,favor,don't know,don't know,very happy,excellent,exciting,most people can be trusted,more or less satisfied,0,catholic,every week,no doubts,yes,inspired word
2022,1080,23,female,white,graduate,17,south,never married,0,working full time,40,20572.5,working class,strong democrat,slightly liberal,biden,,oppose,should be legal,pretty happy,excellent,,can't be too careful,more or less satisfied,0,none,never,don't believe,no,ancient book
2022,1081,,male,white,graduate,20,south,never married,0,working full time,80,34815,working class,strong republican,slightly conservative,trump,oppose,favor,,pretty happy,good,routine,,more or less satisfied,0,protestant,every week,,,
2022,1082,25,male,white,high school,12,south,divorced,1,working full time,40,15033.75,working class,strong republican,"moderate, middle of the road",,,favor,should not be legal,not too happy,good,,can't be too careful,not satisfied at all,0,christian,never,no doubts,no,word of god
2022,1083,35,male,black,high school,12,south,married,0,keeping house,,,working class,"independent (neither, no response)","moderate, middle of the road",,favor,oppose,should be legal,pretty happy,good,exciting,can't be too careful,more or less satisfied,,christian,,no doubts,yes,word of god
2022,1084,24,female,white,bachelor's,16,south,never married,0,working full time,40,11868.75,working class,strong democrat,extremely liberal,biden,favor,oppose,,pretty happy,good,exciting,,more or less satisfied,2,none,less than once a year,higher power,,
2022,1085,44,male,other,high school,12,south,divorced,0,working full time,60,,working class,"independent (neither, no response)",slightly conservative,,favor,favor,,very happy,good,routine,,more or less satisfied,0,none,never,,,
2022,1086,44,female,white,less than high school,12,south,divorced,3,working full time,8,,working class,"independent (neither, no response)",don't know,,favor,oppose,,not too happy,good,routine,,not satisfied at all,,none,less than once a year,,don't know,word of god
2022,1087,36,female,white,associate/junior college,16,south,married,0,working full time,40,28485,working class,strong democrat,"moderate, middle of the road",biden,,favor,,pretty happy,excellent,,,not satisfied at all,5,jewish,less than once a year,no doubts,,
2022,1088,46,male,black,high school,12,south,married,2,keeping house,,,middle class,strong democrat,slightly conservative,biden,favor,oppose,should be legal,very happy,fair,routine,can't be too careful,pretty well satisfied,,protestant,every week,believe with doubts,yes,inspired word
2022,1089,34,female,black,associate/junior college,15,south,never married,0,working full time,60,28485,working class,"independent, close to democrat","moderate, middle of the road",biden,favor,favor,,very happy,fair,routine,,more or less satisfied,0,christian,,,yes,inspired word
2022,1090,19,male,black,high school,14,south,never married,0,in school,,11868.75,working class,"independent (neither, no response)",don't know,,oppose,oppose,,don't know,fair,routine,,not satisfied at all,,protestant,never,,yes,word of god
2022,1091,51,female,black,bachelor's,16,south,divorced,1,working full time,40,28485,working class,strong democrat,slightly liberal,biden,favor,favor,,pretty happy,excellent,routine,,more or less satisfied,0,christian,every week,,yes,word of god
2022,1092,74,male,black,bachelor's,16,midwest,married,3,working part time,12,15033.75,middle class,"independent (neither, no response)",slightly liberal,don't know,favor,favor,,very happy,good,exciting,,more or less satisfied,0,protestant,2-3 times a month,,,
2022,1093,53,male,white,bachelor's,16,midwest,married,0,working full time,50,88620,middle class,not very strong democrat,slightly liberal,biden,,oppose,,pretty happy,fair,,,pretty well satisfied,4,catholic,about once or twice a year,"don't know, no way to find out",,
2022,1094,72,male,white,bachelor's,16,midwest,married,2,working full time,70,88620,middle class,"independent (neither, no response)","moderate, middle of the road",,favor,favor,,pretty happy,good,exciting,,more or less satisfied,0,orthodox-christian,about once or twice a year,believe sometimes,,
2022,1095,44,male,other,graduate,18,midwest,married,1,working full time,50,101280,middle class,not very strong democrat,"moderate, middle of the road",biden,favor,favor,,pretty happy,excellent,exciting,,more or less satisfied,0,hinduism,about once or twice a year,believe with doubts,,
2022,1096,48,male,other,graduate,16,midwest,married,2,working full time,40,75960,middle class,not very strong democrat,"moderate, middle of the road",,oppose,oppose,,pretty happy,fair,routine,,more or less satisfied,0,protestant,several times a week,no doubts,,
2022,1097,21,female,white,high school,15,midwest,never married,0,working part time,29,4747.5,middle class,not very strong democrat,slightly liberal,biden,favor,oppose,should be legal,not too happy,excellent,exciting,depends,more or less satisfied,10,none,less than once a year,believe sometimes,don't know,ancient book
2022,1098,44,female,white,bachelor's,16,midwest,married,1,working full time,40,75960,middle class,strong democrat,slightly liberal,biden,,oppose,should be legal,very happy,good,,can't be too careful,pretty well satisfied,5,protestant,2-3 times a month,believe with doubts,don't know,inspired word
2022,1099,55,female,white,graduate,18,midwest,married,2,working full time,40,52222.5,middle class,strong republican,conservative,trump,,,should be legal,not too happy,fair,,can't be too careful,more or less satisfied,10,protestant,several times a year,no doubts,yes,word of god
2022,1100,50,male,other,bachelor's,16,midwest,married,4,working full time,40,28485,middle class,"independent (neither, no response)",conservative,,favor,favor,,very happy,good,exciting,,more or less satisfied,0,muslim/islam,2-3 times a month,no doubts,,
2022,1101,47,female,other,graduate,18,midwest,married,2,working full time,40,42727.5,middle class,"independent (neither, no response)","moderate, middle of the road",biden,,don't know,should not be legal,pretty happy,fair,,most people can be trusted,more or less satisfied,0,hinduism,about once or twice a year,higher power,yes,inspired word
2022,1102,26,female,white,bachelor's,17,midwest,never married,0,working part time,12,,working class,"independent, close to republican",slightly conservative,trump,don't know,oppose,,very happy,poor,exciting,,pretty well satisfied,1,catholic,several times a week,,yes,inspired word
2022,1103,54,male,white,graduate,20,midwest,divorced,2,working full time,40,75960,middle class,strong democrat,extremely liberal,biden,oppose,favor,should be legal,pretty happy,good,exciting,most people can be trusted,pretty well satisfied,2,none,never,don't believe,no,ancient book
2022,1104,36,male,white,graduate,16,midwest,married,3,working full time,40,,middle class,"independent (neither, no response)","moderate, middle of the road",biden,favor,favor,,pretty happy,good,routine,,more or less satisfied,15,catholic,several times a year,,yes,inspired word
2022,1105,,male,white,associate/junior college,14,midwest,married,3,retired,,,middle class,"independent, close to democrat",liberal,biden,,favor,should be legal,pretty happy,good,,can't be too careful,not satisfied at all,,protestant,about once or twice a year,believe with doubts,yes,inspired word
2022,1106,26,female,black,high school,12,midwest,never married,1,working full time,20,,working class,"independent (neither, no response)","moderate, middle of the road",,oppose,oppose,don't know,not too happy,good,routine,can't be too careful,not satisfied at all,20,none,less than once a year,believe with doubts,yes,inspired word
2022,1107,33,male,black,high school,13,midwest,married,2,working full time,40,,working class,"independent (neither, no response)",slightly conservative,trump,,,should be legal,pretty happy,fair,,can't be too careful,not satisfied at all,2,,about once or twice a year,no doubts,yes,inspired word
2022,1108,32,female,white,bachelor's,16,midwest,married,2,working part time,20,7121.25,middle class,not very strong democrat,liberal,biden,,oppose,,pretty happy,good,,,more or less satisfied,4,none,never,higher power,,
2022,1109,54,female,black,bachelor's,18,midwest,divorced,2,working part time,20,42727.5,working class,strong democrat,"moderate, middle of the road",biden,favor,oppose,should be legal,very happy,good,exciting,most people can be trusted,pretty well satisfied,0,protestant,nearly every week,no doubts,don't know,inspired word
2022,1110,31,female,black,graduate,16,midwest,married,1,working full time,40,75960,middle class,"independent, close to democrat","moderate, middle of the road",biden,favor,favor,,pretty happy,fair,routine,,more or less satisfied,5,protestant,2-3 times a month,,,
2022,1111,20,male,black,high school,12,midwest,never married,0,working full time,60,3481.5,working class,not very strong democrat,"moderate, middle of the road",biden,,favor,,pretty happy,excellent,,,more or less satisfied,0,protestant,less than once a year,no doubts,,
2022,1112,64,male,black,graduate,19,midwest,married,3,retired,,,middle class,"independent (neither, no response)","moderate, middle of the road",biden,favor,oppose,,very happy,good,exciting,,more or less satisfied,,protestant,nearly every week,no doubts,,
2022,1113,33,female,other,high school,15,midwest,don't know,3,keeping house,,,working class,"independent (neither, no response)","moderate, middle of the road",,favor,oppose,should be legal,very happy,good,exciting,can't be too careful,more or less satisfied,,protestant,2-3 times a month,no doubts,yes,inspired word
2022,1114,23,female,black,high school,12,midwest,never married,0,keeping house,,,working class,"independent (neither, no response)","moderate, middle of the road",biden,,favor,should be legal,pretty happy,excellent,,can't be too careful,more or less satisfied,,none,about once or twice a year,no doubts,yes,word of god
2022,1115,37,female,white,high school,14,midwest,married,7,"unemployed, laid off, looking for work",,8703.75,working class,"independent (neither, no response)","moderate, middle of the road",,favor,favor,should be legal,pretty happy,poor,exciting,can't be too careful,not satisfied at all,,none,never,no doubts,yes,word of god
2022,1116,26,male,black,high school,13,midwest,never married,8,working full time,40,,middle class,not very strong democrat,"moderate, middle of the road",,,oppose,,pretty happy,good,,,more or less satisfied,0,none,never,no doubts,,
2022,1117,67,male,white,high school,12,midwest,widowed,2,retired,,,working class,not very strong democrat,slightly conservative,,favor,favor,,pretty happy,fair,routine,,pretty well satisfied,,catholic,never,,no,ancient book
2022,1118,82,female,white,high school,12,midwest,married,2,retired,,,middle class,other party,slightly conservative,,don't know,favor,,pretty happy,fair,routine,,more or less satisfied,,protestant,several times a year,,don't know,word of god
2022,1119,42,female,white,high school,13,midwest,divorced,2,working part time,34,20572.5,working class,"independent, close to republican",slightly conservative,trump,favor,oppose,,not too happy,fair,routine,,more or less satisfied,0,protestant,nearly every week,no doubts,,
2022,1120,60,female,white,high school,13,midwest,divorced,2,working full time,70,23737.5,working class,strong republican,"moderate, middle of the road",trump,oppose,favor,,pretty happy,good,routine,,more or less satisfied,0,protestant,every week,,yes,word of god
2022,1121,66,female,white,high school,12,midwest,divorced,1,retired,,34815,middle class,"independent, close to democrat","moderate, middle of the road",biden,favor,favor,,not too happy,good,routine,,not satisfied at all,,christian,2-3 times a month,no doubts,,
2022,1122,51,female,black,bachelor's,17,midwest,widowed,4,other,,,working class,"independent (neither, no response)",don't know,,,oppose,should not be legal,not too happy,excellent,,depends,not satisfied at all,,catholic,several times a week,no doubts,don't know,word of god
2022,1123,39,male,white,graduate,19,midwest,married,2,working full time,40,88620,upper class,not very strong democrat,"moderate, middle of the road",biden,,favor,,pretty happy,excellent,,,pretty well satisfied,2,none,never,don't believe,,
2022,1124,80,male,white,bachelor's,16,midwest,married,0,retired,,,middle class,not very strong democrat,liberal,biden,,oppose,,not too happy,good,,,pretty well satisfied,,protestant,several times a year,don't believe,,
2022,1125,75,male,white,bachelor's,16,midwest,married,2,retired,,,middle class,not very strong democrat,liberal,biden,favor,oppose,should not be legal,pretty happy,good,routine,most people can be trusted,pretty well satisfied,,none,never,"don't know, no way to find out",no,ancient book
2022,1126,85,male,white,graduate,20,midwest,married,3,retired,,,middle class,not very strong republican,conservative,trump,oppose,favor,should not be legal,pretty happy,good,exciting,most people can be trusted,pretty well satisfied,,catholic,every week,believe with doubts,yes,inspired word
2022,1127,65,female,white,graduate,20,midwest,married,2,working part time,30,316.5,middle class,strong republican,conservative,trump,favor,favor,should not be legal,not too happy,good,routine,can't be too careful,pretty well satisfied,15,protestant,about once a month,no doubts,yes,inspired word
2022,1128,70,male,white,bachelor's,16,midwest,married,2,retired,,,middle class,strong democrat,extremely liberal,biden,favor,oppose,,pretty happy,fair,exciting,,more or less satisfied,,catholic,several times a year,,no,ancient book
2022,1129,32,female,other,graduate,20,midwest,married,0,working full time,75,42727.5,middle class,strong democrat,liberal,biden,favor,oppose,,pretty happy,good,routine,,more or less satisfied,1,hinduism,about once or twice a year,believe sometimes,,
2022,1130,72,male,white,bachelor's,16,midwest,married,1,retired,,,middle class,not very strong democrat,liberal,biden,favor,oppose,,very happy,good,exciting,,pretty well satisfied,,catholic,2-3 times a month,,don't know,inspired word
2022,1131,41,female,black,bachelor's,19,midwest,never married,2,"with a job, but not at work because of temporary illness, vacation, strike",,52222.5,working class,"independent, close to democrat","moderate, middle of the road",biden,,oppose,,pretty happy,good,,,not satisfied at all,5,protestant,less than once a year,no doubts,,
2022,1132,72,male,white,bachelor's,20,midwest,never married,0,retired,,,middle class,strong democrat,slightly liberal,biden,favor,favor,,not too happy,excellent,routine,,more or less satisfied,,jewish,nearly every week,,,
2022,1133,40,female,black,bachelor's,17,midwest,never married,3,working full time,40,34815,working class,not very strong democrat,"moderate, middle of the road",biden,favor,favor,,pretty happy,good,routine,,not satisfied at all,0,don't know,never,,no,inspired word
2022,1134,43,female,white,graduate,20,midwest,married,3,working part time,10,5697,middle class,not very strong democrat,slightly liberal,biden,favor,oppose,,pretty happy,good,routine,,more or less satisfied,30,none,never,believe sometimes,,
2022,1135,69,male,white,bachelor's,16,midwest,divorced,3,retired,,,middle class,strong democrat,liberal,biden,favor,favor,,very happy,excellent,exciting,,pretty well satisfied,,none,less than once a year,"don't know, no way to find out",,
2022,1136,69,female,white,high school,14,midwest,widowed,0,retired,,,middle class,strong democrat,liberal,biden,favor,oppose,should be legal,not too happy,good,dull,most people can be trusted,pretty well satisfied,,none,never,don't believe,no,ancient book
2022,1137,30,male,white,high school,14,midwest,never married,0,working full time,40,23737.5,working class,"independent (neither, no response)",slightly liberal,,favor,oppose,should be legal,pretty happy,good,exciting,can't be too careful,not satisfied at all,0,none,never,"don't know, no way to find out",no,ancient book
2022,1138,60,male,white,less than high school,10,midwest,never married,0,,,,lower class,strong republican,"moderate, middle of the road",trump,favor,favor,should not be legal,not too happy,fair,exciting,depends,more or less satisfied,,,,,don't know,
2022,1139,26,female,white,high school,12,midwest,never married,0,keeping house,,,lower class,strong democrat,"moderate, middle of the road",biden,,oppose,,pretty happy,good,,,not satisfied at all,,protestant,never,don't believe,no,ancient book
2022,1140,35,male,white,high school,12,midwest,never married,0,working full time,40,17407.5,working class,strong democrat,extremely liberal,biden,favor,oppose,,pretty happy,good,routine,,more or less satisfied,0,none,never,,no,ancient book
2022,1141,61,male,white,high school,13,midwest,married,0,other,,,lower class,not very strong republican,slightly conservative,trump,,favor,should be legal,pretty happy,poor,,can't be too careful,not satisfied at all,,protestant,less than once a year,believe with doubts,yes,inspired word
2022,1142,18,male,black,high school,12,midwest,never married,0,working full time,20,1266,working class,strong democrat,liberal,,favor,oppose,,not too happy,fair,exciting,,more or less satisfied,0,protestant,less than once a year,,yes,word of god
2022,1143,21,female,white,high school,12,midwest,never married,0,"unemployed, laid off, looking for work",,,working class,"independent (neither, no response)",slightly liberal,,favor,oppose,,not too happy,good,dull,,not satisfied at all,,none,several times a year,higher power,,
2022,1144,78,male,white,high school,14,midwest,widowed,1,retired,,,middle class,not very strong democrat,slightly liberal,biden,favor,favor,,not too happy,poor,routine,,more or less satisfied,,protestant,about once or twice a year,,don't know,ancient book
2022,1145,27,male,other,bachelor's,16,midwest,never married,0,working part time,40,17407.5,working class,"independent, close to republican","moderate, middle of the road",,favor,favor,,not too happy,good,routine,,more or less satisfied,0,none,never,,no,ancient book
2022,1146,21,female,black,high school,13,midwest,never married,0,working full time,40,7121.25,middle class,"independent (neither, no response)","moderate, middle of the road",,,oppose,,not too happy,good,,,more or less satisfied,20,muslim/islam,2-3 times a month,no doubts,,
2022,1147,21,male,white,high school,12,midwest,never married,0,working full time,34,,lower class,"independent (neither, no response)","moderate, middle of the road",,favor,favor,,pretty happy,good,routine,,not satisfied at all,0,none,never,,,
2022,1148,22,male,black,high school,12,midwest,never married,0,"unemployed, laid off, looking for work",,20572.5,working class,"independent (neither, no response)",don't know,,,favor,should be legal,pretty happy,fair,,can't be too careful,more or less satisfied,,protestant,about once a month,no doubts,yes,inspired word
2022,1149,24,female,black,high school,14,midwest,never married,1,working part time,37,23737.5,working class,"independent, close to republican","moderate, middle of the road",,favor,oppose,,not too happy,good,routine,,not satisfied at all,2,protestant,about once or twice a year,,yes,inspired word
2022,1150,26,male,other,less than high school,,midwest,never married,0,working full time,40,,working class,"independent (neither, no response)","moderate, middle of the road",,favor,oppose,,very happy,excellent,exciting,,not satisfied at all,0,protestant,every week,,,
2022,1151,57,female,white,high school,12,midwest,married,2,working part time,12,,working class,strong republican,conservative,trump,favor,favor,,pretty happy,good,exciting,,not satisfied at all,15,catholic,several times a year,,,
2022,1152,50,male,black,bachelor's,16,midwest,divorced,1,working full time,52,75960,middle class,"independent (neither, no response)",slightly conservative,,favor,oppose,,not too happy,fair,exciting,,not satisfied at all,0,protestant,every week,,,
2022,1153,75,male,white,high school,13,midwest,divorced,2,working part time,20,5697,middle class,"independent, close to democrat","moderate, middle of the road",biden,favor,oppose,,pretty happy,good,exciting,,more or less satisfied,0,catholic,about once or twice a year,,,
2022,1154,,female,other,high school,14,midwest,widowed,3,retired,,,lower class,"independent (neither, no response)",,,,oppose,,not too happy,fair,,,not satisfied at all,,christian,every week,no doubts,,
2022,1155,25,male,white,bachelor's,16,midwest,never married,0,working full time,40,52222.5,middle class,strong republican,conservative,trump,oppose,favor,,pretty happy,excellent,routine,,more or less satisfied,2,catholic,several times a year,,,
2022,1156,65,male,white,less than high school,13,midwest,divorced,3,retired,,,working class,strong democrat,,biden,favor,don't know,,pretty happy,fair,routine,,more or less satisfied,,catholic,never,,yes,word of god
2022,1157,27,female,white,high school,13,midwest,never married,3,working full time,45,10286.25,working class,not very strong democrat,slightly liberal,biden,favor,favor,should be legal,not too happy,poor,routine,can't be too careful,not satisfied at all,30,protestant,never,no doubts,yes,word of god
2022,1158,64,male,white,high school,12,midwest,never married,0,retired,,,middle class,strong republican,"moderate, middle of the road",,,favor,should be legal,pretty happy,good,,most people can be trusted,more or less satisfied,,catholic,less than once a year,no doubts,yes,word of god
2022,1159,68,female,white,high school,12,midwest,married,2,retired,,,working class,strong democrat,slightly liberal,biden,favor,favor,,not too happy,fair,routine,,more or less satisfied,,catholic,never,,yes,inspired word
2022,1160,19,male,white,less than high school,11,midwest,never married,1,"unemployed, laid off, looking for work",,5697,working class,,extremely conservative,,,,should be legal,not too happy,good,,can't be too careful,not satisfied at all,,,never,don't believe,yes,
2022,1161,39,female,white,high school,13,midwest,divorced,3,working full time,30,8703.75,working class,not very strong republican,"moderate, middle of the road",trump,favor,favor,,pretty happy,good,routine,,not satisfied at all,4,none,less than once a year,,,
2022,1162,89,female,white,high school,12,midwest,widowed,0,retired,,,working class,"independent, close to democrat","moderate, middle of the road",biden,favor,don't know,,pretty happy,poor,routine,,not satisfied at all,,catholic,never,,yes,inspired word
2022,1163,32,male,white,high school,12,midwest,married,0,working full time,40,7121.25,lower class,"independent (neither, no response)",liberal,trump,oppose,oppose,,very happy,excellent,routine,,not satisfied at all,,protestant,less than once a year,believe with doubts,,
2022,1164,59,male,white,high school,14,midwest,married,4,retired,,63300,middle class,"independent, close to republican",slightly conservative,trump,,favor,,pretty happy,good,,,more or less satisfied,,none,never,"don't know, no way to find out",,
2022,1165,51,female,white,graduate,20,midwest,divorced,3,working full time,40,42727.5,middle class,strong democrat,"moderate, middle of the road",biden,favor,oppose,should be legal,pretty happy,excellent,exciting,most people can be trusted,more or less satisfied,5,none,never,higher power,yes,ancient book
2022,1166,56,female,white,less than high school,6,midwest,never married,2,other,,,lower class,"independent, close to republican","moderate, middle of the road",,,don't know,should not be legal,pretty happy,fair,,can't be too careful,not satisfied at all,,protestant,about once or twice a year,believe with doubts,yes,ancient book
2022,1167,20,female,black,high school,12,midwest,never married,1,"unemployed, laid off, looking for work",,2848.5,working class,"independent, close to republican",liberal,trump,favor,favor,,pretty happy,good,exciting,,pretty well satisfied,,protestant,never,,yes,word of god
2022,1168,63,male,white,high school,12,midwest,never married,0,working part time,20,15033.75,working class,"independent, close to republican",slightly conservative,trump,oppose,favor,,pretty happy,good,routine,,more or less satisfied,0,protestant,never,higher power,,
2022,1169,52,male,white,graduate,20,midwest,never married,0,"with a job, but not at work because of temporary illness, vacation, strike",,163572.71343,middle class,strong republican,conservative,,oppose,favor,,pretty happy,fair,dull,,pretty well satisfied,6,catholic,less than once a year,,no,ancient book
2022,1170,,female,white,high school,12,west,divorced,2,working full time,38,13451.25,working class,not very strong democrat,"moderate, middle of the road",biden,,favor,should be legal,pretty happy,excellent,,most people can be trusted,more or less satisfied,4,catholic,several times a year,no doubts,yes,inspired word
2022,1171,76,male,white,less than high school,12,west,married,3,retired,,,middle class,not very strong democrat,slightly conservative,biden,,favor,should not be legal,pretty happy,fair,,can't be too careful,more or less satisfied,,protestant,never,higher power,no,inspired word
2022,1172,24,male,white,high school,15,west,married,0,working full time,45,20572.5,working class,strong democrat,extremely liberal,biden,favor,oppose,,pretty happy,good,routine,,not satisfied at all,0,catholic,never,,,
2022,1173,41,female,white,less than high school,7,west,never married,6,working part time,16,8703.75,working class,,"moderate, middle of the road",,oppose,oppose,,pretty happy,good,exciting,,more or less satisfied,15,catholic,every week,,yes,word of god
2022,1174,40,male,other,high school,15,west,never married,0,working full time,40,163572.71343,middle class,"independent, close to democrat","moderate, middle of the road",,favor,oppose,should be legal,pretty happy,good,routine,most people can be trusted,more or less satisfied,0,none,never,"don't know, no way to find out",no,ancient book
2022,1175,45,female,other,less than high school,8,west,married,0,working full time,39,75960,middle class,strong democrat,"moderate, middle of the road",biden,oppose,favor,,very happy,excellent,routine,,pretty well satisfied,0,catholic,never,,,
2022,1176,58,male,white,high school,12,west,divorced,1,working part time,28,,lower class,"independent (neither, no response)","moderate, middle of the road",,favor,favor,should be legal,pretty happy,good,routine,can't be too careful,not satisfied at all,4,don't know,never,believe sometimes,don't know,inspired word
2022,1177,72,female,white,associate/junior college,14,west,widowed,4,"unemployed, laid off, looking for work",,,middle class,not very strong democrat,liberal,biden,favor,favor,should be legal,pretty happy,fair,exciting,depends,not satisfied at all,,none,about once or twice a year,believe with doubts,yes,inspired word
2022,1178,59,male,white,less than high school,11,west,widowed,2,working part time,0,,working class,"independent, close to republican","moderate, middle of the road",,oppose,favor,should be legal,not too happy,fair,routine,can't be too careful,more or less satisfied,0,protestant,never,no doubts,no,ancient book
2022,1179,55,male,white,high school,13,west,never married,0,working full time,40,,lower class,"independent (neither, no response)","moderate, middle of the road",biden,,favor,,not too happy,poor,,,not satisfied at all,20,none,never,believe with doubts,,
2022,1180,55,male,white,bachelor's,16,west,married,0,retired,,,middle class,not very strong democrat,slightly conservative,biden,,favor,should be legal,not too happy,good,,can't be too careful,pretty well satisfied,,catholic,less than once a year,"don't know, no way to find out",no,ancient book
2022,1181,71,male,white,high school,12,west,divorced,0,retired,,,working class,"independent, close to democrat",slightly conservative,,oppose,don't know,should be legal,not too happy,fair,routine,can't be too careful,not satisfied at all,,none,never,higher power,don't know,ancient book
2022,1182,76,female,white,graduate,18,west,married,2,retired,,,middle class,strong democrat,extremely liberal,biden,favor,oppose,,very happy,fair,exciting,,pretty well satisfied,,protestant,nearly every week,,,
2022,1183,82,female,white,bachelor's,16,west,widowed,4,retired,,,upper class,not very strong democrat,"moderate, middle of the road",biden,favor,oppose,,pretty happy,poor,routine,,pretty well satisfied,,catholic,nearly every week,believe with doubts,,
2022,1184,20,female,other,high school,12,west,separated,0,working part time,22,3481.5,working class,not very strong democrat,slightly liberal,,favor,oppose,,not too happy,good,routine,,more or less satisfied,5,protestant,about once or twice a year,believe with doubts,,
2022,1185,58,female,white,high school,9,west,divorced,0,working full time,50,28485,working class,not very strong republican,"moderate, middle of the road",trump,favor,oppose,,pretty happy,good,routine,,not satisfied at all,8,protestant,several times a year,,yes,word of god
2022,1186,19,male,white,high school,12,west,never married,0,in school,,,working class,not very strong democrat,"moderate, middle of the road",,oppose,favor,,pretty happy,good,exciting,,more or less satisfied,,protestant,about once or twice a year,,yes,inspired word
2022,1187,55,male,white,high school,12,west,divorced,0,"unemployed, laid off, looking for work",,34815,working class,"independent, close to democrat","moderate, middle of the road",,oppose,favor,should be legal,not too happy,fair,routine,most people can be trusted,not satisfied at all,,none,never,higher power,yes,ancient book
2022,1188,37,female,white,high school,14,west,divorced,3,working full time,50,34815,working class,"independent (neither, no response)","moderate, middle of the road",,oppose,favor,,pretty happy,good,routine,,not satisfied at all,0,none,about once or twice a year,,yes,ancient book
2022,1189,47,male,white,high school,12,west,never married,1,other,,20572.5,working class,"independent (neither, no response)","moderate, middle of the road",,favor,oppose,,pretty happy,fair,routine,,more or less satisfied,,catholic,several times a year,,don't know,ancient book
2022,1190,52,female,white,graduate,18,west,divorced,1,working full time,80,88620,middle class,not very strong democrat,"moderate, middle of the road",biden,,oppose,should be legal,pretty happy,good,,most people can be trusted,more or less satisfied,21,catholic,never,no doubts,yes,inspired word
2022,1191,,female,,bachelor's,16,west,,0,working full time,42,,middle class,"independent (neither, no response)","moderate, middle of the road",,,favor,should not be legal,pretty happy,good,,can't be too careful,more or less satisfied,1,protestant,about once or twice a year,believe with doubts,don't know,inspired word
2022,1192,89,male,white,associate/junior college,14,west,married,8,retired,,,middle class,"independent, close to republican","moderate, middle of the road",trump,oppose,favor,,pretty happy,good,routine,,pretty well satisfied,,protestant,nearly every week,no doubts,,
2022,1193,53,male,other,high school,13,west,never married,2,keeping house,,7121.25,middle class,"independent (neither, no response)",slightly conservative,,favor,oppose,should be legal,not too happy,fair,routine,depends,not satisfied at all,,catholic,several times a year,believe sometimes,yes,inspired word
2022,1194,74,male,white,associate/junior college,14,west,divorced,6,retired,,,middle class,"independent, close to republican",conservative,trump,,favor,,not too happy,good,,,pretty well satisfied,,jewish,less than once a year,believe with doubts,,
2022,1195,,male,white,bachelor's,16,west,never married,0,working part time,16,28485,middle class,not very strong democrat,"moderate, middle of the road",biden,favor,favor,,pretty happy,excellent,exciting,,more or less satisfied,0,catholic,several times a year,,,
2022,1196,37,male,white,graduate,17,west,divorced,1,working full time,40,42727.5,upper class,strong democrat,liberal,biden,favor,oppose,,pretty happy,good,exciting,,pretty well satisfied,10,none,never,,no,ancient book
2022,1197,39,female,other,graduate,17,west,married,1,keeping house,,,middle class,other party,liberal,,favor,favor,should not be legal,very happy,good,exciting,can't be too careful,not satisfied at all,,hinduism,about once a month,no doubts,no,ancient book
2022,1198,33,female,white,graduate,18,west,married,0,working full time,40,63300,upper class,strong democrat,extremely liberal,biden,favor,oppose,,pretty happy,excellent,routine,,pretty well satisfied,5,none,never,don't believe,,
2022,1199,44,female,other,bachelor's,16,west,married,2,working full time,40,163572.71343,middle class,"independent (neither, no response)",slightly liberal,,favor,oppose,,pretty happy,good,routine,,more or less satisfied,,hinduism,several times a year,no doubts,,
2022,1200,21,male,white,high school,15,west,never married,0,working part time,30,3481.5,middle class,"independent, close to republican",slightly conservative,trump,favor,favor,,very happy,excellent,exciting,,pretty well satisfied,0,none,never,,no,ancient book
2022,1201,22,female,white,associate/junior college,15,west,never married,0,in school,,,middle class,not very strong democrat,extremely liberal,biden,favor,favor,,not too happy,good,routine,,more or less satisfied,,none,less than once a year,"don't know, no way to find out",,
2022,1202,,female,white,graduate,17,west,married,1,retired,,23737.5,middle class,strong democrat,extremely liberal,biden,favor,favor,,very happy,fair,exciting,,pretty well satisfied,,none,about once or twice a year,,don't know,ancient book
2022,1203,,male,white,high school,12,west,never married,2,working part time,0,5697,lower class,"independent, close to democrat",extremely liberal,,,oppose,should be legal,pretty happy,good,,depends,not satisfied at all,3,protestant,about once a month,believe sometimes,yes,inspired word
2022,1204,,female,white,high school,13,west,divorced,1,working full time,40,20572.5,working class,"independent (neither, no response)","moderate, middle of the road",biden,favor,oppose,,very happy,good,routine,,more or less satisfied,0,catholic,less than once a year,,,
2022,1205,,male,white,high school,13,west,never married,5,"unemployed, laid off, looking for work",,,lower class,"independent, close to democrat",slightly conservative,trump,favor,favor,,not too happy,excellent,dull,,not satisfied at all,,protestant,nearly every week,,yes,word of god
2022,1206,55,male,white,bachelor's,16,west,separated,2,"unemployed, laid off, looking for work",,,middle class,"independent, close to democrat","moderate, middle of the road",,favor,favor,should be legal,not too happy,fair,dull,can't be too careful,not satisfied at all,,hinduism,never,believe sometimes,no,ancient book
2022,1207,59,male,other,high school,16,west,divorced,3,working full time,89,75960,upper class,strong democrat,slightly liberal,biden,oppose,favor,,not too happy,fair,exciting,,not satisfied at all,1,catholic,2-3 times a month,,don't know,inspired word
2022,1208,36,female,other,high school,12,west,never married,0,"unemployed, laid off, looking for work",,,lower class,"independent, close to democrat",conservative,,oppose,don't know,,pretty happy,fair,routine,,not satisfied at all,,none,never,,yes,ancient book
2022,1209,37,male,white,high school,12,west,widowed,2,working full time,40,23737.5,middle class,other party,extremely conservative,,oppose,favor,,not too happy,fair,exciting,,not satisfied at all,0,none,about once a month,,yes,word of god
2022,1210,57,male,black,high school,14,west,married,6,working full time,45,15033.75,middle class,strong democrat,"moderate, middle of the road",biden,favor,favor,,pretty happy,good,routine,,more or less satisfied,0,protestant,less than once a year,,,
2022,1211,79,male,other,high school,14,west,divorced,2,retired,,,working class,"independent (neither, no response)","moderate, middle of the road",,favor,favor,,pretty happy,excellent,routine,,more or less satisfied,,none,never,don't believe,,
2022,1212,73,female,black,graduate,20,west,divorced,2,other,,,upper class,"independent (neither, no response)",don't know,trump,favor,,should not be legal,not too happy,poor,exciting,can't be too careful,not satisfied at all,,protestant,nearly every week,no doubts,don't know,word of god
2022,1213,58,female,white,high school,12,west,widowed,0,other,,,working class,not very strong republican,conservative,,oppose,favor,,pretty happy,fair,dull,,more or less satisfied,,protestant,never,,don't know,ancient book
2022,1214,80,female,white,bachelor's,17,west,divorced,3,working part time,12,10286.25,working class,strong democrat,liberal,biden,favor,favor,,not too happy,good,exciting,,not satisfied at all,3,orthodox-christian,never,,yes,inspired word
2022,1215,47,female,white,high school,11,west,never married,3,"with a job, but not at work because of temporary illness, vacation, strike",,63300,working class,not very strong democrat,"moderate, middle of the road",,,favor,should be legal,pretty happy,good,,most people can be trusted,more or less satisfied,4,none,never,higher power,no,inspired word
2022,1216,54,female,white,associate/junior college,14,west,married,2,"unemployed, laid off, looking for work",,,middle class,"independent (neither, no response)",slightly conservative,biden,,favor,,very happy,excellent,,,pretty well satisfied,,none,never,don't believe,,
2022,1217,33,female,black,associate/junior college,14,west,divorced,4,working full time,40,42727.5,working class,"independent (neither, no response)",liberal,,oppose,oppose,,not too happy,good,dull,,not satisfied at all,15,none,never,,yes,ancient book
2022,1218,58,female,black,high school,11,west,never married,4,retired,,3481.5,middle class,"independent, close to democrat","moderate, middle of the road",,favor,favor,,pretty happy,good,exciting,,more or less satisfied,,protestant,nearly every week,,,
2022,1219,67,male,white,high school,13,west,never married,0,retired,,,working class,strong democrat,slightly liberal,,,oppose,should be legal,pretty happy,fair,,can't be too careful,pretty well satisfied,,none,less than once a year,no doubts,yes,word of god
2022,1220,70,female,white,high school,16,west,divorced,0,"unemployed, laid off, looking for work",,,working class,strong democrat,slightly liberal,biden,favor,favor,,pretty happy,excellent,exciting,,more or less satisfied,,jewish,never,,yes,ancient book
2022,1221,78,female,white,associate/junior college,14,west,widowed,4,retired,,,middle class,"independent (neither, no response)","moderate, middle of the road",biden,favor,oppose,,very happy,good,exciting,,more or less satisfied,,catholic,2-3 times a month,,yes,inspired word
2022,1222,35,female,white,bachelor's,16,west,never married,0,working full time,40,52222.5,working class,"independent, close to republican","moderate, middle of the road",trump,favor,oppose,,pretty happy,good,routine,,more or less satisfied,0,protestant,several times a year,,,
2022,1223,69,male,white,graduate,19,west,widowed,0,retired,,,middle class,"independent, close to democrat",slightly liberal,biden,oppose,oppose,should be legal,not too happy,good,routine,most people can be trusted,pretty well satisfied,,none,never,don't believe,no,ancient book
2022,1224,28,female,other,bachelor's,15,west,never married,0,"with a job, but not at work because of temporary illness, vacation, strike",,,working class,"independent, close to democrat",slightly liberal,biden,favor,oppose,,not too happy,fair,routine,,not satisfied at all,3,none,never,,yes,inspired word
2022,1225,63,female,white,high school,15,west,divorced,0,working full time,37,20572.5,middle class,"independent, close to democrat","moderate, middle of the road",biden,favor,oppose,,pretty happy,excellent,exciting,,more or less satisfied,0,none,never,no doubts,,
2022,1226,,female,other,graduate,16,west,never married,0,working full time,50,163572.71343,middle class,not very strong democrat,slightly liberal,,favor,oppose,,pretty happy,fair,routine,,more or less satisfied,28,none,never,,,
2022,1227,58,female,white,bachelor's,18,west,married,0,"with a job, but not at work because of temporary illness, vacation, strike",,42727.5,middle class,strong democrat,liberal,biden,,oppose,,pretty happy,good,,,pretty well satisfied,1,none,never,higher power,,
2022,1228,28,male,white,bachelor's,16,west,never married,0,working full time,41,42727.5,working class,not very strong democrat,slightly liberal,biden,favor,oppose,,not too happy,excellent,routine,,more or less satisfied,6,none,less than once a year,don't believe,,
2022,1229,37,female,white,graduate,18,west,married,1,other,,15033.75,middle class,strong democrat,liberal,biden,favor,oppose,,pretty happy,good,exciting,,more or less satisfied,,none,never,"don't know, no way to find out",,
2022,1230,75,male,white,high school,18,west,never married,0,working full time,32,17407.5,working class,"independent (neither, no response)",extremely liberal,biden,favor,oppose,,pretty happy,good,exciting,,more or less satisfied,0,none,never,don't believe,,
2022,1231,49,male,white,high school,16,west,married,0,keeping house,,34815,middle class,strong democrat,liberal,biden,,oppose,,very happy,excellent,,,pretty well satisfied,,none,never,don't believe,,
2022,1232,42,female,white,graduate,18,west,never married,2,"unemployed, laid off, looking for work",,,middle class,"independent, close to democrat",liberal,trump,favor,favor,should be legal,not too happy,good,routine,can't be too careful,not satisfied at all,,none,less than once a year,"don't know, no way to find out",no,ancient book
2022,1233,46,female,white,graduate,20,west,never married,0,working full time,42,75960,middle class,strong democrat,extremely liberal,biden,favor,oppose,,pretty happy,excellent,routine,,more or less satisfied,0,none,never,,,
2022,1234,40,female,white,bachelor's,16,west,married,3,working full time,40,28485,middle class,not very strong democrat,slightly liberal,biden,,favor,,pretty happy,fair,,,pretty well satisfied,,protestant,never,no doubts,,
2022,1235,33,female,other,graduate,19,west,married,1,working full time,40,,middle class,strong democrat,liberal,biden,,oppose,,very happy,good,,,more or less satisfied,0,catholic,several times a year,no doubts,,
2022,1236,39,female,,less than high school,8,west,never married,3,working part time,20,,lower class,other party,slightly liberal,,favor,favor,,very happy,fair,exciting,,not satisfied at all,5,catholic,2-3 times a month,,,
2022,1237,32,female,white,bachelor's,16,west,never married,0,"with a job, but not at work because of temporary illness, vacation, strike",,34815,working class,"independent, close to democrat",extremely liberal,biden,,oppose,should be legal,pretty happy,excellent,,can't be too careful,more or less satisfied,2,none,never,don't believe,no,ancient book
2022,1238,45,female,white,associate/junior college,14,west,divorced,3,other,,,lower class,other party,"moderate, middle of the road",,favor,oppose,should be legal,not too happy,poor,exciting,can't be too careful,not satisfied at all,,protestant,never,no doubts,yes,word of god
2022,1239,27,male,white,less than high school,11,west,never married,3,"unemployed, laid off, looking for work",,,lower class,"independent (neither, no response)","moderate, middle of the road",trump,oppose,oppose,,pretty happy,fair,dull,,not satisfied at all,,none,never,,,
2022,1240,56,male,white,bachelor's,16,west,married,2,working full time,40,34815,middle class,not very strong republican,"moderate, middle of the road",biden,favor,favor,,pretty happy,good,routine,,more or less satisfied,0,none,never,,yes,inspired word
2022,1241,60,male,white,high school,13,west,divorced,2,other,,,working class,not very strong republican,slightly liberal,,favor,oppose,should not be legal,pretty happy,good,exciting,can't be too careful,more or less satisfied,,protestant,2-3 times a month,no doubts,yes,inspired word
2022,1242,52,male,other,high school,14,west,divorced,3,working full time,54,34815,middle class,strong democrat,liberal,biden,favor,oppose,,very happy,excellent,exciting,,more or less satisfied,0,none,never,,yes,inspired word
2022,1243,50,male,other,high school,12,west,separated,3,working full time,55,63300,middle class,strong republican,"moderate, middle of the road",trump,,favor,should be legal,very happy,fair,,can't be too careful,pretty well satisfied,0,protestant,never,no doubts,no,word of god
2022,1244,39,female,other,high school,12,west,married,2,working full time,40,,middle class,not very strong republican,slightly conservative,,favor,favor,,pretty happy,excellent,exciting,,pretty well satisfied,0,none,never,,don't know,
2022,1245,84,male,white,high school,13,west,widowed,4,retired,,,middle class,strong republican,"moderate, middle of the road",trump,oppose,favor,,pretty happy,fair,routine,,more or less satisfied,,protestant,every week,,yes,inspired word
2022,1246,40,male,black,high school,12,west,married,4,working full time,60,52222.5,working class,"independent (neither, no response)","moderate, middle of the road",,,favor,should not be legal,pretty happy,good,,can't be too careful,pretty well satisfied,0,none,never,no doubts,yes,word of god
2022,1247,64,female,other,less than high school,,west,divorced,6,working part time,30,13451.25,working class,"independent, close to democrat",slightly conservative,trump,favor,oppose,,not too happy,good,routine,,not satisfied at all,0,catholic,every week,no doubts,,
2022,1248,71,female,white,bachelor's,16,west,married,2,retired,,,middle class,strong republican,extremely conservative,trump,,favor,,not too happy,good,,,more or less satisfied,,protestant,every week,no doubts,,
2022,1249,53,male,white,graduate,18,west,married,4,working full time,40,63300,middle class,strong republican,conservative,trump,oppose,favor,should not be legal,not too happy,good,routine,most people can be trusted,more or less satisfied,0,christian,less than once a year,no doubts,yes,word of god
2022,1250,41,male,white,bachelor's,17,west,divorced,3,working full time,50,,middle class,"independent, close to republican","moderate, middle of the road",biden,favor,don't know,should be legal,pretty happy,good,exciting,most people can be trusted,pretty well satisfied,10,protestant,about once or twice a year,believe with doubts,yes,inspired word
2022,1251,33,female,white,associate/junior college,14,west,married,3,keeping house,,,middle class,not very strong republican,slightly conservative,biden,,favor,should be legal,very happy,good,,can't be too careful,more or less satisfied,,catholic,about once or twice a year,believe sometimes,yes,inspired word
2022,1252,38,female,,high school,13,west,never married,1,working full time,5,163572.71343,middle class,not very strong republican,"moderate, middle of the road",,favor,favor,,pretty happy,fair,exciting,,pretty well satisfied,0,none,never,,no,ancient book
2022,1253,43,male,white,bachelor's,17,west,never married,0,working full time,40,63300,working class,"independent, close to republican",conservative,trump,,favor,,pretty happy,good,,,not satisfied at all,0,none,less than once a year,higher power,,
2022,1254,58,male,other,less than high school,12,west,married,3,working full time,60,34815,middle class,not very strong democrat,slightly conservative,biden,,favor,should not be legal,pretty happy,good,,most people can be trusted,more or less satisfied,0,catholic,several times a year,believe sometimes,no,inspired word
2022,1255,35,female,other,bachelor's,16,west,married,4,keeping house,,,working class,"independent, close to democrat",slightly liberal,biden,favor,oppose,,pretty happy,good,routine,,not satisfied at all,,orthodox-christian,about once a month,no doubts,,
2022,1256,38,male,white,high school,12,west,married,6,working part time,70,20572.5,working class,"independent (neither, no response)","moderate, middle of the road",,favor,favor,,pretty happy,good,exciting,,more or less satisfied,6,none,about once or twice a year,higher power,,
2022,1257,32,female,other,high school,12,west,never married,2,working part time,24,13451.25,working class,"independent (neither, no response)",liberal,biden,favor,favor,,pretty happy,poor,exciting,,not satisfied at all,30,catholic,about once or twice a year,,yes,word of god
2022,1258,45,male,white,high school,13,west,married,0,working full time,40,42727.5,working class,not very strong republican,"moderate, middle of the road",trump,oppose,favor,,very happy,good,routine,,more or less satisfied,1,catholic,nearly every week,no doubts,,
2022,1259,36,female,other,high school,14,west,married,3,working full time,65,28485,working class,"independent (neither, no response)","moderate, middle of the road",,,don't know,should be legal,very happy,good,,can't be too careful,not satisfied at all,0,catholic,less than once a year,believe with doubts,yes,inspired word
2022,1260,24,female,other,high school,12,west,never married,2,keeping house,,,lower class,"independent (neither, no response)","moderate, middle of the road",,oppose,favor,,pretty happy,fair,routine,,not satisfied at all,,catholic,never,believe with doubts,,
2022,1261,22,female,black,less than high school,11,west,never married,3,in school,,,working class,not very strong republican,slightly conservative,,oppose,oppose,,pretty happy,fair,dull,,more or less satisfied,,protestant,never,higher power,yes,inspired word
2022,1262,66,male,white,high school,11,west,divorced,3,retired,,,middle class,"independent (neither, no response)","moderate, middle of the road",,favor,favor,should be legal,pretty happy,good,routine,can't be too careful,pretty well satisfied,,protestant,never,higher power,don't know,don't know
2022,1263,36,female,white,graduate,18,west,married,3,working full time,32,42727.5,middle class,strong democrat,liberal,biden,favor,oppose,should be legal,pretty happy,good,routine,depends,more or less satisfied,0,other,several times a year,higher power,yes,ancient book
2022,1264,33,female,white,high school,15,west,married,0,working full time,60,34815,working class,not very strong democrat,liberal,biden,,favor,,pretty happy,fair,,,not satisfied at all,5,none,never,"don't know, no way to find out",,
2022,1265,21,male,white,high school,15,west,never married,0,in school,,8703.75,lower class,"independent, close to democrat",liberal,,,oppose,,not too happy,good,,,not satisfied at all,,protestant,never,believe with doubts,,
2022,1266,71,female,other,bachelor's,16,west,married,0,retired,,13451.25,middle class,not very strong democrat,extremely liberal,trump,favor,favor,,pretty happy,good,exciting,,not satisfied at all,,catholic,every week,,yes,word of god
2022,1267,40,male,white,associate/junior college,14,west,married,5,working full time,40,34815,middle class,strong republican,conservative,trump,favor,favor,should not be legal,pretty happy,good,routine,depends,more or less satisfied,0,protestant,every week,no doubts,yes,word of god
2022,1268,43,male,other,high school,13,west,divorced,2,keeping house,,,working class,not very strong republican,slightly conservative,,favor,oppose,should be legal,not too happy,fair,exciting,can't be too careful,not satisfied at all,,catholic,2-3 times a month,no doubts,no,ancient book
2022,1269,42,female,black,high school,13,west,never married,1,"unemployed, laid off, looking for work",,10286.25,lower class,"independent (neither, no response)","moderate, middle of the road",,,favor,should be legal,not too happy,fair,,can't be too careful,not satisfied at all,,protestant,about once or twice a year,no doubts,yes,inspired word
2022,1270,27,male,black,less than high school,12,west,married,3,"unemployed, laid off, looking for work",,,upper class,"independent (neither, no response)",conservative,,oppose,oppose,,pretty happy,good,exciting,,not satisfied at all,,other,2-3 times a month,,yes,inspired word
2022,1271,35,female,white,less than high school,8,west,never married,3,working full time,40,13451.25,working class,"independent (neither, no response)","moderate, middle of the road",,favor,oppose,,very happy,fair,don't know,,more or less satisfied,0,catholic,about once or twice a year,,don't know,don't know
2022,1272,33,male,black,high school,12,west,never married,5,working full time,40,28485,working class,"independent, close to democrat","moderate, middle of the road",biden,,oppose,,pretty happy,excellent,,,pretty well satisfied,0,christian,2-3 times a month,no doubts,,
2022,1273,35,female,white,graduate,18,west,married,2,working part time,20,1266,middle class,not very strong republican,slightly conservative,,,oppose,should not be legal,pretty happy,good,,most people can be trusted,not satisfied at all,0,orthodox-christian,never,higher power,no,inspired word
2022,1274,,male,white,bachelor's,16,west,married,0,working full time,40,75960,middle class,"independent, close to democrat",slightly liberal,biden,,oppose,,pretty happy,fair,,,pretty well satisfied,4,none,never,"don't know, no way to find out",,
2022,1275,34,male,other,high school,14,west,married,2,working full time,60,42727.5,working class,not very strong republican,"moderate, middle of the road",trump,favor,don't know,,not too happy,good,routine,,more or less satisfied,0,buddhism,about once or twice a year,,don't know,ancient book
2022,1276,52,female,white,bachelor's,16,west,married,2,working full time,40,63300,middle class,"independent, close to republican","moderate, middle of the road",other candidate,favor,favor,,pretty happy,good,routine,,more or less satisfied,0,none,never,,,
2022,1277,55,male,white,high school,12,west,married,2,working full time,47,52222.5,working class,not very strong republican,slightly conservative,trump,oppose,favor,should be legal,pretty happy,fair,routine,most people can be trusted,more or less satisfied,0,catholic,never,higher power,yes,inspired word
2022,1278,32,female,white,associate/junior college,15,west,divorced,0,working full time,55,42727.5,middle class,"independent, close to democrat",slightly liberal,biden,favor,favor,,not too happy,excellent,routine,,not satisfied at all,28,none,never,higher power,,
2022,1279,53,male,white,high school,12,west,divorced,2,working full time,45,52222.5,working class,not very strong republican,conservative,trump,,favor,,pretty happy,good,,,pretty well satisfied,0,none,never,no doubts,,
2022,1280,51,male,black,high school,15,west,married,4,working full time,50,63300,middle class,strong republican,conservative,other candidate,,favor,,very happy,good,,,pretty well satisfied,0,protestant,never,no doubts,,
2022,1281,47,female,white,high school,12,west,married,0,keeping house,,11868.75,middle class,"independent (neither, no response)","moderate, middle of the road",trump,,oppose,should be legal,not too happy,poor,,can't be too careful,not satisfied at all,,protestant,never,believe with doubts,yes,inspired word
2022,1282,64,female,other,less than high school,2,west,divorced,5,keeping house,,,lower class,not very strong republican,"moderate, middle of the road",trump,,oppose,should not be legal,not too happy,excellent,,can't be too careful,not satisfied at all,,protestant,never,no doubts,no,word of god
2022,1283,33,female,white,bachelor's,13,west,divorced,0,working full time,50,75960,middle class,"independent (neither, no response)","moderate, middle of the road",,favor,favor,,pretty happy,excellent,routine,,more or less satisfied,,none,never,,yes,ancient book
2022,1284,21,female,white,high school,13,west,never married,0,working full time,40,23737.5,working class,,liberal,biden,,,should be legal,pretty happy,good,,can't be too careful,not satisfied at all,1,none,never,higher power,yes,ancient book
2022,1285,23,male,other,less than high school,11,west,never married,1,working full time,40,28485,working class,"independent (neither, no response)","moderate, middle of the road",,,favor,should be legal,pretty happy,fair,,can't be too careful,more or less satisfied,0,none,never,believe sometimes,yes,inspired word
2022,1286,44,female,other,high school,12,west,married,2,working full time,40,28485,working class,not very strong democrat,"moderate, middle of the road",trump,favor,oppose,should be legal,pretty happy,fair,routine,can't be too careful,more or less satisfied,0,none,never,higher power,yes,inspired word
2022,1287,54,male,white,high school,12,west,never married,0,"unemployed, laid off, looking for work",,1266,working class,"independent (neither, no response)","moderate, middle of the road",,favor,favor,should not be legal,pretty happy,excellent,exciting,can't be too careful,more or less satisfied,,catholic,about once a month,no doubts,yes,inspired word
2022,1288,23,female,white,bachelor's,16,west,never married,0,in school,,,middle class,"independent, close to democrat",slightly liberal,biden,favor,favor,,very happy,good,routine,,pretty well satisfied,,protestant,never,,yes,inspired word
2022,1289,68,female,white,high school,12,west,divorced,0,working full time,0,,middle class,"independent, close to democrat",slightly conservative,biden,favor,oppose,,pretty happy,good,exciting,,not satisfied at all,3,protestant,never,,,
2022,1290,26,female,white,bachelor's,16,west,never married,0,working full time,40,42727.5,middle class,not very strong democrat,"moderate, middle of the road",biden,oppose,oppose,,pretty happy,good,routine,,pretty well satisfied,8,none,less than once a year,,don't know,other (vol)
2022,1291,42,male,white,bachelor's,16,west,married,2,"with a job, but not at work because of temporary illness, vacation, strike",,75960,working class,"independent (neither, no response)","moderate, middle of the road",other candidate,oppose,oppose,,pretty happy,excellent,exciting,,more or less satisfied,5,none,never,,,
2022,1292,73,male,white,bachelor's,17,west,married,1,retired,,20572.5,working class,not very strong republican,conservative,trump,oppose,favor,,pretty happy,good,routine,,pretty well satisfied,,none,never,"don't know, no way to find out",,
2022,1293,35,male,other,less than high school,9,west,divorced,4,"unemployed, laid off, looking for work",,5697,lower class,"independent (neither, no response)","moderate, middle of the road",,,oppose,should be legal,not too happy,fair,,can't be too careful,not satisfied at all,,none,never,believe sometimes,don't know,inspired word
2022,1294,32,male,other,less than high school,10,west,,0,keeping house,,,don't know,,don't know,biden,,oppose,should be legal,not too happy,fair,,can't be too careful,not satisfied at all,,none,never,higher power,yes,ancient book
2022,1295,63,female,other,graduate,18,west,never married,4,working full time,40,34815,working class,strong democrat,"moderate, middle of the road",biden,favor,oppose,,pretty happy,good,exciting,,more or less satisfied,0,none,never,no doubts,,
2022,1296,21,female,white,high school,12,west,never married,0,working full time,40,15033.75,working class,strong democrat,liberal,biden,,favor,should be legal,pretty happy,fair,,can't be too careful,more or less satisfied,7,none,never,don't know,don't know,ancient book
2022,1297,60,female,other,high school,13,west,widowed,2,keeping house,,,middle class,"independent (neither, no response)",slightly conservative,,favor,favor,,pretty happy,fair,routine,,more or less satisfied,,protestant,less than once a year,,no,word of god
2022,1298,65,female,other,high school,10,west,separated,3,working part time,20,4114.5,working class,"independent, close to democrat","moderate, middle of the road",biden,,favor,,pretty happy,good,,,more or less satisfied,2,native american,2-3 times a month,no doubts,,
2022,1299,33,female,other,less than high school,9,west,never married,0,keeping house,,,middle class,"independent (neither, no response)","moderate, middle of the road",,favor,oppose,,not too happy,fair,routine,,pretty well satisfied,,none,never,,yes,ancient book
2022,1300,35,female,black,less than high school,8,midwest,divorced,1,other,,,lower class,not very strong democrat,slightly conservative,biden,favor,oppose,should not be legal,not too happy,poor,routine,depends,not satisfied at all,,protestant,about once a month,no doubts,yes,word of god
2022,1301,56,female,white,high school,12,midwest,divorced,2,other,,,lower class,strong democrat,"moderate, middle of the road",biden,,oppose,,not too happy,good,,,pretty well satisfied,,none,never,no doubts,,
2022,1302,68,male,black,bachelor's,17,midwest,married,8,working full time,42,52222.5,lower class,"independent, close to democrat",slightly liberal,biden,oppose,oppose,should not be legal,pretty happy,good,exciting,most people can be trusted,more or less satisfied,0,protestant,2-3 times a month,higher power,yes,inspired word
2022,1303,54,female,black,less than high school,12,midwest,widowed,4,working full time,20,316.5,working class,strong democrat,don't know,,oppose,oppose,,not too happy,fair,routine,,more or less satisfied,30,protestant,never,,yes,word of god
2022,1304,57,female,white,high school,14,midwest,divorced,2,working full time,40,34815,working class,"independent (neither, no response)","moderate, middle of the road",,favor,,,pretty happy,good,exciting,,more or less satisfied,0,catholic,less than once a year,,,
2022,1305,36,male,white,high school,13,midwest,married,2,working full time,0,34815,working class,strong democrat,extremely liberal,biden,,oppose,,not too happy,good,,,not satisfied at all,10,none,never,don't believe,,
2022,1306,59,male,white,less than high school,9,midwest,never married,0,working part time,6,5697,lower class,"independent (neither, no response)",don't know,,favor,favor,should be legal,not too happy,fair,dull,can't be too careful,not satisfied at all,30,none,never,believe with doubts,yes,inspired word
2022,1307,50,male,other,high school,12,midwest,never married,4,other,,,middle class,"independent, close to democrat",slightly conservative,biden,,favor,should be legal,pretty happy,fair,,can't be too careful,pretty well satisfied,,other,about once or twice a year,no doubts,yes,word of god
2022,1308,41,male,,bachelor's,18,midwest,divorced,3,working full time,40,,working class,"independent (neither, no response)","moderate, middle of the road",,,don't know,should be legal,pretty happy,good,,depends,not satisfied at all,,none,about once or twice a year,higher power,don't know,ancient book
2022,1309,,female,black,high school,15,midwest,married,2,working full time,40,23737.5,working class,"independent (neither, no response)","moderate, middle of the road",biden,,oppose,,very happy,good,,,more or less satisfied,0,protestant,nearly every week,no doubts,,
2022,1310,72,female,black,bachelor's,16,midwest,divorced,1,retired,,,middle class,not very strong democrat,slightly liberal,biden,,favor,,not too happy,fair,,,not satisfied at all,,protestant,every week,no doubts,,
2022,1311,27,female,other,high school,12,midwest,never married,1,working full time,52,42727.5,working class,other party,extremely liberal,biden,favor,oppose,,pretty happy,good,routine,,not satisfied at all,30,none,never,,yes,ancient book
2022,1312,33,female,white,bachelor's,16,midwest,divorced,0,working full time,40,28485,middle class,strong democrat,extremely liberal,biden,,oppose,,pretty happy,good,,,not satisfied at all,3,none,never,"don't know, no way to find out",,
2022,1313,33,female,white,bachelor's,17,midwest,never married,0,working full time,40,34815,middle class,"independent, close to democrat",slightly liberal,biden,favor,favor,,pretty happy,good,routine,,more or less satisfied,1,protestant,several times a year,no doubts,,
2022,1314,23,female,white,bachelor's,16,midwest,never married,0,working full time,50,15033.75,working class,other party,extremely liberal,biden,favor,oppose,,pretty happy,good,exciting,,not satisfied at all,10,none,never,,,
2022,1315,74,male,black,high school,12,midwest,widowed,2,retired,,,middle class,strong democrat,slightly liberal,biden,favor,oppose,,pretty happy,fair,routine,,more or less satisfied,,none,never,"don't know, no way to find out",,
2022,1316,20,female,white,high school,14,midwest,never married,0,"unemployed, laid off, looking for work",,,working class,not very strong democrat,liberal,biden,favor,favor,should be legal,pretty happy,fair,routine,can't be too careful,not satisfied at all,,none,about once or twice a year,believe with doubts,yes,ancient book
2022,1317,66,male,white,associate/junior college,15,midwest,married,0,retired,,,middle class,strong republican,"moderate, middle of the road",trump,,favor,should be legal,very happy,excellent,,most people can be trusted,pretty well satisfied,,none,about once or twice a year,"don't know, no way to find out",yes,ancient book
2022,1318,42,male,white,bachelor's,16,midwest,never married,0,working full time,45,52222.5,middle class,"independent (neither, no response)","moderate, middle of the road",biden,,favor,,not too happy,good,,,more or less satisfied,5,protestant,several times a year,higher power,,
2022,1319,33,male,white,bachelor's,18,midwest,married,1,working full time,40,75960,middle class,strong republican,extremely conservative,trump,oppose,favor,,pretty happy,good,exciting,,more or less satisfied,4,catholic,several times a year,,yes,inspired word
2022,1320,66,female,white,high school,15,midwest,divorced,2,retired,,,middle class,strong republican,conservative,trump,favor,favor,,very happy,poor,routine,,pretty well satisfied,,protestant,nearly every week,,yes,word of god
2022,1321,41,male,white,bachelor's,16,midwest,married,3,working full time,55,34815,working class,"independent (neither, no response)","moderate, middle of the road",don't know,,favor,,very happy,good,,,pretty well satisfied,0,protestant,nearly every week,no doubts,,
2022,1322,57,female,white,graduate,19,midwest,never married,0,working full time,50,88620,middle class,"independent, close to republican",conservative,,,oppose,,pretty happy,fair,,,pretty well satisfied,0,protestant,about once a month,believe sometimes,,
2022,1323,74,female,white,high school,12,midwest,married,2,retired,,,middle class,not very strong democrat,"moderate, middle of the road",biden,favor,favor,should be legal,not too happy,good,dull,can't be too careful,pretty well satisfied,,protestant,about once or twice a year,believe sometimes,don't know,inspired word
2022,1324,46,female,other,bachelor's,17,midwest,married,1,keeping house,,,working class,"independent, close to democrat","moderate, middle of the road",,,favor,should be legal,pretty happy,good,,can't be too careful,pretty well satisfied,,buddhism,less than once a year,no doubts,yes,ancient book
2022,1325,44,male,white,associate/junior college,14,midwest,married,3,working full time,40,63300,middle class,strong republican,conservative,trump,oppose,favor,,pretty happy,excellent,routine,,more or less satisfied,1,catholic,every week,,,
2022,1326,42,female,white,bachelor's,16,midwest,married,2,working part time,20,88620,middle class,not very strong republican,conservative,trump,favor,favor,,very happy,good,routine,,pretty well satisfied,5,protestant,2-3 times a month,,,
2022,1327,45,male,white,graduate,18,midwest,married,2,working full time,40,75960,upper class,"independent (neither, no response)","moderate, middle of the road",biden,favor,oppose,,pretty happy,good,routine,,pretty well satisfied,2,protestant,several times a year,believe sometimes,,
2022,1328,38,male,white,high school,12,midwest,never married,0,working full time,37,,middle class,"independent, close to republican","moderate, middle of the road",trump,,favor,should be legal,pretty happy,good,,depends,more or less satisfied,0,protestant,about once a month,no doubts,yes,word of god
2022,1329,46,female,white,bachelor's,16,midwest,married,1,working full time,50,101280,upper class,,slightly liberal,biden,favor,oppose,,pretty happy,good,routine,,more or less satisfied,2,protestant,several times a year,believe with doubts,,
2022,1330,22,female,white,bachelor's,16,midwest,never married,0,working full time,40,,middle class,"independent, close to democrat",slightly liberal,,favor,favor,,pretty happy,excellent,routine,,more or less satisfied,5,none,about once or twice a year,,no,ancient book
2022,1331,22,female,white,bachelor's,16,midwest,never married,0,"with a job, but not at work because of temporary illness, vacation, strike",,316.5,middle class,"independent, close to republican","moderate, middle of the road",biden,favor,oppose,,not too happy,excellent,routine,,pretty well satisfied,2,catholic,nearly every week,believe sometimes,,
2022,1332,42,female,white,associate/junior college,14,midwest,never married,0,working full time,45,28485,working class,not very strong republican,slightly conservative,trump,,favor,,pretty happy,good,,,not satisfied at all,30,protestant,less than once a year,no doubts,,
2022,1333,23,female,white,bachelor's,16,midwest,never married,0,working full time,40,28485,working class,not very strong republican,slightly conservative,,,favor,,pretty happy,good,,,more or less satisfied,25,protestant,nearly every week,believe with doubts,,
2022,1334,38,male,white,bachelor's,16,midwest,married,3,working full time,45,88620,middle class,"independent, close to democrat",slightly liberal,biden,favor,favor,,pretty happy,good,routine,,pretty well satisfied,6,protestant,about once or twice a year,,yes,inspired word
2022,1335,39,female,white,graduate,18,midwest,married,3,working full time,60,101280,middle class,not very strong democrat,liberal,biden,favor,oppose,should be legal,very happy,good,exciting,most people can be trusted,pretty well satisfied,0,protestant,several times a week,no doubts,yes,inspired word
2022,1336,73,male,white,graduate,19,midwest,never married,0,retired,,,middle class,not very strong democrat,liberal,biden,oppose,oppose,should be legal,not too happy,excellent,exciting,most people can be trusted,pretty well satisfied,,none,never,believe with doubts,yes,ancient book
2022,1337,36,female,white,high school,13,midwest,never married,0,working full time,40,,middle class,not very strong democrat,slightly liberal,biden,,favor,,pretty happy,good,,,more or less satisfied,0,protestant,less than once a year,,,
2022,1338,46,male,white,high school,13,midwest,divorced,2,working full time,48,,middle class,"independent (neither, no response)","moderate, middle of the road",trump,oppose,favor,,pretty happy,good,routine,,pretty well satisfied,0,none,never,,no,inspired word
2022,1339,31,female,white,high school,13,midwest,married,3,working full time,40,1266,working class,"independent, close to republican",don't know,,oppose,favor,should be legal,not too happy,good,routine,most people can be trusted,more or less satisfied,30,protestant,about once or twice a year,"don't know, no way to find out",yes,inspired word
2022,1340,78,male,white,high school,14,midwest,divorced,0,retired,,,middle class,not very strong republican,slightly conservative,trump,,favor,,pretty happy,good,,,more or less satisfied,,protestant,nearly every week,believe with doubts,,
2022,1341,81,female,white,high school,12,midwest,widowed,3,retired,,,middle class,"independent, close to democrat","moderate, middle of the road",biden,,favor,should not be legal,pretty happy,good,,can't be too careful,pretty well satisfied,,protestant,several times a year,no doubts,yes,word of god
2022,1342,60,male,white,high school,13,midwest,married,4,working full time,89,63300,middle class,not very strong republican,slightly conservative,other candidate,,favor,should not be legal,very happy,good,,can't be too careful,pretty well satisfied,0,protestant,several times a year,no doubts,yes,inspired word
2022,1343,58,male,white,associate/junior college,15,midwest,widowed,2,working part time,10,52222.5,middle class,"independent, close to republican","moderate, middle of the road",biden,oppose,favor,,pretty happy,excellent,exciting,,pretty well satisfied,0,catholic,about once or twice a year,"don't know, no way to find out",,
2022,1344,57,male,white,high school,12,midwest,never married,0,working full time,40,34815,working class,other party,"moderate, middle of the road",other candidate,oppose,favor,should be legal,pretty happy,good,routine,most people can be trusted,more or less satisfied,4,catholic,about once or twice a year,higher power,no,inspired word
2022,1345,87,male,white,less than high school,9,midwest,married,5,retired,,,working class,"independent (neither, no response)","moderate, middle of the road",trump,favor,oppose,,not too happy,fair,exciting,,pretty well satisfied,,protestant,every week,,no,don't know
2022,1346,76,female,white,high school,12,midwest,divorced,2,retired,,,working class,not very strong republican,"moderate, middle of the road",,favor,favor,,pretty happy,good,dull,,pretty well satisfied,,catholic,about once or twice a year,,yes,inspired word
2022,1347,76,male,white,graduate,18,midwest,married,1,retired,,34815,middle class,strong republican,conservative,other candidate,,favor,,pretty happy,poor,,,pretty well satisfied,,none,never,higher power,,
2022,1348,58,female,white,high school,12,midwest,married,2,keeping house,,,middle class,strong republican,slightly conservative,trump,favor,favor,should not be legal,pretty happy,good,routine,most people can be trusted,pretty well satisfied,,protestant,nearly every week,no doubts,yes,inspired word
2022,1349,51,female,white,graduate,20,midwest,married,1,working full time,40,42727.5,middle class,not very strong democrat,"moderate, middle of the road",biden,favor,oppose,,pretty happy,fair,routine,,,15,protestant,about once a month,no doubts,,
2022,1350,30,male,white,high school,12,midwest,divorced,0,working full time,45,28485,working class,not very strong republican,slightly conservative,,favor,favor,,pretty happy,good,routine,,not satisfied at all,30,none,never,,,
2022,1351,28,female,white,graduate,20,west,married,1,working full time,40,17407.5,middle class,"independent, close to democrat",slightly liberal,biden,,oppose,should be legal,not too happy,good,,depends,more or less satisfied,5,none,less than once a year,higher power,yes,ancient book
2022,1352,,female,white,bachelor's,18,west,divorced,6,working full time,42,42727.5,middle class,not very strong republican,conservative,trump,oppose,favor,,not too happy,good,exciting,,more or less satisfied,0,protestant,every week,no doubts,,
2022,1353,32,female,other,less than high school,8,west,,4,keeping house,,,working class,"independent (neither, no response)",liberal,,oppose,favor,,pretty happy,good,routine,,more or less satisfied,,catholic,less than once a year,,,
2022,1354,50,male,other,bachelor's,17,west,married,2,working full time,40,88620,middle class,"independent (neither, no response)","moderate, middle of the road",biden,,favor,should be legal,pretty happy,excellent,,can't be too careful,pretty well satisfied,2,buddhism,about once a month,"don't know, no way to find out",no,don't know
2022,1355,,male,white,high school,12,west,married,3,working full time,45,,working class,not very strong republican,slightly conservative,,,favor,should be legal,pretty happy,good,,can't be too careful,pretty well satisfied,2,protestant,every week,no doubts,yes,inspired word
2022,1356,20,male,white,high school,13,west,never married,0,working full time,46,34815,lower class,"independent, close to republican",slightly conservative,,oppose,favor,,not too happy,good,exciting,,pretty well satisfied,0,catholic,about once a month,,yes,inspired word
2022,1357,32,male,other,high school,14,west,married,1,working full time,40,,middle class,"independent, close to democrat","moderate, middle of the road",biden,favor,oppose,,very happy,good,exciting,,more or less satisfied,0,none,never,,don't know,ancient book
2022,1358,33,male,white,associate/junior college,14,west,married,3,working full time,40,,working class,"independent, close to republican",,trump,,favor,should be legal,very happy,fair,,can't be too careful,more or less satisfied,0,none,about once or twice a year,no doubts,yes,word of god
2022,1359,32,female,other,high school,12,west,never married,1,working full time,40,5697,middle class,not very strong democrat,slightly liberal,,favor,oppose,,pretty happy,excellent,exciting,,pretty well satisfied,0,catholic,2-3 times a month,,yes,word of god
2022,1360,44,female,white,associate/junior college,14,west,married,2,working full time,40,52222.5,working class,"independent (neither, no response)",liberal,,favor,oppose,,pretty happy,good,routine,,not satisfied at all,,none,never,no doubts,,
2022,1361,20,female,,high school,14,west,never married,0,"unemployed, laid off, looking for work",,7121.25,working class,"independent (neither, no response)",,,,,,pretty happy,good,,,not satisfied at all,,catholic,about once or twice a year,no doubts,,
2022,1362,38,female,other,bachelor's,16,west,divorced,1,working full time,20,52222.5,middle class,"independent, close to republican","moderate, middle of the road",trump,,favor,should be legal,pretty happy,good,,can't be too careful,pretty well satisfied,10,none,less than once a year,higher power,yes,ancient book
2022,1363,61,female,white,high school,15,west,divorced,1,working full time,40,20572.5,working class,not very strong democrat,"moderate, middle of the road",,favor,don't know,don't know,not too happy,good,exciting,can't be too careful,more or less satisfied,0,catholic,never,believe with doubts,yes,inspired word
2022,1364,57,male,white,high school,20,west,married,3,working full time,40,63300,working class,"independent (neither, no response)","moderate, middle of the road",,,favor,,pretty happy,good,,,more or less satisfied,0,protestant,several times a year,no doubts,,
2022,1365,37,female,white,less than high school,11,west,separated,3,keeping house,,,lower class,"independent (neither, no response)","moderate, middle of the road",,,oppose,,pretty happy,fair,,,not satisfied at all,,none,about once a month,no doubts,,
2022,1366,30,female,white,associate/junior college,15,west,married,1,"with a job, but not at work because of temporary illness, vacation, strike",,52222.5,middle class,"independent (neither, no response)","moderate, middle of the road",,oppose,favor,,very happy,good,exciting,,pretty well satisfied,0,catholic,never,,,
2022,1367,70,female,white,associate/junior college,16,west,divorced,2,retired,,,lower class,"independent, close to republican","moderate, middle of the road",trump,,favor,should be legal,pretty happy,fair,,can't be too careful,more or less satisfied,,none,never,no doubts,yes,inspired word
2022,1368,47,female,white,high school,12,west,never married,0,"unemployed, laid off, looking for work",,,middle class,strong democrat,conservative,biden,,favor,,very happy,excellent,,,not satisfied at all,,catholic,about once or twice a year,no doubts,,
2022,1369,36,male,white,graduate,20,west,never married,0,working full time,40,101280,upper class,not very strong democrat,slightly liberal,biden,favor,oppose,,pretty happy,excellent,routine,,pretty well satisfied,0,protestant,never,,,
2022,1370,57,male,white,graduate,20,west,married,2,working full time,50,163572.71343,working class,not very strong democrat,"moderate, middle of the road",,favor,favor,,very happy,excellent,exciting,,more or less satisfied,0,catholic,about once a month,no doubts,,
2022,1371,40,male,white,high school,14,west,never married,0,working full time,40,34815,working class,"independent, close to republican",conservative,trump,oppose,favor,,pretty happy,good,routine,,not satisfied at all,13,catholic,several times a year,,,
2022,1372,23,female,black,less than high school,10,west,married,1,other,,,,"independent (neither, no response)",,,favor,favor,,very happy,excellent,exciting,,,,catholic,every week,no doubts,,
2022,1373,76,male,white,high school,12,west,married,1,retired,,,working class,not very strong democrat,"moderate, middle of the road",biden,favor,oppose,,pretty happy,good,routine,,more or less satisfied,,protestant,nearly every week,,yes,inspired word
2022,1374,88,male,white,high school,12,west,widowed,4,retired,,,middle class,"independent, close to democrat",slightly liberal,biden,favor,oppose,,pretty happy,fair,routine,,pretty well satisfied,,catholic,every week,,,
2022,1375,45,male,white,associate/junior college,14,west,divorced,3,working full time,45,42727.5,middle class,not very strong republican,conservative,trump,,favor,,pretty happy,fair,,,more or less satisfied,0,protestant,nearly every week,no doubts,,
2022,1376,28,female,white,high school,12,west,married,6,keeping house,,,working class,"independent (neither, no response)","moderate, middle of the road",,oppose,favor,should be legal,pretty happy,good,exciting,can't be too careful,not satisfied at all,,none,never,"don't know, no way to find out",yes,inspired word
2022,1377,35,female,white,bachelor's,17,west,married,1,keeping house,,23737.5,middle class,"independent, close to democrat",slightly liberal,biden,favor,oppose,,pretty happy,good,routine,,more or less satisfied,,none,never,don't believe,,
2022,1378,30,female,white,associate/junior college,16,west,never married,0,working full time,50,13451.25,working class,"independent (neither, no response)","moderate, middle of the road",don't know,oppose,oppose,,pretty happy,good,exciting,,not satisfied at all,1,none,never,,,
2022,1379,33,female,other,high school,13,west,married,2,working part time,20,2215.5,don't know,not very strong republican,slightly conservative,,favor,don't know,,pretty happy,good,exciting,,more or less satisfied,0,catholic,every week,,don't know,ancient book
2022,1380,32,male,other,bachelor's,16,west,never married,3,working full time,40,17407.5,lower class,"independent, close to democrat",liberal,,oppose,don't know,,pretty happy,good,exciting,,more or less satisfied,0,catholic,every week,,yes,inspired word
2022,1381,36,male,black,associate/junior college,14,west,never married,0,working full time,50,34815,working class,"independent (neither, no response)","moderate, middle of the road",other candidate,favor,don't know,should be legal,not too happy,excellent,routine,can't be too careful,more or less satisfied,0,christian,nearly every week,no doubts,yes,word of god
2022,1382,,female,white,high school,14,west,divorced,3,keeping house,,,middle class,strong republican,extremely conservative,trump,favor,favor,,pretty happy,good,routine,,not satisfied at all,,protestant,several times a week,,yes,word of god
2022,1383,51,male,white,high school,12,west,divorced,2,keeping house,,,lower class,"independent (neither, no response)",conservative,don't know,,favor,,not too happy,good,,,not satisfied at all,,protestant,several times a year,believe with doubts,,
2022,1384,27,female,other,high school,12,west,married,1,working full time,40,,working class,"independent (neither, no response)",don't know,biden,,don't know,don't know,pretty happy,fair,,can't be too careful,more or less satisfied,20,catholic,2-3 times a month,no doubts,yes,don't know
2022,1385,21,female,white,less than high school,6,west,never married,0,working full time,40,17407.5,middle class,"independent (neither, no response)","moderate, middle of the road",,favor,oppose,should be legal,pretty happy,good,routine,can't be too careful,more or less satisfied,0,none,never,believe sometimes,yes,ancient book
2022,1386,60,female,white,high school,12,west,married,2,other,,,middle class,not very strong democrat,"moderate, middle of the road",biden,favor,favor,,not too happy,poor,routine,,not satisfied at all,,catholic,never,no doubts,,
2022,1387,67,male,white,high school,13,west,married,2,retired,,,middle class,"independent, close to democrat",slightly liberal,biden,favor,oppose,,pretty happy,fair,routine,,pretty well satisfied,,catholic,2-3 times a month,,,
2022,1388,44,male,white,graduate,20,west,married,1,working full time,55,63300,middle class,"independent, close to democrat",liberal,biden,,oppose,,pretty happy,good,,,more or less satisfied,10,none,about once or twice a year,believe sometimes,,
2022,1389,33,male,white,high school,15,west,never married,0,working full time,65,88620,middle class,not very strong republican,slightly conservative,trump,oppose,favor,should be legal,not too happy,excellent,exciting,can't be too careful,not satisfied at all,0,none,never,higher power,no,inspired word
2022,1390,60,male,white,high school,16,west,never married,0,retired,,,middle class,not very strong republican,conservative,trump,favor,favor,,pretty happy,excellent,exciting,,more or less satisfied,,catholic,about once or twice a year,,,
2022,1391,39,female,other,bachelor's,17,west,married,2,keeping house,,,middle class,"independent (neither, no response)","moderate, middle of the road",,favor,oppose,,pretty happy,good,routine,,more or less satisfied,,none,never,,yes,ancient book
2022,1392,32,male,black,high school,14,west,married,2,working full time,40,28485,working class,not very strong democrat,"moderate, middle of the road",biden,favor,favor,,not too happy,fair,routine,,not satisfied at all,0,other,several times a year,believe with doubts,,
2022,1393,24,female,other,high school,13,west,never married,2,"unemployed, laid off, looking for work",,,lower class,,,,oppose,favor,,not too happy,good,routine,,not satisfied at all,,none,about once or twice a year,no doubts,,
2022,1394,31,male,white,bachelor's,16,west,never married,0,"unemployed, laid off, looking for work",,42727.5,middle class,strong democrat,extremely liberal,biden,,oppose,should be legal,not too happy,good,,depends,more or less satisfied,,none,never,don't believe,no,ancient book
2022,1395,44,female,black,bachelor's,16,west,never married,5,working full time,40,34815,working class,"independent (neither, no response)","moderate, middle of the road",,,oppose,,pretty happy,good,,,not satisfied at all,10,other,every week,no doubts,,
2022,1396,27,male,other,associate/junior college,16,west,never married,0,working part time,35,20572.5,lower class,"independent, close to democrat",extremely liberal,,favor,oppose,,not too happy,fair,dull,,not satisfied at all,7,none,never,don't believe,,
2022,1397,45,male,white,bachelor's,15,west,married,0,working full time,0,63300,middle class,not very strong democrat,"moderate, middle of the road",,favor,favor,,pretty happy,good,routine,,more or less satisfied,0,none,never,don't believe,,
2022,1398,73,male,white,bachelor's,17,west,married,0,retired,,,middle class,"independent (neither, no response)",slightly conservative,biden,,favor,,very happy,good,,,pretty well satisfied,,other,nearly every week,no doubts,,
2022,1399,67,male,white,high school,13,west,never married,0,retired,,,middle class,strong democrat,liberal,biden,,oppose,,very happy,good,,,pretty well satisfied,,none,never,don't believe,,
2022,1400,,female,white,graduate,19,west,married,3,working part time,24,20572.5,middle class,"independent, close to republican",conservative,other candidate,,favor,,pretty happy,excellent,,,more or less satisfied,5,protestant,several times a week,no doubts,,
2022,1401,79,male,white,bachelor's,16,west,married,2,retired,,,middle class,"independent, close to democrat","moderate, middle of the road",biden,favor,favor,,pretty happy,good,routine,,more or less satisfied,,none,never,"don't know, no way to find out",,
2022,1402,47,female,white,less than high school,9,west,married,4,keeping house,,,working class,"independent (neither, no response)","moderate, middle of the road",,oppose,favor,,very happy,excellent,exciting,,not satisfied at all,,none,never,,yes,inspired word
2022,1403,35,female,white,high school,12,west,married,2,working full time,40,163572.71343,working class,not very strong democrat,"moderate, middle of the road",biden,oppose,favor,,very happy,excellent,routine,,more or less satisfied,0,other,never,believe with doubts,,
2022,1404,56,female,white,high school,12,west,married,2,keeping house,,,working class,strong republican,conservative,trump,oppose,favor,should be legal,pretty happy,good,routine,most people can be trusted,pretty well satisfied,,protestant,about once or twice a year,no doubts,yes,inspired word
2022,1405,32,male,white,bachelor's,16,west,married,0,working full time,40,163572.71343,middle class,"independent (neither, no response)",conservative,,favor,oppose,,very happy,excellent,exciting,,more or less satisfied,0,protestant,every week,no doubts,,
2022,1406,32,male,white,associate/junior college,14,west,divorced,1,working part time,40,28485,working class,"independent (neither, no response)","moderate, middle of the road",,oppose,oppose,,pretty happy,fair,routine,,not satisfied at all,0,other,about once or twice a year,higher power,,
2022,1407,64,female,white,bachelor's,16,west,never married,0,retired,,52222.5,middle class,strong democrat,slightly liberal,biden,favor,favor,,pretty happy,good,exciting,,more or less satisfied,,none,never,,,
2022,1408,29,male,white,bachelor's,16,west,never married,0,working part time,5,23737.5,working class,"independent, close to democrat",slightly liberal,biden,,oppose,,not too happy,excellent,,,not satisfied at all,10,none,about once or twice a year,no doubts,yes,inspired word
2022,1409,30,female,white,bachelor's,16,west,never married,0,working full time,40,28485,middle class,strong democrat,liberal,biden,favor,oppose,,pretty happy,fair,routine,,not satisfied at all,3,none,never,,,
2022,1410,74,male,white,graduate,16,west,married,3,retired,,63300,upper class,strong republican,conservative,trump,oppose,favor,,very happy,excellent,exciting,,pretty well satisfied,,protestant,about once or twice a year,,,
2022,1411,33,male,white,bachelor's,16,west,married,4,working full time,40,75960,middle class,"independent, close to democrat","moderate, middle of the road",biden,,don't know,should be legal,pretty happy,excellent,,most people can be trusted,more or less satisfied,0,protestant,every week,no doubts,yes,inspired word
2022,1412,59,male,white,bachelor's,16,west,married,2,working part time,30,163572.71343,upper class,"independent, close to democrat",slightly liberal,biden,favor,favor,,very happy,excellent,exciting,,pretty well satisfied,0,none,about once or twice a year,,,
2022,1413,76,female,white,graduate,20,midwest,never married,0,retired,,,middle class,strong democrat,slightly conservative,biden,favor,oppose,,pretty happy,good,routine,,pretty well satisfied,,jewish,several times a year,,,
2022,1414,50,male,white,less than high school,7,midwest,married,3,working full time,45,52222.5,working class,,,,favor,favor,,not too happy,fair,routine,,not satisfied at all,0,none,never,,yes,ancient book
2022,1415,60,male,white,bachelor's,16,midwest,married,2,working full time,40,28485,middle class,strong democrat,slightly liberal,biden,favor,favor,should be legal,not too happy,good,routine,can't be too careful,more or less satisfied,15,protestant,2-3 times a month,no doubts,yes,inspired word
2022,1416,66,female,white,high school,12,midwest,married,4,working part time,10,5697,middle class,"independent (neither, no response)",slightly conservative,biden,,favor,,very happy,excellent,,,pretty well satisfied,0,catholic,nearly every week,believe with doubts,,
2022,1417,78,male,white,graduate,19,midwest,married,4,retired,,,middle class,strong democrat,liberal,biden,favor,oppose,should be legal,very happy,good,exciting,most people can be trusted,pretty well satisfied,,none,about once or twice a year,don't believe,no,ancient book
2022,1418,60,female,white,associate/junior college,16,midwest,married,2,working full time,50,,working class,"independent (neither, no response)",don't know,,,favor,should be legal,very happy,good,,can't be too careful,pretty well satisfied,0,protestant,never,believe with doubts,no,word of god
2022,1419,24,female,white,high school,12,midwest,never married,3,working part time,29,,working class,"independent (neither, no response)",don't know,,oppose,oppose,,pretty happy,good,exciting,,not satisfied at all,0,protestant,2-3 times a month,no doubts,yes,inspired word
2022,1420,63,male,white,bachelor's,17,midwest,divorced,3,retired,,,middle class,strong democrat,liberal,biden,favor,don't know,should be legal,pretty happy,good,routine,most people can be trusted,more or less satisfied,,protestant,less than once a year,higher power,no,inspired word
2022,1421,54,female,white,less than high school,12,midwest,married,2,working full time,85,1266,working class,"independent, close to democrat","moderate, middle of the road",,favor,favor,should be legal,pretty happy,good,routine,can't be too careful,more or less satisfied,0,catholic,nearly every week,higher power,yes,inspired word
2022,1422,61,female,white,high school,13,midwest,divorced,0,retired,,,middle class,strong republican,conservative,trump,oppose,favor,,very happy,excellent,exciting,,more or less satisfied,,none,less than once a year,believe with doubts,,
2022,1423,40,female,white,associate/junior college,14,midwest,married,0,working full time,40,52222.5,middle class,not very strong republican,conservative,trump,,favor,should be legal,pretty happy,good,,can't be too careful,more or less satisfied,0,,about once or twice a year,no doubts,don't know,ancient book
2022,1424,79,male,white,high school,12,midwest,married,4,retired,,13451.25,middle class,strong democrat,liberal,biden,,oppose,should not be legal,very happy,excellent,,can't be too careful,pretty well satisfied,,protestant,every week,no doubts,yes,word of god
2022,1425,53,female,white,high school,16,midwest,married,2,working part time,16,,working class,other party,extremely liberal,biden,,oppose,,pretty happy,good,,,pretty well satisfied,0,none,never,"don't know, no way to find out",,
2022,1426,66,female,white,high school,12,midwest,widowed,5,working part time,15,,working class,"independent, close to democrat","moderate, middle of the road",,favor,oppose,should be legal,pretty happy,good,routine,most people can be trusted,more or less satisfied,0,catholic,several times a week,no doubts,yes,inspired word
2022,1427,61,female,white,high school,12,midwest,divorced,1,keeping house,,,lower class,"independent (neither, no response)",don't know,,favor,favor,,not too happy,poor,dull,,not satisfied at all,,catholic,never,,no,ancient book
2022,1428,62,male,white,high school,14,midwest,widowed,1,working full time,50,42727.5,working class,"independent (neither, no response)","moderate, middle of the road",,,favor,,pretty happy,good,,,more or less satisfied,0,protestant,nearly every week,no doubts,,
2022,1429,62,female,white,high school,12,midwest,widowed,1,working part time,18,,working class,"independent (neither, no response)",slightly conservative,trump,oppose,oppose,should be legal,pretty happy,good,routine,most people can be trusted,not satisfied at all,0,protestant,about once or twice a year,higher power,yes,inspired word
2022,1430,61,female,white,high school,14,midwest,never married,0,retired,,,middle class,not very strong democrat,"moderate, middle of the road",biden,,don't know,should be legal,pretty happy,fair,,can't be too careful,not satisfied at all,,protestant,every week,no doubts,yes,inspired word
2022,1431,58,male,white,bachelor's,16,midwest,separated,3,working full time,45,163572.71343,middle class,not very strong democrat,"moderate, middle of the road",biden,favor,oppose,,pretty happy,good,routine,,more or less satisfied,10,none,never,,,
2022,1432,46,male,white,high school,15,midwest,married,3,working full time,40,42727.5,middle class,not very strong republican,"moderate, middle of the road",trump,oppose,oppose,,pretty happy,good,routine,,more or less satisfied,0,catholic,never,believe with doubts,,
2022,1433,36,female,white,high school,12,midwest,married,2,keeping house,,,middle class,not very strong democrat,liberal,,favor,favor,,very happy,good,routine,,more or less satisfied,,none,never,don't believe,,
2022,1434,30,female,black,high school,12,midwest,never married,0,"unemployed, laid off, looking for work",,20572.5,lower class,other party,"moderate, middle of the road",biden,favor,oppose,,not too happy,good,exciting,,not satisfied at all,,other,every week,no doubts,,
2022,1435,65,male,white,associate/junior college,14,midwest,divorced,2,retired,,,working class,strong democrat,slightly conservative,biden,,favor,should be legal,pretty happy,fair,,most people can be trusted,more or less satisfied,,jewish,less than once a year,no doubts,yes,word of god
2022,1436,63,female,white,bachelor's,16,midwest,married,0,retired,,,middle class,strong democrat,slightly liberal,biden,favor,favor,,very happy,good,exciting,,pretty well satisfied,,,about once or twice a year,higher power,,
2022,1437,61,female,white,graduate,20,midwest,widowed,1,retired,,,middle class,not very strong republican,"moderate, middle of the road",other candidate,favor,favor,,pretty happy,good,routine,,more or less satisfied,,protestant,less than once a year,,yes,ancient book
2022,1438,63,male,black,high school,12,midwest,never married,1,retired,,20572.5,lower class,strong democrat,extremely conservative,biden,,favor,should be legal,pretty happy,good,,can't be too careful,more or less satisfied,,catholic,about once or twice a year,no doubts,yes,ancient book
2022,1439,44,male,black,high school,12,midwest,never married,1,working full time,50,23737.5,working class,"independent (neither, no response)","moderate, middle of the road",,,favor,don't know,pretty happy,excellent,,can't be too careful,pretty well satisfied,3,none,less than once a year,higher power,no,ancient book
2022,1440,73,male,white,bachelor's,16,midwest,never married,0,retired,,,middle class,"independent, close to democrat",extremely liberal,biden,favor,favor,,not too happy,excellent,dull,,not satisfied at all,,catholic,every week,,yes,inspired word
2022,1441,60,male,white,less than high school,8,midwest,divorced,1,working full time,38,17407.5,working class,"independent (neither, no response)",conservative,,,favor,should be legal,very happy,excellent,,can't be too careful,more or less satisfied,0,protestant,every week,no doubts,yes,word of god
2022,1442,70,female,white,high school,12,midwest,never married,0,retired,,,middle class,not very strong democrat,"moderate, middle of the road",biden,favor,favor,should be legal,not too happy,fair,routine,depends,not satisfied at all,,protestant,less than once a year,no doubts,yes,word of god
2022,1443,36,male,white,high school,14,midwest,never married,0,working full time,60,28485,middle class,"independent (neither, no response)","moderate, middle of the road",,favor,favor,should be legal,very happy,good,exciting,depends,not satisfied at all,0,none,every week,believe with doubts,yes,inspired word
2022,1444,44,male,white,less than high school,10,midwest,never married,1,"unemployed, laid off, looking for work",,5697,working class,"independent (neither, no response)","moderate, middle of the road",,oppose,favor,,not too happy,good,routine,,not satisfied at all,,none,never,,,
2022,1445,29,female,white,less than high school,9,midwest,never married,0,keeping house,,,lower class,"independent (neither, no response)","moderate, middle of the road",,,oppose,,pretty happy,good,,,not satisfied at all,,protestant,never,no doubts,,
2022,1446,24,female,black,bachelor's,16,midwest,never married,0,working full time,80,42727.5,middle class,strong democrat,extremely liberal,biden,,favor,should be legal,very happy,excellent,,can't be too careful,pretty well satisfied,0,none,never,don't know,don't know,don't know
2022,1447,60,female,black,associate/junior college,14,midwest,never married,2,retired,,,working class,strong democrat,"moderate, middle of the road",biden,favor,favor,,not too happy,fair,routine,,more or less satisfied,,none,never,believe with doubts,,
2022,1448,60,female,white,bachelor's,15,midwest,divorced,3,keeping house,,,lower class,"independent (neither, no response)",slightly liberal,biden,favor,favor,,not too happy,good,routine,,more or less satisfied,,christian,several times a year,,,
2022,1449,22,female,black,high school,12,midwest,never married,0,working full time,30,28485,working class,"independent, close to democrat","moderate, middle of the road",biden,,oppose,,not too happy,good,,,not satisfied at all,3,other,never,higher power,,
2022,1450,38,male,black,high school,12,midwest,never married,1,working full time,46,28485,working class,"independent (neither, no response)","moderate, middle of the road",,,favor,,pretty happy,fair,,,not satisfied at all,0,protestant,less than once a year,no doubts,,
2022,1451,67,female,black,graduate,20,midwest,married,0,retired,,,middle class,strong democrat,slightly conservative,biden,favor,favor,should be legal,pretty happy,fair,exciting,depends,pretty well satisfied,,protestant,several times a year,no doubts,yes,inspired word
2022,1452,56,male,black,bachelor's,16,midwest,married,5,working full time,40,,middle class,"independent, close to democrat","moderate, middle of the road",biden,favor,favor,,,good,exciting,,pretty well satisfied,0,,nearly every week,,,
2022,1453,49,female,black,high school,13,midwest,never married,3,working full time,60,28485,working class,"independent, close to democrat",liberal,biden,favor,oppose,,pretty happy,good,exciting,,not satisfied at all,15,none,never,,,
2022,1454,33,male,black,associate/junior college,13,midwest,never married,2,working full time,54,23737.5,working class,"independent (neither, no response)",extremely liberal,,oppose,favor,,pretty happy,good,exciting,,not satisfied at all,0,none,2-3 times a month,,don't know,ancient book
2022,1455,68,male,black,high school,12,midwest,divorced,4,retired,,,working class,strong democrat,"moderate, middle of the road",biden,favor,favor,should not be legal,pretty happy,poor,dull,can't be too careful,pretty well satisfied,,protestant,less than once a year,no doubts,yes,inspired word
2022,1456,56,female,black,high school,13,midwest,,7,working full time,,15033.75,,"independent (neither, no response)",slightly conservative,,,,should be legal,pretty happy,good,,can't be too careful,not satisfied at all,3,none,less than once a year,higher power,don't know,other (vol)
2022,1457,36,male,black,associate/junior college,14,midwest,never married,2,"unemployed, laid off, looking for work",,5697,lower class,not very strong democrat,slightly liberal,biden,,oppose,should be legal,not too happy,fair,,can't be too careful,not satisfied at all,,protestant,less than once a year,higher power,no,inspired word
2022,1458,43,female,black,high school,13,midwest,separated,6,"unemployed, laid off, looking for work",,,working class,not very strong democrat,"moderate, middle of the road",,favor,oppose,,not too happy,fair,routine,,not satisfied at all,,catholic,less than once a year,no doubts,,
2022,1459,31,male,white,high school,15,midwest,married,0,working full time,56,42727.5,middle class,"independent (neither, no response)","moderate, middle of the road",trump,oppose,favor,,not too happy,fair,routine,,not satisfied at all,30,catholic,about once a month,,yes,inspired word
2022,1460,33,female,other,less than high school,11,midwest,never married,2,working part time,30,13451.25,working class,"independent (neither, no response)",slightly liberal,,favor,oppose,,pretty happy,fair,routine,,more or less satisfied,0,catholic,several times a year,,no,inspired word
2022,1461,55,male,white,less than high school,11,midwest,married,2,working full time,45,8703.75,working class,strong democrat,liberal,biden,oppose,favor,,not too happy,good,routine,,not satisfied at all,0,none,never,"don't know, no way to find out",,
2022,1462,48,female,white,high school,13,midwest,divorced,1,working part time,53,2215.5,working class,strong republican,extremely conservative,trump,,favor,should be legal,very happy,poor,,can't be too careful,not satisfied at all,6,hinduism,about once a month,no doubts,yes,other (vol)
2022,1463,33,female,black,high school,17,midwest,never married,0,working part time,30,15033.75,working class,strong democrat,"moderate, middle of the road",biden,favor,oppose,,not too happy,fair,dull,,more or less satisfied,20,protestant,less than once a year,no doubts,,
2022,1464,27,female,black,high school,12,midwest,never married,2,working part time,25,,upper class,not very strong democrat,don't know,biden,,don't know,should be legal,pretty happy,excellent,,can't be too careful,not satisfied at all,10,don't know,less than once a year,no doubts,yes,ancient book
2022,1465,37,male,white,high school,11,midwest,never married,1,working full time,40,34815,working class,not very strong republican,conservative,trump,oppose,favor,,pretty happy,good,routine,,more or less satisfied,0,christian,never,believe with doubts,,
2022,1466,72,male,white,high school,12,midwest,never married,0,retired,,,middle class,"independent (neither, no response)",liberal,biden,,favor,should be legal,very happy,good,,can't be too careful,pretty well satisfied,,none,never,believe sometimes,don't know,don't know
2022,1467,23,male,white,high school,12,midwest,never married,0,working full time,40,15033.75,working class,"independent (neither, no response)","moderate, middle of the road",,oppose,favor,,pretty happy,good,routine,,more or less satisfied,15,protestant,never,,yes,inspired word
2022,1468,68,male,white,high school,12,midwest,married,1,other,,88620,middle class,strong democrat,liberal,biden,favor,favor,,pretty happy,good,exciting,,pretty well satisfied,,protestant,less than once a year,believe with doubts,,
2022,1469,28,male,white,high school,10,midwest,married,0,working full time,40,23737.5,working class,strong democrat,liberal,biden,favor,oppose,,pretty happy,good,routine,,more or less satisfied,1,none,never,,,
2022,1470,36,male,white,high school,12,midwest,married,0,working full time,44,23737.5,working class,not very strong republican,conservative,trump,,favor,don't know,pretty happy,fair,,can't be too careful,pretty well satisfied,20,protestant,never,"don't know, no way to find out",yes,ancient book
2022,1471,60,male,white,high school,12,midwest,married,3,other,,,middle class,not very strong republican,slightly conservative,,oppose,favor,,pretty happy,fair,routine,,more or less satisfied,,protestant,several times a year,no doubts,,
2022,1472,49,female,white,high school,12,midwest,married,4,keeping house,,,working class,"independent, close to democrat",liberal,biden,favor,oppose,should be legal,pretty happy,good,exciting,can't be too careful,not satisfied at all,,catholic,never,no doubts,yes,ancient book
2022,1473,33,male,white,high school,13,midwest,never married,0,working full time,38,2848.5,lower class,not very strong republican,slightly conservative,trump,oppose,favor,,not too happy,excellent,routine,,more or less satisfied,10,none,never,,don't know,inspired word
2022,1474,77,male,white,less than high school,11,midwest,widowed,1,retired,,,working class,strong republican,conservative,trump,,favor,,not too happy,excellent,,,not satisfied at all,,protestant,2-3 times a month,no doubts,,
2022,1475,48,male,white,bachelor's,16,midwest,married,2,working full time,40,88620,middle class,"independent (neither, no response)","moderate, middle of the road",biden,favor,favor,,pretty happy,good,routine,,more or less satisfied,0,catholic,about once or twice a year,,,
2022,1476,77,female,white,high school,14,midwest,widowed,2,retired,,,working class,"independent, close to democrat",conservative,trump,,favor,should not be legal,very happy,fair,,most people can be trusted,more or less satisfied,,protestant,2-3 times a month,no doubts,yes,word of god
2022,1477,84,male,white,high school,12,midwest,married,4,retired,,15033.75,middle class,strong republican,extremely conservative,trump,oppose,favor,should not be legal,pretty happy,good,exciting,most people can be trusted,more or less satisfied,,protestant,nearly every week,no doubts,yes,word of god
2022,1478,68,female,white,graduate,18,midwest,married,2,retired,,,middle class,"independent (neither, no response)","moderate, middle of the road",biden,favor,favor,,very happy,good,exciting,,pretty well satisfied,,catholic,about once or twice a year,,,
2022,1479,39,female,white,high school,12,midwest,married,4,working full time,40,15033.75,working class,strong republican,extremely conservative,trump,,favor,,pretty happy,good,,,not satisfied at all,20,christian,every week,no doubts,yes,word of god
2022,1480,51,male,white,associate/junior college,15,midwest,married,2,working full time,65,75960,middle class,strong republican,"moderate, middle of the road",trump,oppose,favor,,pretty happy,good,routine,,more or less satisfied,0,catholic,about once or twice a year,,,
2022,1481,33,male,white,associate/junior college,14,midwest,married,3,working full time,45,52222.5,working class,not very strong republican,conservative,trump,,favor,,pretty happy,good,,,not satisfied at all,4,protestant,about once or twice a year,higher power,,
2022,1482,23,male,white,high school,12,midwest,never married,0,working full time,50,,working class,not very strong republican,conservative,trump,favor,favor,,pretty happy,good,exciting,,not satisfied at all,,other,about once or twice a year,"don't know, no way to find out",,
2022,1483,,female,white,high school,12,midwest,married,1,retired,,,working class,"independent (neither, no response)","moderate, middle of the road",biden,favor,favor,,pretty happy,fair,routine,,more or less satisfied,,protestant,about once or twice a year,no doubts,,
2022,1484,67,female,white,high school,15,midwest,divorced,2,working full time,45,34815,working class,"independent, close to republican",slightly conservative,,favor,favor,should be legal,not too happy,fair,dull,most people can be trusted,not satisfied at all,,protestant,about once or twice a year,believe sometimes,yes,inspired word
2022,1485,57,male,white,high school,12,midwest,widowed,5,working full time,40,,working class,"independent (neither, no response)",,,,favor,,not too happy,fair,routine,,more or less satisfied,0,,,,,
2022,1486,89,male,white,less than high school,9,midwest,married,4,retired,,,working class,strong democrat,slightly liberal,biden,oppose,favor,,pretty happy,fair,routine,,more or less satisfied,,catholic,nearly every week,,,
2022,1487,56,female,white,graduate,20,midwest,married,3,working full time,40,,middle class,strong republican,"moderate, middle of the road",trump,,favor,,very happy,good,,,more or less satisfied,,protestant,2-3 times a month,no doubts,,
2022,1488,70,male,white,high school,14,south,married,2,retired,,,middle class,strong republican,conservative,trump,oppose,favor,,very happy,good,exciting,,pretty well satisfied,,protestant,several times a year,,,
2022,1489,26,female,white,high school,12,south,married,2,keeping house,,5697,working class,"independent, close to republican",conservative,,oppose,favor,,pretty happy,good,routine,,not satisfied at all,,protestant,never,no doubts,,
2022,1490,65,male,white,high school,13,south,divorced,2,retired,,,middle class,strong republican,extremely conservative,trump,favor,favor,,pretty happy,fair,routine,,more or less satisfied,,catholic,never,,no,inspired word
2022,1491,34,female,black,associate/junior college,14,south,married,3,"unemployed, laid off, looking for work",,,lower class,"independent (neither, no response)","moderate, middle of the road",biden,oppose,oppose,,very happy,poor,routine,,not satisfied at all,,protestant,2-3 times a month,no doubts,,
2022,1492,79,male,white,graduate,18,south,married,2,working part time,10,5697,middle class,strong republican,conservative,trump,oppose,favor,,very happy,excellent,exciting,,pretty well satisfied,0,other eastern religions,never,,,
2022,1493,57,male,white,high school,12,south,married,3,working full time,40,17407.5,middle class,strong democrat,extremely liberal,,oppose,favor,,very happy,excellent,routine,,pretty well satisfied,0,catholic,less than once a year,no doubts,,
2022,1494,63,male,white,bachelor's,16,south,married,2,retired,,52222.5,upper class,strong democrat,liberal,biden,favor,oppose,,pretty happy,excellent,exciting,,pretty well satisfied,,none,several times a year,don't believe,,
2022,1495,84,female,white,bachelor's,16,south,widowed,4,retired,,,middle class,"independent, close to republican",conservative,trump,favor,don't know,don't know,pretty happy,good,dull,depends,not satisfied at all,,catholic,every week,believe with doubts,yes,inspired word
2022,1496,84,male,white,high school,14,south,married,2,retired,,,middle class,strong democrat,slightly conservative,biden,,favor,should not be legal,pretty happy,good,,most people can be trusted,not satisfied at all,,jewish,never,don't believe,no,ancient book
2022,1497,79,male,white,bachelor's,16,south,married,2,retired,,,middle class,not very strong republican,slightly conservative,biden,oppose,oppose,should be legal,very happy,excellent,routine,most people can be trusted,pretty well satisfied,,catholic,about once or twice a year,believe sometimes,yes,inspired word
2022,1498,64,female,white,high school,12,south,married,0,other,,,working class,strong democrat,liberal,biden,favor,oppose,,pretty happy,good,exciting,,more or less satisfied,,catholic,never,,yes,inspired word
2022,1499,79,male,white,high school,14,south,married,3,working part time,15,20572.5,middle class,strong republican,conservative,trump,,oppose,,pretty happy,good,,,more or less satisfied,,protestant,about once or twice a year,believe with doubts,,
2022,1500,80,male,white,high school,14,south,widowed,4,retired,,,middle class,strong republican,extremely conservative,trump,,favor,should not be legal,not too happy,poor,,can't be too careful,not satisfied at all,,protestant,about once or twice a year,believe with doubts,don't know,inspired word
2022,1501,52,female,white,bachelor's,16,south,married,0,keeping house,,,upper class,strong republican,slightly conservative,didn't vote for president,favor,favor,,pretty happy,good,routine,,pretty well satisfied,,protestant,several times a year,,,
2022,1502,44,female,white,associate/junior college,14,south,married,2,keeping house,,,middle class,not very strong republican,"moderate, middle of the road",trump,,oppose,,very happy,good,,,more or less satisfied,,protestant,less than once a year,no doubts,,
2022,1503,,male,white,high school,13,south,divorced,3,"unemployed, laid off, looking for work",,,middle class,"independent (neither, no response)","moderate, middle of the road",,,,,pretty happy,good,,,more or less satisfied,,none,every week,higher power,,
2022,1504,54,male,white,high school,12,south,married,2,working full time,48,34815,working class,not very strong republican,slightly conservative,trump,favor,favor,,not too happy,poor,dull,,not satisfied at all,25,catholic,less than once a year,no doubts,,
2022,1505,45,female,white,graduate,20,south,married,3,working full time,40,163572.71343,upper class,strong democrat,extremely liberal,biden,,oppose,,very happy,excellent,,,pretty well satisfied,0,none,never,don't believe,,
2022,1506,34,female,other,graduate,16,south,married,2,working full time,45,52222.5,middle class,"independent (neither, no response)","moderate, middle of the road",biden,favor,oppose,,very happy,excellent,exciting,,pretty well satisfied,0,protestant,several times a week,,,
2022,1507,61,male,white,bachelor's,16,south,married,4,working full time,40,20572.5,middle class,strong republican,extremely conservative,trump,oppose,favor,,very happy,poor,routine,,not satisfied at all,3,protestant,about once or twice a year,,,
2022,1508,,female,white,bachelor's,16,south,divorced,0,working full time,40,88620,middle class,strong democrat,slightly liberal,biden,,oppose,,pretty happy,excellent,,,pretty well satisfied,5,none,never,believe sometimes,,
2022,1509,40,female,white,graduate,17,south,married,3,keeping house,,1266,middle class,other party,"moderate, middle of the road",biden,,oppose,,very happy,excellent,,,pretty well satisfied,,protestant,2-3 times a month,believe with doubts,,
2022,1510,37,female,white,graduate,19,south,married,2,working full time,40,42727.5,middle class,strong democrat,liberal,biden,favor,oppose,should be legal,very happy,excellent,exciting,most people can be trusted,more or less satisfied,10,none,less than once a year,higher power,no,ancient book
2022,1511,84,female,white,graduate,19,south,married,2,retired,,,middle class,strong republican,slightly conservative,trump,,favor,should not be legal,pretty happy,good,,most people can be trusted,pretty well satisfied,,none,never,believe with doubts,yes,ancient book
2022,1512,47,female,black,high school,12,south,never married,1,working part time,30,4114.5,upper class,strong democrat,extremely liberal,biden,favor,don't know,don't know,pretty happy,excellent,exciting,can't be too careful,not satisfied at all,0,jewish,every week,no doubts,yes,word of god
2022,1513,,female,black,high school,12,south,never married,1,working full time,40,,working class,not very strong democrat,extremely liberal,biden,favor,favor,,pretty happy,fair,exciting,,pretty well satisfied,0,protestant,every week,,yes,word of god
2022,1514,35,female,white,bachelor's,16,south,married,2,working full time,50,17407.5,working class,"independent (neither, no response)","moderate, middle of the road",,favor,oppose,,very happy,excellent,exciting,,more or less satisfied,0,protestant,every week,,yes,word of god
2022,1515,56,male,white,graduate,20,south,divorced,3,retired,,15033.75,working class,other party,extremely conservative,trump,oppose,oppose,should not be legal,very happy,excellent,exciting,can't be too careful,not satisfied at all,,protestant,every week,no doubts,yes,word of god
2022,1516,52,female,white,less than high school,11,south,divorced,3,other,,,lower class,"independent (neither, no response)",conservative,,,oppose,should not be legal,pretty happy,poor,,can't be too careful,more or less satisfied,,none,never,no doubts,yes,word of god
2022,1517,26,male,other,less than high school,12,south,separated,1,"unemployed, laid off, looking for work",,,working class,"independent (neither, no response)",don't know,,,oppose,should be legal,pretty happy,fair,,depends,not satisfied at all,,protestant,about once a month,no doubts,yes,inspired word
2022,1518,70,female,black,high school,12,south,widowed,1,retired,,,middle class,not very strong democrat,"moderate, middle of the road",biden,,oppose,should not be legal,pretty happy,good,,can't be too careful,not satisfied at all,,protestant,every week,no doubts,yes,word of god
2022,1519,27,female,black,less than high school,11,south,never married,2,working part time,30,,working class,"independent, close to democrat","moderate, middle of the road",,,oppose,,pretty happy,good,,,more or less satisfied,,christian,,,,
2022,1520,80,male,other,less than high school,5,south,widowed,2,retired,,,working class,"independent, close to democrat","moderate, middle of the road",,,favor,should not be legal,not too happy,fair,,can't be too careful,not satisfied at all,,hinduism,every week,no doubts,no,inspired word
2022,1521,66,female,other,graduate,17,south,married,1,retired,,,middle class,"independent (neither, no response)",liberal,don't know,favor,favor,,very happy,good,routine,,more or less satisfied,,hinduism,several times a year,no doubts,,
2022,1522,72,female,white,high school,12,south,married,2,working part time,7,1266,middle class,strong republican,"moderate, middle of the road",trump,,favor,,very happy,good,,,not satisfied at all,0,catholic,every week,no doubts,,
2022,1523,,female,black,high school,12,south,divorced,2,working full time,45,52222.5,middle class,strong democrat,liberal,biden,,oppose,should be legal,pretty happy,excellent,,most people can be trusted,pretty well satisfied,15,none,about once or twice a year,no doubts,don't know,inspired word
2022,1524,29,male,white,high school,15,south,never married,0,"with a job, but not at work because of temporary illness, vacation, strike",,28485,middle class,other party,extremely liberal,biden,favor,oppose,,very happy,good,routine,,more or less satisfied,0,none,never,,,
2022,1525,39,female,white,bachelor's,19,south,never married,0,working full time,40,34815,middle class,not very strong democrat,slightly liberal,biden,,oppose,,pretty happy,excellent,,,more or less satisfied,10,none,never,"don't know, no way to find out",,
2022,1526,34,male,white,bachelor's,16,south,widowed,0,working full time,40,34815,middle class,strong democrat,liberal,biden,favor,oppose,,pretty happy,excellent,routine,,not satisfied at all,,none,never,,don't know,inspired word
2022,1527,39,female,white,high school,16,south,divorced,1,working full time,44,,working class,"independent (neither, no response)","moderate, middle of the road",,favor,favor,,pretty happy,poor,routine,,not satisfied at all,,protestant,less than once a year,no doubts,,
2022,1528,27,male,white,high school,17,south,never married,0,working part time,15,20572.5,working class,"independent (neither, no response)","moderate, middle of the road",,oppose,oppose,should be legal,pretty happy,good,routine,can't be too careful,more or less satisfied,3,none,never,"don't know, no way to find out",yes,ancient book
2022,1529,50,female,white,high school,12,south,never married,1,working full time,30,28485,working class,not very strong republican,"moderate, middle of the road",trump,oppose,favor,should be legal,pretty happy,fair,dull,can't be too careful,not satisfied at all,5,protestant,about once or twice a year,no doubts,yes,inspired word
2022,1530,25,male,white,high school,12,south,never married,0,working full time,35,13451.25,middle class,"independent, close to democrat","moderate, middle of the road",biden,,oppose,should be legal,pretty happy,good,,can't be too careful,more or less satisfied,5,none,never,higher power,don't know,ancient book
2022,1531,43,male,white,associate/junior college,14,south,never married,0,working full time,40,,working class,"independent (neither, no response)","moderate, middle of the road",,favor,favor,should be legal,pretty happy,fair,routine,can't be too careful,more or less satisfied,7,none,never,higher power,yes,inspired word
2022,1532,29,female,black,graduate,18,south,never married,0,working full time,24,34815,middle class,"independent, close to democrat",liberal,biden,favor,favor,,not too happy,good,routine,,not satisfied at all,14,none,less than once a year,,,
2022,1533,39,female,,bachelor's,16,south,never married,0,working full time,40,34815,working class,"independent, close to democrat",liberal,biden,favor,oppose,should be legal,not too happy,good,routine,can't be too careful,more or less satisfied,30,none,never,higher power,don't know,inspired word
2022,1534,29,male,other,high school,12,south,married,0,working full time,40,34815,don't know,"independent (neither, no response)","moderate, middle of the road",biden,favor,oppose,should be legal,very happy,good,routine,can't be too careful,more or less satisfied,0,catholic,2-3 times a month,no doubts,yes,inspired word
2022,1535,32,male,white,high school,12,south,never married,0,working full time,40,20572.5,working class,not very strong democrat,conservative,,oppose,favor,,pretty happy,fair,exciting,,more or less satisfied,0,christian,never,,yes,ancient book
2022,1536,51,male,white,high school,12,south,never married,0,working part time,40,10286.25,working class,"independent, close to republican","moderate, middle of the road",,,favor,should be legal,not too happy,poor,,can't be too careful,not satisfied at all,0,protestant,about once a month,believe with doubts,yes,ancient book
2022,1537,39,female,white,high school,12,south,married,2,keeping house,,,working class,"independent, close to democrat","moderate, middle of the road",,favor,favor,should be legal,pretty happy,poor,routine,can't be too careful,more or less satisfied,,catholic,less than once a year,believe with doubts,yes,inspired word
2022,1538,55,male,white,high school,14,south,widowed,2,working full time,65,52222.5,working class,not very strong democrat,"moderate, middle of the road",biden,favor,favor,,pretty happy,good,routine,,more or less satisfied,0,protestant,about once or twice a year,,no,inspired word
2022,1539,32,male,black,associate/junior college,14,south,never married,5,working full time,55,20572.5,middle class,not very strong republican,slightly conservative,biden,favor,oppose,should be legal,pretty happy,fair,exciting,can't be too careful,not satisfied at all,0,muslim/islam,every week,higher power,no,ancient book
2022,1540,,female,white,bachelor's,17,south,never married,0,working part time,30,,working class,"independent (neither, no response)","moderate, middle of the road",,,don't know,should not be legal,pretty happy,good,,can't be too careful,more or less satisfied,16,none,never,no doubts,don't know,word of god
2022,1541,,female,white,high school,12,south,never married,3,working full time,40,28485,don't know,"independent (neither, no response)",slightly liberal,biden,,oppose,don't know,pretty happy,good,,can't be too careful,don't know,0,catholic,never,no doubts,yes,word of god
2022,1542,41,female,black,high school,12,south,never married,3,working full time,48,5697,working class,"independent (neither, no response)","moderate, middle of the road",biden,,oppose,should be legal,pretty happy,good,,can't be too careful,not satisfied at all,15,none,never,no doubts,yes,word of god
2022,1543,34,male,white,bachelor's,18,south,never married,0,working full time,48,42727.5,middle class,other party,slightly liberal,,favor,oppose,,pretty happy,good,routine,,more or less satisfied,0,none,less than once a year,,,
2022,1544,,male,black,high school,13,south,divorced,1,working full time,55,13451.25,middle class,"independent (neither, no response)","moderate, middle of the road",biden,don't know,don't know,,pretty happy,good,routine,,more or less satisfied,0,none,2-3 times a month,,yes,word of god
2022,1545,48,female,white,bachelor's,16,south,divorced,1,working full time,40,23737.5,working class,not very strong democrat,liberal,biden,favor,favor,should be legal,not too happy,good,routine,can't be too careful,not satisfied at all,20,none,never,higher power,no,ancient book
2022,1546,20,female,black,high school,12,south,never married,0,working full time,35,10286.25,working class,"independent, close to democrat","moderate, middle of the road",,favor,favor,should be legal,not too happy,poor,routine,most people can be trusted,more or less satisfied,10,protestant,about once or twice a year,no doubts,yes,inspired word
2022,1547,57,male,black,high school,13,south,married,3,working full time,40,88620,working class,strong democrat,conservative,biden,,oppose,should be legal,pretty happy,good,,can't be too careful,more or less satisfied,0,protestant,about once or twice a year,no doubts,yes,inspired word
2022,1548,28,male,other,high school,12,south,never married,1,"unemployed, laid off, looking for work",,42727.5,working class,"independent, close to democrat","moderate, middle of the road",,oppose,favor,,not too happy,good,exciting,,more or less satisfied,,protestant,nearly every week,no doubts,yes,word of god
2022,1549,,female,white,bachelor's,16,south,never married,0,retired,,,middle class,strong republican,slightly conservative,trump,,favor,don't know,pretty happy,fair,,depends,more or less satisfied,,catholic,every week,no doubts,yes,inspired word
2022,1550,31,female,other,associate/junior college,16,south,married,2,in school,,13451.25,working class,"independent, close to democrat",slightly liberal,,favor,oppose,,pretty happy,fair,exciting,,not satisfied at all,,protestant,less than once a year,,don't know,word of god
2022,1551,81,female,black,bachelor's,18,south,divorced,4,working full time,60,42727.5,working class,strong democrat,extremely liberal,biden,,oppose,should be legal,not too happy,good,,can't be too careful,more or less satisfied,0,none,every week,no doubts,yes,ancient book
2022,1552,53,female,black,high school,14,south,divorced,6,working full time,40,34815,working class,not very strong democrat,"moderate, middle of the road",biden,favor,oppose,,pretty happy,excellent,routine,,more or less satisfied,0,protestant,less than once a year,no doubts,,
2022,1553,40,male,black,high school,14,south,never married,0,working full time,64,34815,working class,"independent, close to democrat",slightly liberal,biden,favor,oppose,should be legal,not too happy,good,exciting,can't be too careful,not satisfied at all,0,protestant,several times a week,no doubts,yes,word of god
2022,1554,26,male,white,high school,13,south,divorced,0,working full time,40,42727.5,middle class,strong democrat,liberal,biden,,favor,should be legal,very happy,excellent,,can't be too careful,pretty well satisfied,0,none,never,"don't know, no way to find out",don't know,ancient book
2022,1555,,female,white,associate/junior college,18,south,married,2,working full time,40,63300,working class,"independent (neither, no response)",slightly liberal,,favor,favor,should be legal,very happy,good,exciting,can't be too careful,pretty well satisfied,4,catholic,nearly every week,no doubts,yes,inspired word
2022,1556,35,female,white,bachelor's,16,south,married,5,keeping house,,,middle class,not very strong democrat,slightly liberal,biden,favor,favor,,pretty happy,good,routine,,pretty well satisfied,,none,never,,,
2022,1557,50,male,white,associate/junior college,14,south,never married,1,keeping house,,,working class,strong democrat,liberal,biden,,favor,,pretty happy,fair,,,more or less satisfied,,none,never,higher power,,
2022,1558,21,female,white,associate/junior college,14,south,never married,0,working part time,25,17407.5,middle class,"independent, close to democrat",slightly liberal,biden,favor,oppose,,pretty happy,good,routine,,more or less satisfied,0,catholic,less than once a year,believe with doubts,,
2022,1559,38,male,white,high school,13,south,married,4,other,,20572.5,working class,strong republican,conservative,trump,,favor,,pretty happy,excellent,,,not satisfied at all,,catholic,about once or twice a year,"don't know, no way to find out",,
2022,1560,73,female,white,graduate,20,south,divorced,2,working part time,15,101280,middle class,not very strong democrat,slightly liberal,biden,,favor,,not too happy,fair,,,not satisfied at all,0,protestant,less than once a year,no doubts,,
2022,1561,56,female,white,high school,12,south,divorced,2,retired,,63300,middle class,not very strong republican,"moderate, middle of the road",,,favor,,very happy,poor,,,not satisfied at all,,none,never,don't believe,,
2022,1562,38,male,white,graduate,18,south,married,2,working full time,40,42727.5,working class,"independent, close to democrat",slightly liberal,biden,favor,favor,,pretty happy,good,exciting,,more or less satisfied,0,none,less than once a year,,,
2022,1563,48,male,white,associate/junior college,15,south,married,0,working part time,18,2215.5,middle class,"independent, close to republican",slightly conservative,,,oppose,should be legal,pretty happy,good,,can't be too careful,more or less satisfied,16,none,never,"don't know, no way to find out",yes,ancient book
2022,1564,49,male,white,high school,14,south,married,2,working full time,40,52222.5,middle class,not very strong republican,conservative,trump,,favor,,very happy,good,,,more or less satisfied,0,catholic,several times a year,no doubts,,
2022,1565,70,male,white,high school,12,south,married,1,retired,,,middle class,not very strong republican,conservative,trump,,favor,should not be legal,very happy,good,,most people can be trusted,pretty well satisfied,,protestant,about once or twice a year,believe with doubts,yes,inspired word
2022,1566,32,female,white,associate/junior college,14,south,married,0,working full time,40,88620,middle class,not very strong democrat,slightly liberal,biden,,oppose,should be legal,pretty happy,good,,most people can be trusted,more or less satisfied,3,none,never,higher power,yes,ancient book
2022,1567,60,female,white,bachelor's,16,south,divorced,2,working full time,40,52222.5,middle class,"independent, close to democrat","moderate, middle of the road",biden,favor,favor,should be legal,not too happy,good,routine,most people can be trusted,more or less satisfied,1,jewish,never,believe sometimes,yes,inspired word
2022,1568,66,male,white,associate/junior college,20,south,never married,0,retired,,,middle class,"independent (neither, no response)","moderate, middle of the road",biden,favor,,,not too happy,good,exciting,,more or less satisfied,,catholic,nearly every week,,,
2022,1569,37,female,white,bachelor's,17,south,married,1,working full time,50,163572.71343,middle class,strong democrat,extremely liberal,biden,favor,oppose,,pretty happy,good,exciting,,more or less satisfied,,none,never,"don't know, no way to find out",,
2022,1570,73,male,white,high school,12,south,never married,0,retired,,,working class,strong democrat,liberal,biden,,oppose,,pretty happy,good,,,pretty well satisfied,,catholic,never,no doubts,,
2022,1571,32,male,other,high school,12,west,separated,0,"with a job, but not at work because of temporary illness, vacation, strike",,,working class,"independent (neither, no response)","moderate, middle of the road",other candidate,favor,favor,should be legal,very happy,good,exciting,can't be too careful,more or less satisfied,1,none,never,higher power,yes,inspired word
2022,1572,31,female,white,high school,14,west,married,4,keeping house,,,middle class,"independent, close to republican",extremely conservative,trump,favor,favor,,very happy,excellent,routine,,pretty well satisfied,,protestant,every week,no doubts,,
2022,1573,53,female,white,associate/junior college,14,west,married,0,keeping house,,,working class,strong democrat,"moderate, middle of the road",biden,oppose,favor,,pretty happy,good,exciting,,more or less satisfied,,none,never,,,
2022,1574,70,male,other,associate/junior college,14,west,married,2,retired,,,middle class,"independent, close to democrat","moderate, middle of the road",,oppose,favor,,pretty happy,good,routine,,more or less satisfied,,catholic,2-3 times a month,,,
2022,1575,42,female,white,high school,13,west,married,2,working full time,40,52222.5,middle class,not very strong republican,slightly liberal,trump,,oppose,,pretty happy,excellent,,,more or less satisfied,1,protestant,every week,no doubts,,
2022,1576,54,female,white,graduate,16,west,married,2,working full time,40,63300,middle class,strong republican,slightly conservative,don't know,,oppose,,not too happy,excellent,,,more or less satisfied,0,catholic,every week,no doubts,,
2022,1577,,male,white,graduate,19,west,widowed,4,keeping house,,,middle class,other party,"moderate, middle of the road",biden,favor,oppose,,pretty happy,good,dull,,more or less satisfied,,protestant,nearly every week,,yes,inspired word
2022,1578,59,female,white,high school,13,west,married,2,working part time,28,17407.5,middle class,strong republican,conservative,trump,favor,favor,,very happy,excellent,exciting,,pretty well satisfied,0,protestant,about once or twice a year,,,
2022,1579,34,male,other,high school,14,west,married,2,working full time,40,13451.25,working class,not very strong democrat,liberal,biden,favor,favor,,very happy,good,exciting,,more or less satisfied,0,catholic,about once or twice a year,believe with doubts,,
2022,1580,18,female,white,high school,12,west,never married,0,in school,,,middle class,"independent (neither, no response)","moderate, middle of the road",,favor,oppose,,pretty happy,excellent,routine,,more or less satisfied,,protestant,nearly every week,no doubts,,
2022,1581,26,female,white,bachelor's,17,west,never married,0,working full time,40,28485,working class,"independent, close to democrat",slightly liberal,biden,,oppose,,pretty happy,good,,,not satisfied at all,25,none,never,higher power,,
2022,1582,22,male,white,high school,15,west,never married,0,in school,,17407.5,working class,"independent (neither, no response)","moderate, middle of the road",trump,oppose,favor,,pretty happy,good,exciting,,not satisfied at all,,none,never,,don't know,inspired word
2022,1583,60,male,white,associate/junior college,15,west,never married,0,other,,,middle class,"independent (neither, no response)","moderate, middle of the road",,favor,favor,,pretty happy,good,exciting,,more or less satisfied,,none,less than once a year,,,
2022,1584,,female,white,high school,13,west,never married,0,working full time,42,,working class,not very strong republican,"moderate, middle of the road",biden,,favor,should be legal,pretty happy,excellent,,can't be too careful,pretty well satisfied,0,none,never,don't believe,no,ancient book
2022,1585,,female,black,less than high school,5,west,never married,0,other,,,don't know,strong republican,don't know,,favor,favor,should not be legal,pretty happy,fair,exciting,can't be too careful,more or less satisfied,,protestant,about once a month,no doubts,yes,word of god
2022,1586,,female,,high school,12,west,never married,3,keeping house,,,don't know,"independent (neither, no response)","moderate, middle of the road",,,,should be legal,not too happy,good,,can't be too careful,not satisfied at all,,none,never,,,
2022,1587,69,female,white,high school,15,west,widowed,2,retired,,,middle class,"independent (neither, no response)","moderate, middle of the road",other candidate,favor,favor,,pretty happy,good,routine,,more or less satisfied,,none,never,higher power,,
2022,1588,66,male,,high school,14,west,married,2,working full time,40,63300,working class,strong republican,slightly conservative,trump,oppose,favor,should not be legal,pretty happy,good,routine,most people can be trusted,more or less satisfied,0,catholic,several times a year,higher power,yes,inspired word
2022,1589,,male,white,associate/junior college,14,west,married,1,keeping house,,,middle class,"independent, close to democrat",liberal,,favor,oppose,,not too happy,poor,dull,,not satisfied at all,,protestant,never,,yes,inspired word
2022,1590,89,female,black,graduate,20,west,divorced,3,retired,,,middle class,,liberal,biden,,oppose,should not be legal,pretty happy,fair,,most people can be trusted,pretty well satisfied,,other,never,no doubts,yes,inspired word
2022,1591,62,female,black,high school,14,west,divorced,2,working full time,40,52222.5,middle class,"independent, close to democrat","moderate, middle of the road",biden,,oppose,,pretty happy,good,,,pretty well satisfied,0,none,less than once a year,no doubts,,
2022,1592,21,don't know,other,associate/junior college,14,west,never married,1,working part time,20,,middle class,strong democrat,slightly conservative,,oppose,oppose,,pretty happy,excellent,exciting,,more or less satisfied,0,catholic,nearly every week,no doubts,,
2022,1593,21,male,other,high school,15,west,never married,0,in school,,,working class,not very strong republican,slightly conservative,trump,favor,favor,,very happy,excellent,exciting,,not satisfied at all,,catholic,every week,,yes,inspired word
2022,1594,,male,white,high school,12,west,married,2,working part time,24,,middle class,not very strong republican,extremely conservative,trump,,oppose,should be legal,very happy,excellent,,most people can be trusted,more or less satisfied,,,every week,,yes,word of god
2022,1595,26,male,white,graduate,20,west,never married,0,working full time,40,42727.5,middle class,"independent, close to democrat",extremely liberal,biden,,oppose,,not too happy,fair,,,not satisfied at all,10,protestant,several times a year,believe with doubts,,
2022,1596,49,female,white,associate/junior college,14,west,married,2,working part time,6,1266,middle class,"independent, close to republican",conservative,trump,favor,favor,,pretty happy,good,routine,,pretty well satisfied,3,christian,every week,,,
2022,1597,22,female,white,high school,13,west,married,0,working full time,40,28485,middle class,not very strong democrat,liberal,biden,favor,favor,should be legal,pretty happy,good,routine,can't be too careful,more or less satisfied,0,none,never,don't believe,no,ancient book
2022,1598,35,male,white,high school,14,west,never married,0,working full time,40,63300,middle class,strong democrat,liberal,biden,favor,oppose,,pretty happy,good,routine,,pretty well satisfied,0,none,about once or twice a year,don't believe,,
2022,1599,,male,white,high school,12,west,married,2,working full time,45,163572.71343,middle class,strong republican,extremely conservative,trump,,favor,,very happy,excellent,,,more or less satisfied,0,catholic,about once a month,no doubts,,
2022,1600,51,female,white,bachelor's,17,west,divorced,2,working part time,32,163572.71343,middle class,"independent, close to republican","moderate, middle of the road",trump,favor,oppose,,pretty happy,excellent,routine,,more or less satisfied,0,catholic,about once or twice a year,,,
2022,1601,19,male,white,associate/junior college,13,west,never married,0,in school,,,middle class,"independent, close to democrat",liberal,,favor,oppose,should be legal,pretty happy,excellent,exciting,can't be too careful,pretty well satisfied,,none,less than once a year,don't believe,no,ancient book
2022,1602,37,male,white,high school,12,west,divorced,2,working full time,40,15033.75,middle class,"independent, close to republican",conservative,trump,,oppose,should not be legal,pretty happy,good,,most people can be trusted,pretty well satisfied,0,protestant,every week,no doubts,yes,inspired word
2022,1603,23,don't know,other,less than high school,,west,never married,0,working full time,40,,working class,"independent (neither, no response)",liberal,,favor,oppose,,pretty happy,excellent,exciting,,more or less satisfied,,none,never,don't believe,,
2022,1604,72,female,white,bachelor's,16,west,divorced,6,keeping house,,,middle class,not very strong republican,slightly conservative,trump,oppose,favor,don't know,pretty happy,good,exciting,most people can be trusted,more or less satisfied,,protestant,every week,no doubts,yes,inspired word
2022,1605,28,female,white,high school,12,northeast,never married,2,"unemployed, laid off, looking for work",,,working class,"independent (neither, no response)","moderate, middle of the road",,,favor,,pretty happy,good,,,not satisfied at all,,none,never,believe with doubts,,
2022,1606,55,female,white,graduate,20,northeast,married,1,working full time,60,63300,middle class,strong republican,extremely conservative,trump,favor,favor,should not be legal,pretty happy,good,exciting,most people can be trusted,pretty well satisfied,0,catholic,every week,no doubts,yes,word of god
2022,1607,27,female,white,bachelor's,17,northeast,never married,0,working full time,40,,middle class,"independent, close to republican",slightly conservative,trump,favor,oppose,,pretty happy,good,exciting,,more or less satisfied,1,protestant,several times a year,,yes,word of god
2022,1608,57,female,black,high school,14,northeast,divorced,4,working full time,40,34815,working class,not very strong democrat,liberal,biden,,oppose,,pretty happy,good,,,not satisfied at all,0,protestant,nearly every week,no doubts,,
2022,1609,49,male,black,bachelor's,16,northeast,married,3,working full time,40,75960,middle class,strong republican,extremely conservative,trump,,favor,should not be legal,very happy,excellent,,can't be too careful,pretty well satisfied,0,protestant,every week,no doubts,yes,word of god
2022,1610,72,female,white,high school,12,northeast,widowed,2,keeping house,,316.5,middle class,not very strong republican,"moderate, middle of the road",trump,,favor,should not be legal,not too happy,fair,,can't be too careful,pretty well satisfied,,protestant,several times a week,no doubts,yes,inspired word
2022,1611,75,female,white,high school,12,northeast,married,2,retired,,,middle class,strong democrat,"moderate, middle of the road",biden,,favor,should not be legal,pretty happy,fair,,most people can be trusted,not satisfied at all,,none,never,"don't know, no way to find out",no,ancient book
2022,1612,52,male,black,high school,12,northeast,married,3,working full time,80,42727.5,working class,other party,slightly liberal,,,favor,should be legal,pretty happy,fair,,can't be too careful,not satisfied at all,0,none,never,believe sometimes,yes,ancient book
2022,1613,35,male,black,high school,14,northeast,married,3,working full time,75,52222.5,working class,other party,"moderate, middle of the road",biden,favor,oppose,,pretty happy,good,exciting,,pretty well satisfied,10,none,about once or twice a year,,yes,ancient book
2022,1614,51,male,white,graduate,20,northeast,divorced,2,working part time,15,52222.5,middle class,not very strong republican,slightly conservative,trump,oppose,oppose,,pretty happy,good,exciting,,more or less satisfied,0,catholic,several times a year,believe sometimes,,
2022,1615,31,male,white,bachelor's,18,northeast,married,0,"unemployed, laid off, looking for work",,,middle class,"independent (neither, no response)",extremely liberal,biden,oppose,don't know,should be legal,very happy,excellent,exciting,most people can be trusted,pretty well satisfied,,none,less than once a year,don't believe,no,ancient book
2022,1616,57,male,white,high school,12,northeast,married,2,working full time,40,42727.5,lower class,strong democrat,"moderate, middle of the road",biden,favor,favor,,pretty happy,good,routine,,more or less satisfied,0,catholic,never,,no,word of god
2022,1617,29,female,black,graduate,18,northeast,never married,3,working full time,40,42727.5,middle class,"independent, close to democrat",slightly liberal,biden,favor,favor,,very happy,excellent,exciting,,pretty well satisfied,0,protestant,about once or twice a year,,,
2022,1618,26,male,black,high school,12,northeast,never married,1,"unemployed, laid off, looking for work",,,lower class,strong democrat,liberal,,favor,oppose,,not too happy,good,routine,,not satisfied at all,,protestant,about once or twice a year,,no,inspired word
2022,1619,,male,black,high school,16,northeast,separated,2,in school,,42727.5,working class,not very strong republican,slightly conservative,,,don't know,should be legal,pretty happy,good,,can't be too careful,not satisfied at all,,none,about once or twice a year,believe sometimes,yes,ancient book
2022,1620,21,female,black,high school,12,northeast,never married,0,"unemployed, laid off, looking for work",,20572.5,working class,strong democrat,"moderate, middle of the road",,favor,don't know,should be legal,pretty happy,excellent,dull,can't be too careful,not satisfied at all,,christian,less than once a year,believe sometimes,yes,inspired word
2022,1621,65,male,black,high school,14,northeast,never married,0,retired,,,working class,"independent (neither, no response)","moderate, middle of the road",biden,favor,favor,,pretty happy,fair,exciting,,more or less satisfied,,protestant,several times a week,,,
2022,1622,76,female,white,high school,12,northeast,divorced,3,"unemployed, laid off, looking for work",,,middle class,not very strong democrat,"moderate, middle of the road",,favor,oppose,,not too happy,good,routine,,pretty well satisfied,,protestant,less than once a year,,don't know,inspired word
2022,1623,33,male,white,high school,10,northeast,never married,3,"unemployed, laid off, looking for work",,,working class,"independent (neither, no response)",slightly conservative,,favor,favor,,pretty happy,good,routine,,not satisfied at all,,protestant,never,,yes,inspired word
2022,1624,,,other,less than high school,2,northeast,separated,7,in school,,,lower class,"independent, close to democrat",slightly liberal,,oppose,favor,,,excellent,routine,,more or less satisfied,,hinduism,about once a month,higher power,,
2022,1625,30,male,white,high school,12,northeast,married,2,working full time,40,63300,working class,strong republican,conservative,,oppose,favor,,pretty happy,fair,routine,,more or less satisfied,8,protestant,2-3 times a month,no doubts,,
2022,1626,45,female,white,high school,14,northeast,married,3,other,,,working class,"independent (neither, no response)","moderate, middle of the road",,oppose,oppose,,pretty happy,poor,routine,,pretty well satisfied,,none,about once or twice a year,higher power,,
2022,1627,71,female,black,bachelor's,16,northeast,married,2,retired,,,middle class,strong democrat,"moderate, middle of the road",biden,favor,oppose,should be legal,pretty happy,good,exciting,most people can be trusted,pretty well satisfied,,catholic,every week,believe with doubts,yes,word of god
2022,1628,66,female,white,high school,12,northeast,married,2,retired,,,lower class,,"moderate, middle of the road",,favor,favor,,pretty happy,good,routine,,not satisfied at all,,protestant,2-3 times a month,,yes,inspired word
2022,1629,67,male,white,high school,12,northeast,married,2,retired,,,working class,strong republican,extremely conservative,trump,,favor,,not too happy,fair,,,more or less satisfied,,protestant,every week,no doubts,,
2022,1630,42,female,white,bachelor's,19,northeast,married,4,working part time,20,,middle class,strong republican,conservative,trump,oppose,oppose,,pretty happy,good,routine,,more or less satisfied,5,protestant,2-3 times a month,no doubts,,
2022,1631,73,male,white,high school,12,northeast,married,4,retired,,2215.5,working class,"independent, close to republican",conservative,trump,favor,favor,should not be legal,very happy,fair,exciting,can't be too careful,not satisfied at all,,protestant,every week,no doubts,yes,word of god
2022,1632,44,female,white,graduate,18,northeast,never married,0,working full time,40,20572.5,working class,not very strong democrat,slightly liberal,trump,favor,favor,,pretty happy,good,routine,,not satisfied at all,5,protestant,nearly every week,,,
2022,1633,63,male,white,high school,12,northeast,married,3,working full time,40,52222.5,working class,not very strong democrat,"moderate, middle of the road",biden,favor,favor,,pretty happy,fair,routine,,not satisfied at all,10,catholic,less than once a year,no doubts,,
2022,1634,51,male,black,associate/junior college,14,northeast,married,2,working full time,80,15033.75,working class,strong democrat,"moderate, middle of the road",biden,favor,oppose,don't know,very happy,good,exciting,most people can be trusted,not satisfied at all,0,protestant,nearly every week,no doubts,yes,word of god
2022,1635,34,female,white,less than high school,11,northeast,married,6,working full time,40,316.5,working class,"independent, close to republican",extremely liberal,,favor,favor,should be legal,pretty happy,good,exciting,can't be too careful,not satisfied at all,20,protestant,less than once a year,no doubts,yes,word of god
2022,1636,67,female,white,high school,12,northeast,divorced,1,"with a job, but not at work because of temporary illness, vacation, strike",,10286.25,working class,not very strong democrat,"moderate, middle of the road",biden,favor,oppose,,not too happy,poor,routine,,not satisfied at all,30,protestant,never,,,
2022,1637,26,female,black,less than high school,11,northeast,never married,0,in school,,,middle class,not very strong democrat,"moderate, middle of the road",biden,,favor,should be legal,pretty happy,fair,,can't be too careful,more or less satisfied,,protestant,never,believe sometimes,yes,inspired word
2022,1638,30,male,black,high school,14,northeast,never married,3,working full time,40,28485,lower class,not very strong democrat,slightly conservative,biden,favor,oppose,,pretty happy,good,exciting,,not satisfied at all,,protestant,less than once a year,,no,ancient book
2022,1639,38,male,white,bachelor's,18,northeast,never married,1,working full time,40,34815,working class,strong republican,conservative,trump,oppose,favor,,not too happy,good,routine,,not satisfied at all,30,protestant,about once or twice a year,,yes,inspired word
2022,1640,62,female,white,high school,12,northeast,never married,2,other,,,working class,"independent (neither, no response)","moderate, middle of the road",trump,favor,favor,should not be legal,not too happy,fair,routine,can't be too careful,not satisfied at all,,protestant,about once or twice a year,no doubts,yes,word of god
2022,1641,30,female,white,bachelor's,16,northeast,never married,0,working full time,40,20572.5,working class,not very strong democrat,slightly liberal,biden,,favor,,pretty happy,good,,,more or less satisfied,10,protestant,never,believe sometimes,,
2022,1642,46,female,white,graduate,18,south,married,3,working full time,40,163572.71343,upper class,not very strong republican,conservative,biden,,favor,,pretty happy,good,,,pretty well satisfied,5,protestant,nearly every week,no doubts,,
2022,1643,45,male,white,bachelor's,16,south,married,5,working full time,50,63300,middle class,not very strong republican,conservative,trump,favor,favor,,pretty happy,good,routine,,more or less satisfied,5,protestant,2-3 times a month,no doubts,,
2022,1644,42,male,white,graduate,20,south,divorced,1,working full time,40,52222.5,upper class,"independent, close to democrat","moderate, middle of the road",biden,favor,favor,should be legal,pretty happy,good,exciting,most people can be trusted,pretty well satisfied,1,none,several times a year,higher power,no,ancient book
2022,1645,,male,white,high school,14,south,never married,0,in school,,,middle class,"independent (neither, no response)",slightly liberal,,,favor,,pretty happy,excellent,,,pretty well satisfied,,catholic,never,don't believe,,
2022,1646,55,female,black,bachelor's,16,south,married,2,working part time,10,63300,upper class,"independent, close to democrat",extremely liberal,biden,favor,oppose,,very happy,excellent,exciting,,pretty well satisfied,2,catholic,several times a year,,yes,inspired word
2022,1647,22,male,white,high school,15,south,never married,0,in school,,13451.25,middle class,"independent (neither, no response)",slightly liberal,biden,favor,favor,,not too happy,fair,dull,,more or less satisfied,,catholic,less than once a year,believe sometimes,,
2022,1648,31,male,other,graduate,18,south,married,2,working full time,40,63300,working class,not very strong republican,slightly conservative,,oppose,don't know,should not be legal,very happy,good,routine,can't be too careful,more or less satisfied,3,protestant,every week,no doubts,yes,inspired word
2022,1649,36,male,other,graduate,18,south,married,1,working full time,24,52222.5,working class,"independent (neither, no response)","moderate, middle of the road",,favor,don't know,,pretty happy,good,routine,,not satisfied at all,0,none,several times a year,,don't know,inspired word
2022,1650,,male,black,graduate,19,south,married,1,working full time,50,163572.71343,middle class,"independent (neither, no response)","moderate, middle of the road",,,oppose,don't know,very happy,excellent,,can't be too careful,pretty well satisfied,0,protestant,every week,no doubts,yes,word of god
2022,1651,51,male,white,bachelor's,15,south,married,1,working full time,40,,working class,"independent (neither, no response)","moderate, middle of the road",,favor,oppose,,very happy,excellent,exciting,,more or less satisfied,0,catholic,about once or twice a year,no doubts,,
2022,1652,32,male,black,bachelor's,16,south,never married,0,working full time,40,,middle class,"independent, close to republican","moderate, middle of the road",,favor,oppose,,very happy,good,exciting,,more or less satisfied,2,protestant,2-3 times a month,,yes,inspired word
2022,1653,50,male,white,high school,12,south,divorced,0,working full time,40,7121.25,working class,"independent (neither, no response)","moderate, middle of the road",,favor,oppose,,pretty happy,good,exciting,,more or less satisfied,1,catholic,nearly every week,no doubts,yes,word of god
2022,1654,41,female,black,high school,13,south,married,2,working full time,40,28485,working class,not very strong democrat,"moderate, middle of the road",biden,favor,oppose,,pretty happy,good,routine,,not satisfied at all,0,protestant,every week,,yes,word of god
2022,1655,49,male,black,graduate,18,south,never married,2,working full time,64,52222.5,middle class,not very strong democrat,liberal,biden,favor,oppose,,pretty happy,good,exciting,,more or less satisfied,0,protestant,about once or twice a year,,yes,inspired word
2022,1656,47,female,black,bachelor's,18,south,married,5,working full time,40,52222.5,middle class,strong democrat,"moderate, middle of the road",biden,favor,favor,,pretty happy,fair,routine,,not satisfied at all,4,christian,about once a month,,yes,inspired word
2022,1657,40,female,white,high school,14,south,never married,1,working full time,40,,middle class,"independent, close to democrat",extremely liberal,biden,,oppose,,pretty happy,good,,,more or less satisfied,0,none,never,higher power,,
2022,1658,34,female,black,less than high school,9,south,married,8,working full time,40,5697,working class,"independent, close to democrat","moderate, middle of the road",trump,,favor,should be legal,pretty happy,fair,,can't be too careful,not satisfied at all,0,protestant,several times a week,no doubts,yes,word of god
2022,1659,56,male,white,high school,15,south,married,4,working full time,40,101280,middle class,strong republican,conservative,,,favor,,very happy,excellent,,,pretty well satisfied,0,protestant,several times a week,no doubts,,
2022,1660,54,female,white,associate/junior college,15,south,married,2,keeping house,,,middle class,strong democrat,liberal,biden,,oppose,,pretty happy,fair,,,not satisfied at all,,none,never,believe with doubts,,
2022,1661,34,female,white,bachelor's,16,south,never married,0,"unemployed, laid off, looking for work",,,middle class,"independent, close to democrat","moderate, middle of the road",biden,favor,oppose,should not be legal,not too happy,good,routine,most people can be trusted,more or less satisfied,,protestant,every week,no doubts,yes,inspired word
2022,1662,70,female,white,associate/junior college,14,south,widowed,3,keeping house,,,working class,strong democrat,extremely liberal,biden,,oppose,should be legal,not too happy,good,,can't be too careful,not satisfied at all,,none,never,don't believe,no,ancient book
2022,1663,76,female,white,high school,12,south,divorced,1,keeping house,,,middle class,"independent, close to republican",don't know,trump,favor,favor,should be legal,not too happy,excellent,exciting,can't be too careful,pretty well satisfied,,protestant,about once or twice a year,no doubts,yes,word of god
2022,1664,,female,,bachelor's,16,south,never married,0,working full time,55,13451.25,working class,"independent, close to republican",conservative,trump,favor,favor,,not too happy,good,routine,,not satisfied at all,20,christian,several times a year,,yes,inspired word
2022,1665,51,male,other,high school,12,south,married,3,working full time,50,52222.5,working class,not very strong democrat,slightly conservative,biden,,oppose,don't know,very happy,fair,,can't be too careful,pretty well satisfied,2,catholic,every week,no doubts,no,inspired word
2022,1666,59,female,black,associate/junior college,14,south,divorced,3,working full time,50,52222.5,working class,"independent (neither, no response)","moderate, middle of the road",,favor,favor,,pretty happy,good,exciting,,more or less satisfied,0,christian,several times a week,no doubts,,
2022,1667,55,female,black,bachelor's,16,south,divorced,2,working full time,40,163572.71343,middle class,strong democrat,slightly conservative,biden,,favor,should be legal,not too happy,good,,can't be too careful,more or less satisfied,30,protestant,every week,no doubts,no,word of god
2022,1668,76,male,white,high school,15,south,divorced,0,working part time,18,20572.5,working class,other party,extremely conservative,trump,oppose,favor,,very happy,excellent,exciting,,pretty well satisfied,0,protestant,about once or twice a year,,yes,inspired word
2022,1669,77,female,white,high school,12,south,married,2,retired,,,middle class,strong republican,extremely conservative,trump,favor,oppose,,not too happy,good,routine,,more or less satisfied,,protestant,every week,no doubts,,
2022,1670,41,male,white,high school,14,south,married,8,working full time,45,,working class,other party,conservative,trump,oppose,favor,,pretty happy,good,routine,,not satisfied at all,20,protestant,every week,,,
2022,1671,47,female,white,high school,12,south,divorced,3,keeping house,,,working class,"independent (neither, no response)",don't know,,favor,oppose,should be legal,not too happy,good,routine,can't be too careful,not satisfied at all,,protestant,never,no doubts,yes,don't know
2022,1672,63,male,black,high school,12,south,widowed,4,retired,,,working class,"independent, close to democrat","moderate, middle of the road",biden,oppose,favor,,not too happy,good,dull,,not satisfied at all,,protestant,never,no doubts,,
2022,1673,80,female,black,high school,12,south,widowed,3,retired,,,middle class,not very strong democrat,extremely conservative,biden,,don't know,should be legal,pretty happy,good,,most people can be trusted,not satisfied at all,,protestant,every week,no doubts,yes,word of god
2022,1674,35,male,white,less than high school,8,south,married,2,working full time,50,52222.5,working class,strong republican,extremely conservative,trump,oppose,oppose,,not too happy,good,routine,,more or less satisfied,30,none,never,,,
2022,1675,37,female,white,high school,13,south,married,2,working full time,40,20572.5,working class,strong republican,conservative,trump,,favor,should be legal,very happy,excellent,,can't be too careful,more or less satisfied,0,protestant,about once or twice a year,no doubts,yes,word of god
2022,1676,22,female,white,high school,12,south,never married,0,working part time,34,2215.5,lower class,strong democrat,liberal,biden,,favor,,pretty happy,good,,,not satisfied at all,10,none,several times a year,higher power,,
2022,1677,60,female,white,high school,12,south,divorced,2,other,,,lower class,"independent (neither, no response)",conservative,don't know,favor,oppose,,pretty happy,fair,routine,,more or less satisfied,,protestant,2-3 times a month,no doubts,,
2022,1678,37,male,white,less than high school,7,south,divorced,4,"unemployed, laid off, looking for work",,10286.25,middle class,"independent, close to democrat","moderate, middle of the road",,,favor,should be legal,not too happy,good,,can't be too careful,pretty well satisfied,,none,about once or twice a year,believe with doubts,yes,inspired word
2022,1679,32,male,white,high school,12,south,married,3,working full time,40,20572.5,working class,not very strong republican,"moderate, middle of the road",,,favor,,pretty happy,good,,,not satisfied at all,10,protestant,about once a month,no doubts,,
2022,1680,57,male,white,high school,14,south,divorced,2,working part time,25,10286.25,working class,"independent, close to republican","moderate, middle of the road",,,favor,,not too happy,excellent,,,not satisfied at all,0,catholic,several times a year,no doubts,,
2022,1681,36,female,white,high school,12,south,never married,3,working full time,40,23737.5,lower class,not very strong republican,slightly conservative,,oppose,don't know,should be legal,not too happy,good,dull,can't be too careful,more or less satisfied,25,none,several times a year,no doubts,yes,ancient book
2022,1682,28,male,white,high school,12,south,never married,1,working full time,58,17407.5,working class,not very strong republican,conservative,,,oppose,,very happy,good,,,more or less satisfied,0,none,never,no doubts,,
2022,1683,66,male,other,high school,12,south,divorced,2,retired,,,lower class,"independent, close to republican",conservative,,favor,favor,should be legal,not too happy,fair,dull,can't be too careful,not satisfied at all,,protestant,never,don't believe,no,ancient book
2022,1684,48,female,white,high school,12,south,divorced,1,working part time,35,8703.75,working class,"independent, close to republican","moderate, middle of the road",,oppose,oppose,,very happy,good,routine,,not satisfied at all,,christian,never,no doubts,,
2022,1685,23,female,other,less than high school,6,south,separated,2,keeping house,,,working class,"independent (neither, no response)",extremely liberal,,,don't know,should be legal,not too happy,good,,can't be too careful,more or less satisfied,,none,never,no doubts,yes,word of god
2022,1686,36,male,other,high school,12,south,married,1,working full time,41,23737.5,lower class,strong republican,conservative,,favor,favor,,pretty happy,excellent,routine,,more or less satisfied,0,protestant,every week,no doubts,,
2022,1687,77,male,white,high school,12,south,married,2,retired,,,working class,"independent, close to republican","moderate, middle of the road",trump,,favor,,very happy,good,,,more or less satisfied,,catholic,less than once a year,believe with doubts,,
2022,1688,67,female,white,less than high school,11,south,separated,4,keeping house,,,working class,,slightly conservative,,favor,don't know,should be legal,pretty happy,good,routine,can't be too careful,more or less satisfied,,protestant,never,no doubts,don't know,word of god
2022,1689,28,female,white,high school,12,midwest,married,1,working full time,40,63300,working class,"independent (neither, no response)","moderate, middle of the road",,,oppose,should be legal,pretty happy,fair,,can't be too careful,not satisfied at all,12,protestant,every week,no doubts,yes,inspired word
2022,1690,21,male,black,less than high school,12,midwest,never married,0,"unemployed, laid off, looking for work",,8703.75,working class,"independent, close to democrat","moderate, middle of the road",,,favor,should be legal,very happy,fair,,can't be too careful,more or less satisfied,,catholic,2-3 times a month,no doubts,yes,inspired word
2022,1691,79,male,white,high school,12,midwest,married,2,retired,,,middle class,"independent, close to republican",conservative,trump,oppose,favor,should not be legal,very happy,fair,exciting,can't be too careful,not satisfied at all,,catholic,about once or twice a year,believe with doubts,no,inspired word
2022,1692,35,female,white,bachelor's,16,midwest,never married,0,working full time,40,34815,working class,"independent, close to democrat",liberal,biden,favor,favor,,not too happy,good,routine,,more or less satisfied,4,none,never,,,
2022,1693,23,female,other,associate/junior college,14,midwest,married,0,keeping house,,4747.5,working class,not very strong republican,"moderate, middle of the road",,favor,favor,,pretty happy,excellent,routine,,pretty well satisfied,,catholic,every week,,,
2022,1694,64,male,white,high school,12,midwest,never married,0,working full time,40,52222.5,working class,strong republican,extremely conservative,trump,oppose,favor,,pretty happy,good,routine,,more or less satisfied,0,catholic,never,,,
2022,1695,74,male,white,high school,12,midwest,widowed,2,retired,,11868.75,working class,strong republican,conservative,trump,oppose,favor,,not too happy,good,routine,,more or less satisfied,,protestant,never,higher power,,
2022,1696,65,female,white,associate/junior college,14,midwest,divorced,3,retired,,,middle class,"independent (neither, no response)","moderate, middle of the road",biden,favor,favor,,not too happy,fair,routine,,not satisfied at all,,catholic,never,no doubts,,
2022,1697,60,female,white,high school,12,midwest,divorced,3,working full time,40,23737.5,working class,"independent (neither, no response)","moderate, middle of the road",biden,,favor,,very happy,good,,,more or less satisfied,0,protestant,never,higher power,,
2022,1698,78,male,white,high school,12,midwest,married,3,retired,,,working class,"independent (neither, no response)","moderate, middle of the road",,favor,oppose,,pretty happy,good,exciting,,pretty well satisfied,,protestant,never,,,
2022,1699,50,male,white,less than high school,8,midwest,never married,0,working part time,0,7121.25,working class,strong democrat,conservative,,,oppose,should be legal,very happy,fair,,can't be too careful,more or less satisfied,0,catholic,about once or twice a year,no doubts,yes,word of god
2022,1700,30,female,black,associate/junior college,14,midwest,never married,4,working full time,45,20572.5,middle class,strong democrat,don't know,biden,oppose,oppose,,pretty happy,excellent,exciting,,pretty well satisfied,,none,never,,yes,ancient book
2022,1701,34,male,black,high school,12,midwest,never married,0,working part time,89,3481.5,working class,"independent (neither, no response)",slightly liberal,,,oppose,should be legal,pretty happy,poor,,can't be too careful,not satisfied at all,30,none,never,believe sometimes,yes,inspired word
2022,1702,42,male,black,graduate,19,midwest,never married,1,working part time,25,,working class,strong democrat,liberal,biden,favor,oppose,,not too happy,excellent,routine,,more or less satisfied,1,none,never,don't believe,,
2022,1703,43,female,black,associate/junior college,14,midwest,never married,8,working part time,14,4747.5,middle class,"independent (neither, no response)",extremely liberal,other candidate,favor,favor,,very happy,excellent,exciting,,more or less satisfied,0,none,never,,,
2022,1704,32,female,black,less than high school,11,midwest,never married,2,working part time,20,15033.75,working class,"independent (neither, no response)","moderate, middle of the road",,,oppose,should be legal,pretty happy,fair,,can't be too careful,more or less satisfied,29,protestant,every week,no doubts,yes,word of god
2022,1705,56,female,black,high school,14,midwest,divorced,3,keeping house,,,middle class,"independent (neither, no response)",liberal,biden,favor,oppose,,pretty happy,good,exciting,,pretty well satisfied,,protestant,several times a year,,don't know,ancient book
2022,1706,24,male,white,high school,13,midwest,never married,0,working full time,50,17407.5,working class,"independent, close to democrat","moderate, middle of the road",other candidate,,oppose,,pretty happy,good,,,not satisfied at all,4,none,less than once a year,higher power,,
2022,1707,39,female,black,high school,12,midwest,never married,2,working part time,25,,working class,not very strong democrat,liberal,,favor,favor,,not too happy,excellent,routine,,more or less satisfied,,protestant,several times a week,no doubts,,
2022,1708,40,male,white,less than high school,9,midwest,never married,0,keeping house,,,lower class,not very strong republican,extremely conservative,,,favor,should be legal,pretty happy,good,,can't be too careful,not satisfied at all,,protestant,never,believe with doubts,yes,ancient book
2022,1709,60,male,black,associate/junior college,15,midwest,married,3,working part time,25,10286.25,working class,strong democrat,"moderate, middle of the road",biden,oppose,favor,don't know,pretty happy,fair,routine,most people can be trusted,not satisfied at all,0,protestant,about once a month,believe with doubts,don't know,inspired word
2022,1710,31,male,black,graduate,13,south,never married,2,working full time,70,,working class,not very strong republican,conservative,,oppose,favor,should not be legal,pretty happy,good,routine,can't be too careful,not satisfied at all,0,protestant,never,no doubts,yes,inspired word
2022,1711,54,female,black,bachelor's,16,south,never married,0,working full time,40,163572.71343,middle class,"independent (neither, no response)",slightly liberal,biden,,don't know,should not be legal,pretty happy,fair,,can't be too careful,pretty well satisfied,0,none,every week,higher power,yes,ancient book
2022,1712,29,female,white,associate/junior college,14,south,married,3,working full time,50,28485,working class,not very strong democrat,slightly liberal,,,favor,,pretty happy,good,,,more or less satisfied,15,catholic,never,"don't know, no way to find out",,
2022,1713,81,male,white,graduate,16,south,married,1,retired,,,middle class,not very strong republican,slightly conservative,trump,oppose,favor,,pretty happy,fair,routine,,pretty well satisfied,,catholic,about once or twice a year,,,
2022,1714,59,female,black,graduate,18,south,married,6,retired,,,middle class,"independent, close to republican",extremely conservative,trump,,favor,,pretty happy,good,,,pretty well satisfied,,jewish,several times a week,no doubts,,
2022,1715,37,male,white,associate/junior college,14,south,never married,0,working full time,60,28485,working class,"independent (neither, no response)","moderate, middle of the road",,oppose,favor,should be legal,not too happy,good,routine,can't be too careful,not satisfied at all,,none,less than once a year,higher power,don't know,ancient book
2022,1716,30,female,black,high school,12,south,never married,2,"unemployed, laid off, looking for work",,5697,lower class,not very strong democrat,"moderate, middle of the road",biden,oppose,oppose,,not too happy,good,dull,,not satisfied at all,,protestant,several times a year,no doubts,,
2022,1717,72,female,white,graduate,20,south,married,1,keeping house,,,middle class,strong democrat,liberal,biden,,oppose,should be legal,not too happy,excellent,,depends,pretty well satisfied,,protestant,about once a month,no doubts,yes,inspired word
2022,1718,65,female,white,high school,13,south,married,2,working part time,36,,working class,strong republican,extremely conservative,trump,oppose,favor,,not too happy,good,routine,,more or less satisfied,0,protestant,several times a week,no doubts,,
2022,1719,42,male,white,bachelor's,16,south,married,3,retired,,163572.71343,middle class,not very strong democrat,"moderate, middle of the road",don't know,,favor,,pretty happy,excellent,,,more or less satisfied,,none,never,higher power,,
2022,1720,48,female,other,high school,12,south,divorced,3,in school,,,,"independent (neither, no response)",,,,oppose,,pretty happy,good,,can't be too careful,,,jewish,several times a year,believe with doubts,,
2022,1721,72,female,white,high school,11,south,widowed,2,working full time,40,17407.5,middle class,strong democrat,"moderate, middle of the road",biden,,don't know,should be legal,very happy,excellent,,can't be too careful,pretty well satisfied,0,catholic,nearly every week,no doubts,yes,don't know
2022,1722,,male,other,high school,14,south,married,0,in school,,,middle class,"independent (neither, no response)",liberal,,oppose,oppose,,very happy,excellent,routine,,more or less satisfied,,none,never,,,
2022,1723,55,male,white,high school,15,south,never married,8,working part time,15,8703.75,lower class,"independent, close to democrat",slightly liberal,,favor,favor,,pretty happy,good,routine,,more or less satisfied,10,christian,less than once a year,higher power,,
2022,1724,36,male,black,high school,13,south,divorced,2,working full time,40,20572.5,working class,"independent, close to republican",conservative,,,favor,should be legal,not too happy,fair,,can't be too careful,not satisfied at all,0,protestant,never,no doubts,yes,word of god
2022,1725,,female,white,high school,15,south,never married,0,"unemployed, laid off, looking for work",,,working class,strong democrat,extremely liberal,biden,favor,oppose,,pretty happy,good,routine,,not satisfied at all,,none,never,,,
2022,1726,58,female,white,high school,10,south,divorced,4,working full time,40,28485,working class,"independent, close to republican","moderate, middle of the road",,favor,favor,should be legal,pretty happy,good,routine,can't be too careful,more or less satisfied,30,none,less than once a year,no doubts,no,ancient book
2022,1727,64,male,white,associate/junior college,14,south,widowed,4,other,,,lower class,strong democrat,extremely liberal,biden,oppose,favor,,pretty happy,fair,exciting,,more or less satisfied,,orthodox-christian,several times a year,,yes,inspired word
2022,1728,50,male,other,less than high school,8,south,never married,6,working full time,50,,working class,"independent, close to republican",extremely liberal,didn't vote for president,favor,oppose,,very happy,fair,exciting,,more or less satisfied,,protestant,about once a month,,,
2022,1729,66,male,white,less than high school,10,south,separated,2,"unemployed, laid off, looking for work",,,middle class,"independent, close to democrat",liberal,,,favor,should be legal,not too happy,fair,,can't be too careful,not satisfied at all,,catholic,about once or twice a year,higher power,yes,word of god
2022,1730,35,female,white,less than high school,10,south,separated,4,"unemployed, laid off, looking for work",,15033.75,working class,"independent (neither, no response)",conservative,,oppose,oppose,,pretty happy,fair,exciting,,more or less satisfied,,catholic,never,,,
2022,1731,64,male,white,associate/junior college,14,south,married,3,working full time,40,63300,working class,strong republican,conservative,trump,,favor,,pretty happy,excellent,,,more or less satisfied,0,christian,nearly every week,no doubts,,
2022,1732,54,male,white,less than high school,6,south,married,5,working full time,43,23737.5,working class,not very strong republican,"moderate, middle of the road",,oppose,favor,should be legal,pretty happy,good,routine,can't be too careful,not satisfied at all,0,catholic,less than once a year,no doubts,don't know,inspired word
2022,1733,34,male,white,less than high school,2,south,married,2,"with a job, but not at work because of temporary illness, vacation, strike",,10286.25,working class,not very strong democrat,conservative,,favor,oppose,,very happy,fair,exciting,,not satisfied at all,1,catholic,about once or twice a year,no doubts,,
2022,1734,51,male,white,high school,12,south,married,1,working full time,40,20572.5,working class,"independent (neither, no response)","moderate, middle of the road",don't know,,favor,,very happy,good,,,more or less satisfied,,catholic,less than once a year,no doubts,,
2022,1735,34,male,white,associate/junior college,14,south,married,2,keeping house,,11868.75,middle class,strong republican,conservative,trump,,favor,should be legal,very happy,good,,can't be too careful,pretty well satisfied,,protestant,every week,no doubts,yes,word of god
2022,1736,24,female,white,associate/junior college,16,south,married,2,working full time,40,,lower class,"independent, close to republican",conservative,,oppose,oppose,should be legal,very happy,good,exciting,depends,not satisfied at all,,catholic,less than once a year,no doubts,yes,word of god
2022,1737,66,male,white,high school,12,south,married,1,working full time,40,34815,working class,strong democrat,"moderate, middle of the road",,favor,favor,should be legal,very happy,fair,exciting,can't be too careful,more or less satisfied,0,catholic,several times a year,higher power,no,inspired word
2022,1738,44,male,white,high school,13,south,married,1,working full time,40,52222.5,working class,strong republican,extremely conservative,trump,oppose,favor,,very happy,fair,exciting,,not satisfied at all,3,protestant,several times a week,no doubts,,
2022,1739,62,female,white,high school,12,south,widowed,4,working part time,16,5697,working class,strong republican,extremely conservative,trump,oppose,oppose,,not too happy,good,routine,,more or less satisfied,0,protestant,every week,,yes,word of god
2022,1740,40,female,white,high school,12,south,married,7,keeping house,,,working class,"independent (neither, no response)",conservative,,,don't know,should not be legal,not too happy,fair,,can't be too careful,more or less satisfied,,protestant,2-3 times a month,no doubts,don't know,word of god
2022,1741,55,female,white,associate/junior college,13,midwest,married,2,working full time,37,34815,working class,strong republican,conservative,trump,oppose,favor,,very happy,good,exciting,,not satisfied at all,0,protestant,nearly every week,no doubts,,
2022,1742,43,female,white,high school,12,midwest,married,3,working full time,50,34815,working class,strong republican,"moderate, middle of the road",trump,,favor,,pretty happy,good,,,more or less satisfied,0,none,never,no doubts,,
2022,1743,54,male,white,high school,12,midwest,divorced,4,working full time,40,34815,working class,"independent (neither, no response)","moderate, middle of the road",,,favor,,not too happy,good,,,not satisfied at all,15,none,less than once a year,higher power,,
2022,1744,67,male,white,bachelor's,16,midwest,married,2,retired,,20572.5,working class,"independent, close to republican",conservative,trump,favor,favor,,very happy,excellent,exciting,,more or less satisfied,,protestant,several times a week,,,
2022,1745,59,male,white,bachelor's,16,midwest,married,1,working full time,50,75960,middle class,"independent, close to republican",slightly conservative,trump,,favor,should be legal,not too happy,fair,,can't be too careful,more or less satisfied,0,protestant,several times a year,higher power,yes,ancient book
2022,1746,55,female,white,high school,13,midwest,divorced,2,working full time,40,20572.5,middle class,"independent, close to republican","moderate, middle of the road",,oppose,favor,,pretty happy,excellent,exciting,,not satisfied at all,0,protestant,2-3 times a month,,,
2022,1747,44,female,black,high school,13,midwest,never married,1,keeping house,,,lower class,"independent, close to democrat","moderate, middle of the road",,,oppose,should be legal,not too happy,fair,,can't be too careful,not satisfied at all,,none,,"don't know, no way to find out",don't know,ancient book
2022,1748,45,female,white,high school,13,midwest,divorced,2,working full time,45,75960,working class,not very strong republican,"moderate, middle of the road",trump,oppose,oppose,,pretty happy,excellent,exciting,,more or less satisfied,0,catholic,less than once a year,believe with doubts,,
2022,1749,,female,white,high school,13,midwest,married,2,working part time,30,,working class,"independent (neither, no response)","moderate, middle of the road",trump,favor,favor,,pretty happy,good,routine,,more or less satisfied,0,protestant,several times a year,,,
2022,1750,,female,white,graduate,18,midwest,married,1,working full time,40,28485,middle class,"independent (neither, no response)","moderate, middle of the road",trump,favor,oppose,,very happy,excellent,routine,,pretty well satisfied,0,protestant,every week,no doubts,,
2022,1751,33,female,white,graduate,16,midwest,never married,0,working full time,35,42727.5,middle class,strong democrat,liberal,biden,favor,oppose,,pretty happy,good,routine,,not satisfied at all,15,protestant,never,,,
2022,1752,65,female,white,high school,14,midwest,separated,5,retired,,,middle class,strong democrat,liberal,biden,favor,oppose,,pretty happy,excellent,routine,,more or less satisfied,,catholic,several times a year,,,
2022,1753,45,male,white,bachelor's,16,midwest,married,2,keeping house,,,middle class,"independent, close to democrat",liberal,biden,,oppose,should be legal,not too happy,fair,,most people can be trusted,more or less satisfied,,none,never,"don't know, no way to find out",don't know,ancient book
2022,1754,38,male,white,bachelor's,16,midwest,married,0,working full time,45,20572.5,working class,"independent, close to democrat",extremely liberal,,,oppose,should be legal,very happy,good,,can't be too careful,not satisfied at all,1,catholic,about once or twice a year,believe with doubts,yes,ancient book
2022,1755,32,female,white,bachelor's,16,midwest,married,3,keeping house,,,middle class,not very strong republican,slightly conservative,biden,favor,oppose,should not be legal,very happy,excellent,exciting,most people can be trusted,pretty well satisfied,,protestant,every week,no doubts,yes,inspired word
2022,1756,,,black,high school,12,midwest,divorced,2,working full time,37,,working class,"independent (neither, no response)","moderate, middle of the road",biden,,oppose,,pretty happy,good,,,more or less satisfied,,protestant,every week,no doubts,,
2022,1757,23,male,black,less than high school,11,midwest,never married,0,working full time,32,11868.75,working class,"independent, close to democrat",slightly liberal,biden,favor,oppose,,pretty happy,excellent,exciting,,not satisfied at all,7,other,never,,yes,ancient book
2022,1758,24,female,white,bachelor's,16,midwest,never married,0,working full time,40,42727.5,middle class,strong republican,conservative,,favor,favor,,pretty happy,good,routine,,more or less satisfied,20,protestant,every week,,,
2022,1759,77,male,white,graduate,19,midwest,married,1,working part time,15,42727.5,upper class,strong democrat,slightly liberal,biden,oppose,favor,should not be legal,pretty happy,excellent,exciting,most people can be trusted,more or less satisfied,0,protestant,about once or twice a year,higher power,no,inspired word
2022,1760,54,female,white,bachelor's,16,midwest,divorced,2,working full time,40,20572.5,working class,not very strong democrat,liberal,biden,,oppose,,not too happy,good,,,more or less satisfied,5,none,less than once a year,higher power,,
2022,1761,28,female,white,graduate,19,midwest,never married,0,working full time,40,34815,working class,other party,extremely liberal,biden,favor,oppose,,not too happy,fair,exciting,,not satisfied at all,15,none,never,,,
2022,1762,69,female,black,high school,12,midwest,widowed,3,keeping house,,,lower class,"independent, close to democrat",slightly conservative,biden,,favor,should be legal,pretty happy,poor,,can't be too careful,not satisfied at all,,catholic,about once a month,no doubts,yes,word of god
2022,1763,71,female,white,graduate,17,midwest,married,0,retired,,,middle class,strong republican,conservative,trump,,oppose,,not too happy,good,,,more or less satisfied,,catholic,every week,no doubts,,
2022,1764,56,male,white,high school,14,midwest,widowed,3,other,,,middle class,strong republican,conservative,trump,favor,favor,,not too happy,fair,routine,,more or less satisfied,,protestant,less than once a year,,,
2022,1765,28,male,white,high school,12,midwest,never married,3,keeping house,,316.5,working class,other party,"moderate, middle of the road",,favor,favor,should be legal,pretty happy,fair,dull,can't be too careful,more or less satisfied,,other,less than once a year,higher power,yes,ancient book
2022,1766,46,male,white,high school,12,midwest,divorced,4,working full time,40,,working class,not very strong democrat,slightly liberal,biden,favor,favor,should be legal,not too happy,good,exciting,most people can be trusted,more or less satisfied,7,catholic,about once or twice a year,no doubts,yes,inspired word
2022,1767,45,male,white,high school,12,midwest,never married,0,working full time,82,17407.5,working class,"independent, close to republican",conservative,trump,,oppose,should not be legal,not too happy,good,,most people can be trusted,not satisfied at all,0,protestant,about once or twice a year,no doubts,yes,word of god
2022,1768,43,male,white,less than high school,12,midwest,never married,8,working full time,60,34815,lower class,strong republican,"moderate, middle of the road",trump,oppose,favor,,not too happy,excellent,dull,,not satisfied at all,30,catholic,never,,yes,inspired word
2022,1769,43,male,black,high school,12,midwest,never married,5,working full time,40,52222.5,middle class,other party,conservative,biden,oppose,favor,,pretty happy,good,exciting,,not satisfied at all,0,don't know,never,,yes,inspired word
2022,1770,67,male,white,high school,12,midwest,married,2,working part time,20,28485,working class,strong republican,conservative,trump,,favor,should be legal,pretty happy,good,,can't be too careful,pretty well satisfied,2,protestant,every week,no doubts,yes,word of god
2022,1771,74,female,white,high school,12,midwest,divorced,1,retired,,,middle class,"independent, close to republican","moderate, middle of the road",,oppose,don't know,,not too happy,good,dull,,more or less satisfied,,protestant,never,,don't know,inspired word
2022,1772,85,female,white,high school,12,midwest,married,2,retired,,,working class,not very strong democrat,slightly conservative,biden,,oppose,,very happy,fair,,,more or less satisfied,,protestant,nearly every week,believe with doubts,,
2022,1773,45,male,white,bachelor's,16,midwest,divorced,2,"unemployed, laid off, looking for work",,,lower class,not very strong democrat,liberal,biden,,favor,should be legal,not too happy,poor,,can't be too careful,not satisfied at all,,protestant,2-3 times a month,no doubts,no,other (vol)
2022,1774,50,male,white,associate/junior college,14,midwest,married,1,working full time,65,52222.5,middle class,strong republican,slightly conservative,trump,,favor,,pretty happy,good,,,pretty well satisfied,0,,several times a year,no doubts,,
2022,1775,28,female,white,high school,10,midwest,never married,2,keeping house,,,middle class,"independent, close to republican",conservative,,favor,favor,,very happy,good,routine,,more or less satisfied,,protestant,never,,,
2022,1776,72,male,white,high school,15,midwest,married,3,retired,,,middle class,"independent, close to democrat",slightly liberal,biden,,favor,,pretty happy,good,,,not satisfied at all,,protestant,less than once a year,believe sometimes,,
2022,1777,70,female,white,bachelor's,16,midwest,married,1,retired,,,middle class,"independent (neither, no response)","moderate, middle of the road",,,favor,should not be legal,pretty happy,good,,depends,pretty well satisfied,,protestant,2-3 times a month,no doubts,yes,word of god
2022,1778,69,male,white,graduate,18,midwest,married,0,retired,,,middle class,strong democrat,liberal,biden,oppose,favor,should be legal,pretty happy,good,routine,can't be too careful,pretty well satisfied,,protestant,never,"don't know, no way to find out",no,ancient book
2022,1779,69,male,white,high school,12,midwest,divorced,1,working part time,28,8703.75,middle class,"independent, close to republican",conservative,trump,oppose,favor,,not too happy,good,routine,,more or less satisfied,0,protestant,never,believe with doubts,,
2022,1780,30,female,black,high school,11,midwest,never married,1,working full time,12,,working class,,,,,oppose,should be legal,pretty happy,good,,can't be too careful,more or less satisfied,0,,,,,
2022,1781,76,female,white,bachelor's,16,midwest,divorced,4,retired,,,working class,"independent (neither, no response)",slightly conservative,didn't vote for president,favor,favor,,not too happy,good,routine,,more or less satisfied,,protestant,less than once a year,believe with doubts,,
2022,1782,89,male,black,high school,13,midwest,married,3,retired,,,working class,"independent (neither, no response)","moderate, middle of the road",,oppose,oppose,,pretty happy,fair,exciting,,more or less satisfied,,protestant,about once or twice a year,no doubts,,
2022,1783,66,female,white,high school,12,midwest,married,0,,,,working class,"independent, close to democrat","moderate, middle of the road",biden,,favor,,very happy,excellent,,,pretty well satisfied,,protestant,every week,believe with doubts,,
2022,1784,24,female,white,bachelor's,16,midwest,never married,0,working full time,44,23737.5,middle class,strong republican,conservative,trump,oppose,favor,,pretty happy,excellent,routine,,more or less satisfied,4,catholic,several times a year,,,
2022,1785,30,male,white,associate/junior college,16,midwest,never married,0,working full time,50,28485,working class,"independent, close to democrat",slightly liberal,biden,,oppose,,pretty happy,fair,,,more or less satisfied,15,none,never,"don't know, no way to find out",,
2022,1786,26,male,white,graduate,17,midwest,married,0,working full time,0,28485,working class,other party,conservative,trump,oppose,favor,should be legal,not too happy,good,exciting,can't be too careful,not satisfied at all,2,christian,nearly every week,no doubts,yes,inspired word
2022,1787,60,male,white,high school,12,midwest,never married,0,retired,,,lower class,not very strong republican,"moderate, middle of the road",trump,oppose,favor,,not too happy,excellent,routine,,not satisfied at all,,protestant,never,,no,inspired word
2022,1788,69,male,white,bachelor's,16,midwest,married,2,retired,,,middle class,not very strong democrat,slightly liberal,biden,,oppose,,pretty happy,excellent,,,pretty well satisfied,,protestant,never,believe sometimes,,
2022,1789,19,male,white,high school,12,midwest,never married,0,working part time,20,1266,working class,"independent (neither, no response)",,,,favor,should be legal,not too happy,excellent,,depends,more or less satisfied,0,protestant,about once a month,no doubts,yes,inspired word
2022,1790,58,female,white,high school,17,midwest,never married,0,retired,,23737.5,middle class,not very strong democrat,slightly liberal,biden,oppose,favor,don't know,very happy,good,exciting,depends,more or less satisfied,,protestant,about once or twice a year,higher power,don't know,ancient book
2022,1791,26,female,white,high school,12,midwest,married,2,working full time,40,7121.25,working class,"independent, close to republican",extremely conservative,,oppose,favor,don't know,very happy,good,exciting,can't be too careful,more or less satisfied,0,protestant,never,no doubts,yes,inspired word
2022,1792,83,female,black,less than high school,10,midwest,widowed,2,retired,,,upper class,strong democrat,extremely liberal,biden,favor,favor,,pretty happy,good,exciting,,more or less satisfied,,protestant,nearly every week,,yes,word of god
2022,1793,62,female,black,high school,14,midwest,divorced,1,other,,,lower class,not very strong democrat,"moderate, middle of the road",biden,,favor,,not too happy,fair,,,not satisfied at all,,protestant,never,no doubts,,
2022,1794,47,male,other,less than high school,11,midwest,never married,4,working full time,30,28485,working class,"independent (neither, no response)",extremely liberal,,favor,favor,,very happy,good,routine,,more or less satisfied,20,catholic,about once or twice a year,"don't know, no way to find out",,
2022,1795,22,female,white,bachelor's,16,midwest,never married,0,working full time,40,3481.5,working class,strong democrat,slightly liberal,biden,favor,oppose,,pretty happy,good,routine,,more or less satisfied,6,protestant,nearly every week,,,
2022,1796,20,female,other,high school,14,midwest,never married,0,in school,,,don't know,"independent (neither, no response)","moderate, middle of the road",,favor,favor,should not be legal,don't know,fair,routine,can't be too careful,don't know,,protestant,never,no doubts,yes,word of god
2022,1797,20,female,white,high school,15,midwest,never married,0,working part time,32,13451.25,working class,not very strong democrat,liberal,biden,favor,oppose,,pretty happy,good,routine,,not satisfied at all,15,none,never,,,
2022,1798,31,male,white,associate/junior college,15,midwest,never married,0,"with a job, but not at work because of temporary illness, vacation, strike",,8703.75,working class,not very strong democrat,slightly liberal,biden,,favor,,not too happy,good,,,not satisfied at all,7,none,never,don't believe,,
2022,1799,21,male,white,high school,15,midwest,never married,0,in school,,4114.5,middle class,"independent, close to republican",conservative,trump,oppose,favor,should be legal,pretty happy,good,exciting,most people can be trusted,pretty well satisfied,,catholic,several times a year,believe with doubts,yes,inspired word
2022,1800,21,female,white,high school,15,midwest,never married,0,working part time,10,,middle class,strong democrat,liberal,biden,favor,oppose,,pretty happy,excellent,exciting,,pretty well satisfied,5,protestant,about once or twice a year,believe with doubts,,
2022,1801,30,female,white,bachelor's,17,midwest,never married,1,in school,,,upper class,strong republican,conservative,trump,don't know,oppose,should be legal,not too happy,poor,dull,can't be too careful,more or less satisfied,,other,about once or twice a year,believe with doubts,yes,inspired word
2022,1802,69,male,white,high school,12,midwest,married,4,working full time,40,34815,working class,not very strong republican,slightly conservative,trump,oppose,favor,,pretty happy,good,routine,,not satisfied at all,0,protestant,about once or twice a year,,yes,inspired word
2022,1803,68,male,white,high school,12,midwest,widowed,1,retired,,,working class,not very strong republican,slightly conservative,,favor,favor,should be legal,pretty happy,good,routine,most people can be trusted,more or less satisfied,,protestant,about once or twice a year,believe sometimes,no,inspired word
2022,1804,70,female,white,high school,12,midwest,married,2,retired,,,middle class,not very strong republican,"moderate, middle of the road",,favor,favor,don't know,not too happy,fair,routine,can't be too careful,not satisfied at all,,protestant,less than once a year,no doubts,yes,word of god
2022,1805,35,male,white,high school,14,midwest,married,0,working full time,40,52222.5,middle class,not very strong republican,conservative,don't know,,favor,,pretty happy,fair,,,more or less satisfied,30,protestant,less than once a year,believe with doubts,,
2022,1806,39,female,white,bachelor's,16,midwest,married,3,working full time,40,52222.5,working class,"independent, close to republican","moderate, middle of the road",trump,,favor,,pretty happy,fair,,,more or less satisfied,30,none,never,believe with doubts,,
2022,1807,,male,white,bachelor's,16,west,divorced,0,working full time,60,42727.5,working class,"independent, close to republican","moderate, middle of the road",,favor,,,pretty happy,good,exciting,,pretty well satisfied,1,protestant,several times a year,,yes,inspired word
2022,1808,24,female,other,high school,12,west,never married,1,keeping house,,13451.25,working class,"independent, close to democrat","moderate, middle of the road",biden,oppose,don't know,,pretty happy,excellent,exciting,,more or less satisfied,,none,never,,don't know,ancient book
2022,1809,28,male,black,bachelor's,16,west,never married,0,working full time,50,,working class,not very strong democrat,slightly liberal,biden,favor,oppose,should be legal,very happy,good,exciting,can't be too careful,more or less satisfied,15,protestant,every week,no doubts,yes,inspired word
2022,1810,32,male,white,high school,12,west,married,5,working full time,40,3481.5,working class,"independent (neither, no response)","moderate, middle of the road",,favor,favor,,pretty happy,fair,routine,,more or less satisfied,0,catholic,never,no doubts,,
2022,1811,32,male,black,graduate,18,west,never married,0,in school,,,middle class,"independent (neither, no response)",extremely liberal,,favor,oppose,,very happy,excellent,exciting,,not satisfied at all,,catholic,every week,no doubts,,
2022,1812,89,male,black,high school,12,west,never married,0,retired,,,middle class,strong democrat,extremely liberal,biden,favor,favor,,pretty happy,fair,routine,,more or less satisfied,,protestant,never,,yes,inspired word
2022,1813,75,male,white,high school,16,west,divorced,0,retired,,17407.5,middle class,"independent (neither, no response)","moderate, middle of the road",biden,,oppose,,not too happy,good,,,not satisfied at all,,catholic,less than once a year,no doubts,,
2022,1814,27,male,other,bachelor's,18,west,never married,0,working part time,36,42727.5,working class,"independent, close to democrat",extremely liberal,,favor,oppose,should be legal,not too happy,good,exciting,most people can be trusted,not satisfied at all,2,none,less than once a year,"don't know, no way to find out",don't know,ancient book
2022,1815,,male,black,high school,12,west,married,8,working full time,40,,,"independent (neither, no response)",extremely conservative,,favor,oppose,should be legal,very happy,excellent,routine,can't be too careful,more or less satisfied,,protestant,never,believe with doubts,yes,ancient book
2022,1816,22,female,black,high school,15,west,never married,0,working full time,4,13451.25,working class,not very strong democrat,"moderate, middle of the road",biden,favor,favor,,pretty happy,good,routine,,more or less satisfied,5,protestant,several times a year,,yes,inspired word
2022,1817,,male,black,high school,12,west,never married,1,working full time,40,,middle class,"independent, close to democrat",don't know,biden,favor,oppose,,pretty happy,excellent,exciting,,not satisfied at all,0,protestant,never,,yes,inspired word
2022,1818,70,male,white,less than high school,10,west,married,3,retired,,,working class,strong democrat,"moderate, middle of the road",biden,favor,favor,,pretty happy,good,routine,,more or less satisfied,,none,never,,,
2022,1819,,male,other,less than high school,11,west,married,2,working full time,40,34815,working class,"independent (neither, no response)","moderate, middle of the road",biden,favor,favor,,pretty happy,fair,routine,,not satisfied at all,0,catholic,about once or twice a year,,yes,inspired word
2022,1820,71,male,white,bachelor's,16,west,married,2,working full time,40,,middle class,"independent (neither, no response)","moderate, middle of the road",don't know,favor,favor,,pretty happy,good,routine,,more or less satisfied,0,protestant,never,believe with doubts,,
2022,1821,,male,white,high school,12,west,married,1,working full time,60,63300,working class,"independent (neither, no response)","moderate, middle of the road",,,oppose,should be legal,pretty happy,fair,,can't be too careful,more or less satisfied,,none,never,don't believe,no,ancient book
2022,1822,64,female,black,high school,12,west,married,2,retired,,,working class,"independent, close to republican",conservative,biden,favor,favor,,pretty happy,good,exciting,,more or less satisfied,,protestant,never,,,
2022,1823,66,male,white,high school,14,west,married,0,retired,,,working class,strong republican,"moderate, middle of the road",,oppose,oppose,should be legal,very happy,excellent,exciting,most people can be trusted,pretty well satisfied,,none,never,believe sometimes,don't know,inspired word
2022,1824,29,female,white,associate/junior college,16,west,never married,2,keeping house,,,working class,"independent (neither, no response)",slightly conservative,trump,favor,favor,,very happy,good,exciting,,pretty well satisfied,,protestant,2-3 times a month,don't believe,,
2022,1825,34,female,white,bachelor's,16,west,married,0,working full time,50,28485,middle class,strong democrat,extremely liberal,biden,favor,oppose,,pretty happy,good,routine,,more or less satisfied,5,none,never,"don't know, no way to find out",,
2022,1826,,male,white,high school,12,west,widowed,0,retired,,,middle class,strong republican,"moderate, middle of the road",trump,,favor,should not be legal,pretty happy,fair,,can't be too careful,more or less satisfied,,,,,don't know,
2022,1827,20,female,black,high school,13,west,never married,0,working full time,40,10286.25,middle class,not very strong democrat,"moderate, middle of the road",biden,favor,oppose,,not too happy,fair,exciting,,more or less satisfied,0,none,never,,yes,inspired word
2022,1828,86,female,black,high school,12,west,widowed,7,retired,,,middle class,strong democrat,extremely liberal,biden,,oppose,should not be legal,not too happy,fair,,depends,pretty well satisfied,,protestant,less than once a year,no doubts,yes,inspired word
2022,1829,59,female,white,high school,12,west,married,2,retired,,1266,working class,"independent, close to democrat",slightly liberal,biden,favor,favor,,pretty happy,good,routine,,more or less satisfied,,other,never,higher power,,
2022,1830,70,male,black,associate/junior college,15,west,divorced,3,retired,,2215.5,lower class,strong democrat,liberal,biden,favor,favor,,pretty happy,fair,exciting,,not satisfied at all,,catholic,never,,,
2022,1831,,female,other,graduate,19,west,married,3,working full time,50,63300,working class,strong republican,conservative,trump,oppose,favor,should not be legal,very happy,good,routine,can't be too careful,pretty well satisfied,3,protestant,every week,no doubts,yes,word of god
2022,1832,57,male,white,less than high school,10,west,married,2,other,,28485,working class,"independent (neither, no response)","moderate, middle of the road",trump,oppose,favor,,pretty happy,excellent,exciting,,not satisfied at all,,catholic,never,believe sometimes,,
2022,1833,73,male,white,associate/junior college,14,west,married,3,retired,,,working class,strong democrat,"moderate, middle of the road",biden,oppose,oppose,,not too happy,fair,routine,,more or less satisfied,,none,about once or twice a year,no doubts,,
2022,1834,72,female,white,high school,13,west,married,3,keeping house,,,middle class,"independent, close to republican",slightly conservative,,oppose,favor,,not too happy,poor,routine,,more or less satisfied,,orthodox-christian,every week,,no,inspired word
2022,1835,48,female,white,associate/junior college,16,west,divorced,0,working full time,50,23737.5,working class,strong democrat,liberal,biden,oppose,oppose,,pretty happy,good,routine,,more or less satisfied,15,catholic,less than once a year,,yes,inspired word
2022,1836,62,male,white,graduate,18,west,divorced,8,working full time,45,42727.5,working class,"independent (neither, no response)","moderate, middle of the road",biden,favor,favor,,pretty happy,good,exciting,,more or less satisfied,2,other,every week,,,
2022,1837,,female,white,high school,12,west,married,3,retired,,,working class,strong republican,extremely conservative,trump,,favor,,pretty happy,fair,,,more or less satisfied,,orthodox-christian,never,no doubts,,
2022,1838,33,female,white,bachelor's,16,west,married,1,working full time,40,163572.71343,middle class,not very strong democrat,liberal,biden,favor,oppose,,pretty happy,excellent,exciting,,more or less satisfied,,none,never,don't believe,,
2022,1839,68,female,white,high school,12,west,widowed,0,working part time,8,2215.5,working class,not very strong democrat,"moderate, middle of the road",biden,favor,favor,,pretty happy,good,routine,,pretty well satisfied,,protestant,about once or twice a year,,,
2022,1840,30,female,white,bachelor's,16,west,married,1,working part time,15,11868.75,middle class,not very strong democrat,slightly liberal,,favor,oppose,should be legal,pretty happy,excellent,routine,most people can be trusted,more or less satisfied,5,none,less than once a year,higher power,yes,ancient book
2022,1841,41,male,black,associate/junior college,15,west,never married,2,working full time,80,316.5,working class,"independent (neither, no response)","moderate, middle of the road",biden,favor,favor,,not too happy,fair,dull,,more or less satisfied,7,none,about once or twice a year,,,
2022,1842,18,male,black,high school,12,west,never married,0,"with a job, but not at work because of temporary illness, vacation, strike",,,lower class,"independent (neither, no response)","moderate, middle of the road",,,oppose,,not too happy,fair,,,not satisfied at all,4,protestant,several times a year,no doubts,,
2022,1843,39,male,white,high school,13,west,divorced,0,other,,,middle class,not very strong republican,slightly conservative,trump,oppose,favor,should be legal,pretty happy,fair,exciting,can't be too careful,more or less satisfied,,none,never,don't believe,yes,ancient book
2022,1844,53,male,white,high school,12,west,divorced,1,working full time,40,52222.5,working class,not very strong republican,"moderate, middle of the road",,oppose,,,very happy,good,exciting,,pretty well satisfied,0,catholic,less than once a year,,,
2022,1845,60,male,white,associate/junior college,14,west,married,0,retired,,,upper class,strong republican,slightly conservative,trump,favor,oppose,,pretty happy,excellent,exciting,,pretty well satisfied,,catholic,less than once a year,,no,inspired word
2022,1846,78,female,white,high school,14,west,married,3,keeping house,,,middle class,strong republican,conservative,trump,oppose,favor,,pretty happy,fair,exciting,,more or less satisfied,,protestant,2-3 times a month,,yes,inspired word
2022,1847,69,male,other,high school,12,west,widowed,0,retired,,,middle class,strong democrat,conservative,biden,oppose,favor,,pretty happy,poor,routine,,more or less satisfied,,catholic,less than once a year,,,
2022,1848,,male,white,high school,12,west,married,7,working full time,40,163572.71343,middle class,"independent, close to republican",extremely liberal,trump,,favor,,not too happy,good,,,more or less satisfied,,none,never,higher power,,
2022,1849,29,female,white,less than high school,6,west,married,0,working full time,40,,middle class,not very strong republican,"moderate, middle of the road",trump,favor,favor,,very happy,good,exciting,,more or less satisfied,,orthodox-christian,less than once a year,,,
2022,1850,62,male,white,high school,12,midwest,never married,0,retired,,,lower class,strong democrat,liberal,biden,,favor,should be legal,not too happy,poor,,can't be too careful,more or less satisfied,,protestant,never,"don't know, no way to find out",no,ancient book
2022,1851,31,female,white,bachelor's,16,midwest,married,0,"with a job, but not at work because of temporary illness, vacation, strike",,20572.5,middle class,"independent, close to republican",slightly conservative,other candidate,favor,oppose,,very happy,good,routine,,more or less satisfied,15,protestant,nearly every week,believe with doubts,,
2022,1852,27,female,white,graduate,18,midwest,married,0,working full time,45,52222.5,middle class,strong democrat,liberal,biden,,oppose,,pretty happy,excellent,,,pretty well satisfied,1,protestant,never,higher power,,
2022,1853,46,male,white,high school,18,midwest,separated,1,working full time,60,34815,middle class,strong republican,conservative,trump,oppose,favor,,pretty happy,good,exciting,,more or less satisfied,2,protestant,never,,,
2022,1854,28,male,white,bachelor's,17,midwest,married,0,working full time,50,34815,middle class,"independent (neither, no response)","moderate, middle of the road",biden,favor,oppose,,pretty happy,good,routine,,pretty well satisfied,4,catholic,nearly every week,,,
2022,1855,69,male,white,high school,12,midwest,never married,0,other,,,middle class,not very strong republican,slightly conservative,trump,,,,pretty happy,good,exciting,,not satisfied at all,,protestant,about once or twice a year,,,
2022,1856,47,female,other,high school,12,midwest,never married,2,working full time,1,63300,working class,not very strong democrat,liberal,biden,,oppose,,very happy,excellent,,,pretty well satisfied,0,none,never,no doubts,,
2022,1857,24,male,white,bachelor's,16,midwest,never married,0,working full time,45,34815,middle class,not very strong democrat,slightly liberal,biden,,favor,,very happy,good,,,pretty well satisfied,5,protestant,several times a year,no doubts,,
2022,1858,65,female,white,bachelor's,17,midwest,never married,0,"with a job, but not at work because of temporary illness, vacation, strike",,8703.75,middle class,strong democrat,slightly liberal,biden,favor,oppose,,pretty happy,fair,routine,,more or less satisfied,0,catholic,less than once a year,,,
2022,1859,70,male,white,high school,12,midwest,divorced,2,working full time,45,34815,middle class,"independent, close to democrat","moderate, middle of the road",biden,,favor,should be legal,very happy,good,,most people can be trusted,pretty well satisfied,3,none,about once or twice a year,higher power,no,ancient book
2022,1860,55,female,white,high school,13,midwest,never married,0,working part time,25,3481.5,lower class,"independent, close to democrat",extremely liberal,biden,favor,oppose,,pretty happy,poor,exciting,,not satisfied at all,5,none,less than once a year,,,
2022,1861,24,female,black,high school,13,midwest,never married,0,working full time,40,23737.5,working class,other party,extremely liberal,biden,favor,oppose,,not too happy,fair,routine,,not satisfied at all,30,other,several times a year,don't believe,,
2022,1862,35,female,white,graduate,18,midwest,married,0,"unemployed, laid off, looking for work",,42727.5,middle class,strong democrat,liberal,biden,favor,oppose,should be legal,pretty happy,good,routine,most people can be trusted,more or less satisfied,,none,never,don't believe,no,ancient book
2022,1863,,female,white,bachelor's,18,midwest,married,2,keeping house,,,middle class,strong democrat,liberal,biden,,favor,should be legal,pretty happy,good,,can't be too careful,more or less satisfied,,protestant,never,believe sometimes,don't know,inspired word
2022,1864,30,male,white,bachelor's,16,midwest,never married,0,working full time,55,42727.5,middle class,not very strong republican,"moderate, middle of the road",biden,,favor,,pretty happy,fair,,,more or less satisfied,2,none,never,"don't know, no way to find out",,
2022,1865,61,male,white,bachelor's,16,midwest,never married,0,retired,,,middle class,strong democrat,liberal,biden,favor,favor,should be legal,pretty happy,good,exciting,most people can be trusted,pretty well satisfied,,none,about once or twice a year,don't believe,no,ancient book
2022,1866,60,female,black,high school,13,midwest,married,1,retired,,63300,working class,strong republican,extremely conservative,trump,favor,favor,,not too happy,fair,exciting,,not satisfied at all,,protestant,less than once a year,,,
2022,1867,51,female,white,bachelor's,18,midwest,never married,0,working full time,40,20572.5,working class,strong democrat,"moderate, middle of the road",biden,favor,oppose,should not be legal,pretty happy,excellent,routine,most people can be trusted,more or less satisfied,2,catholic,less than once a year,higher power,yes,ancient book
2022,1868,18,female,white,less than high school,9,midwest,never married,0,in school,,,working class,other party,extremely liberal,,,oppose,,not too happy,good,,,more or less satisfied,,none,less than once a year,believe sometimes,,
2022,1869,60,male,white,bachelor's,16,midwest,married,2,working full time,40,163572.71343,middle class,strong republican,conservative,trump,,oppose,,pretty happy,good,,,pretty well satisfied,0,protestant,nearly every week,no doubts,,
2022,1870,61,female,white,bachelor's,16,midwest,divorced,4,working full time,36,63300,middle class,strong republican,conservative,trump,favor,favor,should be legal,very happy,good,exciting,most people can be trusted,pretty well satisfied,1,none,never,no doubts,yes,inspired word
2022,1871,59,male,white,high school,12,midwest,never married,0,"unemployed, laid off, looking for work",,63300,working class,strong republican,conservative,trump,oppose,favor,,pretty happy,good,routine,,more or less satisfied,,protestant,never,,,
2022,1872,52,female,white,graduate,17,midwest,married,0,working full time,50,17407.5,working class,"independent (neither, no response)","moderate, middle of the road",trump,,favor,should be legal,pretty happy,fair,,most people can be trusted,more or less satisfied,20,protestant,every week,no doubts,yes,word of god
2022,1873,44,female,black,high school,12,midwest,separated,3,working full time,60,63300,working class,"independent, close to democrat","moderate, middle of the road",biden,,favor,should be legal,not too happy,good,,most people can be trusted,more or less satisfied,5,christian,several times a week,no doubts,yes,word of god
2022,1874,22,male,white,bachelor's,16,midwest,never married,0,in school,,,middle class,other party,slightly conservative,,oppose,favor,,pretty happy,excellent,routine,,more or less satisfied,,catholic,about once or twice a year,,,
2022,1875,39,male,white,bachelor's,16,midwest,married,2,working full time,40,20572.5,middle class,"independent, close to republican",conservative,trump,,oppose,should be legal,very happy,good,,most people can be trusted,not satisfied at all,28,none,never,no doubts,yes,inspired word
2022,1876,54,male,white,high school,12,midwest,married,2,working full time,50,42727.5,middle class,"independent (neither, no response)","moderate, middle of the road",,,favor,,very happy,good,,,pretty well satisfied,0,none,never,no doubts,,
2022,1877,36,male,white,graduate,20,midwest,married,2,keeping house,,75960,middle class,"independent (neither, no response)","moderate, middle of the road",biden,,oppose,,pretty happy,good,,,pretty well satisfied,,none,about once or twice a year,"don't know, no way to find out",,
2022,1878,77,female,white,high school,15,midwest,widowed,0,retired,,,middle class,strong republican,conservative,trump,favor,oppose,should not be legal,pretty happy,good,exciting,can't be too careful,more or less satisfied,,protestant,every week,no doubts,yes,inspired word
2022,1879,45,male,other,bachelor's,16,midwest,married,2,working full time,40,75960,middle class,"independent (neither, no response)",slightly liberal,biden,favor,oppose,,pretty happy,good,exciting,,more or less satisfied,2,none,never,,,
2022,1880,34,female,white,high school,15,midwest,married,0,working full time,40,20572.5,working class,strong republican,conservative,trump,,favor,,not too happy,good,,,more or less satisfied,15,none,never,no doubts,,
2022,1881,74,male,white,bachelor's,17,midwest,married,2,working full time,60,42727.5,middle class,strong republican,conservative,trump,oppose,favor,,pretty happy,fair,exciting,,more or less satisfied,3,catholic,every week,,yes,inspired word
2022,1882,38,male,white,graduate,17,midwest,married,2,working full time,50,88620,upper class,"independent, close to republican",conservative,,favor,favor,,very happy,excellent,exciting,,pretty well satisfied,0,catholic,2-3 times a month,believe with doubts,,
2022,1883,73,male,white,high school,14,midwest,married,2,retired,,,middle class,strong republican,conservative,trump,,favor,,not too happy,fair,,,more or less satisfied,,none,never,believe sometimes,,
2022,1884,54,male,white,bachelor's,16,midwest,married,2,retired,,52222.5,middle class,strong republican,slightly conservative,trump,oppose,favor,should be legal,pretty happy,excellent,exciting,most people can be trusted,more or less satisfied,,none,never,"don't know, no way to find out",no,ancient book
2022,1885,25,female,white,bachelor's,16,midwest,never married,0,working part time,16,28485,working class,not very strong democrat,slightly liberal,biden,,don't know,don't know,pretty happy,fair,,can't be too careful,pretty well satisfied,17,none,about once or twice a year,"don't know, no way to find out",yes,ancient book
2022,1886,55,female,white,bachelor's,16,midwest,divorced,0,working full time,45,34815,middle class,strong democrat,liberal,biden,favor,favor,should be legal,pretty happy,good,routine,can't be too careful,not satisfied at all,0,protestant,never,no doubts,yes,inspired word
2022,1887,81,female,white,bachelor's,16,midwest,married,4,retired,,,working class,"independent, close to republican","moderate, middle of the road",trump,oppose,favor,,pretty happy,good,exciting,,more or less satisfied,,catholic,every week,no doubts,,
2022,1888,32,male,white,graduate,19,midwest,married,0,working full time,40,,middle class,strong republican,conservative,trump,oppose,favor,should be legal,pretty happy,good,routine,most people can be trusted,pretty well satisfied,3,protestant,every week,believe with doubts,yes,word of god
2022,1889,19,male,white,high school,12,midwest,never married,0,in school,,,middle class,"independent (neither, no response)","moderate, middle of the road",,,oppose,,pretty happy,good,,,more or less satisfied,,none,never,believe with doubts,,
2022,1890,42,male,white,bachelor's,17,midwest,married,4,working full time,45,163572.71343,middle class,not very strong democrat,"moderate, middle of the road",biden,favor,oppose,,very happy,good,exciting,,pretty well satisfied,0,catholic,every week,,yes,inspired word
2022,1891,75,female,white,bachelor's,16,midwest,married,2,retired,,,upper class,strong republican,slightly conservative,trump,,favor,should not be legal,very happy,excellent,,most people can be trusted,pretty well satisfied,,protestant,2-3 times a month,no doubts,yes,inspired word
2022,1892,43,male,white,graduate,17,midwest,married,3,working full time,72,52222.5,middle class,strong republican,conservative,trump,oppose,favor,,pretty happy,good,routine,,pretty well satisfied,0,protestant,nearly every week,no doubts,,
2022,1893,55,female,white,bachelor's,16,midwest,divorced,2,working full time,32,28485,middle class,strong democrat,liberal,biden,favor,oppose,,pretty happy,good,routine,,more or less satisfied,0,protestant,less than once a year,higher power,,
2022,1894,39,male,white,high school,12,west,married,4,working part time,28,20572.5,working class,not very strong democrat,"moderate, middle of the road",,oppose,oppose,,very happy,good,exciting,,more or less satisfied,0,catholic,several times a year,,yes,inspired word
2022,1895,39,male,white,graduate,19,west,married,1,working full time,40,63300,working class,"independent, close to democrat",slightly liberal,biden,,oppose,should not be legal,pretty happy,good,,most people can be trusted,more or less satisfied,10,none,less than once a year,higher power,no,ancient book
2022,1896,81,female,white,less than high school,6,west,divorced,5,other,,,middle class,"independent (neither, no response)",slightly liberal,,favor,favor,should not be legal,pretty happy,fair,exciting,can't be too careful,more or less satisfied,,protestant,about once or twice a year,no doubts,yes,word of god
2022,1897,22,male,white,high school,13,west,never married,0,working full time,40,20572.5,working class,"independent (neither, no response)","moderate, middle of the road",,,favor,,pretty happy,good,,,more or less satisfied,0,none,less than once a year,believe with doubts,,
2022,1898,20,male,other,high school,12,west,never married,0,working full time,65,,working class,"independent, close to democrat","moderate, middle of the road",,oppose,favor,,pretty happy,excellent,exciting,,pretty well satisfied,0,protestant,several times a year,,yes,word of god
2022,1899,34,female,white,high school,12,west,never married,0,"with a job, but not at work because of temporary illness, vacation, strike",,23737.5,working class,not very strong democrat,liberal,,favor,oppose,,not too happy,fair,routine,,not satisfied at all,30,catholic,never,higher power,,
2022,1900,24,female,other,high school,12,west,never married,1,working full time,40,3481.5,working class,"independent (neither, no response)",slightly conservative,,oppose,favor,should not be legal,pretty happy,good,routine,can't be too careful,more or less satisfied,0,catholic,less than once a year,higher power,no,word of god
2022,1901,25,male,white,less than high school,11,west,never married,0,keeping house,,,middle class,"independent (neither, no response)","moderate, middle of the road",,oppose,favor,,pretty happy,excellent,don't know,,not satisfied at all,,none,never,,yes,ancient book
2022,1902,26,male,white,less than high school,12,west,married,0,working full time,40,28485,working class,other party,slightly conservative,,oppose,favor,should be legal,pretty happy,excellent,exciting,can't be too careful,pretty well satisfied,5,none,never,higher power,don't know,ancient book
2022,1903,26,male,white,high school,12,west,never married,0,working full time,40,42727.5,working class,strong democrat,extremely liberal,biden,favor,oppose,,pretty happy,fair,exciting,,not satisfied at all,5,none,never,,,
2022,1904,61,male,white,graduate,20,west,never married,0,working full time,75,10286.25,middle class,"independent (neither, no response)",slightly liberal,biden,,oppose,should be legal,pretty happy,good,,can't be too careful,more or less satisfied,0,none,never,higher power,yes,ancient book
2022,1905,29,male,other,graduate,16,west,married,0,working full time,40,52222.5,middle class,not very strong democrat,liberal,,favor,favor,,very happy,good,exciting,,more or less satisfied,,hinduism,never,higher power,,
2022,1906,74,female,other,bachelor's,16,west,divorced,2,retired,,,lower class,"independent (neither, no response)","moderate, middle of the road",,favor,favor,,pretty happy,good,routine,,more or less satisfied,,protestant,about once a month,no doubts,,
2022,1907,31,male,white,bachelor's,16,west,never married,0,working full time,45,28485,working class,other party,extremely liberal,,oppose,oppose,,not too happy,fair,routine,,more or less satisfied,5,none,never,,,
2022,1908,21,female,black,associate/junior college,15,west,never married,0,in school,,,lower class,not very strong democrat,liberal,biden,oppose,favor,,not too happy,fair,routine,,not satisfied at all,,none,less than once a year,higher power,,
2022,1909,22,female,white,less than high school,11,west,never married,0,working full time,17,,working class,"independent (neither, no response)",slightly liberal,biden,favor,oppose,,not too happy,fair,dull,,not satisfied at all,15,none,never,,no,ancient book
2022,1910,32,female,,high school,12,west,married,0,working full time,80,,middle class,not very strong republican,conservative,,,oppose,,pretty happy,good,,,pretty well satisfied,,protestant,never,no doubts,,
2022,1911,69,female,white,high school,12,west,widowed,2,retired,,,lower class,"independent (neither, no response)",conservative,,,favor,should not be legal,not too happy,fair,,can't be too careful,not satisfied at all,,protestant,about once a month,no doubts,yes,word of god
2022,1912,79,male,white,bachelor's,16,west,married,6,retired,,,middle class,"independent (neither, no response)","moderate, middle of the road",biden,,favor,,pretty happy,excellent,,,more or less satisfied,,protestant,less than once a year,higher power,,
2022,1913,46,male,white,high school,13,west,married,4,working full time,36,42727.5,working class,strong democrat,liberal,,,favor,don't know,pretty happy,good,,can't be too careful,not satisfied at all,5,protestant,every week,no doubts,yes,inspired word
2022,1914,53,male,white,graduate,18,west,married,5,working full time,40,52222.5,middle class,"independent, close to republican",slightly conservative,other candidate,,favor,should not be legal,pretty happy,excellent,,most people can be trusted,pretty well satisfied,0,protestant,nearly every week,no doubts,yes,inspired word
2022,1915,62,male,white,high school,12,west,married,3,retired,,,middle class,strong republican,conservative,trump,favor,favor,,,fair,exciting,,more or less satisfied,,protestant,every week,no doubts,,
2022,1916,39,male,white,bachelor's,16,west,married,2,other,,,working class,not very strong republican,conservative,trump,,favor,,not too happy,poor,,,not satisfied at all,,protestant,2-3 times a month,no doubts,,
2022,1917,67,female,white,bachelor's,16,west,married,7,keeping house,,,middle class,strong republican,conservative,trump,oppose,favor,should be legal,pretty happy,excellent,routine,most people can be trusted,pretty well satisfied,,protestant,every week,no doubts,yes,inspired word
2022,1918,38,female,white,graduate,17,west,married,2,working full time,50,163572.71343,upper class,other party,"moderate, middle of the road",trump,oppose,oppose,should be legal,pretty happy,good,routine,can't be too careful,pretty well satisfied,15,none,less than once a year,believe with doubts,yes,inspired word
2022,1919,50,male,white,less than high school,11,west,married,3,working full time,40,28485,middle class,not very strong republican,"moderate, middle of the road",other candidate,oppose,favor,should be legal,pretty happy,good,exciting,most people can be trusted,pretty well satisfied,5,protestant,about once or twice a year,believe sometimes,yes,inspired word
2022,1920,46,female,white,graduate,20,west,married,0,working full time,48,,middle class,strong democrat,liberal,biden,,oppose,,very happy,excellent,,,more or less satisfied,0,none,never,higher power,,
2022,1921,47,male,white,graduate,20,west,never married,0,in school,,,middle class,not very strong democrat,slightly liberal,biden,favor,oppose,,pretty happy,excellent,routine,,more or less satisfied,,protestant,never,,,
2022,1922,75,female,white,high school,14,west,married,2,retired,,,middle class,"independent, close to democrat",slightly liberal,biden,oppose,favor,,very happy,excellent,routine,,more or less satisfied,,protestant,less than once a year,,,
2022,1923,19,male,white,high school,12,west,never married,0,"unemployed, laid off, looking for work",,2215.5,middle class,not very strong republican,slightly conservative,,,,should not be legal,pretty happy,good,,can't be too careful,pretty well satisfied,,protestant,about once a month,believe with doubts,yes,inspired word
2022,1924,55,male,white,graduate,15,west,married,3,working full time,50,163572.71343,upper class,not very strong republican,slightly liberal,trump,,favor,should be legal,very happy,good,,most people can be trusted,pretty well satisfied,0,protestant,several times a week,no doubts,yes,inspired word
2022,1925,32,male,white,bachelor's,16,south,married,2,working full time,40,52222.5,middle class,"independent, close to democrat",slightly liberal,biden,favor,oppose,should be legal,pretty happy,good,exciting,most people can be trusted,more or less satisfied,2,protestant,about once or twice a year,believe with doubts,yes,inspired word
2022,1926,25,female,white,high school,12,south,married,2,working part time,8,10286.25,working class,strong republican,conservative,,,oppose,,very happy,good,,,not satisfied at all,3,protestant,nearly every week,no doubts,,
2022,1927,29,male,white,high school,10,south,divorced,0,working full time,40,28485,working class,"independent (neither, no response)",conservative,,oppose,favor,,pretty happy,excellent,exciting,,more or less satisfied,0,none,several times a year,,,
2022,1928,55,male,white,high school,12,south,married,0,working full time,40,23737.5,working class,strong republican,conservative,,,oppose,should not be legal,not too happy,fair,,can't be too careful,not satisfied at all,7,protestant,about once a month,no doubts,yes,word of god
2022,1929,60,female,white,associate/junior college,14,south,married,2,retired,,,middle class,strong republican,"moderate, middle of the road",trump,oppose,favor,should not be legal,pretty happy,fair,exciting,can't be too careful,more or less satisfied,,protestant,every week,no doubts,yes,word of god
2022,1930,44,male,white,high school,12,south,married,1,working full time,45,42727.5,middle class,"independent (neither, no response)",slightly conservative,,,favor,should be legal,pretty happy,excellent,,depends,pretty well satisfied,0,protestant,less than once a year,no doubts,yes,word of god
2022,1931,33,male,white,high school,12,south,never married,0,"with a job, but not at work because of temporary illness, vacation, strike",,7121.25,working class,"independent, close to republican",don't know,,oppose,favor,should be legal,not too happy,good,exciting,can't be too careful,not satisfied at all,0,protestant,never,"don't know, no way to find out",don't know,inspired word
2022,1932,61,female,white,associate/junior college,14,south,divorced,2,working full time,40,34815,middle class,not very strong republican,"moderate, middle of the road",trump,favor,favor,,pretty happy,good,routine,,more or less satisfied,0,christian,about once or twice a year,,,
2022,1933,42,female,black,graduate,17,south,divorced,2,working full time,40,52222.5,middle class,not very strong democrat,slightly liberal,biden,favor,oppose,,pretty happy,good,exciting,,more or less satisfied,3,protestant,every week,no doubts,,
2022,1934,57,female,white,less than high school,8,south,married,3,other,,,lower class,not very strong republican,slightly conservative,,,favor,,very happy,poor,,,not satisfied at all,,protestant,about once or twice a year,no doubts,,
2022,1935,20,male,white,high school,12,south,never married,0,working full time,40,20572.5,working class,"independent, close to republican","moderate, middle of the road",trump,,favor,should be legal,not too happy,good,,can't be too careful,not satisfied at all,0,none,never,believe with doubts,yes,inspired word
2022,1936,35,male,white,bachelor's,16,south,divorced,2,working full time,89,88620,middle class,"independent, close to republican","moderate, middle of the road",,oppose,oppose,,very happy,excellent,exciting,,more or less satisfied,1,catholic,less than once a year,,,
2022,1937,41,male,white,graduate,17,south,married,3,working full time,30,42727.5,working class,not very strong republican,conservative,trump,,favor,should not be legal,pretty happy,good,,can't be too careful,more or less satisfied,0,protestant,several times a week,no doubts,yes,word of god
2022,1938,,female,black,graduate,19,south,married,7,keeping house,,,middle class,"independent (neither, no response)","moderate, middle of the road",biden,favor,favor,,pretty happy,good,routine,,more or less satisfied,,protestant,less than once a year,,,
2022,1939,24,female,other,less than high school,,south,married,4,working full time,40,23737.5,middle class,"independent (neither, no response)","moderate, middle of the road",,,oppose,,pretty happy,good,,,more or less satisfied,,catholic,2-3 times a month,no doubts,,
2022,1940,42,male,white,bachelor's,16,south,divorced,0,working full time,70,42727.5,upper class,"independent, close to republican","moderate, middle of the road",biden,favor,favor,,pretty happy,good,exciting,,not satisfied at all,15,none,never,,,
2022,1941,24,female,white,bachelor's,16,south,never married,0,working full time,37,,working class,other party,extremely liberal,don't know,,oppose,should be legal,pretty happy,good,,most people can be trusted,not satisfied at all,4,none,several times a year,higher power,yes,ancient book
2022,1942,71,female,white,high school,12,south,widowed,0,retired,,34815,middle class,strong democrat,extremely liberal,biden,favor,oppose,,pretty happy,fair,exciting,,more or less satisfied,,inter-nondenominational,never,,yes,inspired word
2022,1943,45,male,white,high school,15,south,never married,0,working full time,45,28485,working class,"independent, close to republican",conservative,,oppose,favor,,pretty happy,good,routine,,not satisfied at all,0,protestant,several times a year,,,
2022,1944,23,male,white,high school,9,south,never married,0,working full time,40,88620,middle class,"independent, close to democrat",extremely liberal,biden,favor,oppose,,very happy,excellent,exciting,,pretty well satisfied,5,other,never,believe sometimes,,
2022,1945,37,female,white,bachelor's,16,south,never married,0,working full time,50,42727.5,working class,strong democrat,extremely liberal,biden,favor,oppose,,very happy,excellent,exciting,,more or less satisfied,4,none,never,don't believe,,
2022,1946,78,female,white,less than high school,11,south,divorced,2,retired,,,middle class,strong democrat,don't know,biden,,favor,should not be legal,not too happy,fair,,can't be too careful,more or less satisfied,,protestant,every week,no doubts,yes,word of god
2022,1947,73,male,white,graduate,19,south,married,2,retired,,,lower class,not very strong republican,slightly conservative,biden,,oppose,,not too happy,good,,,not satisfied at all,,protestant,never,believe with doubts,,
2022,1948,24,female,black,high school,12,south,never married,0,working full time,40,28485,working class,not very strong democrat,liberal,biden,favor,favor,,very happy,good,routine,,more or less satisfied,2,none,about once or twice a year,,yes,ancient book
2022,1949,45,female,white,graduate,16,south,divorced,3,working part time,18,7121.25,upper class,strong democrat,extremely liberal,biden,favor,oppose,,very happy,excellent,exciting,,pretty well satisfied,0,protestant,never,,,
2022,1950,37,male,white,bachelor's,17,south,married,2,working full time,40,5697,middle class,not very strong republican,slightly conservative,,oppose,favor,,very happy,good,exciting,,more or less satisfied,0,catholic,every week,,yes,inspired word
2022,1951,39,male,white,associate/junior college,14,south,married,2,working full time,50,52222.5,working class,"independent (neither, no response)","moderate, middle of the road",trump,favor,favor,,pretty happy,fair,routine,,not satisfied at all,3,protestant,never,,,
2022,1952,27,female,white,graduate,18,south,married,0,working full time,50,42727.5,middle class,strong democrat,liberal,biden,,oppose,,pretty happy,good,,,pretty well satisfied,24,catholic,several times a year,no doubts,,
2022,1953,,male,,graduate,20,south,never married,0,working full time,50,,working class,"independent, close to democrat","moderate, middle of the road",biden,,oppose,,pretty happy,good,,,pretty well satisfied,,protestant,nearly every week,believe with doubts,,
2022,1954,34,female,white,associate/junior college,15,south,divorced,0,working part time,40,52222.5,middle class,strong democrat,liberal,trump,,oppose,should be legal,pretty happy,good,,most people can be trusted,more or less satisfied,5,none,never,higher power,yes,ancient book
2022,1955,65,female,white,bachelor's,16,south,married,0,working full time,40,101280,middle class,"independent, close to democrat",slightly liberal,biden,favor,favor,,not too happy,good,routine,,pretty well satisfied,2,none,less than once a year,"don't know, no way to find out",,
2022,1956,28,male,black,high school,14,south,never married,0,"unemployed, laid off, looking for work",,28485,middle class,"independent, close to democrat","moderate, middle of the road",biden,oppose,favor,,not too happy,excellent,exciting,,not satisfied at all,,none,about once or twice a year,believe with doubts,,
2022,1957,26,female,white,bachelor's,16,south,never married,0,working full time,40,28485,working class,"independent, close to republican",slightly conservative,trump,,favor,,pretty happy,good,,,more or less satisfied,5,protestant,about once or twice a year,believe with doubts,,
2022,1958,,female,white,bachelor's,16,south,divorced,0,working full time,40,52222.5,upper class,not very strong republican,slightly conservative,trump,,oppose,,very happy,excellent,,,more or less satisfied,,protestant,nearly every week,no doubts,,
2022,1959,28,female,white,bachelor's,16,south,married,0,working full time,40,34815,middle class,strong democrat,liberal,biden,favor,oppose,,pretty happy,good,routine,,pretty well satisfied,6,catholic,less than once a year,no doubts,,
2022,1960,68,female,white,bachelor's,16,northeast,married,2,retired,,2215.5,middle class,strong democrat,"moderate, middle of the road",biden,favor,oppose,,very happy,excellent,routine,,pretty well satisfied,,catholic,every week,no doubts,,
2022,1961,70,male,white,high school,15,northeast,divorced,4,retired,,,lower class,not very strong democrat,slightly liberal,biden,favor,oppose,,not too happy,fair,dull,,not satisfied at all,,catholic,about once or twice a year,,yes,inspired word
2022,1962,66,female,white,high school,13,northeast,married,2,working part time,12,17407.5,middle class,"independent (neither, no response)",slightly conservative,biden,favor,favor,,pretty happy,fair,routine,,more or less satisfied,0,catholic,about once or twice a year,,,
2022,1963,45,female,white,high school,12,northeast,divorced,1,"unemployed, laid off, looking for work",,52222.5,working class,"independent, close to democrat","moderate, middle of the road",,favor,oppose,,pretty happy,excellent,exciting,,not satisfied at all,,protestant,every week,,yes,inspired word
2022,1964,62,male,white,high school,12,northeast,divorced,1,working full time,50,34815,working class,"independent, close to democrat",slightly liberal,biden,,oppose,should be legal,pretty happy,good,,can't be too careful,pretty well satisfied,0,catholic,never,believe with doubts,no,ancient book
2022,1965,55,female,black,associate/junior college,14,northeast,separated,4,"unemployed, laid off, looking for work",,,working class,"independent (neither, no response)",don't know,,favor,oppose,,pretty happy,excellent,routine,,not satisfied at all,,protestant,2-3 times a month,,yes,word of god
2022,1966,49,male,white,high school,9,northeast,never married,0,"unemployed, laid off, looking for work",,2848.5,lower class,not very strong republican,conservative,trump,favor,favor,,not too happy,fair,dull,,not satisfied at all,,catholic,never,,no,inspired word
2022,1967,63,male,white,high school,13,northeast,divorced,3,working part time,20,2215.5,working class,"independent, close to republican",slightly conservative,biden,,oppose,should be legal,pretty happy,good,,most people can be trusted,more or less satisfied,0,none,never,don't believe,yes,ancient book
2022,1968,30,female,white,high school,12,northeast,never married,1,working part time,25,,lower class,"independent (neither, no response)",conservative,,favor,favor,,not too happy,fair,exciting,,not satisfied at all,14,none,never,don't believe,,
2022,1969,40,male,black,high school,12,northeast,divorced,3,"unemployed, laid off, looking for work",,15033.75,lower class,"independent (neither, no response)","moderate, middle of the road",,favor,favor,,not too happy,fair,routine,,not satisfied at all,,none,less than once a year,,,
2022,1970,30,female,white,high school,10,northeast,never married,2,working part time,20,13451.25,working class,"independent, close to republican",slightly conservative,,,favor,,pretty happy,fair,,,not satisfied at all,0,none,never,"don't know, no way to find out",,
2022,1971,38,male,,high school,12,northeast,separated,7,other,,,lower class,"independent (neither, no response)",slightly liberal,,,oppose,,pretty happy,,,,not satisfied at all,,none,nearly every week,higher power,,
2022,1972,32,female,white,high school,9,northeast,never married,1,working full time,40,34815,working class,"independent (neither, no response)",slightly liberal,other candidate,favor,favor,should be legal,pretty happy,fair,exciting,most people can be trusted,more or less satisfied,7,other,about once or twice a year,higher power,yes,ancient book
2022,1973,24,female,white,high school,12,northeast,never married,2,working full time,50,13451.25,working class,"independent (neither, no response)","moderate, middle of the road",trump,,favor,should be legal,pretty happy,fair,,most people can be trusted,not satisfied at all,10,none,never,higher power,yes,ancient book
2022,1974,21,female,other,high school,12,northeast,never married,0,working part time,25,3481.5,working class,"independent, close to republican",slightly conservative,biden,favor,favor,,very happy,fair,routine,,not satisfied at all,15,none,never,,yes,inspired word
2022,1975,45,female,white,high school,12,northeast,married,0,working full time,35,,working class,not very strong republican,"moderate, middle of the road",trump,,favor,should be legal,very happy,good,,can't be too careful,more or less satisfied,0,protestant,less than once a year,no doubts,yes,inspired word
2022,1976,66,male,white,high school,12,northeast,divorced,2,retired,,,working class,not very strong democrat,slightly liberal,biden,favor,oppose,,pretty happy,good,exciting,,not satisfied at all,,none,never,,don't know,ancient book
2022,1977,53,male,white,associate/junior college,14,northeast,never married,1,"with a job, but not at work because of temporary illness, vacation, strike",,42727.5,working class,"independent (neither, no response)",conservative,,favor,favor,should be legal,pretty happy,poor,exciting,most people can be trusted,not satisfied at all,0,catholic,never,"don't know, no way to find out",no,inspired word
2022,1978,49,male,white,high school,12,northeast,never married,0,other,,,lower class,"independent, close to republican","moderate, middle of the road",,favor,favor,should be legal,not too happy,poor,routine,can't be too careful,not satisfied at all,,christian,never,higher power,yes,inspired word
2022,1979,72,female,white,high school,12,northeast,widowed,2,"unemployed, laid off, looking for work",,,middle class,"independent, close to republican",extremely conservative,biden,,oppose,should not be legal,pretty happy,fair,,can't be too careful,more or less satisfied,,protestant,several times a week,no doubts,yes,word of god
2022,1980,51,male,white,graduate,18,northeast,married,2,working full time,65,163572.71343,middle class,"independent, close to republican",slightly conservative,,,favor,,pretty happy,good,,,more or less satisfied,0,catholic,never,"don't know, no way to find out",,
2022,1981,35,female,other,associate/junior college,14,northeast,never married,0,working full time,45,28485,working class,"independent, close to democrat",liberal,biden,favor,oppose,,pretty happy,good,routine,,more or less satisfied,15,none,never,higher power,,
2022,1982,65,male,white,less than high school,15,northeast,married,3,working full time,40,42727.5,middle class,"independent, close to democrat",slightly liberal,biden,favor,oppose,,pretty happy,poor,routine,,more or less satisfied,30,none,never,,,
2022,1983,,male,other,bachelor's,16,northeast,divorced,0,working full time,40,,working class,,"moderate, middle of the road",,oppose,favor,,pretty happy,good,routine,,not satisfied at all,0,protestant,about once or twice a year,,yes,word of god
2022,1984,53,male,white,high school,12,northeast,married,0,working full time,48,42727.5,working class,not very strong democrat,"moderate, middle of the road",other candidate,,favor,should be legal,pretty happy,good,,can't be too careful,not satisfied at all,0,catholic,less than once a year,believe sometimes,yes,inspired word
2022,1985,31,female,white,high school,14,northeast,never married,1,working full time,40,7121.25,working class,not very strong republican,liberal,trump,,favor,,not too happy,good,,,not satisfied at all,0,other,2-3 times a month,higher power,,
2022,1986,66,female,white,bachelor's,16,northeast,divorced,0,retired,,,lower class,strong democrat,liberal,biden,oppose,oppose,,not too happy,good,routine,,more or less satisfied,,none,never,,,
2022,1987,57,female,white,less than high school,10,northeast,married,0,other,,,lower class,not very strong republican,slightly conservative,trump,,favor,should be legal,not too happy,fair,,can't be too careful,not satisfied at all,,none,never,higher power,yes,inspired word
2022,1988,29,female,other,high school,14,northeast,never married,1,working full time,41,,upper class,not very strong democrat,slightly liberal,biden,oppose,oppose,,not too happy,poor,routine,,not satisfied at all,,protestant,less than once a year,believe sometimes,,
2022,1989,36,female,white,graduate,18,northeast,married,0,working part time,18,7121.25,middle class,strong democrat,liberal,,favor,oppose,,pretty happy,good,routine,,not satisfied at all,10,jewish,several times a year,believe sometimes,,
2022,1990,31,female,white,high school,16,northeast,never married,0,in school,,,lower class,other party,extremely liberal,biden,favor,oppose,,not too happy,good,routine,,not satisfied at all,,none,never,,,
2022,1991,26,female,white,graduate,20,northeast,never married,0,in school,,20572.5,middle class,strong democrat,extremely liberal,biden,,oppose,,not too happy,good,,,not satisfied at all,,none,about once or twice a year,higher power,,
2022,1992,36,male,white,graduate,19,northeast,never married,0,working full time,38,52222.5,middle class,"independent, close to democrat",slightly liberal,biden,,oppose,,very happy,fair,,,pretty well satisfied,2,none,less than once a year,don't believe,,
2022,1993,75,male,white,bachelor's,16,northeast,married,2,retired,,,working class,not very strong democrat,"moderate, middle of the road",trump,favor,favor,should be legal,pretty happy,fair,exciting,most people can be trusted,more or less satisfied,,catholic,several times a year,no doubts,no,inspired word
2022,1994,20,male,white,bachelor's,16,northeast,never married,0,working full time,40,,middle class,strong republican,conservative,trump,oppose,favor,should be legal,pretty happy,good,routine,depends,more or less satisfied,0,none,about once or twice a year,"don't know, no way to find out",no,ancient book
2022,1995,40,male,white,associate/junior college,14,northeast,divorced,0,working full time,60,23737.5,working class,strong democrat,extremely liberal,biden,oppose,oppose,,not too happy,excellent,routine,,not satisfied at all,7,none,less than once a year,don't believe,,
2022,1996,71,female,white,associate/junior college,14,northeast,divorced,2,retired,,,lower class,"independent (neither, no response)","moderate, middle of the road",biden,favor,favor,should be legal,not too happy,poor,exciting,can't be too careful,not satisfied at all,,protestant,every week,no doubts,yes,word of god
2022,1997,62,male,white,bachelor's,16,northeast,married,3,working full time,60,88620,middle class,not very strong republican,conservative,trump,oppose,favor,,not too happy,good,exciting,,pretty well satisfied,1,catholic,about once or twice a year,,,
2022,1998,32,female,white,bachelor's,17,northeast,never married,0,working full time,46,28485,working class,strong democrat,extremely liberal,biden,,oppose,,not too happy,good,,,not satisfied at all,5,none,about once or twice a year,"don't know, no way to find out",,
2022,1999,53,female,white,less than high school,10,northeast,divorced,5,other,,,lower class,"independent (neither, no response)",don't know,,favor,favor,should be legal,very happy,fair,routine,can't be too careful,more or less satisfied,,none,never,believe with doubts,no,inspired word
2022,2000,59,female,white,graduate,18,northeast,divorced,2,"with a job, but not at work because of temporary illness, vacation, strike",,52222.5,middle class,strong democrat,extremely liberal,biden,,oppose,should be legal,very happy,excellent,,most people can be trusted,more or less satisfied,2,none,less than once a year,higher power,don't know,ancient book
2022,2001,55,male,white,high school,11,northeast,never married,0,retired,,,middle class,"independent (neither, no response)",slightly conservative,,favor,favor,should be legal,pretty happy,fair,exciting,can't be too careful,more or less satisfied,,none,never,"don't know, no way to find out",don't know,ancient book
2022,2002,51,male,white,high school,12,northeast,never married,0,other,,,lower class,"independent (neither, no response)","moderate, middle of the road",,oppose,favor,,pretty happy,fair,routine,,more or less satisfied,,none,never,,,
2022,2003,61,female,white,high school,13,northeast,married,1,retired,,,middle class,"independent (neither, no response)",don't know,,favor,favor,should not be legal,pretty happy,fair,routine,can't be too careful,pretty well satisfied,,protestant,never,no doubts,yes,inspired word
2022,2004,32,male,white,graduate,20,northeast,married,0,working full time,48,163572.71343,middle class,"independent, close to democrat","moderate, middle of the road",biden,oppose,favor,,pretty happy,good,exciting,,pretty well satisfied,0,none,never,,yes,ancient book
2022,2005,22,female,other,graduate,17,northeast,never married,0,in school,,,working class,"independent, close to democrat","moderate, middle of the road",,favor,favor,,very happy,excellent,exciting,,pretty well satisfied,,hinduism,about once or twice a year,,,
2022,2006,30,female,white,high school,9,northeast,divorced,3,"unemployed, laid off, looking for work",,,lower class,"independent (neither, no response)",slightly conservative,,,oppose,should be legal,not too happy,good,,depends,not satisfied at all,,none,never,higher power,don't know,ancient book
2022,2007,52,female,white,bachelor's,16,northeast,never married,0,other,,,middle class,strong democrat,extremely liberal,biden,favor,oppose,,not too happy,good,exciting,,not satisfied at all,,catholic,less than once a year,,,
2022,2008,27,female,white,bachelor's,16,northeast,never married,0,working full time,40,28485,middle class,"independent, close to democrat",slightly liberal,biden,,oppose,,pretty happy,excellent,,,more or less satisfied,4,catholic,about once or twice a year,no doubts,,
2022,2009,77,female,black,high school,12,northeast,divorced,4,retired,,,working class,not very strong democrat,slightly liberal,biden,favor,oppose,should not be legal,not too happy,fair,routine,can't be too careful,more or less satisfied,,protestant,about once a month,no doubts,yes,word of god
2022,2010,39,male,white,high school,15,northeast,never married,0,working full time,45,15033.75,lower class,strong democrat,extremely liberal,biden,favor,favor,,not too happy,fair,routine,,not satisfied at all,30,none,never,,,
2022,2011,28,male,white,graduate,16,northeast,never married,0,in school,,23737.5,middle class,other party,extremely liberal,biden,oppose,oppose,,not too happy,excellent,exciting,,more or less satisfied,,none,never,"don't know, no way to find out",,
2022,2012,34,female,other,graduate,20,northeast,never married,0,working full time,45,34815,working class,"independent, close to democrat","moderate, middle of the road",,favor,oppose,should be legal,not too happy,fair,dull,can't be too careful,more or less satisfied,25,none,less than once a year,higher power,yes,ancient book
2022,2013,76,male,white,high school,17,northeast,married,0,retired,,,middle class,strong democrat,extremely liberal,biden,favor,oppose,,very happy,excellent,exciting,,pretty well satisfied,,jewish,never,,yes,inspired word
2022,2014,,male,white,high school,12,northeast,married,3,working full time,50,63300,middle class,strong republican,slightly conservative,trump,favor,favor,,pretty happy,good,routine,,more or less satisfied,20,jewish,about once or twice a year,believe with doubts,,
2022,2015,35,female,white,graduate,19,northeast,never married,0,working full time,40,28485,middle class,strong democrat,extremely liberal,biden,,oppose,,very happy,excellent,,,pretty well satisfied,1,jewish,2-3 times a month,no doubts,,
2022,2016,63,female,,associate/junior college,16,northeast,divorced,1,working full time,35,28485,working class,"independent, close to democrat","moderate, middle of the road",biden,favor,oppose,should be legal,not too happy,fair,routine,depends,more or less satisfied,1,catholic,every week,no doubts,yes,word of god
2022,2017,22,female,white,high school,15,northeast,never married,0,working part time,25,8703.75,working class,not very strong democrat,extremely liberal,biden,favor,oppose,,very happy,fair,routine,,not satisfied at all,6,none,never,"don't know, no way to find out",,
2022,2018,55,male,white,associate/junior college,14,northeast,divorced,1,working full time,50,20572.5,working class,strong republican,conservative,trump,favor,favor,should be legal,pretty happy,fair,exciting,can't be too careful,more or less satisfied,0,protestant,several times a year,no doubts,yes,word of god
2022,2019,48,female,white,bachelor's,16,northeast,divorced,0,working full time,40,42727.5,middle class,not very strong democrat,liberal,biden,,oppose,,pretty happy,good,,,more or less satisfied,5,protestant,less than once a year,higher power,,
2022,2020,58,female,black,high school,13,northeast,never married,5,working part time,24,20572.5,working class,"independent (neither, no response)",conservative,biden,favor,oppose,should be legal,pretty happy,fair,routine,can't be too careful,more or less satisfied,0,protestant,never,no doubts,yes,word of god
2022,2021,27,female,white,high school,9,northeast,never married,0,other,,,lower class,not very strong democrat,extremely liberal,biden,favor,oppose,,not too happy,poor,dull,,,,none,less than once a year,,no,inspired word
2022,2022,67,female,white,graduate,20,northeast,widowed,2,retired,,,middle class,"independent, close to democrat","moderate, middle of the road",biden,favor,oppose,,not too happy,good,exciting,,not satisfied at all,,none,less than once a year,don't believe,,
2022,2023,72,female,white,graduate,17,northeast,never married,0,retired,,,middle class,strong democrat,extremely liberal,biden,,oppose,,pretty happy,excellent,,,pretty well satisfied,,none,never,"don't know, no way to find out",,
2022,2024,70,female,black,bachelor's,17,northeast,divorced,1,retired,,,working class,strong democrat,liberal,biden,favor,oppose,,not too happy,good,exciting,,more or less satisfied,,protestant,about once or twice a year,,,
2022,2025,35,male,white,graduate,18,northeast,married,0,working full time,45,63300,upper class,strong democrat,liberal,biden,favor,oppose,,very happy,good,routine,,pretty well satisfied,2,none,never,,,
2022,2026,70,male,white,graduate,20,northeast,married,3,retired,,,middle class,strong democrat,liberal,biden,,oppose,should be legal,very happy,excellent,,most people can be trusted,more or less satisfied,,catholic,about once a month,believe with doubts,yes,inspired word
2022,2027,45,male,white,graduate,19,northeast,married,3,working part time,20,75960,middle class,"independent, close to democrat",slightly liberal,biden,,oppose,should be legal,pretty happy,good,,can't be too careful,more or less satisfied,5,none,never,higher power,yes,ancient book
2022,2028,31,male,white,high school,12,northeast,never married,2,keeping house,,,working class,"independent, close to democrat","moderate, middle of the road",,favor,oppose,should be legal,pretty happy,fair,routine,can't be too careful,not satisfied at all,,none,about once or twice a year,higher power,yes,inspired word
2022,2029,71,male,white,high school,14,northeast,divorced,1,retired,,,working class,"independent, close to democrat",extremely liberal,biden,favor,oppose,should be legal,not too happy,fair,dull,depends,not satisfied at all,,other,about once a month,no doubts,yes,ancient book
2022,2030,43,male,other,graduate,20,northeast,married,1,working full time,40,34815,working class,"independent (neither, no response)","moderate, middle of the road",,,favor,,pretty happy,good,,,more or less satisfied,0,none,less than once a year,higher power,,
2022,2031,36,female,white,less than high school,10,northeast,never married,1,other,,,lower class,"independent (neither, no response)","moderate, middle of the road",,oppose,favor,,not too happy,fair,routine,,more or less satisfied,,none,never,,,
2022,2032,51,male,white,bachelor's,16,northeast,married,2,working full time,40,163572.71343,middle class,not very strong democrat,slightly liberal,biden,,don't know,should be legal,pretty happy,excellent,,most people can be trusted,pretty well satisfied,0,none,never,don't believe,no,ancient book
2022,2033,30,female,white,bachelor's,16,northeast,married,1,"with a job, but not at work because of temporary illness, vacation, strike",,63300,middle class,"independent, close to democrat",slightly liberal,biden,,oppose,,pretty happy,excellent,,,pretty well satisfied,15,buddhism,never,"don't know, no way to find out",,
2022,2034,54,female,white,graduate,18,northeast,separated,2,working full time,35,63300,middle class,strong democrat,extremely liberal,biden,favor,oppose,,pretty happy,fair,routine,,pretty well satisfied,15,none,never,don't believe,,
2022,2035,40,male,white,bachelor's,16,northeast,married,0,working full time,50,42727.5,middle class,not very strong republican,"moderate, middle of the road",trump,oppose,favor,,pretty happy,good,exciting,,more or less satisfied,0,orthodox-christian,about once or twice a year,,yes,ancient book
2022,2036,59,female,white,graduate,18,northeast,never married,0,working full time,45,34815,working class,not very strong democrat,slightly liberal,biden,favor,don't know,,pretty happy,good,routine,,pretty well satisfied,0,none,about once or twice a year,,don't know,inspired word
2022,2037,47,female,white,graduate,18,northeast,married,2,"with a job, but not at work because of temporary illness, vacation, strike",,42727.5,middle class,"independent (neither, no response)","moderate, middle of the road",biden,,favor,,pretty happy,good,,,not satisfied at all,0,protestant,less than once a year,believe with doubts,,
2022,2038,88,female,white,associate/junior college,16,northeast,divorced,3,retired,,,middle class,strong democrat,liberal,biden,favor,favor,,pretty happy,excellent,exciting,,more or less satisfied,,none,never,,don't know,ancient book
2022,2039,61,female,other,high school,14,northeast,separated,0,other,,,lower class,"independent (neither, no response)",extremely liberal,biden,favor,favor,should be legal,pretty happy,fair,routine,can't be too careful,not satisfied at all,,none,never,higher power,yes,ancient book
2022,2040,46,male,white,bachelor's,16,northeast,divorced,2,working full time,35,34815,middle class,strong republican,"moderate, middle of the road",trump,favor,favor,,pretty happy,excellent,routine,,more or less satisfied,0,none,never,,,
2022,2041,78,female,white,high school,11,northeast,widowed,5,retired,,,working class,strong republican,extremely conservative,trump,favor,favor,should not be legal,pretty happy,good,exciting,can't be too careful,more or less satisfied,,protestant,never,believe with doubts,yes,word of god
2022,2042,55,female,white,bachelor's,18,northeast,married,4,"with a job, but not at work because of temporary illness, vacation, strike",,42727.5,working class,not very strong democrat,slightly liberal,trump,favor,don't know,should be legal,pretty happy,excellent,exciting,depends,more or less satisfied,0,protestant,about once a month,no doubts,yes,inspired word
2022,2043,28,male,white,bachelor's,17,northeast,never married,0,working full time,40,34815,working class,"independent, close to democrat","moderate, middle of the road",other candidate,favor,favor,,pretty happy,good,exciting,,more or less satisfied,0,catholic,never,believe with doubts,,
2022,2044,56,female,,associate/junior college,16,northeast,never married,2,other,,,middle class,"independent (neither, no response)","moderate, middle of the road",,favor,oppose,should be legal,not too happy,poor,routine,can't be too careful,more or less satisfied,,catholic,nearly every week,no doubts,yes,inspired word
2022,2045,64,male,other,high school,14,northeast,divorced,1,working full time,40,15033.75,lower class,"independent (neither, no response)","moderate, middle of the road",,oppose,favor,should not be legal,pretty happy,poor,routine,can't be too careful,more or less satisfied,0,native american,several times a year,higher power,yes,inspired word
2022,2046,30,female,black,high school,14,northeast,never married,1,working full time,12,2215.5,working class,"independent (neither, no response)","moderate, middle of the road",biden,favor,oppose,,not too happy,good,routine,,more or less satisfied,,none,about once or twice a year,,,
2022,2047,63,female,black,less than high school,11,northeast,never married,3,other,,,lower class,strong democrat,"moderate, middle of the road",,oppose,favor,,pretty happy,fair,routine,,not satisfied at all,,protestant,about once or twice a year,,,
2022,2048,64,female,black,bachelor's,16,northeast,divorced,3,retired,,,working class,not very strong democrat,liberal,biden,favor,oppose,,pretty happy,good,routine,,more or less satisfied,,protestant,every week,,yes,inspired word
2022,2049,,female,black,bachelor's,16,northeast,never married,0,retired,,,working class,"independent (neither, no response)","moderate, middle of the road",,favor,don't know,don't know,pretty happy,good,routine,depends,more or less satisfied,,protestant,2-3 times a month,believe with doubts,don't know,inspired word
2022,2050,29,male,white,high school,12,northeast,never married,0,"unemployed, laid off, looking for work",,,working class,not very strong democrat,"moderate, middle of the road",,favor,favor,,pretty happy,good,routine,,more or less satisfied,,none,never,,don't know,word of god
2022,2051,41,male,white,associate/junior college,14,northeast,never married,4,working full time,42,42727.5,working class,strong democrat,extremely liberal,,favor,,should be legal,pretty happy,fair,routine,can't be too careful,not satisfied at all,0,catholic,about once or twice a year,believe with doubts,yes,inspired word
2022,2052,40,male,white,high school,14,northeast,married,1,working full time,54,17407.5,working class,strong democrat,"moderate, middle of the road",other candidate,,favor,should be legal,not too happy,fair,,can't be too careful,not satisfied at all,2,none,never,"don't know, no way to find out",no,ancient book
2022,2053,29,female,white,high school,14,northeast,never married,0,working full time,40,13451.25,lower class,"independent (neither, no response)","moderate, middle of the road",biden,favor,favor,,pretty happy,good,routine,,not satisfied at all,10,none,never,,don't know,ancient book
2022,2054,60,male,white,graduate,18,northeast,never married,0,retired,,,working class,strong democrat,liberal,biden,favor,don't know,should be legal,not too happy,good,exciting,most people can be trusted,pretty well satisfied,,catholic,nearly every week,no doubts,yes,inspired word
2022,2055,40,female,white,graduate,17,northeast,never married,0,working full time,43,63300,middle class,"independent, close to democrat","moderate, middle of the road",biden,favor,favor,,pretty happy,good,routine,,more or less satisfied,,catholic,about once or twice a year,,,
2022,2056,19,female,white,high school,13,northeast,never married,0,working part time,30,1266,middle class,"independent (neither, no response)","moderate, middle of the road",biden,favor,oppose,,pretty happy,excellent,exciting,,more or less satisfied,,protestant,several times a year,no doubts,,
2022,2057,76,male,white,high school,12,northeast,divorced,3,retired,,,middle class,strong republican,conservative,trump,,oppose,should be legal,very happy,excellent,,can't be too careful,pretty well satisfied,,protestant,several times a week,no doubts,yes,inspired word
2022,2058,28,male,white,bachelor's,16,northeast,never married,0,working full time,40,34815,middle class,not very strong republican,"moderate, middle of the road",trump,oppose,oppose,,pretty happy,good,routine,,more or less satisfied,2,catholic,less than once a year,,,
2022,2059,26,female,white,associate/junior college,16,northeast,never married,0,working full time,40,20572.5,working class,not very strong democrat,slightly liberal,biden,favor,oppose,,not too happy,fair,dull,,more or less satisfied,5,catholic,about once or twice a year,"don't know, no way to find out",,
2022,2060,65,female,white,high school,15,northeast,divorced,1,working full time,40,42727.5,working class,strong democrat,"moderate, middle of the road",biden,,oppose,,pretty happy,good,,,not satisfied at all,5,catholic,several times a year,no doubts,,
2022,2061,66,female,other,associate/junior college,16,northeast,never married,1,retired,,,working class,"independent, close to republican",conservative,trump,,favor,,pretty happy,fair,,,not satisfied at all,,protestant,less than once a year,higher power,,
2022,2062,82,female,white,less than high school,7,northeast,widowed,2,retired,,,middle class,strong republican,conservative,trump,favor,don't know,,pretty happy,excellent,routine,,more or less satisfied,,protestant,about once or twice a year,,yes,word of god
2022,2063,63,male,white,bachelor's,16,northeast,married,2,retired,,34815,middle class,"independent (neither, no response)","moderate, middle of the road",didn't vote for president,favor,oppose,,very happy,excellent,exciting,,pretty well satisfied,,protestant,every week,,,
2022,2064,52,female,white,high school,14,northeast,married,2,other,,,middle class,strong republican,extremely liberal,trump,favor,favor,,not too happy,fair,exciting,,pretty well satisfied,,catholic,less than once a year,believe with doubts,,
2022,2065,49,male,white,high school,15,northeast,married,2,"with a job, but not at work because of temporary illness, vacation, strike",,42727.5,middle class,"independent, close to republican",slightly conservative,trump,,favor,,very happy,good,,,more or less satisfied,1,catholic,about once or twice a year,believe with doubts,,
2022,2066,38,male,white,high school,10,northeast,never married,0,"unemployed, laid off, looking for work",,,lower class,other party,slightly conservative,trump,,favor,,pretty happy,fair,,,not satisfied at all,,none,never,higher power,,
2022,2067,67,female,white,high school,12,northeast,married,3,retired,,,middle class,not very strong democrat,"moderate, middle of the road",,favor,oppose,,very happy,good,exciting,,pretty well satisfied,,catholic,every week,,,
2022,2068,63,female,black,high school,14,south,never married,2,retired,,,working class,strong democrat,liberal,biden,,favor,,very happy,good,,,more or less satisfied,,none,less than once a year,don't believe,,
2022,2069,55,male,black,less than high school,12,south,never married,4,other,,,lower class,not very strong democrat,conservative,,,oppose,should be legal,pretty happy,good,,can't be too careful,more or less satisfied,,none,never,no doubts,yes,word of god
2022,2070,70,male,black,associate/junior college,14,south,,,retired,,,lower class,not very strong democrat,"moderate, middle of the road",biden,,favor,should not be legal,not too happy,poor,,can't be too careful,not satisfied at all,,protestant,nearly every week,no doubts,yes,inspired word
2022,2071,22,female,black,less than high school,10,south,never married,3,keeping house,,,don't know,"independent (neither, no response)",slightly conservative,,,don't know,should be legal,pretty happy,excellent,,can't be too careful,pretty well satisfied,,protestant,about once a month,don't believe,no,word of god
2022,2072,70,female,white,high school,13,south,never married,0,other,,,lower class,"independent, close to democrat",slightly liberal,,favor,oppose,,not too happy,fair,routine,,not satisfied at all,,protestant,less than once a year,no doubts,,
2022,2073,20,male,other,high school,14,south,never married,0,working part time,25,3481.5,working class,not very strong democrat,slightly liberal,biden,favor,oppose,,pretty happy,fair,exciting,,not satisfied at all,2,none,about once or twice a year,believe with doubts,,
2022,2074,22,female,black,high school,14,south,never married,0,in school,,8703.75,upper class,"independent (neither, no response)",don't know,,favor,oppose,,pretty happy,good,exciting,,more or less satisfied,,protestant,every week,,yes,word of god
2022,2075,44,female,white,bachelor's,16,south,divorced,3,working full time,56,,middle class,not very strong democrat,"moderate, middle of the road",biden,,favor,,not too happy,good,,,not satisfied at all,0,protestant,about once a month,no doubts,,
2022,2076,32,female,white,high school,10,south,married,3,working full time,40,,working class,"independent (neither, no response)","moderate, middle of the road",,,oppose,,very happy,good,,,more or less satisfied,25,none,about once or twice a year,don't believe,,
2022,2077,59,male,white,high school,12,south,married,3,working part time,20,,working class,"independent (neither, no response)","moderate, middle of the road",,favor,favor,should be legal,very happy,good,exciting,can't be too careful,not satisfied at all,5,protestant,never,no doubts,don't know,inspired word
2022,2078,74,male,white,associate/junior college,14,south,widowed,2,retired,,,working class,strong democrat,liberal,biden,,favor,,not too happy,good,,,more or less satisfied,,protestant,about once or twice a year,"don't know, no way to find out",,
2022,2079,,female,black,less than high school,8,south,divorced,4,retired,,,middle class,strong democrat,conservative,,,don't know,should not be legal,very happy,good,,most people can be trusted,pretty well satisfied,,protestant,every week,no doubts,don't know,word of god
2022,2080,67,female,white,high school,12,south,divorced,2,retired,,,lower class,"independent (neither, no response)","moderate, middle of the road",biden,favor,don't know,,pretty happy,poor,dull,,pretty well satisfied,,inter-nondenominational,several times a week,,yes,word of god
2022,2081,61,male,white,high school,12,south,never married,0,working full time,35,15033.75,working class,strong democrat,liberal,biden,,favor,should be legal,pretty happy,fair,,can't be too careful,not satisfied at all,0,protestant,less than once a year,higher power,no,inspired word
2022,2082,74,male,white,high school,10,south,married,1,retired,,,working class,strong republican,"moderate, middle of the road",trump,favor,favor,,pretty happy,fair,routine,,not satisfied at all,,protestant,about once or twice a year,,yes,inspired word
2022,2083,,male,black,high school,12,south,separated,4,working full time,40,34815,middle class,"independent (neither, no response)",don't know,,,favor,should be legal,very happy,good,,can't be too careful,pretty well satisfied,0,none,never,don't believe,yes,ancient book
2022,2084,79,female,white,less than high school,10,south,widowed,5,retired,,,middle class,not very strong democrat,"moderate, middle of the road",biden,favor,favor,should not be legal,not too happy,excellent,dull,can't be too careful,more or less satisfied,,protestant,every week,no doubts,yes,word of god
2022,2085,33,female,white,high school,12,south,married,3,working part time,15,28485,working class,"independent (neither, no response)","moderate, middle of the road",trump,favor,favor,,very happy,good,routine,,pretty well satisfied,0,protestant,2-3 times a month,,yes,inspired word
2022,2086,,male,white,graduate,18,south,divorced,2,retired,,,middle class,strong democrat,liberal,,oppose,favor,should be legal,pretty happy,good,routine,most people can be trusted,pretty well satisfied,,protestant,every week,don't believe,no,ancient book
2022,2087,31,male,white,high school,12,south,never married,1,"unemployed, laid off, looking for work",,17407.5,lower class,not very strong democrat,"moderate, middle of the road",biden,oppose,favor,,not too happy,poor,routine,,not satisfied at all,,none,about once or twice a year,,don't know,inspired word
2022,2088,58,female,white,graduate,18,south,divorced,3,working full time,40,52222.5,working class,not very strong democrat,"moderate, middle of the road",biden,favor,favor,,very happy,good,exciting,,more or less satisfied,0,catholic,nearly every week,,yes,ancient book
2022,2089,40,female,black,high school,16,south,married,5,"unemployed, laid off, looking for work",,11868.75,working class,strong democrat,liberal,,oppose,oppose,,not too happy,excellent,routine,,pretty well satisfied,,none,about once or twice a year,,,
2022,2090,36,female,white,high school,12,south,never married,2,keeping house,,,working class,"independent, close to democrat",liberal,,favor,favor,,pretty happy,fair,routine,,more or less satisfied,,protestant,about once or twice a year,,yes,inspired word
2022,2091,49,female,white,high school,12,south,married,3,keeping house,,,middle class,"independent, close to republican",slightly conservative,,favor,favor,,pretty happy,good,routine,,more or less satisfied,,protestant,less than once a year,no doubts,,
2022,2092,46,female,black,high school,12,south,separated,2,working full time,41,20572.5,working class,"independent, close to democrat",extremely conservative,biden,favor,favor,,pretty happy,good,exciting,,not satisfied at all,7,none,never,,yes,ancient book
2022,2093,51,female,white,less than high school,8,south,married,3,working full time,40,34815,working class,"independent (neither, no response)","moderate, middle of the road",trump,oppose,favor,,pretty happy,fair,routine,,more or less satisfied,0,none,never,,,
2022,2094,19,male,white,high school,12,south,never married,0,working full time,36,20572.5,working class,"independent, close to republican",slightly conservative,,favor,favor,,very happy,excellent,routine,,not satisfied at all,6,none,never,,yes,word of god
2022,2095,37,female,white,graduate,18,south,married,2,working full time,40,42727.5,middle class,not very strong republican,slightly conservative,trump,favor,oppose,,pretty happy,good,routine,,pretty well satisfied,0,catholic,never,,,
2022,2096,60,female,white,graduate,18,south,married,1,working part time,20,,middle class,strong republican,conservative,trump,,favor,,very happy,good,,,pretty well satisfied,2,protestant,less than once a year,no doubts,,
2022,2097,49,male,white,high school,12,south,married,2,working full time,47,34815,middle class,"independent, close to republican","moderate, middle of the road",trump,,favor,,very happy,good,,,more or less satisfied,0,none,never,higher power,,
2022,2098,55,male,black,graduate,14,south,married,3,other,,,middle class,strong democrat,extremely conservative,,oppose,oppose,,very happy,good,routine,,more or less satisfied,,protestant,every week,no doubts,,
2022,2099,60,female,white,associate/junior college,16,south,married,1,working full time,40,28485,lower class,"independent (neither, no response)","moderate, middle of the road",trump,,favor,should be legal,pretty happy,fair,,can't be too careful,not satisfied at all,3,christian,several times a year,no doubts,yes,word of god
2022,2100,,female,white,high school,12,south,married,1,retired,,,working class,not very strong republican,"moderate, middle of the road",,favor,favor,should not be legal,pretty happy,fair,dull,can't be too careful,more or less satisfied,,,,no doubts,yes,inspired word
2022,2101,56,female,white,less than high school,9,south,widowed,1,"unemployed, laid off, looking for work",,,middle class,"independent, close to democrat","moderate, middle of the road",trump,favor,favor,should be legal,pretty happy,good,routine,can't be too careful,more or less satisfied,,protestant,never,no doubts,yes,inspired word
2022,2102,,female,,high school,13,south,married,0,working full time,34,,lower class,"independent (neither, no response)",slightly liberal,,favor,oppose,,,excellent,routine,,don't know,,don't know,about once a month,,yes,word of god
2022,2103,37,female,white,high school,12,south,married,1,working part time,10,34815,working class,other party,conservative,trump,oppose,favor,,pretty happy,good,exciting,,not satisfied at all,10,protestant,every week,no doubts,,
2022,2104,83,female,white,associate/junior college,16,south,divorced,3,working full time,,7121.25,working class,"independent, close to democrat","moderate, middle of the road",biden,favor,favor,,pretty happy,excellent,exciting,,more or less satisfied,0,protestant,about once a month,,yes,inspired word
2022,2105,63,male,white,high school,15,south,married,1,"with a job, but not at work because of temporary illness, vacation, strike",,20572.5,working class,strong republican,conservative,,,favor,should be legal,pretty happy,fair,,can't be too careful,not satisfied at all,30,protestant,never,no doubts,don't know,word of god
2022,2106,,female,white,graduate,18,south,separated,0,"unemployed, laid off, looking for work",,75960,middle class,"independent (neither, no response)",liberal,biden,,don't know,should be legal,pretty happy,excellent,,depends,not satisfied at all,,none,never,"don't know, no way to find out",yes,ancient book
2022,2107,26,female,white,bachelor's,16,south,never married,0,working full time,38,28485,working class,"independent, close to democrat",liberal,biden,favor,oppose,,not too happy,fair,routine,,more or less satisfied,20,none,never,,,
2022,2108,29,male,white,associate/junior college,14,south,married,1,working part time,23,13451.25,working class,"independent (neither, no response)",slightly conservative,other candidate,,oppose,,pretty happy,good,routine,,more or less satisfied,0,protestant,every week,no doubts,,
2022,2109,24,female,white,bachelor's,16,south,married,0,"with a job, but not at work because of temporary illness, vacation, strike",,20572.5,middle class,"independent (neither, no response)","moderate, middle of the road",other candidate,,oppose,,very happy,excellent,,,pretty well satisfied,0,protestant,every week,no doubts,,
2022,2110,65,male,white,high school,12,south,married,2,working full time,42,34815,working class,strong republican,slightly conservative,trump,oppose,favor,should not be legal,very happy,good,exciting,most people can be trusted,pretty well satisfied,0,protestant,every week,no doubts,yes,word of god
2022,2111,44,male,black,high school,12,south,never married,0,working full time,36,13451.25,working class,"independent, close to democrat",slightly liberal,biden,favor,favor,,pretty happy,fair,routine,,not satisfied at all,3,none,about once or twice a year,,,
2022,2112,55,male,white,high school,12,south,married,2,working full time,55,63300,working class,"independent (neither, no response)",conservative,,oppose,favor,,pretty happy,good,routine,,more or less satisfied,0,protestant,never,,yes,inspired word
2022,2113,71,male,white,associate/junior college,15,south,never married,0,"unemployed, laid off, looking for work",,,working class,strong republican,"moderate, middle of the road",trump,,favor,should not be legal,not too happy,excellent,,most people can be trusted,not satisfied at all,,protestant,about once or twice a year,believe with doubts,yes,inspired word
2022,2114,64,female,white,bachelor's,16,south,married,3,retired,,,middle class,strong democrat,liberal,biden,,oppose,,pretty happy,good,,,pretty well satisfied,,none,never,don't believe,,
2022,2115,,male,white,graduate,18,south,married,,keeping house,,,middle class,"independent (neither, no response)",slightly conservative,biden,favor,favor,,pretty happy,good,exciting,,not satisfied at all,,catholic,about once or twice a year,,,
2022,2116,69,female,white,high school,12,south,divorced,0,retired,,,working class,strong republican,"moderate, middle of the road",,,favor,don't know,pretty happy,good,,can't be too careful,more or less satisfied,,protestant,never,believe with doubts,yes,inspired word
2022,2117,70,female,white,high school,12,south,divorced,2,retired,,,middle class,strong democrat,"moderate, middle of the road",biden,favor,favor,,pretty happy,excellent,routine,,not satisfied at all,,catholic,several times a year,,,
2022,2118,,female,white,high school,15,south,never married,0,working full time,40,17407.5,lower class,"independent (neither, no response)",slightly liberal,biden,favor,favor,should be legal,not too happy,excellent,routine,can't be too careful,not satisfied at all,3,none,never,"don't know, no way to find out",yes,ancient book
2022,2119,25,female,white,bachelor's,16,south,never married,0,working full time,45,42727.5,middle class,strong democrat,liberal,biden,favor,oppose,,pretty happy,good,exciting,,more or less satisfied,1,none,about once or twice a year,higher power,,
2022,2120,68,female,other,high school,14,south,married,2,retired,,,middle class,"independent, close to democrat","moderate, middle of the road",biden,favor,favor,,pretty happy,good,routine,,more or less satisfied,,protestant,several times a year,no doubts,,
2022,2121,40,male,white,high school,12,south,never married,0,working full time,40,52222.5,working class,not very strong democrat,"moderate, middle of the road",biden,,favor,should be legal,not too happy,excellent,,can't be too careful,more or less satisfied,1,none,never,don't believe,don't know,inspired word
2022,2122,70,male,white,bachelor's,16,south,married,0,retired,,,middle class,"independent, close to democrat",slightly conservative,trump,,favor,,not too happy,good,,,more or less satisfied,,catholic,less than once a year,believe with doubts,,
2022,2123,70,female,white,graduate,14,south,married,2,retired,,,middle class,strong republican,"moderate, middle of the road",trump,favor,favor,,pretty happy,good,exciting,,more or less satisfied,,none,less than once a year,,,
2022,2124,,female,other,graduate,20,south,divorced,1,working full time,50,163572.71343,upper class,"independent, close to democrat","moderate, middle of the road",biden,favor,oppose,,pretty happy,excellent,exciting,,pretty well satisfied,0,hinduism,several times a year,,yes,ancient book
2022,2125,36,male,white,high school,14,south,never married,0,working part time,20,4747.5,middle class,not very strong democrat,liberal,biden,favor,oppose,,not too happy,fair,routine,,more or less satisfied,28,jewish,about once or twice a year,,,
2022,2126,68,male,white,graduate,18,south,married,0,retired,,,middle class,strong democrat,liberal,biden,favor,oppose,,very happy,good,exciting,,more or less satisfied,,none,less than once a year,,,
2022,2127,64,male,white,high school,12,south,married,1,working part time,20,,middle class,"independent (neither, no response)","moderate, middle of the road",,,oppose,,pretty happy,good,exciting,,more or less satisfied,0,protestant,less than once a year,believe with doubts,,
2022,2128,57,male,white,bachelor's,16,south,never married,0,working full time,40,88620,upper class,strong democrat,liberal,biden,,oppose,,pretty happy,excellent,,,pretty well satisfied,0,none,never,don't believe,,
2022,2129,79,male,white,graduate,18,south,divorced,2,retired,,,middle class,"independent (neither, no response)","moderate, middle of the road",biden,favor,oppose,,pretty happy,good,exciting,,pretty well satisfied,,catholic,several times a year,believe with doubts,,
2022,2130,69,male,white,high school,12,south,married,3,retired,,,middle class,"independent (neither, no response)",slightly conservative,trump,favor,oppose,,pretty happy,fair,exciting,,more or less satisfied,,catholic,never,,yes,inspired word
2022,2131,66,male,white,associate/junior college,14,south,divorced,3,working full time,40,42727.5,middle class,strong republican,slightly conservative,trump,oppose,oppose,,pretty happy,good,exciting,,pretty well satisfied,0,protestant,2-3 times a month,,,
2022,2132,72,male,white,bachelor's,16,south,married,3,retired,,,middle class,strong republican,conservative,trump,oppose,favor,,pretty happy,fair,routine,,pretty well satisfied,,catholic,about once or twice a year,,,
2022,2133,19,male,white,high school,13,south,never married,0,in school,,,working class,not very strong republican,conservative,,oppose,oppose,,pretty happy,excellent,exciting,,more or less satisfied,,none,never,,no,ancient book
2022,2134,52,male,white,high school,16,south,married,1,working full time,60,63300,working class,not very strong republican,"moderate, middle of the road",,,favor,,pretty happy,good,,,more or less satisfied,20,none,about once or twice a year,believe sometimes,,
2022,2135,53,female,other,high school,13,south,divorced,1,working full time,20,28485,middle class,"independent (neither, no response)",slightly conservative,,favor,oppose,,not too happy,good,exciting,,more or less satisfied,0,catholic,2-3 times a month,no doubts,,
2022,2136,43,female,white,associate/junior college,14,south,married,4,working full time,36,34815,middle class,not very strong republican,"moderate, middle of the road",trump,,favor,,very happy,good,,,not satisfied at all,,catholic,several times a year,no doubts,,
2022,2137,54,female,white,graduate,20,south,divorced,2,working full time,50,,working class,"independent, close to republican","moderate, middle of the road",biden,favor,favor,,very happy,excellent,exciting,,more or less satisfied,0,catholic,less than once a year,believe with doubts,,
2022,2138,35,male,white,high school,13,south,married,1,"with a job, but not at work because of temporary illness, vacation, strike",,23737.5,working class,"independent (neither, no response)",don't know,,oppose,oppose,,very happy,good,routine,,not satisfied at all,20,none,about once or twice a year,,no,ancient book
2022,2139,56,female,white,high school,14,south,never married,0,keeping house,,,working class,"independent, close to republican",conservative,,favor,oppose,should not be legal,very happy,good,exciting,can't be too careful,pretty well satisfied,,protestant,every week,no doubts,yes,word of god
2022,2140,77,male,white,high school,13,south,married,2,retired,,,middle class,strong republican,extremely conservative,trump,oppose,favor,should not be legal,very happy,fair,routine,can't be too careful,more or less satisfied,,protestant,never,no doubts,yes,word of god
2022,2141,73,male,white,high school,12,south,married,5,other,,2215.5,working class,"independent, close to republican",slightly conservative,trump,oppose,,,pretty happy,excellent,exciting,,pretty well satisfied,,protestant,nearly every week,believe with doubts,,
2022,2142,71,male,white,high school,11,south,married,4,retired,,20572.5,working class,"independent, close to republican",conservative,,oppose,don't know,,pretty happy,good,routine,,more or less satisfied,,protestant,less than once a year,,yes,ancient book
2022,2143,68,female,white,bachelor's,16,south,married,2,working full time,32,34815,upper class,strong republican,conservative,trump,favor,favor,,very happy,excellent,exciting,,pretty well satisfied,0,protestant,every week,no doubts,,
2022,2144,69,male,white,high school,16,south,married,1,working full time,0,15033.75,lower class,strong republican,"moderate, middle of the road",trump,,favor,should be legal,pretty happy,fair,,can't be too careful,not satisfied at all,0,protestant,about once a month,no doubts,yes,word of god
2022,2145,34,female,white,less than high school,10,south,never married,2,"unemployed, laid off, looking for work",,2848.5,lower class,"independent (neither, no response)","moderate, middle of the road",,,oppose,,not too happy,fair,,,not satisfied at all,,catholic,several times a year,no doubts,,
2022,2146,54,male,black,high school,13,south,married,4,working full time,40,88620,working class,not very strong democrat,"moderate, middle of the road",biden,,oppose,,very happy,good,,,more or less satisfied,0,protestant,several times a year,no doubts,,
2022,2147,30,female,white,associate/junior college,15,south,never married,0,"unemployed, laid off, looking for work",,8703.75,working class,"independent (neither, no response)","moderate, middle of the road",,,don't know,should be legal,pretty happy,good,,can't be too careful,not satisfied at all,,protestant,never,believe with doubts,don't know,inspired word
2022,2148,72,female,white,high school,13,south,widowed,3,working part time,12,10286.25,lower class,strong republican,extremely conservative,trump,,favor,should not be legal,not too happy,good,,can't be too careful,not satisfied at all,0,protestant,several times a week,no doubts,yes,word of god
2022,2149,32,female,white,high school,13,south,never married,2,working full time,40,4747.5,lower class,"independent (neither, no response)",liberal,,,favor,,very happy,excellent,,,not satisfied at all,,protestant,several times a week,no doubts,,
2022,2150,33,male,white,high school,12,south,married,2,working full time,45,42727.5,middle class,strong republican,extremely conservative,trump,,favor,should be legal,very happy,excellent,,depends,more or less satisfied,1,protestant,every week,no doubts,yes,word of god
2022,2151,66,female,black,less than high school,10,south,married,3,retired,,1266,middle class,"independent (neither, no response)",don't know,,,favor,should not be legal,pretty happy,good,,can't be too careful,not satisfied at all,,protestant,2-3 times a month,no doubts,don't know,word of god
2022,2152,81,male,white,high school,12,south,widowed,3,working part time,30,,middle class,strong republican,conservative,trump,oppose,favor,should not be legal,not too happy,fair,exciting,can't be too careful,pretty well satisfied,0,protestant,several times a week,no doubts,yes,word of god
2022,2153,72,female,white,high school,13,south,widowed,2,working full time,35,7121.25,middle class,strong republican,extremely conservative,trump,favor,favor,should not be legal,pretty happy,fair,routine,can't be too careful,pretty well satisfied,3,protestant,every week,no doubts,yes,word of god
2022,2154,45,male,white,high school,12,south,married,3,working part time,20,17407.5,working class,strong republican,extremely conservative,trump,favor,favor,,very happy,good,exciting,,more or less satisfied,3,christian,several times a week,,yes,word of god
2022,2155,42,female,other,high school,14,south,married,3,in school,,34815,middle class,"independent (neither, no response)","moderate, middle of the road",trump,oppose,oppose,,not too happy,excellent,exciting,,more or less satisfied,,christian,several times a week,no doubts,yes,word of god
2022,2156,34,female,white,high school,12,south,married,5,keeping house,,,upper class,strong republican,slightly conservative,trump,oppose,favor,,pretty happy,good,exciting,,more or less satisfied,,protestant,several times a year,believe with doubts,,
2022,2157,57,male,white,high school,14,south,divorced,6,working full time,40,,middle class,strong republican,slightly liberal,trump,favor,favor,,pretty happy,fair,routine,,more or less satisfied,0,protestant,about once or twice a year,,,
2022,2158,68,female,white,associate/junior college,14,south,divorced,1,retired,,,lower class,"independent (neither, no response)",slightly liberal,,favor,favor,,pretty happy,good,exciting,,more or less satisfied,,protestant,every week,,yes,inspired word
2022,2159,30,female,white,bachelor's,16,south,never married,0,working full time,40,23737.5,working class,strong republican,extremely conservative,trump,favor,favor,,very happy,good,routine,,more or less satisfied,3,protestant,several times a week,,,
2022,2160,53,female,white,bachelor's,16,south,married,2,working full time,40,163572.71343,working class,strong republican,"moderate, middle of the road",trump,favor,favor,,pretty happy,excellent,routine,,pretty well satisfied,4,protestant,every week,no doubts,,
2022,2161,,female,,graduate,16,south,married,0,retired,,,middle class,"independent (neither, no response)",slightly conservative,,favor,favor,,not too happy,fair,dull,,not satisfied at all,,protestant,2-3 times a month,,,
2022,2162,,male,white,less than high school,,south,never married,0,working full time,40,,working class,"independent (neither, no response)",conservative,,oppose,favor,,very happy,excellent,exciting,,more or less satisfied,0,protestant,several times a week,,,
2022,2163,69,female,black,less than high school,12,south,married,3,retired,,316.5,middle class,strong democrat,extremely liberal,biden,favor,don't know,should be legal,pretty happy,good,exciting,can't be too careful,not satisfied at all,,protestant,every week,no doubts,yes,word of god
2022,2164,19,male,white,high school,13,south,never married,0,working full time,40,15033.75,working class,"independent, close to republican","moderate, middle of the road",,oppose,favor,,pretty happy,excellent,exciting,,more or less satisfied,0,protestant,nearly every week,,,
2022,2165,83,male,white,bachelor's,16,south,married,2,retired,,,middle class,strong democrat,"moderate, middle of the road",biden,favor,favor,,very happy,fair,routine,,more or less satisfied,,protestant,several times a year,,no,ancient book
2022,2166,81,male,white,high school,13,south,married,1,working part time,20,4747.5,middle class,other party,conservative,trump,favor,favor,should not be legal,very happy,good,exciting,most people can be trusted,pretty well satisfied,0,protestant,several times a week,no doubts,yes,word of god
2022,2167,74,female,white,bachelor's,16,south,widowed,2,keeping house,,,middle class,not very strong democrat,"moderate, middle of the road",biden,favor,favor,should be legal,pretty happy,poor,exciting,can't be too careful,not satisfied at all,,protestant,several times a year,no doubts,yes,inspired word
2022,2168,,female,white,bachelor's,17,south,married,0,working full time,45,63300,middle class,"independent, close to democrat","moderate, middle of the road",biden,favor,favor,,very happy,excellent,routine,,pretty well satisfied,0,protestant,,higher power,,
2022,2169,62,female,white,high school,14,south,married,2,retired,,,working class,"independent, close to democrat","moderate, middle of the road",,favor,oppose,,very happy,good,routine,,more or less satisfied,,protestant,several times a year,,,
2022,2170,41,male,white,bachelor's,16,south,married,0,working full time,45,34815,working class,not very strong democrat,liberal,biden,,oppose,,not too happy,excellent,,,more or less satisfied,1,other,about once a month,don't believe,,
2022,2171,19,male,white,high school,13,south,never married,0,in school,,,upper class,"independent, close to republican",slightly conservative,,favor,favor,,pretty happy,good,exciting,,pretty well satisfied,,,about once or twice a year,,don't know,ancient book
2022,2172,31,female,white,graduate,20,south,never married,0,working full time,42,42727.5,middle class,strong democrat,liberal,biden,favor,oppose,,very happy,good,exciting,,more or less satisfied,3,none,less than once a year,,,
2022,2173,20,male,white,high school,13,south,never married,0,in school,,,middle class,"independent, close to democrat",slightly liberal,biden,,favor,,not too happy,excellent,,,more or less satisfied,,none,never,"don't know, no way to find out",,
2022,2174,22,male,black,high school,16,south,never married,0,other,,,middle class,"independent (neither, no response)","moderate, middle of the road",biden,favor,don't know,should be legal,pretty happy,fair,exciting,depends,pretty well satisfied,,christian,2-3 times a month,"don't know, no way to find out",no,ancient book
2022,2175,21,female,white,high school,15,south,never married,0,"unemployed, laid off, looking for work",,2848.5,working class,"independent (neither, no response)",liberal,,favor,oppose,,pretty happy,good,routine,,more or less satisfied,,none,never,don't believe,,
2022,2176,22,female,white,bachelor's,16,south,married,0,working part time,35,1266,working class,"independent, close to democrat",liberal,biden,favor,oppose,,pretty happy,good,routine,,not satisfied at all,4,protestant,several times a year,,don't know,inspired word
2022,2177,29,male,white,graduate,18,south,married,0,working full time,40,23737.5,working class,strong democrat,extremely liberal,biden,,oppose,,pretty happy,good,,,more or less satisfied,10,none,never,don't believe,,
2022,2178,20,female,white,high school,15,south,never married,0,in school,,,middle class,strong democrat,liberal,biden,favor,favor,,not too happy,good,routine,,more or less satisfied,,none,never,"don't know, no way to find out",,
2022,2179,66,male,white,high school,13,south,married,1,working full time,41,42727.5,working class,not very strong democrat,conservative,,favor,favor,don't know,very happy,good,routine,depends,pretty well satisfied,0,muslim/islam,every week,no doubts,yes,don't know
2022,2180,53,male,,high school,10,south,divorced,2,keeping house,,,lower class,strong democrat,extremely liberal,,,oppose,should be legal,pretty happy,fair,,can't be too careful,not satisfied at all,,none,about once or twice a year,no doubts,yes,word of god
2022,2181,30,male,white,high school,12,south,married,0,other,,,lower class,not very strong democrat,slightly liberal,,favor,favor,,not too happy,fair,routine,,not satisfied at all,,none,never,,no,ancient book
2022,2182,52,female,white,high school,13,south,divorced,3,other,,,working class,strong republican,extremely conservative,,oppose,favor,should be legal,pretty happy,fair,routine,can't be too careful,more or less satisfied,,protestant,never,no doubts,yes,word of god
2022,2183,33,female,white,high school,12,south,never married,1,in school,,15033.75,working class,other party,"moderate, middle of the road",,oppose,favor,,not too happy,fair,routine,,not satisfied at all,,none,never,believe with doubts,,
2022,2184,42,female,white,graduate,20,south,married,0,working full time,60,,working class,not very strong democrat,"moderate, middle of the road",biden,oppose,favor,should be legal,pretty happy,fair,routine,can't be too careful,more or less satisfied,10,none,never,"don't know, no way to find out",don't know,other (vol)
2022,2185,80,male,white,less than high school,8,south,widowed,2,keeping house,,,working class,"independent (neither, no response)",conservative,trump,favor,favor,,not too happy,fair,exciting,,more or less satisfied,,protestant,2-3 times a month,,yes,word of god
2022,2186,54,female,white,high school,12,south,,2,keeping house,,,middle class,strong democrat,liberal,biden,favor,favor,,pretty happy,good,,,pretty well satisfied,,protestant,about once or twice a year,,,
2022,2187,56,female,white,high school,15,south,married,2,working full time,50,63300,middle class,not very strong republican,conservative,trump,,favor,,pretty happy,good,,,more or less satisfied,0,protestant,nearly every week,no doubts,,
2022,2188,38,male,white,high school,14,south,married,4,working full time,40,28485,working class,strong republican,extremely conservative,trump,oppose,favor,should not be legal,very happy,good,exciting,can't be too careful,not satisfied at all,0,protestant,several times a week,no doubts,yes,word of god
2022,2189,60,male,white,bachelor's,16,south,married,0,retired,,,middle class,"independent, close to democrat",slightly liberal,biden,favor,favor,,very happy,good,exciting,,more or less satisfied,,protestant,never,higher power,,
2022,2190,75,male,white,high school,16,south,divorced,1,retired,,,lower class,strong democrat,liberal,biden,oppose,oppose,,not too happy,poor,routine,,not satisfied at all,,buddhism,never,higher power,,
2022,2191,41,male,white,bachelor's,18,south,married,2,working full time,48,63300,middle class,strong republican,extremely conservative,trump,oppose,favor,,pretty happy,fair,routine,,more or less satisfied,0,protestant,several times a week,,,
2022,2192,62,female,white,bachelor's,16,south,married,2,working full time,42,28485,working class,"independent, close to republican",conservative,trump,oppose,favor,,pretty happy,good,routine,,more or less satisfied,1,protestant,every week,,yes,inspired word
2022,2193,29,female,white,bachelor's,16,south,married,1,working full time,40,63300,middle class,not very strong republican,conservative,trump,,oppose,,very happy,good,,,pretty well satisfied,2,protestant,every week,no doubts,,
2022,2194,82,female,white,associate/junior college,14,south,married,4,retired,,,working class,strong republican,conservative,trump,oppose,favor,,pretty happy,good,routine,,pretty well satisfied,,protestant,every week,,yes,word of god
2022,2195,76,female,white,associate/junior college,15,south,married,2,retired,,,middle class,not very strong democrat,"moderate, middle of the road",biden,favor,oppose,should be legal,pretty happy,excellent,exciting,most people can be trusted,pretty well satisfied,,catholic,several times a year,higher power,no,ancient book
2022,2196,29,male,,high school,10,south,divorced,1,"unemployed, laid off, looking for work",,10286.25,lower class,"independent (neither, no response)","moderate, middle of the road",,,oppose,,not too happy,excellent,,,not satisfied at all,,none,about once a month,no doubts,,
2022,2197,28,male,white,high school,12,south,never married,0,working full time,40,28485,working class,strong republican,extremely conservative,trump,oppose,favor,,pretty happy,good,exciting,,more or less satisfied,0,protestant,nearly every week,,yes,word of god
2022,2198,30,female,white,high school,12,south,never married,3,working part time,34,5697,working class,"independent (neither, no response)","moderate, middle of the road",,oppose,favor,,very happy,excellent,routine,,more or less satisfied,5,protestant,never,,don't know,inspired word
2022,2199,75,male,white,high school,12,south,married,1,retired,,,working class,"independent, close to republican",don't know,,favor,oppose,should not be legal,pretty happy,fair,routine,can't be too careful,not satisfied at all,,protestant,several times a week,no doubts,yes,word of god
2022,2200,64,male,white,bachelor's,16,south,never married,0,retired,,,working class,not very strong republican,conservative,trump,oppose,favor,should not be legal,not too happy,good,routine,can't be too careful,not satisfied at all,,protestant,every week,no doubts,yes,inspired word
2022,2201,81,male,white,associate/junior college,16,south,married,2,retired,,,middle class,strong republican,conservative,trump,oppose,favor,,not too happy,fair,exciting,,pretty well satisfied,,protestant,every week,,,
2022,2202,63,female,white,bachelor's,16,south,never married,0,retired,,7121.25,middle class,"independent, close to democrat",slightly liberal,biden,,oppose,,pretty happy,good,,,more or less satisfied,,protestant,less than once a year,no doubts,,
2022,2203,39,male,white,bachelor's,18,south,married,4,working full time,45,,working class,"independent, close to republican","moderate, middle of the road",trump,,favor,,very happy,excellent,,,more or less satisfied,0,protestant,never,believe with doubts,,
2022,2204,39,female,black,associate/junior college,14,south,never married,4,in school,,,lower class,"independent (neither, no response)",slightly liberal,,favor,favor,should be legal,not too happy,fair,exciting,can't be too careful,not satisfied at all,,none,several times a year,no doubts,yes,ancient book
2022,2205,,male,black,associate/junior college,14,south,married,1,working full time,50,28485,working class,"independent (neither, no response)",slightly conservative,biden,,don't know,don't know,pretty happy,excellent,,can't be too careful,more or less satisfied,0,protestant,every week,no doubts,yes,word of god
2022,2206,19,male,white,high school,12,south,never married,0,working full time,60,5697,working class,not very strong republican,conservative,,favor,favor,should be legal,not too happy,good,routine,can't be too careful,more or less satisfied,10,christian,about once a month,no doubts,yes,word of god
2022,2207,69,male,black,high school,12,south,married,0,"unemployed, laid off, looking for work",,28485,working class,strong democrat,"moderate, middle of the road",biden,favor,oppose,,pretty happy,fair,routine,,not satisfied at all,,protestant,every week,,yes,word of god
2022,2208,73,female,black,high school,12,south,widowed,3,retired,,,working class,strong democrat,"moderate, middle of the road",biden,don't know,don't know,should not be legal,pretty happy,fair,routine,can't be too careful,not satisfied at all,,protestant,2-3 times a month,no doubts,don't know,word of god
2022,2209,20,male,white,high school,12,south,never married,0,working part time,20,17407.5,working class,"independent, close to republican","moderate, middle of the road",,oppose,oppose,,pretty happy,excellent,exciting,,not satisfied at all,0,none,less than once a year,,,
2022,2210,45,female,white,high school,12,south,divorced,3,working full time,32,17407.5,working class,"independent, close to democrat",slightly conservative,,favor,favor,should be legal,pretty happy,fair,routine,can't be too careful,more or less satisfied,30,protestant,less than once a year,no doubts,don't know,word of god
2022,2211,38,female,white,less than high school,9,south,married,3,keeping house,,,lower class,not very strong republican,"moderate, middle of the road",trump,,favor,should be legal,not too happy,fair,,can't be too careful,not satisfied at all,,protestant,less than once a year,believe with doubts,don't know,inspired word
2022,2212,78,female,white,high school,12,south,married,2,keeping house,,,middle class,strong republican,"moderate, middle of the road",trump,favor,don't know,should not be legal,very happy,good,exciting,depends,pretty well satisfied,,protestant,every week,no doubts,yes,word of god
2022,2213,,female,,graduate,18,south,married,2,working full time,,,middle class,strong republican,extremely conservative,,favor,favor,,very happy,good,routine,,pretty well satisfied,,,several times a week,no doubts,,
2022,2214,29,male,white,less than high school,,south,married,0,working full time,50,,working class,strong republican,extremely conservative,trump,oppose,favor,,very happy,excellent,exciting,,not satisfied at all,0,protestant,every week,no doubts,,
2022,2215,62,female,white,associate/junior college,14,south,divorced,2,working full time,40,34815,working class,not very strong republican,"moderate, middle of the road",trump,,favor,don't know,pretty happy,good,,most people can be trusted,more or less satisfied,0,protestant,every week,no doubts,no,word of god
2022,2216,44,female,white,bachelor's,16,south,married,2,working full time,45,34815,middle class,not very strong republican,extremely conservative,trump,favor,oppose,,pretty happy,good,routine,,not satisfied at all,5,protestant,every week,,,
2022,2217,67,female,white,graduate,17,south,married,3,retired,,,middle class,not very strong republican,"moderate, middle of the road",trump,,favor,,very happy,good,,,more or less satisfied,,protestant,every week,no doubts,,
2022,2218,58,female,white,bachelor's,17,south,married,2,working full time,80,42727.5,working class,"independent (neither, no response)","moderate, middle of the road",trump,oppose,favor,,pretty happy,fair,dull,,not satisfied at all,15,none,about once or twice a year,believe sometimes,,
2022,2219,70,male,black,less than high school,12,south,widowed,3,retired,,,middle class,strong democrat,"moderate, middle of the road",biden,favor,favor,should be legal,pretty happy,good,exciting,most people can be trusted,pretty well satisfied,,protestant,2-3 times a month,don't know,yes,inspired word
2022,2220,51,female,white,high school,12,south,married,2,working full time,42,13451.25,middle class,strong republican,extremely conservative,trump,,favor,should not be legal,very happy,good,,can't be too careful,pretty well satisfied,14,protestant,every week,no doubts,yes,word of god
2022,2221,61,female,white,bachelor's,18,south,married,3,other,,,middle class,"independent, close to democrat",slightly liberal,,,oppose,,very happy,excellent,,,more or less satisfied,,catholic,several times a year,higher power,,
2022,2222,40,male,white,bachelor's,16,south,married,2,working full time,40,75960,middle class,"independent (neither, no response)",slightly conservative,trump,oppose,favor,should be legal,very happy,excellent,exciting,can't be too careful,more or less satisfied,0,protestant,several times a year,no doubts,yes,inspired word
2022,2223,19,female,white,high school,13,south,never married,0,working part time,21,7121.25,middle class,strong republican,conservative,,favor,favor,,pretty happy,good,routine,,more or less satisfied,,protestant,every week,,yes,word of god
2022,2224,38,female,white,bachelor's,16,south,never married,3,working full time,38,28485,working class,not very strong republican,"moderate, middle of the road",,favor,oppose,,pretty happy,good,routine,,not satisfied at all,0,christian,about once or twice a year,,,
2022,2225,71,male,white,high school,12,south,married,2,working part time,24,,middle class,strong democrat,"moderate, middle of the road",biden,,oppose,,pretty happy,excellent,,,pretty well satisfied,0,catholic,nearly every week,no doubts,,
2022,2226,38,male,white,bachelor's,17,south,married,1,working full time,55,163572.71343,middle class,strong republican,conservative,trump,favor,favor,,pretty happy,good,routine,,more or less satisfied,5,protestant,nearly every week,,,
2022,2227,55,male,white,less than high school,10,south,never married,0,other,,,lower class,"independent (neither, no response)",extremely conservative,,favor,oppose,,very happy,good,exciting,,pretty well satisfied,,none,never,,,
2022,2228,44,female,white,associate/junior college,14,south,married,3,working full time,40,5697,working class,strong republican,extremely conservative,trump,,favor,should not be legal,very happy,fair,,can't be too careful,more or less satisfied,0,protestant,every week,no doubts,yes,word of god
2022,2229,41,male,white,high school,11,south,married,5,working full time,65,34815,working class,strong republican,conservative,trump,,favor,,pretty happy,good,,,not satisfied at all,3,protestant,every week,no doubts,,
2022,2230,23,male,black,high school,12,south,never married,0,working full time,40,20572.5,lower class,"independent, close to republican",slightly liberal,,,oppose,,very happy,fair,,,more or less satisfied,4,none,about once or twice a year,believe with doubts,,
2022,2231,25,male,white,high school,12,south,married,1,working full time,40,15033.75,working class,"independent (neither, no response)","moderate, middle of the road",,,favor,,pretty happy,good,,,more or less satisfied,0,none,never,higher power,,
2022,2232,47,female,white,high school,12,south,never married,4,working full time,40,23737.5,middle class,"independent (neither, no response)","moderate, middle of the road",,favor,oppose,,pretty happy,good,routine,,not satisfied at all,0,none,never,,,
2022,2233,64,female,white,high school,12,south,divorced,4,other,,,lower class,"independent, close to republican","moderate, middle of the road",trump,oppose,favor,,pretty happy,fair,,,not satisfied at all,,none,never,,yes,word of god
2022,2234,44,female,white,high school,13,south,married,1,other,,,working class,"independent, close to republican",slightly liberal,trump,favor,oppose,,pretty happy,fair,routine,,not satisfied at all,,protestant,less than once a year,no doubts,,
2022,2235,,,white,high school,12,south,married,2,other,,,middle class,"independent (neither, no response)","moderate, middle of the road",trump,favor,favor,,pretty happy,good,routine,,more or less satisfied,,protestant,every week,no doubts,,
2022,2236,68,female,black,high school,12,south,never married,0,retired,,,middle class,strong democrat,"moderate, middle of the road",biden,favor,favor,,very happy,good,routine,,pretty well satisfied,,christian,every week,,yes,inspired word
2022,2237,78,female,white,high school,12,south,married,0,working part time,5,,middle class,strong republican,extremely conservative,trump,don't know,don't know,should not be legal,very happy,good,exciting,can't be too careful,more or less satisfied,0,protestant,every week,no doubts,yes,word of god
2022,2238,27,female,white,high school,12,south,divorced,1,working part time,30,,working class,not very strong republican,,,oppose,favor,,pretty happy,fair,routine,,more or less satisfied,0,none,never,,,
2022,2239,,female,,high school,13,south,,,,,,working class,"independent (neither, no response)",slightly conservative,,favor,oppose,,pretty happy,good,routine,,pretty well satisfied,,protestant,nearly every week,,,
2022,2240,62,don't know,white,associate/junior college,14,south,never married,0,in school,,,middle class,other party,"moderate, middle of the road",,favor,favor,,pretty happy,good,routine,,pretty well satisfied,,none,never,,,
2022,2241,20,female,white,less than high school,,south,never married,0,working full time,40,13451.25,lower class,"independent (neither, no response)",conservative,,,favor,,very happy,fair,,,pretty well satisfied,0,none,less than once a year,higher power,,
2022,2242,72,female,white,high school,12,south,divorced,2,retired,,,don't know,"independent, close to republican","moderate, middle of the road",trump,,favor,don't know,pretty happy,good,,can't be too careful,not satisfied at all,,protestant,several times a week,no doubts,yes,word of god
2022,2243,48,female,black,bachelor's,16,south,never married,0,"unemployed, laid off, looking for work",,,working class,"independent (neither, no response)","moderate, middle of the road",biden,favor,,,pretty happy,excellent,routine,,not satisfied at all,,protestant,every week,,,
2022,2244,63,male,black,high school,14,south,never married,0,working full time,40,13451.25,working class,not very strong democrat,"moderate, middle of the road",biden,favor,,should be legal,pretty happy,good,routine,most people can be trusted,more or less satisfied,0,protestant,every week,no doubts,no,word of god
2022,2245,65,female,black,graduate,20,south,never married,2,working part time,15,,working class,strong democrat,liberal,biden,favor,oppose,,not too happy,good,exciting,,not satisfied at all,0,none,every week,no doubts,,
2022,2246,68,female,black,high school,12,south,widowed,8,retired,,,middle class,"independent (neither, no response)","moderate, middle of the road",biden,,oppose,should be legal,not too happy,fair,,can't be too careful,more or less satisfied,,christian,nearly every week,no doubts,yes,inspired word
2022,2247,64,female,black,bachelor's,16,south,never married,0,working full time,45,15033.75,working class,strong democrat,"moderate, middle of the road",biden,favor,favor,,not too happy,good,routine,,more or less satisfied,3,protestant,every week,,,
2022,2248,21,female,other,high school,15,south,never married,0,working full time,38,8703.75,working class,not very strong democrat,liberal,biden,favor,oppose,,very happy,excellent,routine,,more or less satisfied,0,christian,nearly every week,,yes,inspired word
2022,2249,42,male,black,high school,12,south,never married,0,keeping house,,,lower class,strong democrat,"moderate, middle of the road",biden,,favor,should be legal,pretty happy,fair,,can't be too careful,pretty well satisfied,,none,never,no doubts,yes,word of god
2022,2250,51,male,other,high school,14,south,married,3,working full time,48,63300,working class,"independent (neither, no response)","moderate, middle of the road",,,oppose,,pretty happy,good,,,not satisfied at all,1,,about once a month,no doubts,,
2022,2251,30,male,white,high school,12,south,never married,0,working full time,48,63300,working class,not very strong republican,slightly conservative,trump,,favor,should be legal,pretty happy,excellent,,most people can be trusted,pretty well satisfied,0,protestant,less than once a year,believe with doubts,yes,inspired word
2022,2252,55,male,white,less than high school,11,south,married,3,other,,,lower class,strong republican,"moderate, middle of the road",trump,favor,favor,,not too happy,poor,dull,,not satisfied at all,,protestant,nearly every week,,,
2022,2253,22,male,black,high school,15,south,never married,0,in school,,,upper class,strong democrat,extremely liberal,biden,,oppose,should be legal,pretty happy,excellent,,can't be too careful,pretty well satisfied,,protestant,every week,no doubts,yes,word of god
2022,2254,61,male,black,high school,12,south,separated,1,retired,,,working class,not very strong democrat,extremely liberal,,favor,favor,should not be legal,not too happy,good,exciting,can't be too careful,more or less satisfied,,protestant,every week,believe with doubts,yes,inspired word
2022,2255,35,female,black,high school,12,south,never married,0,working full time,40,316.5,working class,"independent (neither, no response)",extremely liberal,biden,,favor,,very happy,good,,,pretty well satisfied,0,none,2-3 times a month,no doubts,,
2022,2256,49,female,white,less than high school,10,south,divorced,3,"unemployed, laid off, looking for work",,,lower class,"independent, close to democrat",extremely liberal,,oppose,favor,,not too happy,poor,dull,,not satisfied at all,,catholic,never,no doubts,,
2022,2257,65,male,white,high school,14,south,married,5,retired,,,working class,strong republican,slightly conservative,trump,oppose,favor,,not too happy,fair,routine,,not satisfied at all,,protestant,never,higher power,,
2022,2258,27,male,white,bachelor's,16,south,never married,1,working full time,40,28485,middle class,"independent (neither, no response)",liberal,,,favor,,not too happy,good,,,more or less satisfied,,none,never,higher power,,
2022,2259,61,female,black,graduate,14,south,widowed,3,working full time,40,23737.5,working class,strong democrat,"moderate, middle of the road",,favor,oppose,,not too happy,good,routine,,pretty well satisfied,0,protestant,every week,no doubts,,
2022,2260,65,female,white,high school,15,south,widowed,2,working part time,18,5697,working class,strong republican,slightly liberal,trump,oppose,favor,,pretty happy,fair,routine,,not satisfied at all,7,protestant,about once or twice a year,believe with doubts,,
2022,2261,67,male,white,high school,12,south,married,3,retired,,316.5,working class,not very strong democrat,slightly conservative,biden,oppose,favor,,pretty happy,good,dull,,more or less satisfied,,catholic,never,,no,ancient book
2022,2262,42,female,,bachelor's,17,south,divorced,1,working full time,55,42727.5,middle class,"independent, close to republican",slightly conservative,,favor,favor,,not too happy,excellent,exciting,,more or less satisfied,0,catholic,every week,no doubts,,
2022,2263,65,female,white,associate/junior college,14,south,married,1,working part time,20,34815,middle class,"independent (neither, no response)","moderate, middle of the road",trump,favor,favor,,pretty happy,good,exciting,,pretty well satisfied,0,protestant,about once or twice a year,,,
2022,2264,65,female,white,associate/junior college,15,south,married,2,retired,,,middle class,,,trump,oppose,,,not too happy,good,exciting,,more or less satisfied,,catholic,less than once a year,believe with doubts,,
2022,2265,75,female,white,high school,12,south,married,2,retired,,,middle class,"independent (neither, no response)",don't know,trump,,favor,should be legal,very happy,fair,,can't be too careful,more or less satisfied,,protestant,about once or twice a year,no doubts,yes,word of god
2022,2266,65,female,white,high school,12,south,never married,0,retired,,,working class,"independent (neither, no response)","moderate, middle of the road",biden,favor,oppose,,pretty happy,good,routine,,more or less satisfied,,catholic,about once or twice a year,,yes,inspired word
2022,2267,24,female,black,high school,14,south,never married,1,"unemployed, laid off, looking for work",,,,"independent (neither, no response)",conservative,,oppose,oppose,,pretty happy,good,routine,,not satisfied at all,,none,never,,,
2022,2268,75,female,other,less than high school,13,south,divorced,3,retired,,,working class,strong democrat,slightly liberal,biden,favor,oppose,,pretty happy,poor,routine,,not satisfied at all,,none,never,,,
2022,2269,75,female,white,less than high school,8,south,divorced,3,retired,,,lower class,strong democrat,slightly conservative,biden,,favor,,not too happy,fair,,,not satisfied at all,,none,less than once a year,no doubts,,
2022,2270,63,female,black,high school,12,south,widowed,3,retired,,,middle class,strong democrat,slightly liberal,biden,favor,oppose,,very happy,good,exciting,,more or less satisfied,,protestant,2-3 times a month,,yes,word of god
2022,2271,44,female,black,high school,13,south,never married,2,working full time,45,,working class,"independent (neither, no response)","moderate, middle of the road",,favor,oppose,,pretty happy,excellent,routine,,not satisfied at all,0,none,less than once a year,"don't know, no way to find out",,
2022,2272,68,male,black,high school,14,south,separated,4,retired,,,middle class,strong democrat,conservative,biden,,oppose,should be legal,very happy,fair,,can't be too careful,not satisfied at all,,protestant,nearly every week,no doubts,yes,word of god
2022,2273,83,male,black,bachelor's,16,south,married,8,retired,,,working class,strong democrat,liberal,biden,favor,oppose,should not be legal,very happy,good,exciting,most people can be trusted,more or less satisfied,,protestant,every week,no doubts,yes,inspired word
2022,2274,,female,white,less than high school,10,south,separated,2,working full time,45,,working class,"independent (neither, no response)",slightly liberal,,,oppose,,pretty happy,good,,,more or less satisfied,,catholic,never,no doubts,,
2022,2275,29,female,black,high school,15,south,never married,1,working full time,40,15033.75,lower class,other party,extremely liberal,biden,favor,oppose,,pretty happy,good,routine,,not satisfied at all,,none,never,,,
2022,2276,78,male,white,high school,13,south,married,3,retired,,,middle class,not very strong republican,conservative,trump,favor,favor,,not too happy,poor,routine,,more or less satisfied,,protestant,never,believe with doubts,,
2022,2277,72,female,white,bachelor's,16,south,married,1,retired,,,working class,"independent, close to republican",conservative,trump,,oppose,,pretty happy,excellent,,,more or less satisfied,,catholic,about once or twice a year,believe with doubts,,
2022,2278,68,female,white,high school,12,south,married,2,retired,,,working class,strong republican,extremely conservative,trump,oppose,oppose,should be legal,very happy,fair,exciting,depends,more or less satisfied,,protestant,every week,no doubts,yes,word of god
2022,2279,62,female,white,high school,11,south,widowed,3,working part time,28,7121.25,working class,strong republican,conservative,,oppose,favor,,not too happy,fair,routine,,not satisfied at all,5,catholic,about once or twice a year,no doubts,,
2022,2280,69,male,white,high school,14,south,divorced,1,retired,,,working class,strong republican,conservative,trump,,favor,,not too happy,good,,,more or less satisfied,,catholic,less than once a year,believe with doubts,,
2022,2281,24,female,white,high school,12,south,never married,0,working full time,40,,working class,"independent, close to republican",conservative,trump,,don't know,should be legal,pretty happy,good,,depends,more or less satisfied,14,catholic,never,higher power,yes,ancient book
2022,2282,44,male,white,associate/junior college,14,south,married,3,working full time,40,34815,lower class,not very strong democrat,conservative,trump,oppose,favor,,pretty happy,good,routine,,more or less satisfied,0,none,never,,,
2022,2283,34,male,white,high school,12,south,married,1,working full time,50,42727.5,middle class,strong republican,conservative,,favor,favor,should be legal,very happy,excellent,exciting,most people can be trusted,pretty well satisfied,0,don't know,never,believe sometimes,don't know,inspired word
2022,2284,66,male,white,high school,14,south,married,2,working part time,15,63300,middle class,strong republican,conservative,trump,favor,favor,,pretty happy,fair,routine,,not satisfied at all,0,catholic,about once or twice a year,,,
2022,2285,59,male,black,high school,14,south,married,3,working full time,36,34815,working class,not very strong democrat,"moderate, middle of the road",trump,favor,oppose,should be legal,pretty happy,good,routine,can't be too careful,more or less satisfied,0,protestant,several times a year,"don't know, no way to find out",no,inspired word
2022,2286,20,male,white,high school,12,south,never married,0,in school,,7121.25,middle class,"independent, close to democrat",liberal,,favor,favor,,pretty happy,excellent,routine,,more or less satisfied,,none,never,,,
2022,2287,38,female,white,bachelor's,16,south,never married,0,working full time,40,34815,working class,not very strong republican,"moderate, middle of the road",trump,favor,favor,,not too happy,fair,routine,,not satisfied at all,,catholic,about once or twice a year,believe sometimes,,
2022,2288,52,female,black,bachelor's,16,south,divorced,2,working full time,40,42727.5,middle class,not very strong democrat,"moderate, middle of the road",biden,favor,oppose,,pretty happy,excellent,exciting,,not satisfied at all,0,protestant,2-3 times a month,,yes,ancient book
2022,2289,37,male,white,high school,14,south,married,3,"unemployed, laid off, looking for work",,42727.5,working class,"independent (neither, no response)",don't know,,oppose,favor,,pretty happy,good,exciting,,more or less satisfied,,protestant,about once a month,,yes,word of god
2022,2290,75,female,white,high school,12,south,divorced,3,retired,,,middle class,strong republican,conservative,trump,favor,favor,,pretty happy,poor,routine,,pretty well satisfied,,protestant,every week,,yes,word of god
2022,2291,70,male,white,high school,14,south,divorced,1,retired,,,middle class,"independent, close to democrat",liberal,biden,favor,favor,,pretty happy,good,routine,,pretty well satisfied,,buddhism,never,,,
2022,2292,59,male,other,associate/junior college,15,south,married,1,working full time,58,42727.5,working class,"independent, close to democrat",slightly liberal,biden,oppose,oppose,should be legal,pretty happy,excellent,exciting,can't be too careful,more or less satisfied,0,none,never,no doubts,yes,ancient book
2022,2293,59,female,white,associate/junior college,14,south,divorced,1,working full time,52,34815,working class,strong republican,conservative,trump,,don't know,don't know,pretty happy,good,,can't be too careful,more or less satisfied,0,protestant,several times a year,no doubts,yes,word of god
2022,2294,35,male,black,high school,12,south,never married,2,working full time,54,28485,working class,not very strong democrat,"moderate, middle of the road",,,oppose,should be legal,pretty happy,fair,,can't be too careful,not satisfied at all,0,protestant,2-3 times a month,no doubts,yes,word of god
2022,2295,68,female,white,high school,12,south,married,2,retired,,,middle class,"independent (neither, no response)",slightly conservative,,favor,favor,,very happy,good,exciting,,don't know,,catholic,2-3 times a month,,yes,don't know
2022,2296,35,female,white,associate/junior college,14,south,divorced,2,keeping house,,8703.75,working class,"independent (neither, no response)","moderate, middle of the road",,,favor,should be legal,very happy,excellent,,can't be too careful,pretty well satisfied,,protestant,never,believe sometimes,yes,inspired word
2022,2297,68,female,white,associate/junior college,14,south,married,0,retired,,,lower class,"independent, close to republican",conservative,trump,,oppose,,pretty happy,good,,,more or less satisfied,,protestant,every week,no doubts,,
2022,2298,80,male,white,high school,12,south,married,2,retired,,,middle class,not very strong republican,"moderate, middle of the road",trump,favor,favor,,pretty happy,excellent,exciting,,not satisfied at all,,catholic,less than once a year,believe with doubts,,
2022,2299,74,male,white,bachelor's,16,south,married,2,retired,,,middle class,"independent, close to republican",slightly conservative,trump,favor,don't know,,pretty happy,good,exciting,,more or less satisfied,,catholic,every week,,yes,inspired word
2022,2300,74,female,white,graduate,16,south,divorced,0,retired,,,middle class,strong democrat,"moderate, middle of the road",biden,favor,favor,,pretty happy,good,routine,,more or less satisfied,,protestant,nearly every week,,,
2022,2301,53,male,black,associate/junior college,14,south,widowed,2,retired,,,,,,,favor,,,very happy,good,exciting,,,,other,every week,no doubts,,
2022,2302,33,female,black,associate/junior college,14,south,married,3,in school,,15033.75,working class,"independent (neither, no response)",slightly conservative,biden,favor,oppose,don't know,pretty happy,good,routine,most people can be trusted,more or less satisfied,,protestant,several times a week,no doubts,yes,word of god
2022,2303,38,female,black,high school,13,south,separated,2,working full time,40,23737.5,working class,"independent (neither, no response)",slightly liberal,,,don't know,don't know,pretty happy,fair,,depends,pretty well satisfied,0,none,several times a year,no doubts,yes,ancient book
2022,2304,70,male,white,high school,14,south,married,4,working part time,34,,working class,not very strong republican,conservative,trump,oppose,favor,,not too happy,good,exciting,,more or less satisfied,0,protestant,nearly every week,no doubts,,
2022,2305,25,female,white,high school,12,south,never married,3,keeping house,,3481.5,working class,"independent (neither, no response)",slightly liberal,,favor,favor,,very happy,excellent,routine,,more or less satisfied,,catholic,never,higher power,,
2022,2306,48,female,white,associate/junior college,14,south,separated,3,other,,,working class,not very strong democrat,"moderate, middle of the road",biden,favor,favor,,pretty happy,good,routine,,more or less satisfied,,catholic,about once or twice a year,,yes,word of god
2022,2307,21,male,black,bachelor's,16,south,never married,0,working full time,40,11868.75,working class,"independent, close to republican",extremely liberal,,oppose,oppose,,not too happy,excellent,routine,,more or less satisfied,0,protestant,about once or twice a year,believe with doubts,,
2022,2308,44,female,black,high school,12,south,divorced,1,"with a job, but not at work because of temporary illness, vacation, strike",,23737.5,working class,strong democrat,don't know,,,don't know,should be legal,pretty happy,good,,can't be too careful,not satisfied at all,30,none,less than once a year,don't believe,yes,ancient book
2022,2309,44,female,black,graduate,20,south,separated,4,working full time,30,13451.25,middle class,not very strong democrat,slightly conservative,,favor,favor,should not be legal,not too happy,good,exciting,can't be too careful,more or less satisfied,,protestant,less than once a year,no doubts,yes,other (vol)
2022,2310,43,male,other,less than high school,11,south,married,2,other,,,middle class,"independent, close to republican",liberal,,favor,favor,,very happy,poor,exciting,,pretty well satisfied,,none,never,,yes,ancient book
2022,2311,26,male,white,high school,13,south,never married,0,"with a job, but not at work because of temporary illness, vacation, strike",,,lower class,"independent (neither, no response)","moderate, middle of the road",,,favor,should be legal,not too happy,fair,,can't be too careful,not satisfied at all,30,none,never,don't believe,no,ancient book
2022,2312,59,female,black,high school,13,south,separated,7,working part time,32,,lower class,strong democrat,"moderate, middle of the road",biden,favor,favor,,pretty happy,good,exciting,,not satisfied at all,0,none,several times a year,,yes,inspired word
2022,2313,70,female,black,graduate,16,south,widowed,1,retired,,,lower class,strong democrat,"moderate, middle of the road",biden,favor,oppose,,pretty happy,fair,routine,,pretty well satisfied,,protestant,every week,,,
2022,2314,32,female,white,bachelor's,17,south,married,2,working part time,35,11868.75,middle class,strong republican,extremely conservative,trump,,favor,,pretty happy,excellent,,,more or less satisfied,20,protestant,several times a week,no doubts,,
2022,2315,63,male,white,graduate,20,south,never married,0,other,,,upper class,"independent (neither, no response)","moderate, middle of the road",trump,oppose,favor,,pretty happy,good,exciting,,not satisfied at all,,jewish,about once a month,no doubts,,
2022,2316,33,female,white,high school,14,south,separated,0,working full time,46,23737.5,working class,"independent, close to democrat",liberal,biden,,favor,,not too happy,fair,,,not satisfied at all,2,other,about once or twice a year,don't believe,,
2022,2317,68,male,black,high school,14,south,widowed,3,retired,,,working class,not very strong democrat,slightly liberal,biden,favor,favor,,pretty happy,good,exciting,,not satisfied at all,,protestant,about once a month,,yes,word of god
2022,2318,77,male,black,less than high school,11,south,separated,2,retired,,,lower class,strong democrat,liberal,,,favor,,not too happy,fair,,,not satisfied at all,,protestant,every week,no doubts,,
2022,2319,71,female,white,bachelor's,16,south,widowed,4,retired,,,middle class,strong republican,"moderate, middle of the road",trump,oppose,oppose,should not be legal,not too happy,good,exciting,depends,not satisfied at all,,christian,every week,no doubts,yes,word of god
2022,2320,77,male,black,less than high school,12,south,divorced,1,retired,,,middle class,not very strong democrat,slightly liberal,biden,oppose,oppose,,very happy,fair,exciting,,not satisfied at all,,protestant,about once a month,,no,ancient book
2022,2321,25,female,white,graduate,16,south,never married,0,working full time,40,28485,middle class,strong democrat,liberal,biden,favor,oppose,,pretty happy,excellent,routine,,more or less satisfied,10,none,never,don't believe,,
2022,2322,26,male,black,high school,12,south,never married,0,working full time,40,20572.5,working class,"independent, close to democrat","moderate, middle of the road",biden,favor,oppose,,pretty happy,good,exciting,,not satisfied at all,10,protestant,about once or twice a year,,yes,inspired word
2022,2323,35,female,black,high school,13,south,never married,0,"unemployed, laid off, looking for work",,,middle class,"independent (neither, no response)",extremely liberal,,favor,favor,,not too happy,fair,routine,,not satisfied at all,,none,never,,,
2022,2324,28,female,white,bachelor's,16,south,never married,0,"unemployed, laid off, looking for work",,34815,upper class,strong democrat,liberal,biden,favor,oppose,should be legal,pretty happy,good,exciting,depends,more or less satisfied,,none,less than once a year,don't believe,no,ancient book
2022,2325,52,male,black,high school,12,south,never married,0,retired,,,working class,not very strong democrat,slightly liberal,,favor,favor,,very happy,fair,routine,,more or less satisfied,,protestant,less than once a year,,yes,word of god
2022,2326,38,male,black,high school,12,south,never married,2,working full time,40,34815,lower class,"independent (neither, no response)","moderate, middle of the road",,oppose,favor,,pretty happy,fair,routine,,more or less satisfied,0,none,never,,no,inspired word
2022,2327,56,female,other,less than high school,13,south,divorced,3,working full time,40,23737.5,working class,"independent (neither, no response)",don't know,,,favor,should be legal,very happy,good,,can't be too careful,more or less satisfied,20,none,never,higher power,yes,ancient book
2022,2328,,male,white,less than high school,10,south,separated,3,working full time,40,,lower class,"independent (neither, no response)","moderate, middle of the road",trump,favor,favor,,not too happy,fair,routine,,not satisfied at all,,protestant,several times a year,no doubts,,
2022,2329,28,female,black,high school,13,south,never married,1,working full time,40,,working class,not very strong democrat,"moderate, middle of the road",biden,oppose,favor,should be legal,pretty happy,fair,routine,most people can be trusted,not satisfied at all,5,none,about once a month,no doubts,yes,inspired word
2022,2330,36,female,white,high school,12,south,never married,2,working full time,40,7121.25,working class,"independent (neither, no response)","moderate, middle of the road",,,oppose,,pretty happy,fair,,,more or less satisfied,25,none,never,don't believe,,
2022,2331,55,male,black,high school,12,south,married,5,working full time,40,7121.25,working class,"independent, close to democrat",slightly liberal,biden,oppose,oppose,,pretty happy,good,routine,,more or less satisfied,0,protestant,2-3 times a month,,no,inspired word
2022,2332,40,female,black,bachelor's,16,south,never married,1,working part time,,,lower class,"independent, close to democrat",slightly liberal,,,oppose,,not too happy,excellent,,,not satisfied at all,30,protestant,nearly every week,no doubts,yes,word of god
2022,2333,67,female,black,graduate,18,south,widowed,0,keeping house,,34815,working class,strong democrat,liberal,biden,favor,favor,,pretty happy,good,exciting,,more or less satisfied,,none,less than once a year,believe with doubts,,
2022,2334,35,male,other,less than high school,6,south,married,0,working full time,40,,lower class,"independent (neither, no response)",liberal,,favor,oppose,,not too happy,poor,routine,,not satisfied at all,0,none,several times a week,,,
2022,2335,65,male,white,bachelor's,16,south,never married,0,retired,,17407.5,middle class,not very strong democrat,liberal,biden,favor,oppose,,pretty happy,fair,exciting,,more or less satisfied,,none,never,,,
2022,2336,27,male,other,bachelor's,16,south,never married,0,in school,,,middle class,not very strong republican,slightly conservative,trump,oppose,favor,,pretty happy,good,routine,,more or less satisfied,,muslim/islam,less than once a year,,no,inspired word
2022,2337,43,male,white,bachelor's,16,south,never married,0,working full time,41,42727.5,middle class,not very strong democrat,liberal,biden,,favor,,very happy,excellent,,,pretty well satisfied,1,none,never,don't believe,,
2022,2338,25,male,black,high school,15,south,never married,0,"unemployed, laid off, looking for work",,7121.25,working class,"independent (neither, no response)",liberal,biden,oppose,favor,,not too happy,good,exciting,,more or less satisfied,,none,less than once a year,higher power,,
2022,2339,38,male,white,high school,9,south,married,3,working full time,50,28485,working class,"independent, close to republican",don't know,,favor,favor,,pretty happy,good,routine,,not satisfied at all,2,none,never,,yes,other (vol)
2022,2340,71,female,white,high school,12,south,married,0,retired,,,middle class,"independent, close to democrat","moderate, middle of the road",biden,favor,favor,should be legal,very happy,excellent,exciting,most people can be trusted,pretty well satisfied,,protestant,2-3 times a month,believe sometimes,no,ancient book
2022,2341,68,female,,graduate,20,south,married,2,retired,,,middle class,"independent (neither, no response)","moderate, middle of the road",,favor,oppose,,very happy,good,exciting,,more or less satisfied,,protestant,every week,no doubts,,
2022,2342,37,female,black,high school,15,south,divorced,5,working full time,40,52222.5,working class,not very strong democrat,"moderate, middle of the road",biden,,favor,,pretty happy,good,,,more or less satisfied,0,protestant,less than once a year,no doubts,,
2022,2343,31,female,white,high school,12,south,never married,2,keeping house,,,middle class,not very strong democrat,"moderate, middle of the road",trump,oppose,favor,should be legal,pretty happy,poor,dull,can't be too careful,more or less satisfied,,protestant,2-3 times a month,no doubts,yes,ancient book
2022,2344,65,female,black,graduate,18,south,divorced,3,retired,,,middle class,"independent, close to republican","moderate, middle of the road",biden,,favor,don't know,very happy,good,,can't be too careful,pretty well satisfied,,none,never,higher power,don't know,ancient book
2022,2345,55,male,white,high school,12,south,never married,0,working full time,40,,middle class,strong republican,conservative,trump,oppose,favor,don't know,pretty happy,fair,routine,can't be too careful,more or less satisfied,0,protestant,several times a year,no doubts,yes,inspired word
2022,2346,38,male,white,bachelor's,16,south,never married,1,working full time,40,42727.5,middle class,not very strong democrat,"moderate, middle of the road",biden,favor,oppose,,not too happy,good,routine,,not satisfied at all,2,none,never,don't believe,,
2022,2347,48,female,black,high school,10,south,married,5,working full time,56,42727.5,middle class,strong democrat,"moderate, middle of the road",biden,favor,oppose,,very happy,good,exciting,,pretty well satisfied,0,protestant,several times a week,,yes,word of god
2022,2348,27,female,black,high school,12,south,never married,1,working full time,40,28485,working class,"independent (neither, no response)","moderate, middle of the road",,oppose,oppose,,not too happy,good,routine,,not satisfied at all,20,none,never,believe with doubts,,
2022,2349,48,male,white,high school,13,south,never married,2,"unemployed, laid off, looking for work",,,working class,strong republican,conservative,trump,favor,favor,,pretty happy,poor,routine,,not satisfied at all,,catholic,never,,,
2022,2350,69,male,white,high school,15,south,divorced,1,retired,,42727.5,working class,"independent (neither, no response)",slightly liberal,biden,,favor,,pretty happy,fair,,,more or less satisfied,,none,less than once a year,higher power,,
2022,2351,28,female,white,high school,14,south,never married,0,"unemployed, laid off, looking for work",,,middle class,"independent (neither, no response)","moderate, middle of the road",,,favor,,pretty happy,good,,,more or less satisfied,,catholic,about once or twice a year,no doubts,,
2022,2352,66,female,white,high school,12,south,divorced,2,other,,,lower class,"independent (neither, no response)",slightly liberal,,favor,favor,should be legal,not too happy,poor,routine,can't be too careful,not satisfied at all,,protestant,several times a year,no doubts,don't know,word of god
2022,2353,82,female,white,high school,12,south,widowed,3,retired,,,working class,not very strong republican,conservative,trump,favor,favor,should not be legal,not too happy,good,exciting,can't be too careful,more or less satisfied,,protestant,every week,no doubts,yes,word of god
2022,2354,82,male,white,graduate,18,south,widowed,3,retired,,,middle class,not very strong republican,slightly conservative,trump,,favor,,pretty happy,good,,,more or less satisfied,,protestant,every week,no doubts,,
2022,2355,38,male,white,bachelor's,16,south,separated,0,working full time,55,101280,middle class,strong democrat,liberal,biden,,favor,should be legal,pretty happy,excellent,,depends,pretty well satisfied,0,catholic,about once or twice a year,"don't know, no way to find out",don't know,ancient book
2022,2356,65,female,black,bachelor's,16,south,married,1,working full time,40,63300,middle class,"independent, close to democrat",liberal,biden,favor,favor,,very happy,excellent,exciting,,pretty well satisfied,0,protestant,every week,,yes,word of god
2022,2357,39,male,white,bachelor's,17,south,married,3,working full time,50,88620,upper class,"independent, close to republican",conservative,trump,oppose,favor,,not too happy,good,routine,,pretty well satisfied,,protestant,every week,,,
2022,2358,34,female,black,associate/junior college,14,south,never married,1,working full time,40,10286.25,working class,"independent (neither, no response)","moderate, middle of the road",,,oppose,,pretty happy,fair,,,not satisfied at all,2,protestant,2-3 times a month,no doubts,,
2022,2359,42,female,black,high school,14,south,divorced,1,working full time,40,28485,middle class,"independent (neither, no response)","moderate, middle of the road",biden,favor,oppose,should be legal,not too happy,excellent,routine,can't be too careful,pretty well satisfied,7,protestant,nearly every week,don't believe,yes,inspired word
2022,2360,54,female,black,associate/junior college,15,south,never married,3,working full time,40,42727.5,working class,not very strong democrat,"moderate, middle of the road",biden,,favor,should be legal,pretty happy,excellent,,can't be too careful,more or less satisfied,0,none,never,higher power,yes,ancient book
2022,2361,39,female,white,high school,14,south,married,3,keeping house,,,working class,"independent, close to republican",slightly conservative,biden,,favor,,not too happy,fair,,,not satisfied at all,,catholic,several times a year,no doubts,,
2022,2362,30,male,white,less than high school,12,south,never married,0,working full time,56,2848.5,working class,"independent (neither, no response)","moderate, middle of the road",,,favor,,not too happy,good,,,more or less satisfied,,none,never,don't believe,,
2022,2363,,female,white,high school,13,south,widowed,2,working full time,1,,working class,strong republican,"moderate, middle of the road",trump,oppose,favor,,not too happy,good,routine,,not satisfied at all,,protestant,several times a year,no doubts,,
2022,2364,53,female,white,bachelor's,17,south,divorced,3,working full time,50,28485,working class,strong republican,slightly conservative,trump,,favor,,not too happy,good,,,more or less satisfied,0,protestant,nearly every week,no doubts,,
2022,2365,35,female,white,less than high school,12,south,married,7,keeping house,,3481.5,working class,strong republican,slightly conservative,,,favor,,not too happy,good,,,not satisfied at all,,protestant,never,believe with doubts,,
2022,2366,75,male,white,high school,14,south,widowed,2,retired,,,working class,"independent, close to democrat","moderate, middle of the road",,oppose,favor,,not too happy,good,exciting,,more or less satisfied,,catholic,less than once a year,,,
2022,2367,47,female,white,high school,13,south,divorced,0,working full time,40,23737.5,middle class,not very strong republican,slightly conservative,,favor,favor,,not too happy,fair,dull,,not satisfied at all,30,catholic,less than once a year,believe sometimes,,
2022,2368,50,female,white,bachelor's,16,south,married,1,working full time,50,28485,middle class,not very strong republican,conservative,trump,favor,favor,,very happy,good,routine,,more or less satisfied,0,protestant,several times a week,,yes,word of god
2022,2369,56,male,black,associate/junior college,17,south,never married,2,other,,20572.5,middle class,strong democrat,slightly conservative,biden,favor,oppose,,pretty happy,fair,exciting,,pretty well satisfied,,protestant,several times a year,,yes,word of god
2022,2370,64,female,black,bachelor's,16,south,married,2,retired,,,middle class,"independent (neither, no response)","moderate, middle of the road",biden,,oppose,,not too happy,fair,,,not satisfied at all,,protestant,several times a year,no doubts,,
2022,2371,74,female,white,graduate,18,south,divorced,4,retired,,,middle class,not very strong republican,conservative,trump,,favor,should be legal,pretty happy,fair,,can't be too careful,more or less satisfied,,protestant,every week,no doubts,yes,inspired word
2022,2372,66,female,white,high school,12,south,married,0,retired,,,middle class,"independent, close to democrat","moderate, middle of the road",biden,,favor,,very happy,good,,,pretty well satisfied,,catholic,less than once a year,higher power,,
2022,2373,66,female,white,high school,12,south,never married,0,retired,,,working class,strong democrat,liberal,biden,,favor,,pretty happy,good,,,more or less satisfied,,none,never,"don't know, no way to find out",,
2022,2374,42,female,black,bachelor's,16,south,never married,3,working full time,40,23737.5,working class,strong democrat,liberal,biden,,favor,,pretty happy,good,,,more or less satisfied,,protestant,less than once a year,no doubts,,
2022,2375,47,female,other,bachelor's,16,south,never married,1,working full time,40,34815,working class,not very strong democrat,slightly liberal,biden,favor,favor,should be legal,not too happy,excellent,exciting,can't be too careful,not satisfied at all,14,protestant,every week,no doubts,yes,inspired word
2022,2376,63,male,white,high school,12,south,married,8,working full time,40,,middle class,"independent (neither, no response)","moderate, middle of the road",,oppose,favor,,very happy,good,exciting,,more or less satisfied,0,protestant,several times a year,believe with doubts,,
2022,2377,28,female,other,high school,14,south,divorced,1,working full time,55,13451.25,working class,"independent (neither, no response)","moderate, middle of the road",,,favor,,not too happy,fair,,,not satisfied at all,0,none,never,no doubts,,
2022,2378,53,female,black,less than high school,8,south,divorced,4,working full time,50,34815,working class,strong democrat,"moderate, middle of the road",biden,favor,oppose,,very happy,good,exciting,,not satisfied at all,1,protestant,several times a week,,,
2022,2379,69,male,black,high school,14,south,divorced,4,retired,,,working class,not very strong democrat,slightly liberal,biden,favor,oppose,,not too happy,poor,dull,,not satisfied at all,,protestant,about once a month,,yes,inspired word
2022,2380,,female,white,bachelor's,16,south,married,1,working full time,44,42727.5,working class,"independent, close to republican","moderate, middle of the road",,favor,favor,,pretty happy,good,routine,,more or less satisfied,,none,never,,,
2022,2381,58,male,other,graduate,18,south,divorced,5,working full time,80,23737.5,working class,"independent, close to republican","moderate, middle of the road",,favor,don't know,,not too happy,good,exciting,,more or less satisfied,0,catholic,every week,,yes,word of god
2022,2382,19,female,white,less than high school,12,south,never married,0,in school,,,middle class,"independent, close to democrat",liberal,,favor,favor,,very happy,excellent,exciting,,more or less satisfied,,catholic,never,,,
2022,2383,69,male,white,high school,13,south,married,2,retired,,,middle class,"independent, close to republican",slightly conservative,trump,oppose,favor,,pretty happy,excellent,exciting,,pretty well satisfied,,protestant,2-3 times a month,no doubts,,
2022,2384,43,female,white,bachelor's,16,south,married,3,working part time,10,1266,middle class,not very strong republican,conservative,trump,favor,favor,,pretty happy,excellent,routine,,pretty well satisfied,2,protestant,about once a month,,yes,word of god
2022,2385,71,female,white,high school,12,south,married,2,retired,,,upper class,not very strong republican,conservative,biden,,favor,,very happy,good,,,pretty well satisfied,,protestant,never,no doubts,,
2022,2386,52,male,white,bachelor's,16,south,married,4,working full time,50,,middle class,"independent (neither, no response)",liberal,biden,,favor,,pretty happy,fair,,,pretty well satisfied,0,none,less than once a year,don't believe,,
2022,2387,49,female,white,bachelor's,19,south,married,3,working part time,24,28485,middle class,strong republican,conservative,trump,,oppose,,pretty happy,excellent,,,pretty well satisfied,0,catholic,every week,no doubts,,
2022,2388,65,female,white,graduate,19,south,married,2,retired,,,middle class,strong democrat,liberal,biden,favor,oppose,,very happy,excellent,exciting,,more or less satisfied,,none,less than once a year,higher power,,
2022,2389,48,male,white,bachelor's,16,south,married,2,working full time,50,163572.71343,middle class,not very strong democrat,slightly liberal,biden,favor,oppose,,not too happy,excellent,exciting,,pretty well satisfied,5,protestant,never,higher power,,
2022,2390,73,male,white,bachelor's,16,south,married,4,retired,,,middle class,strong republican,conservative,trump,,favor,,pretty happy,good,,,more or less satisfied,,catholic,about once or twice a year,believe with doubts,,
2022,2391,56,male,white,graduate,19,south,married,2,retired,,163572.71343,upper class,"independent, close to democrat",slightly liberal,biden,,oppose,,pretty happy,excellent,,,pretty well satisfied,,protestant,less than once a year,"don't know, no way to find out",,
2022,2392,71,male,white,bachelor's,16,south,married,3,retired,,,upper class,"independent (neither, no response)",slightly conservative,don't know,,favor,should be legal,pretty happy,fair,,most people can be trusted,pretty well satisfied,,none,less than once a year,higher power,yes,ancient book
2022,2393,47,male,other,less than high school,4,south,married,3,working full time,55,163572.71343,working class,"independent, close to democrat",slightly liberal,,oppose,oppose,,pretty happy,fair,routine,,more or less satisfied,0,catholic,several times a year,believe sometimes,,
2022,2394,41,male,white,bachelor's,16,south,married,1,working full time,45,163572.71343,upper class,strong democrat,liberal,biden,favor,favor,,very happy,excellent,exciting,,pretty well satisfied,0,none,never,,,
2022,2395,44,male,white,less than high school,7,south,separated,2,other,,,working class,"independent (neither, no response)",liberal,,oppose,oppose,,very happy,fair,exciting,,more or less satisfied,,protestant,nearly every week,,don't know,word of god
2022,2396,59,female,white,associate/junior college,14,south,divorced,0,"unemployed, laid off, looking for work",,17407.5,working class,not very strong democrat,"moderate, middle of the road",biden,,oppose,should be legal,pretty happy,good,,can't be too careful,pretty well satisfied,,catholic,about once a month,no doubts,yes,inspired word
2022,2397,41,female,white,associate/junior college,14,south,divorced,2,working full time,40,,middle class,strong republican,extremely conservative,trump,,favor,should be legal,pretty happy,good,,can't be too careful,not satisfied at all,0,protestant,about once or twice a year,no doubts,yes,inspired word
2022,2398,,male,white,high school,14,south,married,2,working full time,50,163572.71343,middle class,not very strong republican,conservative,trump,,favor,,pretty happy,good,,,not satisfied at all,,protestant,2-3 times a month,no doubts,,
2022,2399,,male,other,less than high school,4,south,married,7,working full time,60,,middle class,"independent (neither, no response)","moderate, middle of the road",,favor,favor,,pretty happy,good,routine,,more or less satisfied,,,several times a year,no doubts,,
2022,2400,58,male,white,high school,12,south,divorced,3,working full time,50,52222.5,middle class,strong republican,extremely conservative,,,favor,,not too happy,good,,,more or less satisfied,0,protestant,never,no doubts,,
2022,2401,71,female,white,high school,11,south,widowed,2,retired,,1266,lower class,"independent (neither, no response)",don't know,,favor,favor,,pretty happy,good,routine,,more or less satisfied,,protestant,2-3 times a month,,yes,inspired word
2022,2402,71,female,white,bachelor's,16,south,married,3,retired,,,middle class,strong democrat,slightly liberal,biden,favor,favor,should be legal,not too happy,good,routine,can't be too careful,not satisfied at all,,protestant,nearly every week,believe with doubts,yes,inspired word
2022,2403,64,female,white,bachelor's,16,south,divorced,2,"with a job, but not at work because of temporary illness, vacation, strike",,,working class,not very strong republican,"moderate, middle of the road",trump,,oppose,should be legal,pretty happy,poor,,can't be too careful,not satisfied at all,2,catholic,several times a week,no doubts,don't know,word of god
2022,2404,61,female,white,graduate,16,south,married,1,working full time,36,52222.5,middle class,"independent, close to democrat",liberal,biden,favor,favor,,pretty happy,good,routine,,more or less satisfied,0,none,never,,don't know,ancient book
2022,2405,59,female,white,high school,14,south,divorced,2,working full time,40,23737.5,working class,"independent, close to republican","moderate, middle of the road",trump,,favor,don't know,not too happy,excellent,,can't be too careful,more or less satisfied,10,protestant,every week,no doubts,no,inspired word
2022,2406,77,male,white,bachelor's,16,south,never married,0,retired,,,middle class,"independent, close to republican",slightly conservative,other candidate,,favor,,pretty happy,excellent,,,pretty well satisfied,,none,never,don't believe,,
2022,2407,,male,white,bachelor's,16,south,divorced,3,retired,,101280,upper class,strong republican,conservative,trump,,favor,should not be legal,pretty happy,excellent,,can't be too careful,pretty well satisfied,,none,never,don't believe,no,ancient book
2022,2408,89,female,white,high school,12,south,widowed,2,retired,,7121.25,middle class,not very strong republican,"moderate, middle of the road",trump,,favor,should not be legal,very happy,fair,,can't be too careful,pretty well satisfied,,protestant,every week,no doubts,yes,word of god
2022,2409,22,male,white,high school,15,south,never married,0,in school,,,middle class,"independent, close to republican",slightly conservative,trump,oppose,oppose,,pretty happy,good,routine,,more or less satisfied,,none,less than once a year,,,
2022,2410,76,female,black,graduate,16,south,divorced,4,retired,,,lower class,"independent (neither, no response)","moderate, middle of the road",,favor,oppose,,pretty happy,good,routine,,more or less satisfied,,none,never,believe sometimes,,
2022,2411,30,male,white,bachelor's,16,south,married,1,working full time,40,23737.5,middle class,"independent (neither, no response)","moderate, middle of the road",biden,favor,,,not too happy,fair,routine,,not satisfied at all,30,don't know,never,,yes,ancient book
2022,2412,24,female,black,high school,13,south,married,2,in school,,,middle class,"independent (neither, no response)",liberal,biden,favor,oppose,,very happy,excellent,routine,,not satisfied at all,,none,never,,don't know,don't know
2022,2413,52,female,black,graduate,20,south,divorced,2,"with a job, but not at work because of temporary illness, vacation, strike",,,working class,not very strong democrat,"moderate, middle of the road",biden,,oppose,,pretty happy,fair,,,not satisfied at all,0,protestant,nearly every week,no doubts,yes,inspired word
2022,2414,70,female,black,high school,13,south,never married,3,retired,,,working class,strong democrat,extremely conservative,biden,,favor,should be legal,very happy,good,,can't be too careful,more or less satisfied,,catholic,about once or twice a year,no doubts,yes,word of god
2022,2415,31,female,black,high school,13,south,never married,3,working full time,40,,working class,strong democrat,"moderate, middle of the road",,,oppose,,pretty happy,good,,,pretty well satisfied,,none,never,,,
2022,2416,44,male,white,less than high school,9,south,married,3,working full time,40,28485,working class,"independent (neither, no response)",don't know,,favor,oppose,don't know,very happy,excellent,exciting,most people can be trusted,pretty well satisfied,0,catholic,never,no doubts,yes,word of god
2022,2417,70,female,white,high school,12,south,divorced,1,working full time,34,17407.5,lower class,not very strong democrat,"moderate, middle of the road",didn't vote for president,,favor,,pretty happy,fair,,,more or less satisfied,0,protestant,never,believe with doubts,,
2022,2418,,don't know,other,high school,12,south,married,2,retired,,,working class,"independent (neither, no response)",conservative,,favor,oppose,,pretty happy,good,routine,,not satisfied at all,,none,several times a year,,,
2022,2419,,female,black,high school,12,south,married,1,working part time,25,,working class,"independent (neither, no response)","moderate, middle of the road",,,oppose,should be legal,pretty happy,excellent,,can't be too careful,not satisfied at all,0,protestant,nearly every week,no doubts,don't know,word of god
2022,2420,28,male,white,high school,12,south,married,2,working full time,70,,middle class,,,,favor,don't know,,very happy,excellent,exciting,,more or less satisfied,0,protestant,every week,,no,inspired word
2022,2421,44,male,black,high school,14,south,divorced,3,working full time,40,,middle class,"independent (neither, no response)",liberal,,,don't know,don't know,pretty happy,good,,can't be too careful,more or less satisfied,0,protestant,nearly every week,no doubts,yes,don't know
2022,2422,70,female,white,high school,13,south,married,4,retired,,,middle class,strong democrat,liberal,biden,favor,favor,,pretty happy,good,routine,,pretty well satisfied,,none,never,higher power,,
2022,2423,40,female,white,bachelor's,16,south,never married,0,working full time,40,34815,middle class,strong democrat,"moderate, middle of the road",biden,favor,favor,,pretty happy,excellent,routine,,not satisfied at all,0,catholic,never,higher power,,
2022,2424,56,female,white,bachelor's,16,south,divorced,3,working full time,40,75960,middle class,strong republican,conservative,trump,favor,favor,,very happy,excellent,routine,,pretty well satisfied,0,none,never,,,
2022,2425,35,female,other,associate/junior college,14,south,married,2,working full time,40,28485,middle class,"independent, close to republican",conservative,biden,,favor,should be legal,very happy,good,,can't be too careful,pretty well satisfied,0,catholic,never,no doubts,yes,inspired word
2022,2426,,,other,high school,12,south,married,2,working full time,38,,lower class,strong republican,extremely conservative,trump,,favor,,pretty happy,fair,,,not satisfied at all,,catholic,less than once a year,,,
2022,2427,,female,other,associate/junior college,14,south,married,2,keeping house,,,working class,"independent (neither, no response)","moderate, middle of the road",don't know,favor,favor,,very happy,good,routine,,more or less satisfied,,other,never,higher power,,
2022,2428,23,female,other,high school,12,south,never married,0,working part time,20,11868.75,working class,"independent, close to democrat",slightly liberal,biden,,favor,,pretty happy,good,,,more or less satisfied,5,catholic,several times a year,believe sometimes,,
2022,2429,48,female,white,associate/junior college,14,south,never married,2,working full time,40,11868.75,working class,"independent (neither, no response)","moderate, middle of the road",,favor,favor,,pretty happy,fair,routine,,not satisfied at all,30,none,never,,yes,inspired word
2022,2430,37,male,other,graduate,20,south,never married,0,"unemployed, laid off, looking for work",,23737.5,middle class,"independent, close to democrat",liberal,biden,favor,oppose,,pretty happy,fair,routine,,more or less satisfied,,hinduism,less than once a year,,no,ancient book
2022,2431,42,male,white,associate/junior college,14,south,married,2,keeping house,,5697,lower class,strong republican,"moderate, middle of the road",trump,favor,don't know,,pretty happy,good,exciting,,not satisfied at all,,protestant,several times a year,,yes,inspired word
2022,2432,60,female,white,high school,11,south,divorced,1,"unemployed, laid off, looking for work",,,lower class,"independent, close to democrat","moderate, middle of the road",,oppose,favor,,not too happy,poor,routine,,not satisfied at all,,protestant,less than once a year,,,
2022,2433,86,female,white,high school,12,south,widowed,4,keeping house,,,middle class,strong republican,conservative,trump,,favor,should not be legal,pretty happy,fair,,can't be too careful,pretty well satisfied,,protestant,several times a week,no doubts,yes,word of god
2022,2434,77,male,white,high school,12,south,divorced,2,retired,,,working class,"independent, close to republican",conservative,trump,,favor,should be legal,pretty happy,good,,can't be too careful,more or less satisfied,,protestant,several times a week,no doubts,no,inspired word
2022,2435,36,female,black,bachelor's,16,south,married,4,"unemployed, laid off, looking for work",,,upper class,other party,"moderate, middle of the road",biden,oppose,oppose,,,excellent,exciting,,not satisfied at all,,protestant,several times a week,no doubts,,
2022,2436,45,male,white,high school,15,south,married,3,working full time,40,28485,working class,"independent (neither, no response)",,,favor,favor,should be legal,pretty happy,fair,routine,can't be too careful,more or less satisfied,20,none,never,no doubts,yes,inspired word
2022,2437,43,female,white,graduate,19,south,married,2,"with a job, but not at work because of temporary illness, vacation, strike",,,middle class,"independent, close to democrat",slightly liberal,biden,,oppose,,pretty happy,good,,,not satisfied at all,25,protestant,about once or twice a year,no doubts,,
2022,2438,25,female,white,less than high school,,south,never married,8,"unemployed, laid off, looking for work",,2215.5,working class,other party,"moderate, middle of the road",,,favor,,pretty happy,good,,,more or less satisfied,,christian,2-3 times a month,no doubts,,
2022,2439,38,female,black,high school,13,south,divorced,1,working part time,20,15033.75,working class,"independent, close to democrat","moderate, middle of the road",biden,favor,favor,,not too happy,good,routine,,not satisfied at all,0,protestant,about once or twice a year,no doubts,,
2022,2440,29,female,white,less than high school,12,south,never married,3,working full time,52,,working class,"independent (neither, no response)",don't know,,favor,favor,,very happy,fair,routine,,not satisfied at all,12,none,never,,don't know,word of god
2022,2441,37,male,white,less than high school,11,south,married,1,working full time,12,13451.25,lower class,"independent (neither, no response)","moderate, middle of the road",,oppose,favor,,very happy,good,routine,,not satisfied at all,0,buddhism,less than once a year,"don't know, no way to find out",,
2022,2442,69,male,white,high school,13,south,married,0,retired,,,working class,"independent, close to republican",slightly conservative,trump,oppose,oppose,should be legal,very happy,good,routine,most people can be trusted,not satisfied at all,,protestant,2-3 times a month,no doubts,yes,word of god
2022,2443,49,male,white,less than high school,8,south,divorced,1,working full time,60,34815,working class,"independent (neither, no response)",conservative,trump,oppose,favor,,not too happy,good,routine,,more or less satisfied,5,none,never,,,
2022,2444,,male,white,high school,12,south,married,1,working part time,32,52222.5,working class,"independent, close to republican","moderate, middle of the road",trump,,favor,,pretty happy,excellent,,,more or less satisfied,0,protestant,never,no doubts,,
2022,2445,,female,white,high school,12,south,widowed,3,keeping house,,,lower class,not very strong republican,"moderate, middle of the road",trump,,favor,,not too happy,good,,,more or less satisfied,,none,every week,no doubts,,
2022,2446,25,male,white,high school,13,south,never married,0,working part time,15,11868.75,lower class,"independent, close to republican","moderate, middle of the road",trump,,favor,,not too happy,good,,,not satisfied at all,6,other,less than once a year,believe with doubts,,
2022,2447,53,male,white,high school,12,south,married,1,working full time,58,34815,middle class,strong republican,conservative,,oppose,favor,should be legal,pretty happy,good,routine,most people can be trusted,more or less satisfied,0,protestant,several times a year,believe with doubts,don't know,inspired word
2022,2448,40,female,white,high school,12,south,married,0,working full time,40,42727.5,working class,other party,slightly conservative,trump,favor,favor,,not too happy,fair,routine,,not satisfied at all,,protestant,less than once a year,believe with doubts,,
2022,2449,73,male,white,graduate,20,south,widowed,3,retired,,,middle class,strong republican,extremely conservative,trump,oppose,favor,,pretty happy,good,exciting,,pretty well satisfied,,protestant,several times a week,,yes,word of god
2022,2450,66,male,white,associate/junior college,15,south,married,0,retired,,,middle class,not very strong democrat,slightly liberal,biden,,oppose,,pretty happy,good,,,more or less satisfied,,none,never,"don't know, no way to find out",,
2022,2451,69,male,black,high school,12,south,divorced,4,retired,,,middle class,not very strong democrat,slightly liberal,biden,,oppose,should be legal,not too happy,fair,,can't be too careful,not satisfied at all,,protestant,every week,no doubts,no,word of god
2022,2452,27,female,white,high school,14,south,married,0,working full time,,7121.25,working class,"independent, close to democrat",liberal,biden,,oppose,should be legal,very happy,good,,depends,pretty well satisfied,7,other,about once a month,higher power,yes,ancient book
2022,2453,36,male,white,bachelor's,16,south,divorced,0,working full time,50,23737.5,working class,"independent (neither, no response)",liberal,biden,favor,favor,,not too happy,good,routine,,more or less satisfied,0,buddhism,never,,,
2022,2454,64,female,black,less than high school,11,south,married,2,retired,,,lower class,"independent (neither, no response)","moderate, middle of the road",biden,,favor,don't know,pretty happy,good,,can't be too careful,pretty well satisfied,,protestant,2-3 times a month,no doubts,yes,word of god
2022,2455,59,female,black,high school,14,south,never married,0,other,,,lower class,"independent (neither, no response)",slightly conservative,biden,favor,oppose,should not be legal,pretty happy,fair,routine,most people can be trusted,not satisfied at all,,protestant,never,no doubts,yes,inspired word
2022,2456,55,female,white,associate/junior college,15,south,never married,1,retired,,,middle class,strong democrat,liberal,biden,favor,favor,,pretty happy,poor,routine,,not satisfied at all,,protestant,about once a month,,yes,inspired word
2022,2457,50,male,white,high school,13,south,never married,7,"with a job, but not at work because of temporary illness, vacation, strike",,52222.5,working class,"independent, close to republican",conservative,,,favor,,not too happy,excellent,,,not satisfied at all,5,protestant,less than once a year,,,
2022,2458,30,female,black,associate/junior college,14,south,,1,working full time,40,17407.5,working class,"independent (neither, no response)","moderate, middle of the road",,favor,favor,,pretty happy,good,routine,,more or less satisfied,0,don't know,every week,,yes,word of god
2022,2459,59,female,white,associate/junior college,14,south,divorced,2,working full time,40,52222.5,middle class,not very strong republican,conservative,trump,favor,favor,,very happy,excellent,exciting,,pretty well satisfied,0,none,never,,,
2022,2460,39,female,black,high school,14,south,married,0,working full time,40,8703.75,middle class,strong democrat,"moderate, middle of the road",biden,oppose,don't know,,very happy,good,exciting,,not satisfied at all,0,none,never,,yes,ancient book
2022,2461,23,male,white,bachelor's,16,south,never married,0,working full time,40,34815,middle class,not very strong republican,conservative,,,favor,should be legal,pretty happy,good,,most people can be trusted,pretty well satisfied,2,protestant,never,"don't know, no way to find out",don't know,inspired word
2022,2462,31,female,white,bachelor's,16,south,married,3,working full time,36,75960,working class,not very strong democrat,slightly conservative,biden,,favor,,very happy,fair,,,more or less satisfied,0,none,2-3 times a month,believe with doubts,,
2022,2463,69,male,white,high school,14,south,married,0,retired,,,working class,"independent (neither, no response)","moderate, middle of the road",,favor,favor,,very happy,good,exciting,,more or less satisfied,,other,,no doubts,,
2022,2464,19,male,white,high school,12,south,never married,0,working part time,20,,middle class,"independent (neither, no response)",don't know,,,favor,should not be legal,pretty happy,good,,can't be too careful,pretty well satisfied,0,none,never,believe with doubts,yes,don't know
2022,2465,61,male,other,high school,11,south,divorced,2,"unemployed, laid off, looking for work",,,middle class,"independent, close to democrat",extremely liberal,,,favor,should be legal,not too happy,poor,,can't be too careful,not satisfied at all,,protestant,several times a week,no doubts,yes,word of god
2022,2466,68,female,white,high school,13,south,married,1,retired,,,middle class,strong republican,conservative,trump,oppose,favor,should be legal,very happy,good,routine,most people can be trusted,pretty well satisfied,,protestant,about once a month,no doubts,yes,word of god
2022,2467,37,male,white,graduate,20,south,married,2,working full time,60,34815,middle class,not very strong republican,"moderate, middle of the road",trump,favor,favor,,pretty happy,good,routine,,more or less satisfied,0,protestant,about once or twice a year,,,
2022,2468,53,female,white,bachelor's,16,south,married,6,working full time,50,,working class,other party,conservative,trump,oppose,favor,,not too happy,excellent,routine,,more or less satisfied,0,christian,2-3 times a month,no doubts,,
2022,2469,60,female,white,associate/junior college,14,south,married,4,retired,,,working class,strong republican,conservative,trump,favor,favor,,very happy,excellent,exciting,,not satisfied at all,,catholic,nearly every week,,,
2022,2470,33,female,white,high school,14,south,divorced,2,working full time,47,42727.5,working class,not very strong republican,"moderate, middle of the road",trump,favor,favor,should be legal,not too happy,good,routine,can't be too careful,not satisfied at all,30,other,never,higher power,yes,inspired word
2022,2471,79,male,white,graduate,20,south,married,2,retired,,5697,working class,not very strong democrat,"moderate, middle of the road",biden,,favor,,very happy,good,,,more or less satisfied,,protestant,less than once a year,believe with doubts,,
2022,2472,72,female,white,bachelor's,16,south,divorced,2,retired,,,working class,strong democrat,liberal,biden,,oppose,,pretty happy,good,,,not satisfied at all,,none,less than once a year,higher power,,
2022,2473,81,female,white,high school,14,south,widowed,2,retired,,,middle class,other party,"moderate, middle of the road",biden,favor,favor,,pretty happy,excellent,exciting,,more or less satisfied,,none,never,,yes,inspired word
2022,2474,83,female,white,high school,14,south,widowed,3,retired,,,middle class,not very strong republican,slightly conservative,trump,,favor,should be legal,pretty happy,good,,can't be too careful,pretty well satisfied,,protestant,every week,no doubts,yes,inspired word
2022,2475,73,male,black,graduate,16,south,married,1,retired,,,middle class,strong democrat,"moderate, middle of the road",biden,oppose,favor,,very happy,excellent,exciting,,pretty well satisfied,,protestant,nearly every week,,,
2022,2476,30,female,black,high school,12,south,never married,1,working full time,55,15033.75,working class,not very strong democrat,slightly conservative,biden,favor,oppose,,not too happy,fair,routine,,not satisfied at all,,protestant,never,,,
2022,2477,77,female,black,high school,12,south,widowed,5,retired,,,middle class,strong democrat,extremely liberal,biden,favor,favor,should not be legal,pretty happy,good,routine,can't be too careful,not satisfied at all,,protestant,nearly every week,no doubts,yes,word of god
2022,2478,70,female,white,high school,18,south,married,1,retired,,,middle class,"independent, close to democrat","moderate, middle of the road",biden,,favor,should not be legal,very happy,good,,can't be too careful,pretty well satisfied,,protestant,every week,no doubts,yes,word of god
2022,2479,23,female,black,high school,12,south,never married,8,,,,middle class,"independent, close to republican",,,,favor,,very happy,good,,,,,none,never,no doubts,,
2022,2480,70,female,black,high school,12,south,never married,1,retired,,,working class,strong democrat,"moderate, middle of the road",biden,,oppose,,not too happy,fair,,,more or less satisfied,,protestant,less than once a year,believe with doubts,,
2022,2481,25,female,black,high school,13,south,married,3,working full time,40,15033.75,working class,not very strong democrat,slightly conservative,biden,,favor,should be legal,very happy,good,,most people can be trusted,pretty well satisfied,0,protestant,every week,no doubts,yes,word of god
2022,2482,19,female,white,high school,12,south,never married,0,working full time,40,13451.25,working class,"independent (neither, no response)",extremely liberal,,,oppose,,not too happy,good,,,not satisfied at all,15,other,never,don't believe,,
2022,2483,31,female,black,high school,15,south,never married,1,working part time,20,17407.5,working class,"independent (neither, no response)",don't know,,favor,don't know,,very happy,excellent,exciting,,don't know,0,protestant,nearly every week,,yes,word of god
2022,2484,33,don't know,black,high school,12,south,never married,8,working full time,40,,lower class,"independent, close to democrat","moderate, middle of the road",,,oppose,,not too happy,fair,,,more or less satisfied,,none,never,believe with doubts,,
2022,2485,26,male,black,high school,12,south,married,0,working full time,40,,working class,"independent (neither, no response)",slightly liberal,don't know,favor,oppose,,not too happy,good,routine,,not satisfied at all,0,none,never,,,
2022,2486,69,female,black,graduate,20,south,divorced,2,retired,,,middle class,"independent, close to democrat","moderate, middle of the road",biden,,oppose,,pretty happy,good,,,more or less satisfied,,protestant,nearly every week,believe with doubts,,
2022,2487,34,female,black,less than high school,13,south,never married,1,working full time,40,316.5,lower class,strong democrat,liberal,biden,,favor,,pretty happy,fair,,,more or less satisfied,0,protestant,2-3 times a month,no doubts,,
2022,2488,26,male,white,less than high school,10,south,never married,4,working full time,40,11868.75,lower class,not very strong republican,"moderate, middle of the road",,oppose,favor,,pretty happy,fair,routine,,not satisfied at all,0,none,never,don't believe,,
2022,2489,69,female,white,high school,12,south,widowed,2,other,,,lower class,"independent (neither, no response)",,,,,should not be legal,pretty happy,fair,,can't be too careful,more or less satisfied,,protestant,several times a week,no doubts,yes,inspired word
2022,2490,32,female,other,graduate,17,south,married,3,keeping house,,,lower class,"independent (neither, no response)",liberal,biden,favor,favor,,pretty happy,good,routine,,not satisfied at all,,none,less than once a year,,,
2022,2491,77,female,white,associate/junior college,14,south,married,1,retired,,,working class,not very strong republican,slightly conservative,trump,oppose,oppose,,very happy,good,exciting,,not satisfied at all,,catholic,nearly every week,no doubts,,
2022,2492,51,male,black,high school,12,south,separated,2,working full time,40,10286.25,lower class,strong democrat,conservative,,oppose,oppose,,pretty happy,good,dull,,more or less satisfied,0,none,less than once a year,,,
2022,2493,69,male,white,bachelor's,17,south,married,0,retired,,15033.75,middle class,strong democrat,liberal,biden,,oppose,,very happy,excellent,,,pretty well satisfied,,none,never,don't believe,,
2022,2494,68,male,black,bachelor's,17,south,never married,0,working part time,26,10286.25,working class,"independent (neither, no response)","moderate, middle of the road",biden,oppose,favor,,not too happy,good,exciting,,more or less satisfied,0,protestant,several times a year,no doubts,,
2022,2495,20,male,white,less than high school,11,south,never married,0,working full time,37,4114.5,working class,"independent (neither, no response)","moderate, middle of the road",,oppose,oppose,don't know,pretty happy,good,exciting,most people can be trusted,not satisfied at all,10,other,several times a year,higher power,yes,inspired word
2022,2496,60,female,white,high school,12,south,divorced,1,working full time,44,20572.5,working class,not very strong republican,slightly liberal,,,favor,should be legal,pretty happy,good,,can't be too careful,not satisfied at all,0,protestant,every week,no doubts,yes,ancient book
2022,2497,84,female,white,high school,15,south,married,3,keeping house,,,middle class,not very strong republican,"moderate, middle of the road",trump,,favor,should not be legal,pretty happy,excellent,,can't be too careful,pretty well satisfied,,protestant,every week,no doubts,yes,word of god
2022,2498,47,male,black,less than high school,7,south,divorced,0,working full time,89,2215.5,middle class,"independent, close to republican",liberal,,,oppose,should not be legal,very happy,excellent,,most people can be trusted,more or less satisfied,0,catholic,2-3 times a month,don't believe,no,word of god
2022,2499,31,female,white,high school,14,south,never married,2,working full time,32,20572.5,working class,"independent, close to democrat",liberal,,favor,oppose,,not too happy,good,routine,,more or less satisfied,3,none,about once or twice a year,higher power,,
2022,2500,29,male,white,high school,14,south,married,0,working part time,15,1266,lower class,"independent (neither, no response)","moderate, middle of the road",other candidate,favor,oppose,,pretty happy,fair,exciting,,not satisfied at all,,protestant,nearly every week,no doubts,,
2022,2501,46,male,black,associate/junior college,14,south,divorced,6,keeping house,,8703.75,working class,strong democrat,"moderate, middle of the road",trump,oppose,oppose,,not too happy,fair,exciting,,not satisfied at all,,protestant,less than once a year,,no,inspired word
2022,2502,59,female,black,high school,13,south,widowed,0,working full time,45,,working class,strong democrat,"moderate, middle of the road",,favor,oppose,should be legal,pretty happy,fair,routine,depends,not satisfied at all,4,protestant,every week,no doubts,yes,inspired word
2022,2503,32,female,black,less than high school,11,south,never married,4,"unemployed, laid off, looking for work",,3481.5,lower class,not very strong democrat,don't know,biden,favor,favor,should be legal,not too happy,excellent,routine,can't be too careful,not satisfied at all,,protestant,several times a year,no doubts,yes,don't know
2022,2504,77,male,black,high school,10,south,never married,5,retired,,,lower class,not very strong democrat,slightly conservative,,favor,oppose,,pretty happy,fair,exciting,,pretty well satisfied,,protestant,several times a year,,don't know,word of god
2022,2505,25,male,black,high school,12,south,never married,0,working full time,85,23737.5,working class,"independent (neither, no response)","moderate, middle of the road",,oppose,oppose,should be legal,pretty happy,good,routine,most people can be trusted,pretty well satisfied,0,,never,believe with doubts,no,
2022,2506,28,female,white,bachelor's,16,south,never married,1,working full time,40,28485,middle class,not very strong democrat,"moderate, middle of the road",biden,favor,oppose,,pretty happy,fair,exciting,,more or less satisfied,3,protestant,nearly every week,believe with doubts,,
2022,2507,62,male,white,high school,13,south,married,2,retired,,,middle class,strong republican,extremely conservative,trump,oppose,favor,,not too happy,good,exciting,,pretty well satisfied,,protestant,every week,,yes,word of god
2022,2508,73,female,white,high school,12,south,married,2,keeping house,,,middle class,other party,extremely conservative,trump,oppose,favor,should not be legal,pretty happy,excellent,exciting,can't be too careful,more or less satisfied,,protestant,every week,no doubts,yes,word of god
2022,2509,62,male,white,graduate,17,south,separated,2,"unemployed, laid off, looking for work",,163572.71343,middle class,"independent, close to republican",slightly conservative,trump,,oppose,,pretty happy,good,,,pretty well satisfied,,protestant,nearly every week,no doubts,,
2022,2510,79,male,white,bachelor's,16,south,married,2,retired,,,middle class,strong republican,conservative,trump,oppose,favor,,very happy,fair,routine,,pretty well satisfied,,protestant,nearly every week,no doubts,,
2022,2511,65,female,white,bachelor's,16,south,married,1,keeping house,,,upper class,not very strong republican,conservative,trump,favor,favor,,pretty happy,good,exciting,,more or less satisfied,,catholic,about once a month,,,
2022,2512,64,female,white,bachelor's,16,south,married,3,retired,,,middle class,not very strong democrat,"moderate, middle of the road",biden,,oppose,should not be legal,very happy,excellent,,most people can be trusted,pretty well satisfied,,protestant,every week,no doubts,yes,inspired word
2022,2513,31,female,white,less than high school,8,south,never married,3,keeping house,,3481.5,middle class,"independent (neither, no response)","moderate, middle of the road",,favor,favor,should not be legal,not too happy,excellent,routine,can't be too careful,more or less satisfied,,christian,about once a month,no doubts,yes,word of god
2022,2514,,male,white,high school,12,south,widowed,3,retired,,,working class,strong democrat,slightly liberal,biden,favor,don't know,should be legal,pretty happy,fair,exciting,depends,more or less satisfied,,,several times a year,,don't know,
2022,2515,55,female,white,high school,12,south,never married,0,other,,,middle class,"independent, close to republican","moderate, middle of the road",,favor,favor,should not be legal,pretty happy,good,exciting,can't be too careful,more or less satisfied,,protestant,less than once a year,no doubts,yes,inspired word
2022,2516,40,male,white,less than high school,6,south,married,5,working full time,31,20572.5,working class,strong republican,slightly conservative,,,oppose,should not be legal,very happy,excellent,,can't be too careful,not satisfied at all,0,protestant,several times a week,no doubts,yes,inspired word
2022,2517,50,female,white,less than high school,11,south,never married,2,working full time,32,10286.25,lower class,strong republican,conservative,trump,,oppose,,pretty happy,fair,,,not satisfied at all,0,protestant,2-3 times a month,no doubts,,
2022,2518,41,male,black,bachelor's,16,south,married,2,working full time,50,34815,working class,not very strong democrat,slightly liberal,biden,favor,oppose,,pretty happy,good,exciting,,more or less satisfied,0,protestant,less than once a year,,,
2022,2519,31,female,black,high school,13,south,never married,3,in school,,,working class,not very strong democrat,slightly conservative,biden,oppose,oppose,should be legal,pretty happy,good,exciting,can't be too careful,not satisfied at all,,catholic,never,no doubts,yes,inspired word
2022,2520,31,male,black,bachelor's,16,south,never married,0,working full time,50,28485,working class,"independent (neither, no response)","moderate, middle of the road",biden,,don't know,should be legal,pretty happy,excellent,,can't be too careful,more or less satisfied,4,protestant,never,believe with doubts,yes,ancient book
2022,2521,22,female,white,high school,13,south,never married,0,working full time,39,,working class,"independent (neither, no response)",slightly liberal,biden,don't know,don't know,,pretty happy,good,routine,,not satisfied at all,4,catholic,about once or twice a year,,yes,inspired word
2022,2522,77,female,other,graduate,20,south,married,1,working part time,9,63300,middle class,"independent, close to republican",conservative,trump,,favor,should not be legal,not too happy,excellent,,can't be too careful,pretty well satisfied,0,catholic,several times a week,no doubts,yes,word of god
2022,2523,18,female,black,high school,12,south,never married,0,"unemployed, laid off, looking for work",,8703.75,middle class,strong democrat,"moderate, middle of the road",,oppose,don't know,,pretty happy,good,routine,,more or less satisfied,,catholic,about once a month,,yes,inspired word
2022,2524,20,female,black,high school,14,south,never married,0,working full time,40,,middle class,"independent, close to democrat","moderate, middle of the road",biden,favor,oppose,,pretty happy,fair,routine,,more or less satisfied,15,protestant,several times a year,,yes,word of god
2022,2525,79,female,white,less than high school,14,south,widowed,2,keeping house,,,middle class,strong republican,liberal,trump,favor,oppose,don't know,very happy,good,exciting,most people can be trusted,pretty well satisfied,,catholic,several times a week,no doubts,yes,ancient book
2022,2526,21,male,black,high school,13,south,never married,0,working part time,40,20572.5,working class,not very strong democrat,extremely conservative,,oppose,oppose,should be legal,not too happy,fair,dull,can't be too careful,not satisfied at all,2,protestant,about once a month,no doubts,yes,word of god
2022,2527,36,male,white,high school,12,south,divorced,0,working full time,44,,working class,strong republican,conservative,trump,oppose,favor,,not too happy,fair,routine,,not satisfied at all,0,christian,several times a year,,,
2022,2528,34,female,black,associate/junior college,15,south,married,0,working full time,40,,don't know,"independent (neither, no response)",conservative,,don't know,favor,,very happy,fair,exciting,,more or less satisfied,0,catholic,never,,don't know,word of god
2022,2529,67,male,other,high school,12,south,divorced,4,retired,,,lower class,"independent, close to democrat","moderate, middle of the road",biden,,oppose,should be legal,very happy,fair,,can't be too careful,more or less satisfied,,protestant,every week,no doubts,yes,word of god
2022,2530,42,female,white,associate/junior college,14,south,married,1,working part time,15,8703.75,working class,not very strong democrat,liberal,biden,favor,oppose,,not too happy,poor,routine,,more or less satisfied,30,none,never,,yes,ancient book
2022,2531,22,male,other,high school,12,south,never married,0,working full time,3,8703.75,upper class,"independent (neither, no response)","moderate, middle of the road",,oppose,favor,,pretty happy,good,routine,,more or less satisfied,7,catholic,about once or twice a year,,don't know,inspired word
2022,2532,39,male,black,high school,12,south,married,5,working full time,40,20572.5,lower class,strong democrat,extremely conservative,,,oppose,,very happy,good,,,not satisfied at all,0,muslim/islam,several times a week,no doubts,,
2022,2533,24,female,other,high school,12,south,divorced,0,working full time,56,23737.5,working class,not very strong republican,liberal,,favor,oppose,,pretty happy,good,routine,,more or less satisfied,5,none,never,,no,inspired word
2022,2534,23,female,white,high school,12,south,never married,0,"unemployed, laid off, looking for work",,5697,lower class,"independent (neither, no response)","moderate, middle of the road",,oppose,oppose,,not too happy,fair,routine,,not satisfied at all,,protestant,several times a year,,yes,inspired word
2022,2535,78,male,white,high school,13,south,widowed,2,retired,,,lower class,other party,conservative,trump,,favor,should not be legal,not too happy,fair,,can't be too careful,pretty well satisfied,,protestant,several times a week,no doubts,yes,inspired word
2022,2536,39,female,white,high school,12,south,divorced,5,working full time,38,34815,working class,"independent (neither, no response)","moderate, middle of the road",don't know,favor,favor,,not too happy,good,routine,,not satisfied at all,14,none,about once or twice a year,,,
2022,2537,70,female,white,high school,13,south,divorced,5,retired,,,lower class,not very strong democrat,"moderate, middle of the road",biden,favor,favor,,pretty happy,fair,routine,,not satisfied at all,,protestant,never,,no,inspired word
2022,2538,66,male,white,high school,12,south,married,0,retired,,,working class,strong democrat,conservative,biden,oppose,don't know,,very happy,fair,routine,,pretty well satisfied,,protestant,about once a month,,yes,word of god
2022,2539,36,male,black,bachelor's,18,south,married,1,working full time,40,28485,working class,"independent, close to republican","moderate, middle of the road",biden,oppose,oppose,,pretty happy,excellent,exciting,,not satisfied at all,0,muslim/islam,every week,,yes,inspired word
2022,2540,39,female,white,associate/junior college,16,south,married,2,working part time,30,42727.5,working class,strong republican,conservative,trump,favor,favor,,pretty happy,good,routine,,not satisfied at all,8,protestant,2-3 times a month,no doubts,,
2022,2541,25,female,other,high school,13,south,married,2,working full time,37,20572.5,working class,"independent (neither, no response)","moderate, middle of the road",trump,favor,oppose,should be legal,pretty happy,good,routine,depends,not satisfied at all,0,none,about once or twice a year,higher power,yes,inspired word
2022,2542,65,male,white,less than high school,10,south,never married,0,other,,,lower class,not very strong republican,slightly liberal,,favor,favor,,not too happy,poor,dull,,not satisfied at all,,other,every week,no doubts,,
2022,2543,89,female,white,graduate,16,south,never married,0,retired,,,middle class,not very strong democrat,"moderate, middle of the road",biden,oppose,oppose,,pretty happy,good,dull,,pretty well satisfied,,catholic,every week,,yes,inspired word
2022,2544,27,male,white,bachelor's,16,south,never married,0,working full time,40,28485,middle class,not very strong democrat,liberal,biden,,oppose,,pretty happy,good,,,pretty well satisfied,1,none,less than once a year,don't believe,,
2022,2545,47,female,white,high school,12,south,divorced,3,other,,,middle class,"independent (neither, no response)","moderate, middle of the road",,favor,favor,should be legal,pretty happy,good,routine,can't be too careful,not satisfied at all,,none,never,believe sometimes,don't know,inspired word
2022,2546,43,male,black,associate/junior college,13,south,never married,3,working part time,14,1266,,"independent (neither, no response)","moderate, middle of the road",,favor,,,pretty happy,fair,exciting,,more or less satisfied,0,none,about once a month,,yes,inspired word
2022,2547,47,male,black,less than high school,8,south,married,5,working full time,50,,upper class,strong democrat,extremely conservative,biden,don't know,don't know,,very happy,excellent,exciting,,don't know,,muslim/islam,never,,yes,don't know
2022,2548,45,female,other,high school,12,south,married,2,keeping house,,10286.25,working class,strong republican,extremely liberal,trump,,don't know,should not be legal,very happy,fair,,depends,pretty well satisfied,,protestant,less than once a year,no doubts,yes,word of god
2022,2549,34,male,white,bachelor's,17,south,married,2,in school,,,middle class,strong republican,extremely conservative,trump,oppose,favor,,very happy,good,exciting,,more or less satisfied,,catholic,nearly every week,,yes,inspired word
2022,2550,72,female,white,bachelor's,16,south,married,2,retired,,,upper class,strong democrat,liberal,biden,favor,oppose,,pretty happy,good,routine,,pretty well satisfied,,protestant,every week,,,
2022,2551,18,female,white,high school,12,south,never married,0,in school,,4747.5,upper class,not very strong democrat,slightly liberal,,favor,oppose,should be legal,pretty happy,good,routine,can't be too careful,pretty well satisfied,,other,about once or twice a year,believe sometimes,don't know,don't know
2022,2552,63,male,white,high school,12,south,married,0,working full time,30,63300,middle class,strong republican,conservative,trump,oppose,favor,should be legal,don't know,good,routine,can't be too careful,more or less satisfied,0,protestant,never,higher power,yes,inspired word
2022,2553,63,female,white,graduate,17,south,married,2,retired,,163572.71343,,strong republican,slightly conservative,trump,favor,favor,,pretty happy,excellent,exciting,,more or less satisfied,,catholic,several times a year,believe with doubts,,
2022,2554,36,female,white,graduate,16,south,married,2,keeping house,,,upper class,not very strong democrat,"moderate, middle of the road",,,oppose,,pretty happy,excellent,,,pretty well satisfied,,protestant,several times a year,believe with doubts,,
2022,2555,79,female,white,high school,14,south,widowed,3,retired,,,middle class,"independent (neither, no response)","moderate, middle of the road",,,don't know,don't know,don't know,good,,depends,pretty well satisfied,,christian,several times a year,believe with doubts,yes,inspired word
2022,2556,55,male,white,high school,14,south,married,2,working full time,40,88620,middle class,strong democrat,extremely liberal,biden,,oppose,,pretty happy,good,,,more or less satisfied,1,none,less than once a year,don't believe,,
2022,2557,46,male,white,bachelor's,16,south,divorced,2,working full time,50,163572.71343,upper class,strong republican,conservative,trump,oppose,favor,should be legal,pretty happy,excellent,exciting,most people can be trusted,more or less satisfied,5,protestant,2-3 times a month,no doubts,yes,word of god
2022,2558,81,female,white,high school,12,midwest,married,3,retired,,,middle class,"independent, close to republican",conservative,trump,,favor,should not be legal,pretty happy,fair,,depends,pretty well satisfied,,protestant,never,no doubts,yes,word of god
2022,2559,68,male,white,less than high school,10,midwest,widowed,2,retired,,,working class,"independent (neither, no response)","moderate, middle of the road",,,oppose,don't know,pretty happy,fair,,can't be too careful,not satisfied at all,,protestant,never,believe with doubts,don't know,inspired word
2022,2560,50,male,black,high school,12,midwest,married,2,"with a job, but not at work because of temporary illness, vacation, strike",,34815,middle class,not very strong republican,conservative,trump,favor,favor,,very happy,good,routine,,pretty well satisfied,,christian,about once or twice a year,no doubts,,
2022,2561,40,male,white,high school,13,midwest,never married,1,working full time,55,42727.5,working class,other party,"moderate, middle of the road",,oppose,favor,,very happy,excellent,exciting,,more or less satisfied,3,protestant,2-3 times a month,,yes,inspired word
2022,2562,52,male,white,high school,13,midwest,married,3,keeping house,,,working class,strong democrat,slightly liberal,biden,favor,don't know,,pretty happy,fair,exciting,,not satisfied at all,,other,never,,yes,ancient book
2022,2563,27,female,white,high school,10,midwest,married,1,keeping house,,15033.75,lower class,"independent (neither, no response)","moderate, middle of the road",,,oppose,should be legal,pretty happy,poor,,can't be too careful,more or less satisfied,,none,never,believe with doubts,yes,inspired word
2022,2564,38,female,white,graduate,18,midwest,married,2,working full time,40,34815,middle class,not very strong democrat,liberal,biden,favor,don't know,,very happy,good,exciting,,more or less satisfied,0,don't know,never,,yes,inspired word
2022,2565,27,female,white,high school,15,midwest,never married,1,working full time,40,23737.5,working class,"independent (neither, no response)","moderate, middle of the road",other candidate,,favor,,not too happy,good,,,not satisfied at all,20,none,never,higher power,,
2022,2566,47,female,white,high school,12,midwest,divorced,4,working full time,40,23737.5,middle class,not very strong republican,conservative,trump,oppose,favor,,not too happy,excellent,routine,,not satisfied at all,0,protestant,several times a year,no doubts,,
2022,2567,39,male,white,bachelor's,19,south,married,2,working full time,38,,working class,strong democrat,extremely liberal,biden,favor,oppose,,pretty happy,good,routine,,not satisfied at all,0,none,never,,,
2022,2568,67,female,white,high school,12,south,divorced,3,retired,,,lower class,strong republican,extremely conservative,trump,oppose,favor,should be legal,pretty happy,good,dull,can't be too careful,not satisfied at all,,protestant,about once or twice a year,no doubts,yes,inspired word
2022,2569,48,female,other,high school,12,south,married,2,keeping house,,,upper class,"independent, close to republican",conservative,biden,,oppose,,very happy,good,,,pretty well satisfied,,hinduism,several times a week,no doubts,,
2022,2570,60,female,white,bachelor's,17,south,married,1,working full time,50,34815,middle class,"independent (neither, no response)","moderate, middle of the road",trump,oppose,favor,,very happy,good,exciting,,more or less satisfied,0,protestant,every week,,,
2022,2571,62,male,white,high school,15,south,married,0,retired,,28485,middle class,strong democrat,"moderate, middle of the road",biden,oppose,favor,,pretty happy,fair,routine,,pretty well satisfied,,none,never,believe sometimes,,
2022,2572,58,female,white,bachelor's,16,south,never married,0,working full time,40,2215.5,middle class,"independent, close to democrat",liberal,biden,favor,oppose,,pretty happy,fair,routine,,not satisfied at all,10,protestant,never,higher power,,
2022,2573,59,female,white,associate/junior college,14,south,divorced,2,"unemployed, laid off, looking for work",,,lower class,not very strong democrat,"moderate, middle of the road",biden,favor,favor,,not too happy,fair,routine,,not satisfied at all,,none,never,,don't know,inspired word
2022,2574,21,female,white,high school,13,south,married,0,in school,,13451.25,working class,not very strong republican,slightly conservative,,,favor,should be legal,pretty happy,good,,can't be too careful,not satisfied at all,,protestant,2-3 times a month,believe with doubts,yes,inspired word
2022,2575,72,female,white,high school,12,south,divorced,1,working part time,8,7121.25,middle class,strong republican,conservative,trump,favor,favor,,pretty happy,excellent,routine,,pretty well satisfied,1,protestant,several times a week,,,
2022,2576,20,female,white,associate/junior college,14,south,never married,0,working part time,20,,working class,"independent (neither, no response)",slightly liberal,biden,,oppose,should be legal,pretty happy,good,,depends,more or less satisfied,5,other,never,higher power,yes,ancient book
2022,2577,,male,white,bachelor's,16,south,never married,0,working full time,40,,middle class,"independent, close to democrat",slightly liberal,,favor,oppose,,pretty happy,good,routine,,more or less satisfied,0,protestant,2-3 times a month,no doubts,,
2022,2578,20,female,white,high school,12,south,never married,0,working full time,40,20572.5,working class,strong democrat,liberal,,,oppose,should be legal,pretty happy,good,,can't be too careful,more or less satisfied,6,none,never,higher power,yes,ancient book
2022,2579,61,male,white,high school,14,south,divorced,3,working full time,48,20572.5,working class,strong democrat,slightly liberal,biden,favor,favor,,pretty happy,good,routine,,not satisfied at all,0,none,about once or twice a year,,,
2022,2580,52,male,white,bachelor's,16,south,married,2,working full time,60,88620,middle class,strong democrat,liberal,biden,favor,oppose,,pretty happy,good,exciting,,more or less satisfied,0,none,never,"don't know, no way to find out",,
2022,2581,39,male,white,associate/junior college,14,south,never married,1,working full time,50,5697,working class,"independent (neither, no response)",don't know,,oppose,favor,,very happy,excellent,exciting,,not satisfied at all,0,protestant,never,,don't know,don't know
2022,2582,80,female,white,high school,12,south,widowed,0,retired,,,middle class,not very strong democrat,conservative,,,oppose,should not be legal,don't know,good,,can't be too careful,pretty well satisfied,,protestant,about once a month,no doubts,yes,word of god
2022,2583,54,male,white,graduate,20,south,divorced,3,working full time,50,88620,middle class,"independent, close to republican",conservative,trump,oppose,favor,,not too happy,good,routine,,more or less satisfied,0,protestant,less than once a year,believe with doubts,,
2022,2584,71,female,white,bachelor's,16,south,never married,0,retired,,,middle class,strong democrat,liberal,biden,favor,oppose,,not too happy,good,routine,,pretty well satisfied,,protestant,about once or twice a year,believe with doubts,,
2022,2585,55,male,other,high school,13,south,divorced,0,"unemployed, laid off, looking for work",,20572.5,working class,"independent, close to republican","moderate, middle of the road",,oppose,oppose,,pretty happy,fair,exciting,,not satisfied at all,,protestant,never,,yes,inspired word
2022,2586,29,female,white,high school,12,south,never married,3,working full time,40,28485,working class,"independent (neither, no response)","moderate, middle of the road",,favor,favor,,pretty happy,good,routine,,not satisfied at all,0,none,never,,no,ancient book
2022,2587,21,male,white,high school,13,south,never married,0,working full time,40,,working class,"independent, close to republican","moderate, middle of the road",other candidate,favor,oppose,,very happy,excellent,exciting,,more or less satisfied,0,protestant,several times a week,,yes,word of god
2022,2588,75,female,white,graduate,20,south,married,3,retired,,,middle class,"independent, close to republican",conservative,don't know,oppose,favor,,pretty happy,fair,routine,,more or less satisfied,,protestant,nearly every week,no doubts,,
2022,2589,68,female,white,high school,12,south,married,2,retired,,,middle class,strong democrat,slightly liberal,biden,favor,favor,,pretty happy,excellent,exciting,,more or less satisfied,,protestant,nearly every week,no doubts,,
2022,2590,75,male,white,bachelor's,16,south,widowed,2,retired,,,middle class,not very strong republican,conservative,trump,,oppose,should not be legal,pretty happy,excellent,,most people can be trusted,pretty well satisfied,,catholic,every week,no doubts,yes,inspired word
2022,2591,74,female,white,graduate,17,south,widowed,2,retired,,,middle class,"independent, close to democrat",slightly liberal,biden,,don't know,should be legal,pretty happy,good,,can't be too careful,pretty well satisfied,,protestant,several times a year,,no,other (vol)
2022,2592,74,female,white,high school,14,south,married,2,retired,,,working class,strong democrat,slightly liberal,biden,favor,oppose,,pretty happy,fair,exciting,,pretty well satisfied,,protestant,about once or twice a year,,,
2022,2593,72,male,white,high school,12,south,divorced,2,retired,,,working class,"independent, close to republican",conservative,trump,favor,favor,should not be legal,pretty happy,good,routine,can't be too careful,not satisfied at all,,protestant,several times a year,no doubts,yes,word of god
2022,2594,43,female,white,associate/junior college,15,south,married,1,keeping house,,,working class,"independent, close to democrat","moderate, middle of the road",other candidate,favor,oppose,,pretty happy,good,routine,,more or less satisfied,,none,never,"don't know, no way to find out",,
2022,2595,47,male,white,high school,12,south,married,2,working full time,25,52222.5,working class,strong republican,conservative,trump,oppose,favor,,very happy,excellent,exciting,,more or less satisfied,0,protestant,every week,no doubts,,
2022,2596,37,female,white,graduate,18,south,never married,0,working full time,40,34815,working class,strong republican,conservative,trump,oppose,favor,,very happy,excellent,exciting,,more or less satisfied,,protestant,every week,no doubts,,
2022,2597,52,female,white,high school,12,south,married,2,working full time,40,20572.5,working class,not very strong republican,"moderate, middle of the road",biden,,favor,should be legal,very happy,excellent,,most people can be trusted,more or less satisfied,0,protestant,every week,no doubts,yes,inspired word
2022,2598,65,male,white,bachelor's,16,south,married,2,retired,,,working class,strong republican,conservative,trump,oppose,favor,,very happy,good,exciting,,not satisfied at all,,protestant,several times a year,,,
2022,2599,63,male,other,associate/junior college,15,south,divorced,0,working part time,4,,working class,"independent (neither, no response)",conservative,trump,oppose,favor,,very happy,good,exciting,,more or less satisfied,0,protestant,2-3 times a month,,,
2022,2600,36,female,white,high school,11,south,divorced,5,"unemployed, laid off, looking for work",,34815,working class,not very strong republican,conservative,trump,favor,oppose,,not too happy,excellent,exciting,,not satisfied at all,,christian,several times a year,no doubts,,
2022,2601,25,female,white,bachelor's,16,south,never married,0,working full time,40,23737.5,middle class,"independent, close to democrat","moderate, middle of the road",,,oppose,,pretty happy,excellent,,,not satisfied at all,4,protestant,never,believe with doubts,,
2022,2602,73,male,white,high school,14,south,married,2,retired,,,working class,strong democrat,slightly liberal,biden,favor,favor,,pretty happy,fair,routine,,pretty well satisfied,,catholic,every week,,yes,word of god
2022,2603,56,male,white,high school,12,south,married,2,working full time,40,63300,middle class,"independent, close to democrat","moderate, middle of the road",biden,,oppose,should be legal,not too happy,good,,most people can be trusted,pretty well satisfied,0,protestant,never,believe sometimes,yes,inspired word
2022,2604,43,male,white,high school,13,south,never married,3,working full time,30,,working class,"independent, close to republican",extremely conservative,,,favor,should be legal,not too happy,fair,,can't be too careful,not satisfied at all,30,none,never,don't believe,yes,ancient book
2022,2605,18,female,white,high school,12,northeast,never married,0,working part time,25,4747.5,working class,strong democrat,extremely liberal,,favor,oppose,,not too happy,good,dull,,more or less satisfied,10,none,never,,,
2022,2606,67,female,white,bachelor's,16,northeast,never married,0,retired,,,lower class,"independent (neither, no response)","moderate, middle of the road",biden,,favor,,not too happy,fair,,,not satisfied at all,,catholic,about once a month,no doubts,,
2022,2607,40,male,white,high school,12,northeast,married,2,working full time,40,28485,working class,"independent (neither, no response)",slightly conservative,other candidate,,favor,,not too happy,fair,,,not satisfied at all,5,none,never,"don't know, no way to find out",,
2022,2608,64,male,white,high school,12,northeast,never married,0,retired,,,lower class,"independent, close to republican",conservative,,favor,favor,,not too happy,good,routine,,not satisfied at all,,protestant,never,believe with doubts,,
2022,2609,59,female,white,bachelor's,16,northeast,married,1,retired,,,middle class,not very strong republican,conservative,trump,favor,oppose,,not too happy,good,routine,,more or less satisfied,,catholic,never,,yes,inspired word
2022,2610,74,female,white,high school,12,northeast,divorced,2,retired,,,middle class,not very strong republican,"moderate, middle of the road",,favor,oppose,should be legal,pretty happy,good,routine,depends,more or less satisfied,,protestant,never,higher power,don't know,inspired word
2022,2611,66,female,black,high school,12,northeast,widowed,5,keeping house,,15033.75,lower class,"independent (neither, no response)","moderate, middle of the road",biden,,oppose,,not too happy,fair,,,pretty well satisfied,,protestant,less than once a year,no doubts,,
2022,2612,83,female,white,high school,12,northeast,widowed,2,retired,,,middle class,not very strong democrat,"moderate, middle of the road",trump,oppose,oppose,,pretty happy,excellent,routine,,more or less satisfied,,protestant,nearly every week,no doubts,,
2022,2613,54,male,white,bachelor's,16,northeast,married,2,working full time,45,52222.5,working class,"independent, close to republican",slightly conservative,trump,,favor,,not too happy,excellent,,,not satisfied at all,0,protestant,several times a year,no doubts,,
2022,2614,80,female,white,high school,13,midwest,widowed,3,retired,,,middle class,"independent (neither, no response)","moderate, middle of the road",biden,,favor,should be legal,very happy,good,,can't be too careful,more or less satisfied,,,every week,believe with doubts,don't know,inspired word
2022,2615,72,male,white,high school,15,midwest,married,2,retired,,,middle class,strong republican,"moderate, middle of the road",trump,favor,favor,,pretty happy,good,routine,,pretty well satisfied,,protestant,every week,,yes,inspired word
2022,2616,68,male,white,high school,12,midwest,married,6,retired,,,middle class,strong republican,conservative,,,favor,should not be legal,pretty happy,fair,,can't be too careful,pretty well satisfied,,catholic,never,no doubts,yes,word of god
2022,2617,68,female,white,high school,12,midwest,separated,3,retired,,,lower class,"independent (neither, no response)","moderate, middle of the road",,,favor,,not too happy,fair,,,not satisfied at all,,protestant,never,higher power,,
2022,2618,64,male,white,high school,13,midwest,divorced,0,retired,,,middle class,not very strong republican,conservative,trump,oppose,favor,,not too happy,fair,routine,,pretty well satisfied,,catholic,never,,,
2022,2619,26,male,white,high school,12,midwest,never married,0,working full time,40,17407.5,working class,not very strong republican,conservative,other candidate,favor,favor,,pretty happy,excellent,routine,,pretty well satisfied,0,catholic,less than once a year,,no,inspired word
2022,2620,39,male,white,high school,13,midwest,married,2,other,,8703.75,working class,"independent (neither, no response)","moderate, middle of the road",,,oppose,,pretty happy,fair,,,more or less satisfied,,protestant,every week,no doubts,,
2022,2621,52,female,white,bachelor's,18,midwest,divorced,1,working full time,40,,working class,strong republican,slightly conservative,trump,,favor,should be legal,pretty happy,good,,can't be too careful,pretty well satisfied,2,catholic,less than once a year,no doubts,yes,inspired word
2022,2622,60,male,black,bachelor's,17,midwest,married,3,retired,,,middle class,not very strong democrat,slightly liberal,biden,,favor,should be legal,very happy,good,,most people can be trusted,pretty well satisfied,,protestant,nearly every week,no doubts,yes,inspired word
2022,2623,23,female,white,high school,12,midwest,never married,0,keeping house,,,lower class,"independent (neither, no response)",liberal,,favor,favor,,pretty happy,good,routine,,more or less satisfied,,protestant,several times a year,,don't know,inspired word
2022,2624,31,male,white,graduate,17,midwest,married,1,working full time,40,42727.5,middle class,"independent (neither, no response)","moderate, middle of the road",,,favor,should be legal,pretty happy,good,,depends,pretty well satisfied,4,catholic,about once or twice a year,higher power,yes,inspired word
2022,2625,72,female,white,high school,12,midwest,married,3,retired,,,working class,not very strong democrat,slightly conservative,biden,oppose,oppose,,pretty happy,excellent,exciting,,more or less satisfied,,catholic,less than once a year,believe with doubts,,
2022,2626,43,male,white,high school,13,midwest,married,1,working full time,65,,working class,"independent (neither, no response)","moderate, middle of the road",,,favor,,pretty happy,good,,,more or less satisfied,0,none,never,"don't know, no way to find out",,
2022,2627,31,female,white,high school,14,midwest,married,2,working part time,25,7121.25,working class,"independent, close to republican",slightly conservative,biden,,don't know,should be legal,very happy,good,,can't be too careful,more or less satisfied,0,protestant,every week,no doubts,yes,inspired word
2022,2628,40,male,other,bachelor's,16,midwest,never married,0,working full time,40,23737.5,middle class,"independent, close to republican","moderate, middle of the road",trump,,favor,should be legal,pretty happy,good,,depends,pretty well satisfied,0,catholic,about once or twice a year,higher power,don't know,inspired word
2022,2629,76,male,white,less than high school,6,midwest,married,1,retired,,,lower class,not very strong republican,conservative,biden,,favor,should not be legal,pretty happy,good,,can't be too careful,not satisfied at all,,catholic,about once or twice a year,don't believe,no,word of god
2022,2630,21,male,black,high school,12,midwest,never married,0,working full time,48,,working class,"independent (neither, no response)","moderate, middle of the road",,,favor,should be legal,pretty happy,fair,,can't be too careful,not satisfied at all,20,none,about once or twice a year,higher power,no,ancient book
2022,2631,51,female,white,less than high school,4,midwest,divorced,2,other,,,middle class,"independent (neither, no response)",slightly conservative,biden,favor,favor,should be legal,very happy,poor,routine,depends,not satisfied at all,,protestant,less than once a year,no doubts,no,word of god
2022,2632,38,male,white,high school,13,midwest,never married,0,working full time,40,28485,working class,"independent (neither, no response)","moderate, middle of the road",,,favor,,not too happy,good,,,pretty well satisfied,3,orthodox-christian,less than once a year,believe sometimes,,
2022,2633,78,female,white,high school,12,midwest,widowed,2,retired,,,,not very strong republican,slightly conservative,trump,favor,favor,should not be legal,not too happy,fair,routine,depends,not satisfied at all,,none,every week,higher power,don't know,ancient book
2022,2634,30,female,black,high school,12,midwest,never married,4,other,,,middle class,strong democrat,"moderate, middle of the road",don't know,,favor,,very happy,excellent,,,more or less satisfied,,protestant,less than once a year,no doubts,,
2022,2635,25,female,white,high school,11,midwest,never married,6,working part time,16,8703.75,lower class,"independent, close to republican",conservative,trump,favor,oppose,should be legal,not too happy,fair,routine,can't be too careful,more or less satisfied,30,none,about once or twice a year,higher power,yes,ancient book
2022,2636,34,female,black,less than high school,9,midwest,never married,4,working part time,25,1266,middle class,"independent (neither, no response)","moderate, middle of the road",,oppose,oppose,should be legal,not too happy,fair,routine,can't be too careful,more or less satisfied,30,protestant,about once or twice a year,believe with doubts,no,inspired word
2022,2637,24,male,white,less than high school,9,midwest,never married,2,"with a job, but not at work because of temporary illness, vacation, strike",,11868.75,working class,"independent (neither, no response)",slightly conservative,,favor,favor,,very happy,fair,routine,,more or less satisfied,0,catholic,several times a year,,no,inspired word
2022,2638,30,female,black,high school,14,midwest,never married,0,working part time,35,17407.5,middle class,"independent (neither, no response)",slightly conservative,,,don't know,should not be legal,pretty happy,good,,can't be too careful,more or less satisfied,0,none,never,higher power,yes,inspired word
2022,2639,59,female,white,high school,13,midwest,widowed,1,keeping house,,8703.75,working class,"independent, close to democrat","moderate, middle of the road",,favor,favor,,not too happy,fair,routine,,not satisfied at all,,none,never,believe with doubts,,
2022,2640,42,female,white,bachelor's,16,midwest,married,2,working full time,35,,working class,"independent, close to republican","moderate, middle of the road",trump,favor,favor,,pretty happy,excellent,routine,,not satisfied at all,1,catholic,about once or twice a year,believe with doubts,,
2022,2641,,female,white,associate/junior college,14,midwest,married,2,working full time,40,101280,middle class,"independent, close to democrat","moderate, middle of the road",biden,,oppose,,pretty happy,good,,,more or less satisfied,0,none,never,higher power,,
2022,2642,43,male,white,associate/junior college,15,midwest,married,1,working full time,50,163572.71343,upper class,not very strong democrat,slightly liberal,biden,favor,favor,,very happy,excellent,exciting,,pretty well satisfied,0,none,less than once a year,don't believe,,
2022,2643,58,female,white,bachelor's,16,midwest,divorced,0,working full time,40,34815,middle class,other party,liberal,biden,favor,favor,,pretty happy,good,routine,,more or less satisfied,2,protestant,about once or twice a year,,yes,inspired word
2022,2644,36,female,white,graduate,18,midwest,married,2,working full time,32,17407.5,working class,strong democrat,extremely liberal,biden,favor,oppose,,not too happy,good,routine,,more or less satisfied,10,none,about once a month,believe with doubts,,
2022,2645,34,male,white,high school,12,midwest,never married,0,working full time,35,15033.75,working class,"independent (neither, no response)","moderate, middle of the road",,favor,favor,,not too happy,fair,routine,,pretty well satisfied,20,none,never,believe with doubts,,
2022,2646,30,male,white,bachelor's,14,midwest,never married,0,working full time,41,,working class,"independent (neither, no response)","moderate, middle of the road",,,favor,,pretty happy,fair,,,not satisfied at all,0,none,less than once a year,higher power,,
2022,2647,66,female,black,bachelor's,16,midwest,married,6,retired,,,working class,"independent, close to republican",slightly conservative,trump,,oppose,should not be legal,very happy,good,,most people can be trusted,not satisfied at all,,catholic,several times a week,no doubts,yes,word of god
2022,2648,62,female,other,high school,12,midwest,married,4,working full time,40,,lower class,strong democrat,liberal,biden,,oppose,should not be legal,pretty happy,fair,,can't be too careful,pretty well satisfied,3,catholic,never,no doubts,yes,inspired word
2022,2649,47,male,other,high school,16,midwest,married,2,working full time,40,34815,working class,not very strong democrat,liberal,biden,favor,oppose,,not too happy,fair,routine,,not satisfied at all,10,none,never,,,
2022,2650,35,male,white,bachelor's,18,midwest,married,2,working full time,60,34815,middle class,strong democrat,extremely liberal,biden,favor,oppose,,not too happy,fair,routine,,not satisfied at all,20,none,never,,,
2022,2651,52,female,white,graduate,20,midwest,married,2,working full time,40,42727.5,middle class,other party,slightly conservative,trump,,oppose,,pretty happy,good,routine,,pretty well satisfied,4,protestant,every week,,yes,word of god
2022,2652,43,male,white,bachelor's,16,midwest,married,1,working full time,40,75960,middle class,not very strong democrat,slightly liberal,biden,favor,oppose,,pretty happy,good,routine,,pretty well satisfied,3,protestant,every week,believe with doubts,,
2022,2653,42,female,white,graduate,19,midwest,married,2,working full time,45,42727.5,middle class,strong democrat,liberal,biden,favor,oppose,,very happy,good,exciting,,more or less satisfied,0,catholic,2-3 times a month,,yes,inspired word
2022,2654,35,male,white,associate/junior college,14,midwest,married,3,working full time,48,34815,working class,not very strong republican,conservative,trump,oppose,favor,,pretty happy,excellent,exciting,,more or less satisfied,0,protestant,about once a month,no doubts,,
2022,2655,67,male,white,high school,12,midwest,married,1,retired,,7121.25,working class,"independent, close to democrat","moderate, middle of the road",biden,favor,favor,should be legal,pretty happy,good,routine,can't be too careful,more or less satisfied,,protestant,never,higher power,yes,ancient book
2022,2656,33,male,white,high school,13,midwest,married,3,keeping house,,34815,middle class,not very strong democrat,,,favor,oppose,,pretty happy,good,routine,,more or less satisfied,,none,never,,,
2022,2657,66,female,white,high school,13,midwest,married,3,working full time,35,20572.5,working class,strong democrat,liberal,biden,favor,favor,,pretty happy,excellent,routine,,not satisfied at all,0,protestant,never,,yes,inspired word
2022,2658,48,male,white,bachelor's,17,midwest,married,2,working full time,45,63300,middle class,strong republican,conservative,other candidate,,oppose,,very happy,good,,,pretty well satisfied,0,catholic,about once a month,believe with doubts,,
2022,2659,45,male,white,bachelor's,16,midwest,married,2,working full time,40,,working class,other party,slightly liberal,biden,,don't know,should be legal,pretty happy,good,,can't be too careful,pretty well satisfied,0,none,never,don't believe,no,ancient book
2022,2660,84,female,white,bachelor's,16,midwest,married,2,retired,,,middle class,strong democrat,liberal,biden,,oppose,should be legal,very happy,good,,most people can be trusted,pretty well satisfied,,jewish,never,"don't know, no way to find out",no,ancient book
2022,2661,48,female,white,graduate,19,midwest,married,2,"with a job, but not at work because of temporary illness, vacation, strike",,163572.71343,middle class,strong democrat,liberal,biden,favor,oppose,,very happy,excellent,exciting,,more or less satisfied,0,protestant,never,higher power,,
2022,2662,28,male,white,bachelor's,19,midwest,never married,0,in school,,,middle class,not very strong republican,conservative,trump,favor,oppose,should be legal,pretty happy,excellent,exciting,most people can be trusted,pretty well satisfied,,catholic,every week,believe with doubts,yes,inspired word
2022,2663,26,male,white,bachelor's,16,midwest,never married,0,working full time,45,52222.5,upper class,strong democrat,slightly liberal,biden,,oppose,,pretty happy,good,,,pretty well satisfied,5,catholic,several times a year,no doubts,,
2022,2664,61,female,white,high school,14,midwest,widowed,2,keeping house,,,middle class,not very strong republican,slightly conservative,don't know,favor,favor,,pretty happy,good,exciting,,more or less satisfied,,protestant,2-3 times a month,,yes,inspired word
2022,2665,76,male,white,less than high school,10,midwest,divorced,0,retired,,,lower class,"independent (neither, no response)","moderate, middle of the road",,,favor,should not be legal,pretty happy,good,,can't be too careful,not satisfied at all,,protestant,never,no doubts,don't know,inspired word
2022,2666,21,male,white,high school,15,midwest,never married,0,in school,,7121.25,middle class,not very strong democrat,slightly liberal,biden,favor,oppose,,very happy,excellent,routine,,pretty well satisfied,,protestant,several times a year,,no,inspired word
2022,2667,66,female,white,bachelor's,19,midwest,divorced,4,working part time,7,7121.25,middle class,not very strong democrat,slightly liberal,biden,,oppose,,pretty happy,excellent,,,pretty well satisfied,0,catholic,several times a year,no doubts,,
2022,2668,83,female,white,graduate,19,midwest,married,3,retired,,,middle class,strong democrat,extremely liberal,biden,favor,oppose,should be legal,not too happy,good,routine,most people can be trusted,not satisfied at all,,protestant,about once or twice a year,higher power,don't know,don't know
2022,2669,20,female,other,high school,14,midwest,never married,0,in school,,,middle class,not very strong democrat,"moderate, middle of the road",biden,favor,favor,,pretty happy,poor,routine,,more or less satisfied,,orthodox-christian,about once or twice a year,,don't know,inspired word
2022,2670,77,male,white,graduate,16,midwest,married,1,retired,,,middle class,strong democrat,liberal,biden,favor,oppose,,not too happy,excellent,routine,,pretty well satisfied,,none,never,"don't know, no way to find out",,
2022,2671,54,male,white,graduate,19,midwest,married,2,working full time,45,52222.5,middle class,strong democrat,liberal,biden,favor,oppose,,pretty happy,good,routine,,more or less satisfied,10,none,never,,,
2022,2672,36,female,white,graduate,19,midwest,married,0,working full time,40,42727.5,upper class,strong democrat,liberal,biden,favor,oppose,,pretty happy,good,routine,,pretty well satisfied,10,catholic,nearly every week,,,
2022,2673,68,male,white,high school,12,midwest,married,2,retired,,,lower class,strong republican,conservative,trump,oppose,favor,,not too happy,good,routine,,more or less satisfied,,protestant,never,no doubts,,
2022,2674,62,female,white,high school,12,midwest,divorced,4,working full time,52,23737.5,working class,strong democrat,"moderate, middle of the road",biden,,favor,,pretty happy,good,,,more or less satisfied,2,catholic,several times a year,no doubts,,
2022,2675,70,female,white,high school,12,midwest,never married,0,working part time,15,8703.75,working class,"independent, close to republican",slightly conservative,trump,,favor,,pretty happy,excellent,,,pretty well satisfied,0,protestant,several times a year,believe with doubts,,
2022,2676,42,female,white,high school,12,midwest,divorced,4,in school,,1266,lower class,"independent (neither, no response)","moderate, middle of the road",,,oppose,,not too happy,good,,,not satisfied at all,,protestant,about once or twice a year,believe with doubts,,
2022,2677,46,female,white,high school,14,midwest,divorced,3,"with a job, but not at work because of temporary illness, vacation, strike",,28485,middle class,not very strong republican,slightly conservative,,,favor,should be legal,,poor,,can't be too careful,pretty well satisfied,10,protestant,about once or twice a year,no doubts,don't know,
2022,2678,43,male,white,bachelor's,16,midwest,divorced,3,working full time,40,42727.5,working class,not very strong republican,slightly conservative,trump,favor,favor,,pretty happy,good,routine,,more or less satisfied,1,catholic,less than once a year,no doubts,,
2022,2679,27,female,white,high school,12,midwest,married,1,keeping house,,,upper class,not very strong republican,conservative,trump,favor,oppose,should be legal,very happy,excellent,exciting,can't be too careful,pretty well satisfied,,protestant,never,no doubts,yes,inspired word
2022,2680,40,male,,high school,12,midwest,divorced,3,other,,,,other party,,,oppose,favor,,not too happy,good,dull,,not satisfied at all,,none,never,don't believe,,
2022,2681,72,female,white,high school,14,midwest,married,2,retired,,,working class,strong democrat,liberal,biden,favor,favor,,very happy,fair,routine,,more or less satisfied,,protestant,never,,,
2022,2682,31,male,white,high school,12,midwest,never married,0,working full time,40,7121.25,lower class,"independent (neither, no response)",extremely liberal,,favor,favor,should be legal,not too happy,excellent,dull,can't be too careful,not satisfied at all,0,none,never,don't believe,no,ancient book
2022,2683,22,male,white,high school,14,midwest,never married,0,working full time,52,3481.5,middle class,not very strong republican,"moderate, middle of the road",,,favor,should be legal,not too happy,fair,,can't be too careful,more or less satisfied,25,christian,never,believe with doubts,yes,word of god
2022,2684,68,male,white,associate/junior college,14,midwest,divorced,2,working full time,45,34815,working class,"independent (neither, no response)","moderate, middle of the road",,,favor,,pretty happy,good,,,more or less satisfied,0,protestant,less than once a year,believe with doubts,,
2022,2685,33,female,white,associate/junior college,14,midwest,never married,2,keeping house,,,lower class,"independent (neither, no response)",slightly conservative,,favor,favor,,not too happy,fair,routine,,not satisfied at all,,none,never,,,
2022,2686,45,male,white,high school,12,midwest,married,2,working full time,40,42727.5,middle class,not very strong republican,conservative,,favor,favor,,pretty happy,good,routine,,pretty well satisfied,0,none,never,,,
2022,2687,65,male,white,high school,13,midwest,divorced,8,retired,,,working class,"independent (neither, no response)",slightly conservative,trump,oppose,favor,,not too happy,fair,exciting,,more or less satisfied,,christian,less than once a year,believe with doubts,,
2022,2688,36,male,white,associate/junior college,14,midwest,never married,2,working full time,40,13451.25,working class,"independent (neither, no response)","moderate, middle of the road",trump,favor,favor,,very happy,good,exciting,,more or less satisfied,0,none,about once or twice a year,higher power,,
2022,2689,55,male,white,high school,12,midwest,divorced,3,working full time,40,28485,working class,strong republican,conservative,trump,,oppose,should be legal,not too happy,fair,,can't be too careful,not satisfied at all,30,protestant,about once or twice a year,believe with doubts,yes,word of god
2022,2690,42,female,white,high school,15,midwest,never married,2,keeping house,,10286.25,working class,not very strong democrat,"moderate, middle of the road",,,favor,should be legal,pretty happy,good,,can't be too careful,pretty well satisfied,,protestant,about once a month,believe with doubts,yes,inspired word
2022,2691,46,male,white,high school,12,midwest,divorced,2,working full time,58,88620,working class,not very strong democrat,slightly conservative,biden,oppose,favor,,pretty happy,good,exciting,,not satisfied at all,2,none,never,,yes,inspired word
2022,2692,60,male,white,high school,12,midwest,married,2,working full time,40,15033.75,working class,strong republican,conservative,trump,favor,oppose,,pretty happy,good,routine,,not satisfied at all,0,catholic,nearly every week,no doubts,,
2022,2693,69,male,white,bachelor's,16,midwest,divorced,1,retired,,,working class,"independent (neither, no response)","moderate, middle of the road",didn't vote for president,,favor,,pretty happy,good,,,more or less satisfied,,none,never,don't believe,,
2022,2694,78,male,white,high school,12,midwest,divorced,3,working part time,5,2848.5,lower class,strong republican,liberal,trump,favor,oppose,,not too happy,good,exciting,,more or less satisfied,0,protestant,never,,,
2022,2695,48,female,white,high school,14,midwest,divorced,3,"with a job, but not at work because of temporary illness, vacation, strike",,3481.5,working class,strong republican,conservative,,oppose,favor,,not too happy,good,routine,,not satisfied at all,30,protestant,several times a year,no doubts,,
2022,2696,57,male,white,high school,12,midwest,married,2,working full time,46,,working class,strong republican,extremely conservative,trump,oppose,favor,should not be legal,very happy,good,exciting,most people can be trusted,more or less satisfied,0,protestant,several times a week,no doubts,yes,word of god
2022,2697,39,male,white,high school,14,midwest,married,4,working full time,40,63300,working class,strong republican,conservative,,favor,favor,,pretty happy,fair,routine,,not satisfied at all,5,none,less than once a year,,,
2022,2698,68,female,white,high school,13,midwest,married,1,working part time,20,20572.5,middle class,strong republican,conservative,trump,,favor,,very happy,excellent,,,pretty well satisfied,1,protestant,about once or twice a year,believe with doubts,,
2022,2699,30,male,white,high school,12,midwest,never married,0,working full time,40,17407.5,working class,strong republican,conservative,trump,oppose,favor,,pretty happy,fair,routine,,not satisfied at all,0,christian,every week,,yes,inspired word
2022,2700,23,male,white,less than high school,10,midwest,never married,0,keeping house,,,working class,"independent (neither, no response)",conservative,,favor,favor,,pretty happy,excellent,routine,,not satisfied at all,,none,never,,,
2022,2701,35,male,white,high school,14,midwest,married,0,working full time,55,52222.5,working class,"independent, close to republican",slightly conservative,trump,favor,favor,,pretty happy,good,routine,,more or less satisfied,20,none,never,,,
2022,2702,87,female,white,high school,14,midwest,divorced,2,retired,,,upper class,"independent, close to republican","moderate, middle of the road",trump,,favor,should not be legal,very happy,poor,,most people can be trusted,pretty well satisfied,,protestant,about once or twice a year,believe with doubts,no,word of god
2022,2703,68,female,white,high school,13,midwest,married,2,retired,,,middle class,strong democrat,liberal,biden,favor,oppose,,pretty happy,good,routine,,pretty well satisfied,,protestant,2-3 times a month,believe with doubts,,
2022,2704,34,female,white,associate/junior college,14,midwest,married,2,working full time,46,28485,working class,"independent (neither, no response)","moderate, middle of the road",trump,favor,favor,,very happy,good,routine,,more or less satisfied,0,none,never,higher power,,
2022,2705,40,female,white,graduate,18,midwest,divorced,5,working full time,40,52222.5,middle class,"independent (neither, no response)",slightly liberal,biden,favor,favor,,pretty happy,good,exciting,,pretty well satisfied,3,protestant,2-3 times a month,,,
2022,2706,23,female,white,associate/junior college,15,midwest,never married,0,in school,,7121.25,lower class,other party,"moderate, middle of the road",,,favor,,not too happy,fair,,,more or less satisfied,,protestant,less than once a year,no doubts,,
2022,2707,42,male,white,high school,10,midwest,separated,4,other,,,lower class,other party,"moderate, middle of the road",,,favor,should be legal,not too happy,poor,,can't be too careful,not satisfied at all,,none,never,believe with doubts,don't know,other (vol)
2022,2708,25,female,white,high school,15,midwest,married,0,working full time,42,13451.25,working class,"independent, close to democrat",slightly liberal,,favor,oppose,,pretty happy,good,routine,,more or less satisfied,6,none,never,,yes,inspired word
2022,2709,61,female,white,high school,12,midwest,widowed,2,working part time,9,5697,middle class,"independent, close to republican","moderate, middle of the road",,favor,oppose,should not be legal,pretty happy,fair,exciting,can't be too careful,more or less satisfied,5,protestant,every week,no doubts,yes,word of god
2022,2710,73,female,white,graduate,16,midwest,married,3,retired,,,middle class,strong republican,conservative,trump,favor,favor,should not be legal,very happy,fair,routine,depends,pretty well satisfied,,catholic,less than once a year,no doubts,yes,inspired word
2022,2711,42,male,white,bachelor's,17,midwest,married,2,working full time,40,28485,lower class,"independent, close to republican",slightly conservative,other candidate,,favor,,very happy,good,,,not satisfied at all,0,protestant,nearly every week,no doubts,,
2022,2712,51,female,white,bachelor's,16,midwest,never married,1,working full time,40,,middle class,strong democrat,extremely liberal,biden,favor,oppose,,not too happy,good,routine,,pretty well satisfied,0,none,never,higher power,,
2022,2713,61,female,white,high school,17,midwest,married,2,keeping house,,,working class,"independent, close to democrat",extremely liberal,biden,favor,oppose,,pretty happy,good,exciting,,more or less satisfied,,none,never,don't believe,,
2022,2714,75,female,white,high school,12,midwest,divorced,3,working full time,58,13451.25,working class,"independent (neither, no response)",extremely conservative,trump,favor,favor,should be legal,pretty happy,good,routine,most people can be trusted,pretty well satisfied,0,catholic,every week,no doubts,yes,word of god
2022,2715,75,female,white,high school,12,midwest,widowed,2,retired,,,middle class,not very strong democrat,liberal,biden,,favor,should be legal,pretty happy,fair,,depends,pretty well satisfied,,protestant,never,believe with doubts,yes,inspired word
2022,2716,66,female,white,high school,12,midwest,divorced,2,retired,,,middle class,"independent, close to democrat","moderate, middle of the road",biden,favor,favor,,pretty happy,fair,routine,,more or less satisfied,,none,never,,,
2022,2717,60,female,white,high school,10,midwest,never married,0,working part time,34,11868.75,lower class,"independent, close to republican","moderate, middle of the road",,,favor,,pretty happy,fair,,,more or less satisfied,0,protestant,never,"don't know, no way to find out",,
2022,2718,26,male,white,high school,12,midwest,never married,1,working full time,40,5697,working class,"independent (neither, no response)",liberal,,favor,favor,should not be legal,very happy,excellent,routine,can't be too careful,more or less satisfied,0,none,about once or twice a year,don't know,don't know,word of god
2022,2719,19,male,white,high school,12,midwest,never married,0,working full time,40,,middle class,"independent, close to republican",slightly conservative,,oppose,favor,,pretty happy,good,exciting,,more or less satisfied,10,catholic,every week,,yes,inspired word
2022,2720,39,female,black,high school,13,midwest,never married,1,"with a job, but not at work because of temporary illness, vacation, strike",,,lower class,not very strong democrat,"moderate, middle of the road",biden,,favor,,pretty happy,fair,,,not satisfied at all,5,protestant,never,no doubts,,
2022,2721,42,male,white,high school,12,midwest,never married,0,other,,,lower class,"independent (neither, no response)",extremely conservative,trump,favor,oppose,,not too happy,poor,routine,,not satisfied at all,,protestant,every week,,yes,ancient book
2022,2722,80,female,white,high school,12,midwest,widowed,1,keeping house,,,lower class,strong democrat,"moderate, middle of the road",,,favor,should be legal,pretty happy,fair,,can't be too careful,more or less satisfied,,protestant,never,believe with doubts,yes,word of god
2022,2723,79,male,white,less than high school,10,midwest,married,3,retired,,163572.71343,upper class,"independent, close to republican",conservative,trump,,favor,should be legal,pretty happy,fair,,can't be too careful,pretty well satisfied,,catholic,never,higher power,yes,inspired word
2022,2724,39,female,white,bachelor's,16,midwest,married,2,keeping house,,,working class,"independent (neither, no response)",conservative,,favor,oppose,,very happy,good,exciting,,more or less satisfied,,christian,nearly every week,,,
2022,2725,70,female,white,high school,14,midwest,married,2,retired,,,working class,strong republican,conservative,,favor,favor,,pretty happy,good,exciting,,pretty well satisfied,,protestant,every week,,,
2022,2726,75,male,white,high school,12,midwest,never married,0,retired,,,middle class,"independent, close to democrat","moderate, middle of the road",biden,,favor,should be legal,pretty happy,good,,most people can be trusted,pretty well satisfied,,none,never,"don't know, no way to find out",no,ancient book
2022,2727,40,female,white,bachelor's,16,midwest,married,2,working full time,45,63300,middle class,"independent, close to democrat","moderate, middle of the road",biden,,favor,,very happy,good,,,pretty well satisfied,3,none,never,believe sometimes,,
2022,2728,60,female,white,less than high school,11,midwest,married,2,retired,,,working class,strong democrat,"moderate, middle of the road",,favor,oppose,should be legal,pretty happy,fair,routine,most people can be trusted,not satisfied at all,,protestant,several times a year,no doubts,yes,inspired word
2022,2729,72,male,white,associate/junior college,13,midwest,divorced,2,other,,42727.5,middle class,not very strong republican,conservative,trump,favor,favor,,not too happy,good,routine,,pretty well satisfied,,protestant,several times a year,no doubts,,
2022,2730,20,male,white,high school,12,midwest,never married,0,working full time,40,7121.25,working class,"independent (neither, no response)","moderate, middle of the road",biden,,oppose,,pretty happy,poor,,,not satisfied at all,12,none,never,"don't know, no way to find out",,
2022,2731,84,female,white,graduate,19,midwest,widowed,1,retired,,,middle class,"independent, close to republican","moderate, middle of the road",trump,,don't know,should not be legal,not too happy,good,,can't be too careful,more or less satisfied,,protestant,every week,no doubts,don't know,word of god
2022,2732,64,female,white,high school,15,midwest,married,1,other,,,working class,strong republican,extremely conservative,trump,favor,favor,,pretty happy,good,routine,,not satisfied at all,,protestant,every week,,,
2022,2733,48,female,white,high school,12,midwest,married,0,working full time,24,34815,working class,not very strong democrat,"moderate, middle of the road",biden,favor,favor,should be legal,pretty happy,good,routine,can't be too careful,pretty well satisfied,2,none,never,no doubts,yes,inspired word
2022,2734,84,male,white,high school,13,midwest,never married,0,retired,,,middle class,"independent, close to republican","moderate, middle of the road",trump,favor,favor,should be legal,pretty happy,good,routine,most people can be trusted,pretty well satisfied,,protestant,never,believe sometimes,no,inspired word
2022,2735,77,male,white,less than high school,11,midwest,married,3,retired,,,working class,strong republican,extremely conservative,trump,oppose,favor,should not be legal,very happy,fair,exciting,most people can be trusted,pretty well satisfied,,protestant,every week,no doubts,yes,word of god
2022,2736,67,female,white,bachelor's,16,midwest,married,2,retired,,,middle class,strong republican,conservative,trump,,favor,,very happy,good,,,pretty well satisfied,,protestant,2-3 times a month,no doubts,,
2022,2737,53,female,white,high school,12,midwest,married,2,working full time,35,52222.5,middle class,strong republican,conservative,trump,oppose,favor,,pretty happy,good,routine,,pretty well satisfied,1,protestant,2-3 times a month,,,
2022,2738,40,male,white,bachelor's,16,midwest,married,4,working full time,55,,middle class,"independent, close to republican",slightly conservative,biden,oppose,favor,,very happy,fair,exciting,,more or less satisfied,2,catholic,several times a week,,yes,inspired word
2022,2739,37,female,white,high school,12,midwest,married,1,working full time,38,28485,middle class,"independent, close to republican","moderate, middle of the road",trump,favor,favor,,pretty happy,good,exciting,,more or less satisfied,2,other,less than once a year,higher power,,
2022,2740,59,female,white,less than high school,12,midwest,married,4,other,,316.5,middle class,"independent, close to republican","moderate, middle of the road",,favor,oppose,should not be legal,not too happy,good,exciting,most people can be trusted,more or less satisfied,,catholic,never,believe with doubts,yes,inspired word
2022,2741,63,male,white,high school,12,midwest,married,3,working full time,60,42727.5,working class,"independent, close to republican",conservative,trump,,favor,,pretty happy,good,,,more or less satisfied,0,protestant,several times a week,no doubts,,
2022,2742,49,female,white,bachelor's,16,midwest,married,1,working part time,36,42727.5,working class,not very strong republican,"moderate, middle of the road",trump,,oppose,,pretty happy,good,,,more or less satisfied,0,protestant,less than once a year,no doubts,,
2022,2743,57,male,white,less than high school,11,midwest,married,2,"unemployed, laid off, looking for work",,17407.5,middle class,strong republican,conservative,trump,favor,favor,,pretty happy,fair,routine,,more or less satisfied,,protestant,never,,yes,inspired word
2022,2744,30,female,white,bachelor's,16,midwest,divorced,3,working full time,32,28485,working class,not very strong republican,slightly conservative,trump,favor,favor,should be legal,pretty happy,good,exciting,most people can be trusted,more or less satisfied,5,protestant,less than once a year,no doubts,yes,inspired word
2022,2745,61,female,white,bachelor's,16,midwest,divorced,1,working full time,40,42727.5,middle class,strong democrat,extremely liberal,biden,,oppose,should be legal,pretty happy,good,,most people can be trusted,more or less satisfied,4,protestant,several times a year,higher power,don't know,ancient book
2022,2746,21,female,white,associate/junior college,15,midwest,never married,0,"with a job, but not at work because of temporary illness, vacation, strike",,20572.5,working class,not very strong democrat,liberal,biden,favor,oppose,,not too happy,fair,exciting,,more or less satisfied,10,protestant,about once or twice a year,,yes,inspired word
2022,2747,23,male,white,less than high school,11,midwest,never married,0,"unemployed, laid off, looking for work",,,working class,strong democrat,liberal,biden,favor,oppose,,pretty happy,excellent,routine,,not satisfied at all,,none,never,,,
2022,2748,71,male,white,high school,12,midwest,never married,0,retired,,,middle class,not very strong democrat,slightly conservative,biden,,favor,should not be legal,pretty happy,good,,can't be too careful,more or less satisfied,,protestant,less than once a year,believe with doubts,yes,ancient book
2022,2749,74,male,white,graduate,18,midwest,married,1,retired,,,working class,not very strong republican,conservative,trump,oppose,oppose,should not be legal,very happy,good,exciting,most people can be trusted,more or less satisfied,,christian,every week,no doubts,yes,word of god
2022,2750,42,female,white,high school,12,midwest,married,1,working full time,40,28485,working class,strong republican,"moderate, middle of the road",trump,,favor,,pretty happy,good,,,more or less satisfied,0,protestant,several times a year,no doubts,,
2022,2751,58,female,black,associate/junior college,16,midwest,never married,2,other,,,lower class,not very strong democrat,conservative,biden,favor,favor,,not too happy,fair,routine,,not satisfied at all,,protestant,about once or twice a year,,,
2022,2752,51,male,white,high school,12,midwest,never married,3,retired,,,middle class,not very strong republican,slightly conservative,trump,,favor,should be legal,pretty happy,good,,can't be too careful,more or less satisfied,,catholic,about once or twice a year,"don't know, no way to find out",yes,ancient book
2022,2753,66,male,white,high school,12,midwest,married,1,retired,,,middle class,other party,conservative,trump,favor,oppose,,not too happy,poor,routine,,not satisfied at all,,protestant,every week,no doubts,,
2022,2754,59,female,white,high school,12,midwest,never married,0,working full time,48,63300,middle class,"independent, close to republican","moderate, middle of the road",,oppose,favor,,very happy,good,exciting,,pretty well satisfied,0,none,never,higher power,,
2022,2755,20,female,white,high school,12,midwest,never married,0,working full time,45,,lower class,"independent (neither, no response)","moderate, middle of the road",,favor,favor,,not too happy,fair,dull,,not satisfied at all,15,none,nearly every week,don't believe,,
2022,2756,88,male,white,high school,12,midwest,divorced,0,retired,,,middle class,"independent (neither, no response)","moderate, middle of the road",don't know,favor,favor,,pretty happy,fair,routine,,pretty well satisfied,,none,never,"don't know, no way to find out",,
2022,2757,58,male,white,high school,12,midwest,married,5,working part time,0,11868.75,middle class,strong democrat,liberal,biden,favor,favor,,not too happy,good,routine,,pretty well satisfied,0,protestant,several times a year,believe with doubts,,
2022,2758,60,female,white,high school,13,midwest,married,2,working full time,38,42727.5,working class,"independent (neither, no response)","moderate, middle of the road",,favor,favor,,very happy,good,routine,,not satisfied at all,0,none,never,,,
2022,2759,51,female,white,high school,12,midwest,married,4,keeping house,,,middle class,"independent (neither, no response)","moderate, middle of the road",,favor,oppose,,pretty happy,good,exciting,,pretty well satisfied,,none,several times a year,believe with doubts,,
2022,2760,27,female,white,graduate,18,midwest,married,0,"with a job, but not at work because of temporary illness, vacation, strike",,34815,middle class,other party,extremely liberal,didn't vote for president,,oppose,,pretty happy,good,,,pretty well satisfied,3,catholic,about once or twice a year,believe sometimes,,
2022,2761,23,male,other,high school,13,midwest,never married,0,working full time,40,,working class,"independent (neither, no response)","moderate, middle of the road",,favor,oppose,,pretty happy,good,routine,,more or less satisfied,,none,less than once a year,believe with doubts,,
2022,2762,45,male,white,high school,14,midwest,married,3,working full time,40,75960,middle class,not very strong republican,conservative,trump,,oppose,,pretty happy,fair,,,more or less satisfied,1,christian,about once a month,no doubts,,
2022,2763,59,male,white,bachelor's,16,midwest,divorced,2,working part time,20,10286.25,working class,"independent, close to democrat",slightly liberal,biden,,favor,should be legal,pretty happy,fair,,most people can be trusted,more or less satisfied,2,none,never,don't believe,no,ancient book
2022,2764,61,male,white,high school,12,midwest,divorced,2,other,,,working class,"independent, close to democrat","moderate, middle of the road",biden,,favor,,pretty happy,good,,,more or less satisfied,,catholic,never,no doubts,,
2022,2765,83,male,white,high school,12,midwest,married,2,retired,,,middle class,strong republican,conservative,trump,,oppose,should not be legal,very happy,excellent,,most people can be trusted,pretty well satisfied,,catholic,several times a week,no doubts,no,inspired word
2022,2766,86,female,white,high school,12,midwest,widowed,4,retired,,,middle class,"independent, close to republican","moderate, middle of the road",biden,don't know,oppose,should not be legal,very happy,good,exciting,most people can be trusted,pretty well satisfied,,catholic,every week,no doubts,yes,inspired word
2022,2767,42,female,white,bachelor's,16,midwest,divorced,2,working full time,45,20572.5,working class,strong democrat,liberal,biden,favor,favor,,pretty happy,good,routine,,not satisfied at all,0,catholic,about once or twice a year,no doubts,,
2022,2768,80,female,white,less than high school,8,midwest,divorced,3,retired,,,don't know,strong democrat,"moderate, middle of the road",biden,,,should not be legal,pretty happy,good,,depends,more or less satisfied,,protestant,less than once a year,believe with doubts,don't know,inspired word
2022,2769,31,male,white,associate/junior college,16,midwest,widowed,1,working full time,50,63300,working class,"independent, close to republican",conservative,trump,oppose,favor,,pretty happy,excellent,exciting,,more or less satisfied,10,protestant,about once a month,,yes,inspired word
2022,2770,48,male,black,bachelor's,16,midwest,married,7,working full time,48,34815,working class,not very strong democrat,"moderate, middle of the road",biden,favor,oppose,,very happy,good,exciting,,not satisfied at all,0,protestant,several times a week,,yes,word of god
2022,2771,50,female,white,graduate,18,midwest,married,1,"with a job, but not at work because of temporary illness, vacation, strike",,34815,middle class,"independent, close to democrat","moderate, middle of the road",biden,,oppose,should be legal,pretty happy,good,,can't be too careful,more or less satisfied,5,protestant,2-3 times a month,no doubts,yes,ancient book
2022,2772,41,female,white,high school,12,midwest,never married,1,working full time,35,23737.5,working class,"independent (neither, no response)","moderate, middle of the road",,,oppose,should not be legal,not too happy,fair,,can't be too careful,not satisfied at all,20,catholic,about once or twice a year,believe sometimes,don't know,inspired word
2022,2773,60,female,white,high school,12,midwest,divorced,1,"unemployed, laid off, looking for work",,13451.25,working class,strong republican,conservative,trump,oppose,favor,,pretty happy,fair,routine,,pretty well satisfied,,protestant,about once or twice a year,,don't know,inspired word
2022,2774,67,female,white,associate/junior college,15,midwest,divorced,4,keeping house,,,working class,strong democrat,liberal,,favor,oppose,,pretty happy,fair,exciting,,more or less satisfied,,protestant,less than once a year,no doubts,,
2022,2775,30,male,white,high school,12,midwest,divorced,2,working full time,40,34815,working class,not very strong republican,conservative,trump,oppose,favor,,not too happy,fair,routine,,not satisfied at all,0,protestant,less than once a year,,,
2022,2776,43,female,white,bachelor's,18,midwest,married,1,working full time,40,17407.5,middle class,other party,"moderate, middle of the road",,favor,oppose,,very happy,good,exciting,,more or less satisfied,0,other,never,,,
2022,2777,67,female,white,graduate,16,midwest,married,0,retired,,34815,lower class,"independent, close to democrat",slightly liberal,biden,favor,favor,,pretty happy,excellent,exciting,,more or less satisfied,,protestant,several times a year,,,
2022,2778,29,male,white,high school,12,midwest,married,2,working full time,40,42727.5,working class,strong republican,conservative,trump,oppose,favor,,very happy,excellent,exciting,,more or less satisfied,0,protestant,2-3 times a month,,,
2022,2779,75,male,white,less than high school,10,midwest,married,4,retired,,,working class,strong democrat,,biden,favor,favor,,pretty happy,fair,routine,,more or less satisfied,,protestant,every week,no doubts,,
2022,2780,42,female,white,bachelor's,16,midwest,never married,0,"with a job, but not at work because of temporary illness, vacation, strike",,34815,middle class,"independent, close to democrat",liberal,biden,favor,oppose,should be legal,pretty happy,excellent,routine,most people can be trusted,more or less satisfied,0,none,never,don't believe,no,ancient book
2022,2781,42,female,white,high school,12,midwest,married,3,working full time,40,34815,middle class,not very strong republican,conservative,,favor,favor,,not too happy,good,exciting,,pretty well satisfied,0,none,less than once a year,,,
2022,2782,45,female,white,high school,14,midwest,divorced,3,working full time,32,17407.5,working class,"independent, close to democrat",slightly liberal,,favor,oppose,,not too happy,poor,routine,,not satisfied at all,30,protestant,never,believe with doubts,,
2022,2783,49,female,white,bachelor's,16,midwest,married,3,working full time,45,75960,middle class,"independent, close to republican",conservative,don't know,oppose,favor,,pretty happy,good,exciting,,more or less satisfied,0,catholic,several times a week,,,
2022,2784,52,female,white,bachelor's,16,midwest,married,3,working full time,40,52222.5,upper class,strong republican,conservative,trump,oppose,favor,,pretty happy,good,exciting,,pretty well satisfied,0,protestant,2-3 times a month,,,
2022,2785,66,female,white,associate/junior college,14,midwest,married,3,retired,,28485,middle class,not very strong republican,"moderate, middle of the road",,favor,favor,,pretty happy,good,routine,,more or less satisfied,,catholic,every week,,,
2022,2786,,female,white,graduate,17,midwest,married,1,working part time,18,20572.5,working class,not very strong democrat,"moderate, middle of the road",biden,,oppose,,pretty happy,fair,,,more or less satisfied,15,none,about once or twice a year,believe with doubts,,
2022,2787,48,female,white,bachelor's,17,midwest,married,2,working full time,40,,working class,strong republican,conservative,trump,oppose,oppose,,very happy,good,routine,,more or less satisfied,0,catholic,several times a year,,,
2022,2788,45,female,white,high school,12,midwest,married,3,other,,2215.5,middle class,"independent (neither, no response)","moderate, middle of the road",trump,favor,favor,,very happy,excellent,routine,,not satisfied at all,,none,never,,,
2022,2789,32,male,white,high school,12,midwest,married,1,working full time,55,20572.5,working class,not very strong republican,slightly conservative,trump,oppose,favor,should be legal,very happy,good,exciting,most people can be trusted,more or less satisfied,0,protestant,2-3 times a month,no doubts,yes,inspired word
2022,2790,51,male,black,less than high school,,midwest,separated,2,"unemployed, laid off, looking for work",,23737.5,working class,"independent (neither, no response)","moderate, middle of the road",,,don't know,don't know,not too happy,fair,,depends,more or less satisfied,,none,less than once a year,no doubts,yes,inspired word
2022,2791,64,female,white,high school,12,midwest,never married,0,working full time,45,23737.5,working class,"independent (neither, no response)","moderate, middle of the road",trump,oppose,favor,,not too happy,good,routine,,not satisfied at all,0,protestant,nearly every week,,,
2022,2792,73,female,white,high school,12,midwest,divorced,5,retired,,,working class,not very strong democrat,"moderate, middle of the road",biden,favor,oppose,,pretty happy,good,routine,,more or less satisfied,,protestant,never,no doubts,,
2022,2793,34,male,white,high school,10,midwest,divorced,1,working full time,40,17407.5,working class,"independent, close to democrat",slightly liberal,,,favor,,not too happy,fair,,,not satisfied at all,30,none,never,"don't know, no way to find out",,
2022,2794,31,male,white,associate/junior college,17,midwest,married,0,working full time,40,63300,middle class,"independent (neither, no response)","moderate, middle of the road",trump,oppose,favor,,very happy,excellent,routine,,pretty well satisfied,0,protestant,about once or twice a year,believe with doubts,,
2022,2795,19,male,black,high school,12,midwest,never married,0,working part time,30,11868.75,middle class,not very strong republican,liberal,,oppose,favor,,pretty happy,good,routine,,more or less satisfied,0,catholic,several times a year,believe with doubts,,
2022,2796,39,female,white,bachelor's,16,midwest,married,4,keeping house,,1266,working class,"independent (neither, no response)",slightly conservative,trump,favor,oppose,don't know,very happy,excellent,exciting,most people can be trusted,more or less satisfied,,protestant,every week,no doubts,yes,inspired word
2022,2797,30,male,white,high school,12,midwest,married,2,working full time,36,42727.5,middle class,"independent, close to republican",slightly conservative,,,favor,,pretty happy,good,,,more or less satisfied,7,protestant,every week,no doubts,,
2022,2798,60,female,white,high school,12,midwest,never married,2,"unemployed, laid off, looking for work",,,middle class,"independent, close to republican","moderate, middle of the road",trump,favor,oppose,,pretty happy,good,exciting,,more or less satisfied,,catholic,every week,,yes,inspired word
2022,2799,,female,white,high school,15,midwest,divorced,1,working full time,40,28485,working class,"independent (neither, no response)",slightly conservative,,favor,favor,,not too happy,excellent,dull,,not satisfied at all,5,protestant,about once a month,believe with doubts,,
2022,2800,59,female,white,graduate,18,midwest,married,0,other,,,middle class,strong democrat,liberal,biden,favor,oppose,,pretty happy,fair,routine,,pretty well satisfied,,catholic,less than once a year,no doubts,,
2022,2801,,female,white,high school,12,midwest,married,1,working full time,30,,working class,"independent (neither, no response)","moderate, middle of the road",,favor,favor,,pretty happy,good,routine,,more or less satisfied,1,none,less than once a year,,,
2022,2802,44,female,white,high school,11,midwest,never married,4,working full time,89,20572.5,lower class,"independent (neither, no response)","moderate, middle of the road",,favor,favor,,pretty happy,poor,routine,,not satisfied at all,20,none,never,don't believe,,
2022,2803,28,female,white,associate/junior college,14,midwest,never married,1,working full time,80,34815,working class,strong democrat,liberal,biden,favor,favor,,very happy,good,exciting,,more or less satisfied,5,catholic,about once or twice a year,,,
2022,2804,41,male,white,associate/junior college,14,midwest,never married,0,working full time,55,52222.5,middle class,"independent, close to republican",conservative,other candidate,oppose,favor,,pretty happy,good,exciting,,not satisfied at all,0,jewish,several times a year,no doubts,,
2022,2805,53,female,white,high school,12,midwest,married,2,working full time,40,101280,middle class,not very strong democrat,slightly liberal,biden,oppose,oppose,,pretty happy,good,exciting,,pretty well satisfied,2,protestant,several times a year,,,
2022,2806,69,male,white,bachelor's,16,midwest,divorced,2,working full time,45,42727.5,middle class,strong democrat,liberal,biden,favor,oppose,,very happy,excellent,routine,,more or less satisfied,1,buddhism,less than once a year,"don't know, no way to find out",,
2022,2807,48,male,white,high school,9,midwest,married,1,working full time,40,163572.71343,middle class,"independent, close to republican",conservative,trump,favor,favor,should not be legal,not too happy,good,routine,most people can be trusted,pretty well satisfied,0,protestant,several times a week,no doubts,yes,word of god
2022,2808,68,female,white,bachelor's,16,midwest,widowed,5,retired,,52222.5,middle class,strong democrat,liberal,biden,favor,favor,,pretty happy,good,routine,,pretty well satisfied,,protestant,nearly every week,,,
2022,2809,54,female,white,high school,12,midwest,never married,1,"unemployed, laid off, looking for work",,5697,working class,not very strong democrat,"moderate, middle of the road",biden,oppose,favor,should not be legal,not too happy,good,routine,can't be too careful,not satisfied at all,,protestant,never,believe sometimes,yes,word of god
2022,2810,28,male,white,high school,13,midwest,never married,0,working full time,40,34815,working class,strong democrat,extremely liberal,biden,favor,oppose,,pretty happy,fair,routine,,not satisfied at all,,protestant,every week,believe with doubts,,
2022,2811,40,female,white,graduate,18,midwest,married,2,working full time,40,63300,middle class,not very strong democrat,"moderate, middle of the road",biden,,favor,,very happy,excellent,exciting,,more or less satisfied,0,catholic,about once a month,no doubts,,
2022,2812,78,female,white,bachelor's,15,midwest,widowed,6,retired,,,middle class,"independent, close to republican",conservative,trump,,oppose,should not be legal,pretty happy,excellent,,most people can be trusted,pretty well satisfied,,catholic,every week,no doubts,yes,word of god
2022,2813,81,female,white,graduate,18,midwest,widowed,1,retired,,,middle class,strong democrat,liberal,biden,favor,oppose,should be legal,not too happy,poor,routine,most people can be trusted,more or less satisfied,,catholic,about once or twice a year,no doubts,yes,inspired word
2022,2814,33,male,white,associate/junior college,16,midwest,married,0,working full time,40,23737.5,working class,strong democrat,liberal,biden,favor,favor,,pretty happy,good,routine,,not satisfied at all,0,muslim/islam,2-3 times a month,,,
2022,2815,35,female,other,high school,12,midwest,divorced,2,working full time,50,8703.75,middle class,not very strong democrat,conservative,,,favor,should be legal,pretty happy,excellent,,can't be too careful,pretty well satisfied,14,protestant,2-3 times a month,believe with doubts,no,inspired word
2022,2816,60,female,white,high school,12,midwest,divorced,3,working part time,31,13451.25,lower class,strong republican,slightly conservative,trump,oppose,favor,,pretty happy,fair,routine,,not satisfied at all,30,protestant,never,,no,inspired word
2022,2817,52,female,white,high school,14,midwest,married,2,"unemployed, laid off, looking for work",,,working class,not very strong democrat,slightly liberal,biden,,favor,should be legal,not too happy,poor,,can't be too careful,not satisfied at all,,protestant,about once or twice a year,no doubts,yes,inspired word
2022,2818,23,male,white,high school,14,midwest,never married,0,working full time,40,17407.5,middle class,"independent (neither, no response)",slightly conservative,other candidate,oppose,favor,,not too happy,good,exciting,,more or less satisfied,5,protestant,every week,,,
2022,2819,48,male,white,high school,13,midwest,married,4,working full time,45,42727.5,working class,other party,slightly conservative,other candidate,oppose,favor,,very happy,fair,routine,,pretty well satisfied,2,protestant,never,,,
2022,2820,51,male,white,high school,12,midwest,divorced,5,working full time,50,28485,middle class,strong republican,conservative,trump,favor,favor,should not be legal,pretty happy,good,exciting,most people can be trusted,more or less satisfied,0,protestant,about once or twice a year,no doubts,yes,word of god
2022,2821,55,female,white,associate/junior college,15,midwest,divorced,2,working full time,26,163572.71343,middle class,strong republican,extremely conservative,trump,favor,favor,,very happy,excellent,exciting,,pretty well satisfied,0,protestant,every week,,,
2022,2822,46,female,white,high school,14,midwest,never married,2,working full time,60,34815,middle class,strong democrat,extremely liberal,biden,favor,oppose,,pretty happy,fair,exciting,,not satisfied at all,2,protestant,about once or twice a year,,yes,inspired word
2022,2823,79,female,white,bachelor's,16,midwest,widowed,3,keeping house,,,middle class,strong democrat,liberal,biden,favor,oppose,should be legal,not too happy,good,exciting,can't be too careful,pretty well satisfied,,catholic,every week,no doubts,yes,inspired word
2022,2824,38,male,white,high school,12,midwest,married,2,working full time,40,42727.5,middle class,strong republican,conservative,trump,oppose,favor,should be legal,not too happy,fair,routine,most people can be trusted,more or less satisfied,20,catholic,less than once a year,believe with doubts,yes,inspired word
2022,2825,32,female,white,high school,12,midwest,married,3,working full time,40,17407.5,middle class,"independent (neither, no response)",liberal,,oppose,oppose,,pretty happy,excellent,exciting,,,0,none,about once or twice a year,,,
2022,2826,,female,white,high school,12,midwest,married,1,working full time,40,,middle class,strong democrat,liberal,biden,,oppose,,very happy,good,routine,,pretty well satisfied,,none,never,don't believe,,
2022,2827,36,female,white,graduate,18,midwest,married,3,"with a job, but not at work because of temporary illness, vacation, strike",,34815,working class,not very strong democrat,"moderate, middle of the road",biden,,favor,,not too happy,good,,,not satisfied at all,10,none,never,don't believe,,
2022,2828,65,male,other,graduate,20,midwest,married,2,working part time,10,,middle class,not very strong democrat,liberal,biden,favor,favor,,very happy,excellent,exciting,,pretty well satisfied,0,protestant,every week,no doubts,,
2022,2829,26,female,white,associate/junior college,15,midwest,never married,0,working full time,36,42727.5,working class,not very strong republican,extremely conservative,trump,,favor,,pretty happy,excellent,,,more or less satisfied,10,protestant,about once or twice a year,believe with doubts,,
2022,2830,34,female,white,graduate,20,midwest,never married,0,working full time,41,52222.5,middle class,strong democrat,liberal,biden,,oppose,,pretty happy,fair,,,not satisfied at all,5,protestant,less than once a year,believe sometimes,,
2022,2831,60,male,white,high school,12,midwest,divorced,3,working full time,40,63300,working class,strong republican,conservative,trump,,favor,,pretty happy,good,,,pretty well satisfied,0,protestant,never,believe with doubts,,
2022,2832,,female,white,high school,13,midwest,widowed,3,retired,,,middle class,strong democrat,"moderate, middle of the road",biden,,favor,,very happy,good,,,pretty well satisfied,,protestant,every week,no doubts,,
2022,2833,66,female,white,high school,12,midwest,married,4,retired,,,middle class,"independent, close to republican","moderate, middle of the road",biden,favor,oppose,,pretty happy,good,routine,,pretty well satisfied,,catholic,every week,,,
2022,2834,21,female,other,high school,14,midwest,never married,0,in school,,,middle class,"independent, close to democrat",liberal,,favor,favor,,pretty happy,good,routine,,pretty well satisfied,,none,never,higher power,,
2022,2835,18,female,white,less than high school,11,midwest,never married,0,working full time,48,,lower class,"independent (neither, no response)",slightly liberal,,,favor,should be legal,not too happy,fair,,can't be too careful,not satisfied at all,30,protestant,about once or twice a year,believe with doubts,yes,inspired word
2022,2836,65,male,black,high school,12,midwest,divorced,3,other,,,middle class,strong democrat,"moderate, middle of the road",biden,,oppose,should be legal,very happy,fair,,can't be too careful,not satisfied at all,,protestant,about once or twice a year,"don't know, no way to find out",no,ancient book
2022,2837,51,female,white,less than high school,10,midwest,divorced,4,other,,,middle class,"independent (neither, no response)","moderate, middle of the road",biden,favor,favor,should be legal,pretty happy,don't know,exciting,can't be too careful,more or less satisfied,,none,less than once a year,no doubts,yes,word of god
2022,2838,73,female,white,associate/junior college,16,midwest,widowed,2,retired,,,working class,"independent (neither, no response)","moderate, middle of the road",,favor,favor,,pretty happy,poor,dull,,not satisfied at all,,protestant,never,believe with doubts,,
2022,2839,67,female,other,high school,12,midwest,divorced,3,retired,,,middle class,strong republican,conservative,,favor,favor,should be legal,not too happy,poor,exciting,can't be too careful,not satisfied at all,,protestant,about once a month,no doubts,yes,word of god
2022,2840,44,male,other,high school,12,midwest,separated,3,"unemployed, laid off, looking for work",,,middle class,"independent (neither, no response)","moderate, middle of the road",,,oppose,,not too happy,good,,,not satisfied at all,,none,never,no doubts,,
2022,2841,19,male,white,less than high school,10,midwest,never married,0,working full time,35,8703.75,working class,strong republican,slightly conservative,,oppose,favor,,pretty happy,good,exciting,,not satisfied at all,0,catholic,never,believe with doubts,,
2022,2842,33,male,black,high school,14,midwest,never married,1,"with a job, but not at work because of temporary illness, vacation, strike",,4747.5,working class,"independent, close to democrat","moderate, middle of the road",biden,oppose,oppose,should be legal,not too happy,good,exciting,depends,not satisfied at all,10,catholic,about once or twice a year,higher power,yes,ancient book
2022,2843,77,female,white,high school,14,midwest,widowed,2,retired,,,middle class,"independent, close to democrat",slightly liberal,biden,,favor,,pretty happy,fair,,,pretty well satisfied,,protestant,never,higher power,,
2022,2844,66,male,white,bachelor's,16,midwest,married,1,retired,,,middle class,other party,slightly conservative,trump,oppose,favor,,pretty happy,fair,routine,,more or less satisfied,,protestant,less than once a year,no doubts,,
2022,2845,55,male,white,graduate,16,midwest,married,1,working full time,40,63300,middle class,not very strong republican,conservative,trump,oppose,favor,should be legal,pretty happy,good,exciting,can't be too careful,more or less satisfied,0,protestant,several times a year,no doubts,yes,word of god
2022,2846,72,male,white,high school,15,midwest,married,3,retired,,34815,middle class,other party,"moderate, middle of the road",other candidate,oppose,oppose,,very happy,excellent,exciting,,more or less satisfied,,none,several times a year,,,
2022,2847,89,female,white,high school,12,midwest,widowed,4,keeping house,,,middle class,not very strong republican,conservative,trump,favor,don't know,,very happy,good,routine,,more or less satisfied,,protestant,nearly every week,,yes,word of god
2022,2848,32,male,white,high school,12,midwest,married,0,working full time,45,52222.5,working class,"independent, close to democrat",liberal,biden,favor,oppose,,pretty happy,fair,routine,,not satisfied at all,7,none,never,,,
2022,2849,86,male,white,bachelor's,16,midwest,married,3,retired,,,middle class,strong democrat,"moderate, middle of the road",biden,,oppose,should not be legal,pretty happy,excellent,,most people can be trusted,pretty well satisfied,,protestant,every week,no doubts,yes,word of god
2022,2850,58,female,white,high school,12,midwest,married,6,keeping house,,8703.75,working class,strong republican,"moderate, middle of the road",trump,,oppose,should be legal,pretty happy,good,,most people can be trusted,pretty well satisfied,,catholic,every week,no doubts,yes,inspired word
2022,2851,60,male,white,high school,12,midwest,never married,0,working full time,44,23737.5,working class,"independent (neither, no response)",don't know,,favor,oppose,,pretty happy,fair,routine,,not satisfied at all,0,protestant,never,,yes,don't know
2022,2852,30,female,white,high school,12,midwest,never married,5,other,,,lower class,not very strong republican,slightly conservative,,favor,oppose,,not too happy,fair,routine,,more or less satisfied,,protestant,never,,yes,inspired word
2022,2853,61,female,white,bachelor's,19,midwest,married,3,other,,75960,working class,"independent, close to democrat",slightly conservative,biden,favor,oppose,,pretty happy,good,routine,,more or less satisfied,,protestant,nearly every week,,,
2022,2854,61,male,white,bachelor's,16,midwest,married,2,working full time,40,163572.71343,middle class,not very strong democrat,slightly liberal,biden,favor,oppose,,pretty happy,good,routine,,pretty well satisfied,0,protestant,about once or twice a year,believe with doubts,,
2022,2855,30,female,white,bachelor's,16,south,married,3,"with a job, but not at work because of temporary illness, vacation, strike",,52222.5,working class,"independent (neither, no response)","moderate, middle of the road",,oppose,favor,,pretty happy,good,exciting,,more or less satisfied,2,catholic,about once or twice a year,no doubts,,
2022,2856,32,female,white,high school,12,south,married,4,keeping house,,7121.25,working class,"independent (neither, no response)","moderate, middle of the road",,favor,oppose,,very happy,good,routine,,more or less satisfied,,protestant,several times a week,,no,inspired word
2022,2857,18,male,other,less than high school,9,south,never married,0,working part time,4,5697,working class,"independent, close to republican",liberal,,favor,favor,don't know,very happy,excellent,routine,can't be too careful,not satisfied at all,0,catholic,about once or twice a year,no doubts,don't know,word of god
2022,2858,63,male,white,less than high school,8,south,divorced,3,working full time,40,163572.71343,middle class,strong republican,extremely conservative,trump,,favor,should be legal,pretty happy,good,,can't be too careful,more or less satisfied,0,protestant,about once or twice a year,no doubts,yes,word of god
2022,2859,21,female,white,less than high school,12,south,never married,2,keeping house,,,upper class,strong republican,liberal,,oppose,favor,,very happy,excellent,exciting,,pretty well satisfied,,none,never,,no,word of god
2022,2860,70,male,white,high school,13,south,married,5,retired,,23737.5,working class,"independent (neither, no response)","moderate, middle of the road",trump,oppose,favor,,pretty happy,good,routine,,more or less satisfied,,protestant,several times a week,,,
2022,2861,22,male,white,less than high school,11,south,never married,0,working part time,10,20572.5,working class,not very strong republican,"moderate, middle of the road",,favor,favor,,not too happy,excellent,dull,,not satisfied at all,30,inter-nondenominational,several times a year,,yes,inspired word
2022,2862,36,male,white,high school,12,south,married,1,working full time,54,23737.5,working class,"independent, close to republican","moderate, middle of the road",,,favor,should be legal,pretty happy,fair,,can't be too careful,not satisfied at all,0,none,never,"don't know, no way to find out",no,ancient book
2022,2863,61,female,white,high school,10,south,divorced,5,other,,,middle class,not very strong democrat,"moderate, middle of the road",,oppose,oppose,should not be legal,not too happy,poor,routine,can't be too careful,not satisfied at all,,catholic,every week,no doubts,don't know,inspired word
2022,2864,50,female,white,associate/junior college,14,south,married,5,other,,,working class,strong republican,slightly liberal,trump,,favor,should be legal,pretty happy,poor,,can't be too careful,more or less satisfied,,christian,never,believe with doubts,don't know,inspired word
2022,2865,41,female,other,less than high school,11,south,married,4,keeping house,,,lower class,not very strong republican,"moderate, middle of the road",,favor,favor,,pretty happy,poor,routine,,more or less satisfied,,protestant,2-3 times a month,,yes,word of god
2022,2866,49,male,white,high school,12,south,married,1,working full time,68,34815,working class,strong republican,conservative,trump,oppose,favor,should not be legal,pretty happy,fair,routine,can't be too careful,more or less satisfied,15,protestant,2-3 times a month,no doubts,yes,word of god
2022,2867,26,male,white,high school,15,south,never married,0,working full time,60,23737.5,middle class,"independent, close to democrat",slightly conservative,,,favor,should be legal,pretty happy,good,,can't be too careful,more or less satisfied,0,catholic,never,no doubts,don't know,inspired word
2022,2868,47,male,other,less than high school,11,south,married,1,working full time,57,42727.5,working class,not very strong democrat,"moderate, middle of the road",,oppose,oppose,,pretty happy,good,routine,,more or less satisfied,5,catholic,2-3 times a month,,no,don't know
2022,2869,49,male,white,less than high school,9,south,married,3,working full time,73,63300,working class,not very strong democrat,liberal,trump,,favor,should not be legal,very happy,good,,can't be too careful,pretty well satisfied,0,catholic,several times a year,no doubts,no,inspired word
2022,2870,44,male,white,high school,13,south,married,3,working part time,20,20572.5,working class,"independent, close to republican",extremely conservative,,favor,oppose,should not be legal,not too happy,good,exciting,can't be too careful,more or less satisfied,0,catholic,several times a week,no doubts,yes,word of god
2022,2871,31,female,white,high school,12,south,married,1,keeping house,,,working class,other party,slightly conservative,,favor,oppose,should not be legal,very happy,good,exciting,can't be too careful,more or less satisfied,,catholic,several times a year,no doubts,no,word of god
2022,2872,54,female,white,less than high school,12,south,married,2,working full time,40,,middle class,"independent (neither, no response)","moderate, middle of the road",,oppose,favor,,not too happy,fair,dull,,more or less satisfied,0,none,never,,yes,ancient book
2022,2873,65,male,white,high school,12,south,married,0,retired,,,working class,"independent (neither, no response)","moderate, middle of the road",,,favor,,pretty happy,good,,,not satisfied at all,,other,about once or twice a year,no doubts,,
2022,2874,57,female,white,less than high school,9,south,widowed,7,other,,,working class,"independent (neither, no response)",liberal,,favor,favor,,pretty happy,fair,routine,,not satisfied at all,,protestant,never,higher power,,
2022,2875,53,female,white,less than high school,5,south,married,2,keeping house,,,working class,not very strong republican,"moderate, middle of the road",,,oppose,should not be legal,pretty happy,fair,,can't be too careful,more or less satisfied,,protestant,nearly every week,no doubts,yes,word of god
2022,2876,42,female,white,high school,13,south,separated,2,working full time,53,13451.25,working class,not very strong democrat,slightly conservative,trump,,oppose,should be legal,very happy,good,,can't be too careful,more or less satisfied,0,catholic,about once or twice a year,no doubts,yes,word of god
2022,2877,32,female,other,less than high school,8,south,married,5,working part time,34,4114.5,working class,strong republican,liberal,,oppose,favor,,very happy,excellent,routine,,not satisfied at all,0,catholic,several times a year,believe with doubts,,
2022,2878,65,male,white,associate/junior college,15,south,divorced,1,retired,,5697,lower class,strong democrat,extremely liberal,biden,favor,oppose,,pretty happy,good,routine,,more or less satisfied,,none,never,don't believe,,
2022,2879,29,female,white,associate/junior college,14,south,married,0,working part time,10,,working class,"independent (neither, no response)","moderate, middle of the road",,oppose,oppose,,pretty happy,good,routine,,not satisfied at all,20,christian,several times a week,,no,word of god
2022,2880,57,male,white,high school,12,south,married,4,working full time,40,13451.25,working class,"independent (neither, no response)",slightly conservative,trump,oppose,favor,,pretty happy,good,routine,,not satisfied at all,0,protestant,several times a year,,,
2022,2881,34,male,white,high school,16,south,divorced,1,working full time,60,15033.75,middle class,"independent (neither, no response)",slightly liberal,,oppose,favor,,very happy,excellent,routine,,pretty well satisfied,10,catholic,never,don't believe,,
2022,2882,30,female,white,high school,13,south,married,2,working full time,40,42727.5,working class,strong democrat,liberal,biden,,favor,,pretty happy,fair,,,more or less satisfied,0,none,never,don't believe,,
2022,2883,41,female,white,bachelor's,15,south,divorced,2,working part time,34,15033.75,working class,"independent (neither, no response)",extremely conservative,,oppose,favor,,pretty happy,fair,routine,,more or less satisfied,0,catholic,less than once a year,,,
2022,2884,32,female,other,less than high school,9,south,married,2,keeping house,,,working class,"independent (neither, no response)","moderate, middle of the road",,oppose,favor,,pretty happy,fair,routine,,more or less satisfied,,christian,never,,no,word of god
2022,2885,54,female,white,high school,14,south,married,3,working full time,42,17407.5,middle class,not very strong democrat,slightly conservative,biden,favor,oppose,,pretty happy,good,routine,,more or less satisfied,0,catholic,never,,yes,inspired word
2022,2886,25,female,other,high school,13,south,never married,2,working full time,40,17407.5,working class,not very strong republican,slightly conservative,trump,favor,favor,should not be legal,pretty happy,excellent,exciting,can't be too careful,more or less satisfied,3,catholic,every week,no doubts,yes,word of god
2022,2887,54,female,white,high school,12,south,married,6,keeping house,,,working class,not very strong republican,conservative,trump,oppose,favor,,pretty happy,good,routine,,more or less satisfied,,protestant,never,,yes,inspired word
2022,2888,58,female,black,less than high school,6,south,widowed,2,working part time,22,15033.75,working class,not very strong democrat,slightly conservative,biden,oppose,oppose,,not too happy,fair,routine,,not satisfied at all,0,protestant,never,no doubts,,
2022,2889,19,female,white,high school,12,south,never married,0,working full time,50,,middle class,"independent, close to democrat","moderate, middle of the road",,favor,favor,,pretty happy,fair,routine,,more or less satisfied,25,catholic,less than once a year,,yes,inspired word
2022,2890,45,male,other,high school,13,south,divorced,1,working full time,40,15033.75,lower class,strong democrat,"moderate, middle of the road",,,favor,,not too happy,poor,,,not satisfied at all,0,catholic,less than once a year,higher power,,
2022,2891,22,male,other,associate/junior college,14,south,never married,0,working full time,50,42727.5,working class,"independent (neither, no response)","moderate, middle of the road",,favor,oppose,,very happy,fair,exciting,,more or less satisfied,0,none,never,,yes,word of god
2022,2892,27,female,white,high school,12,south,separated,1,working full time,50,20572.5,working class,"independent, close to republican","moderate, middle of the road",trump,,favor,should be legal,pretty happy,fair,,can't be too careful,more or less satisfied,20,none,never,higher power,yes,ancient book
2022,2893,64,female,other,bachelor's,16,south,married,0,retired,,,middle class,not very strong democrat,"moderate, middle of the road",biden,favor,oppose,,pretty happy,good,exciting,,pretty well satisfied,,catholic,about once a month,,,
2022,2894,49,female,black,high school,13,south,married,3,working full time,40,20572.5,middle class,"independent (neither, no response)","moderate, middle of the road",,favor,oppose,,pretty happy,good,exciting,,not satisfied at all,0,protestant,several times a week,,,
2022,2895,60,male,other,graduate,20,south,married,2,working full time,40,75960,middle class,not very strong republican,slightly liberal,biden,favor,favor,,pretty happy,good,routine,,pretty well satisfied,0,catholic,several times a year,,yes,inspired word
2022,2896,31,female,white,high school,12,south,divorced,2,working full time,38,13451.25,working class,"independent, close to democrat",liberal,,favor,oppose,,pretty happy,good,exciting,,more or less satisfied,7,none,every week,,yes,inspired word
2022,2897,69,male,white,associate/junior college,14,south,divorced,4,retired,,,lower class,strong democrat,,biden,favor,favor,,pretty happy,good,exciting,,not satisfied at all,,catholic,several times a year,,,
2022,2898,39,female,white,high school,14,south,never married,2,"unemployed, laid off, looking for work",,34815,lower class,"independent (neither, no response)","moderate, middle of the road",trump,favor,favor,,pretty happy,good,routine,,not satisfied at all,,none,about once a month,no doubts,,
2022,2899,78,male,other,associate/junior college,14,south,married,3,retired,,,working class,not very strong democrat,slightly liberal,biden,favor,oppose,,very happy,excellent,exciting,,more or less satisfied,,catholic,several times a week,,yes,word of god
2022,2900,47,male,white,less than high school,9,south,separated,5,keeping house,,3481.5,lower class,"independent (neither, no response)",don't know,,,oppose,should be legal,not too happy,fair,,can't be too careful,more or less satisfied,,christian,several times a year,no doubts,yes,word of god
2022,2901,19,female,,high school,12,south,never married,0,"unemployed, laid off, looking for work",,,middle class,"independent (neither, no response)","moderate, middle of the road",,favor,oppose,,pretty happy,good,routine,,more or less satisfied,,christian,several times a week,,,
2022,2902,37,female,white,graduate,13,south,married,2,working part time,0,,middle class,strong republican,conservative,trump,,favor,,very happy,good,,,pretty well satisfied,0,catholic,several times a week,no doubts,,
2022,2903,26,female,white,high school,12,south,never married,1,other,,,working class,"independent (neither, no response)",slightly liberal,,oppose,favor,,pretty happy,good,exciting,,not satisfied at all,,other,several times a year,higher power,,
2022,2904,51,female,black,high school,12,south,divorced,2,working part time,30,23737.5,working class,strong democrat,"moderate, middle of the road",biden,favor,favor,should be legal,not too happy,fair,routine,most people can be trusted,not satisfied at all,7,protestant,about once or twice a year,believe with doubts,yes,inspired word
2022,2905,44,male,other,less than high school,8,south,married,1,working full time,50,,working class,"independent, close to republican",slightly liberal,,favor,favor,should be legal,very happy,good,routine,can't be too careful,more or less satisfied,0,catholic,2-3 times a month,no doubts,yes,word of god
2022,2906,,female,white,less than high school,1,south,married,2,retired,,,working class,"independent (neither, no response)",conservative,,favor,oppose,should not be legal,pretty happy,fair,routine,can't be too careful,more or less satisfied,,catholic,about once or twice a year,no doubts,yes,inspired word
2022,2907,19,female,black,high school,12,south,never married,0,working part time,15,1266,lower class,"independent (neither, no response)","moderate, middle of the road",,favor,favor,,pretty happy,fair,routine,,pretty well satisfied,1,christian,2-3 times a month,,yes,inspired word
2022,2908,71,female,black,high school,14,south,divorced,3,working part time,20,,middle class,strong democrat,extremely conservative,biden,,oppose,should be legal,pretty happy,excellent,,can't be too careful,more or less satisfied,0,none,several times a week,no doubts,yes,word of god
2022,2909,40,male,white,high school,12,south,never married,0,working full time,65,,working class,not very strong republican,slightly conservative,,oppose,oppose,,very happy,good,exciting,,more or less satisfied,0,protestant,2-3 times a month,no doubts,,
2022,2910,19,female,other,high school,12,south,never married,0,keeping house,,,middle class,"independent (neither, no response)","moderate, middle of the road",,favor,favor,,pretty happy,good,routine,,not satisfied at all,,protestant,never,,yes,inspired word
2022,2911,23,male,white,associate/junior college,15,south,never married,0,working full time,40,,working class,not very strong republican,conservative,trump,oppose,favor,,very happy,excellent,exciting,,more or less satisfied,0,protestant,never,,yes,inspired word
2022,2912,23,male,white,bachelor's,16,south,never married,0,working full time,40,63300,middle class,strong republican,slightly conservative,other candidate,favor,favor,should be legal,pretty happy,excellent,routine,can't be too careful,pretty well satisfied,1,protestant,every week,no doubts,yes,inspired word
2022,2913,34,female,other,less than high school,12,south,married,1,working part time,20,3481.5,working class,"independent (neither, no response)","moderate, middle of the road",,favor,favor,,very happy,excellent,exciting,,more or less satisfied,0,catholic,about once or twice a year,no doubts,,
2022,2914,,female,white,graduate,19,south,never married,0,working full time,40,,working class,"independent (neither, no response)",slightly conservative,don't know,oppose,favor,,pretty happy,good,routine,,more or less satisfied,,none,less than once a year,,,
2022,2915,31,female,black,associate/junior college,14,south,married,2,"unemployed, laid off, looking for work",,,working class,"independent (neither, no response)","moderate, middle of the road",biden,,favor,,not too happy,good,,,more or less satisfied,,none,about once or twice a year,believe with doubts,,
2022,2916,43,male,white,bachelor's,16,south,married,2,working full time,40,88620,middle class,"independent, close to republican","moderate, middle of the road",other candidate,oppose,oppose,should be legal,pretty happy,good,exciting,can't be too careful,pretty well satisfied,1,protestant,2-3 times a month,higher power,yes,ancient book
2022,2917,72,female,other,bachelor's,16,south,married,2,retired,,,working class,strong republican,"moderate, middle of the road",trump,,favor,,pretty happy,fair,,,more or less satisfied,,protestant,several times a year,no doubts,,
2022,2918,64,female,white,high school,12,south,divorced,0,retired,,,middle class,strong republican,extremely conservative,trump,oppose,favor,should not be legal,not too happy,good,routine,can't be too careful,more or less satisfied,,protestant,about once or twice a year,no doubts,yes,word of god
2022,2919,18,female,black,high school,12,south,never married,0,"unemployed, laid off, looking for work",,,middle class,"independent (neither, no response)",conservative,,favor,favor,,not too happy,poor,routine,,not satisfied at all,,none,never,,,
2022,2920,88,female,white,graduate,18,south,widowed,2,retired,,,upper class,strong republican,extremely conservative,trump,favor,favor,,not too happy,good,exciting,,pretty well satisfied,,protestant,nearly every week,no doubts,,
2022,2921,70,female,white,bachelor's,16,south,married,2,working full time,30,20572.5,working class,not very strong republican,conservative,trump,favor,oppose,,not too happy,excellent,dull,,more or less satisfied,5,protestant,every week,,yes,word of god
2022,2922,46,female,white,bachelor's,16,south,married,3,keeping house,,316.5,middle class,not very strong republican,conservative,trump,,oppose,,pretty happy,good,,,pretty well satisfied,,protestant,2-3 times a month,no doubts,,
2022,2923,76,female,white,high school,12,south,divorced,1,retired,,,middle class,"independent, close to democrat",slightly liberal,biden,,favor,,not too happy,fair,,,more or less satisfied,,jewish,never,believe with doubts,,
2022,2924,80,male,white,bachelor's,17,south,widowed,1,retired,,7121.25,middle class,strong republican,extremely conservative,trump,oppose,favor,,not too happy,good,exciting,,pretty well satisfied,,protestant,every week,no doubts,,
2022,2925,39,female,white,bachelor's,16,south,married,2,working full time,40,63300,middle class,not very strong republican,slightly conservative,,favor,favor,,pretty happy,fair,routine,,not satisfied at all,2,catholic,about once a month,no doubts,,
2022,2926,56,female,white,high school,12,south,divorced,1,working full time,40,23737.5,working class,not very strong republican,"moderate, middle of the road",,favor,favor,,not too happy,good,routine,,not satisfied at all,1,protestant,less than once a year,,yes,inspired word
2022,2927,84,male,white,graduate,19,west,widowed,4,retired,,,middle class,strong republican,extremely conservative,trump,oppose,favor,,pretty happy,poor,routine,,more or less satisfied,,protestant,every week,,yes,word of god
2022,2928,54,female,white,bachelor's,17,west,widowed,4,retired,,,middle class,strong democrat,liberal,biden,,oppose,should be legal,very happy,excellent,,most people can be trusted,pretty well satisfied,,none,never,don't believe,no,ancient book
2022,2929,60,female,white,high school,14,west,never married,5,retired,,13451.25,working class,strong democrat,"moderate, middle of the road",biden,,favor,should be legal,pretty happy,good,,can't be too careful,more or less satisfied,,none,never,believe with doubts,yes,inspired word
2022,2930,58,male,white,associate/junior college,14,west,married,2,working full time,43,42727.5,middle class,other party,conservative,trump,oppose,favor,,very happy,good,exciting,,more or less satisfied,0,protestant,every week,,yes,word of god
2022,2931,32,female,black,high school,12,west,never married,1,"unemployed, laid off, looking for work",,17407.5,working class,"independent (neither, no response)","moderate, middle of the road",,oppose,favor,,not too happy,fair,exciting,,not satisfied at all,,none,,,,
2022,2932,26,male,white,bachelor's,16,west,married,0,"with a job, but not at work because of temporary illness, vacation, strike",,28485,middle class,strong democrat,extremely liberal,biden,,oppose,,pretty happy,excellent,,,more or less satisfied,8,none,never,higher power,,
2022,2933,35,male,white,bachelor's,17,west,divorced,1,working full time,50,52222.5,middle class,strong democrat,liberal,biden,favor,oppose,,pretty happy,excellent,exciting,,more or less satisfied,2,none,never,,,
2022,2934,78,male,white,graduate,18,west,married,4,"unemployed, laid off, looking for work",,,middle class,"independent, close to republican",slightly conservative,trump,favor,favor,should not be legal,pretty happy,excellent,exciting,most people can be trusted,more or less satisfied,,protestant,2-3 times a month,no doubts,yes,inspired word
2022,2935,77,female,white,high school,14,west,married,4,retired,,7121.25,working class,"independent, close to republican",conservative,trump,,oppose,,pretty happy,good,,,pretty well satisfied,,catholic,several times a week,no doubts,,
2022,2936,65,male,white,high school,12,west,divorced,2,other,,,middle class,"independent (neither, no response)",extremely liberal,biden,oppose,favor,,pretty happy,good,exciting,,pretty well satisfied,,none,never,,no,ancient book
2022,2937,69,male,white,high school,14,west,divorced,3,"unemployed, laid off, looking for work",,,lower class,not very strong republican,slightly conservative,,favor,favor,,pretty happy,fair,exciting,,not satisfied at all,,protestant,about once or twice a year,,yes,inspired word
2022,2938,26,male,white,less than high school,11,west,never married,0,working full time,35,,working class,not very strong democrat,extremely liberal,biden,oppose,favor,,pretty happy,good,exciting,,not satisfied at all,6,catholic,never,,yes,inspired word
2022,2939,72,male,white,less than high school,11,west,widowed,0,retired,,,lower class,"independent, close to democrat",don't know,,,favor,should not be legal,not too happy,poor,,can't be too careful,more or less satisfied,,none,never,"don't know, no way to find out",don't know,ancient book
2022,2940,30,male,other,high school,14,west,never married,0,working full time,44,20572.5,working class,not very strong republican,liberal,other candidate,,oppose,should be legal,pretty happy,good,,can't be too careful,pretty well satisfied,0,none,about once a month,"don't know, no way to find out",no,ancient book
2022,2941,30,male,white,high school,12,west,never married,0,"unemployed, laid off, looking for work",,11868.75,lower class,strong republican,slightly conservative,,oppose,favor,,not too happy,good,dull,,not satisfied at all,,protestant,less than once a year,believe with doubts,,
2022,2942,55,male,black,high school,11,west,never married,2,working full time,45,4747.5,lower class,not very strong republican,conservative,,,oppose,should not be legal,pretty happy,poor,,can't be too careful,not satisfied at all,2,protestant,never,no doubts,yes,inspired word
2022,2943,76,male,white,graduate,19,west,widowed,0,retired,,,middle class,"independent, close to democrat",slightly liberal,,,favor,,pretty happy,good,,,pretty well satisfied,,protestant,every week,"don't know, no way to find out",,
2022,2944,69,male,white,high school,12,west,married,2,retired,,,middle class,strong republican,conservative,trump,oppose,favor,,pretty happy,fair,exciting,,more or less satisfied,,protestant,nearly every week,,,
2022,2945,40,male,white,high school,12,west,never married,0,working full time,40,17407.5,lower class,strong democrat,slightly liberal,,favor,favor,,very happy,fair,exciting,,pretty well satisfied,0,catholic,several times a year,believe sometimes,,
2022,2946,26,female,other,high school,12,west,never married,0,working full time,89,,working class,"independent, close to democrat","moderate, middle of the road",,,favor,should be legal,pretty happy,fair,,can't be too careful,more or less satisfied,0,catholic,never,no doubts,yes,inspired word
2022,2947,19,male,other,high school,13,west,never married,0,working part time,30,,middle class,strong democrat,liberal,biden,,oppose,,pretty happy,excellent,,,pretty well satisfied,1,none,about once or twice a year,higher power,,
2022,2948,65,male,white,high school,13,west,married,3,retired,,,middle class,strong republican,slightly conservative,other candidate,,favor,should be legal,very happy,fair,,most people can be trusted,pretty well satisfied,,protestant,every week,no doubts,yes,inspired word
2022,2949,71,female,white,associate/junior college,15,west,divorced,2,retired,,,lower class,"independent (neither, no response)",liberal,,,favor,should be legal,pretty happy,fair,,can't be too careful,pretty well satisfied,,other,never,higher power,yes,inspired word
2022,2950,67,female,black,less than high school,11,west,never married,3,retired,,,lower class,not very strong democrat,slightly liberal,,favor,favor,should not be legal,not too happy,fair,routine,most people can be trusted,not satisfied at all,,jewish,never,no doubts,no,word of god
2022,2951,57,female,white,graduate,18,west,divorced,2,working full time,40,52222.5,working class,strong republican,extremely conservative,trump,,don't know,should not be legal,pretty happy,fair,,can't be too careful,more or less satisfied,0,protestant,every week,no doubts,yes,inspired word
2022,2952,28,female,other,high school,12,west,never married,0,working full time,40,,working class,"independent, close to democrat","moderate, middle of the road",biden,oppose,favor,,pretty happy,good,exciting,,pretty well satisfied,5,catholic,nearly every week,,yes,inspired word
2022,2953,42,male,white,high school,12,west,never married,0,working full time,40,17407.5,working class,not very strong republican,conservative,,oppose,favor,should be legal,very happy,good,routine,can't be too careful,more or less satisfied,0,protestant,about once or twice a year,no doubts,yes,inspired word
2022,2954,67,female,white,graduate,20,west,never married,0,working part time,15,11868.75,middle class,strong democrat,liberal,biden,,oppose,should be legal,pretty happy,good,,depends,pretty well satisfied,0,protestant,about once or twice a year,higher power,yes,inspired word
2022,2955,69,female,white,graduate,20,west,divorced,1,retired,,,middle class,strong democrat,liberal,biden,favor,favor,should be legal,pretty happy,good,exciting,can't be too careful,pretty well satisfied,,none,never,higher power,no,ancient book
2022,2956,,female,white,high school,12,west,widowed,2,retired,,,working class,"independent (neither, no response)",,,,,don't know,not too happy,fair,routine,can't be too careful,more or less satisfied,,catholic,every week,no doubts,,
2022,2957,52,female,white,high school,13,west,divorced,1,working full time,40,15033.75,working class,"independent, close to democrat","moderate, middle of the road",,,favor,,pretty happy,excellent,,,not satisfied at all,0,protestant,less than once a year,no doubts,,
2022,2958,26,female,white,high school,14,west,married,2,keeping house,,,middle class,strong republican,extremely conservative,trump,favor,favor,,pretty happy,good,routine,,pretty well satisfied,,protestant,every week,,yes,word of god
2022,2959,69,male,other,high school,14,west,married,3,retired,,,working class,strong democrat,liberal,biden,favor,favor,,not too happy,fair,exciting,,not satisfied at all,,other,less than once a year,higher power,,
2022,2960,48,female,white,high school,14,west,married,2,other,,,working class,strong republican,slightly conservative,,favor,favor,,pretty happy,fair,exciting,,more or less satisfied,,protestant,about once or twice a year,believe with doubts,,
2022,2961,58,female,,bachelor's,18,west,divorced,1,working full time,40,,middle class,not very strong democrat,"moderate, middle of the road",biden,favor,favor,,very happy,excellent,exciting,,pretty well satisfied,2,catholic,never,,yes,ancient book
2022,2962,79,female,black,high school,14,west,married,2,retired,,,working class,not very strong democrat,slightly conservative,,favor,favor,should not be legal,pretty happy,fair,exciting,most people can be trusted,not satisfied at all,,protestant,about once a month,believe with doubts,yes,inspired word
2022,2963,32,female,other,less than high school,11,west,never married,2,working full time,38,5697,working class,"independent (neither, no response)","moderate, middle of the road",,,favor,should be legal,very happy,fair,,can't be too careful,more or less satisfied,15,protestant,never,believe with doubts,yes,inspired word
2022,2964,29,male,white,high school,14,west,never married,0,working full time,40,34815,middle class,"independent, close to republican","moderate, middle of the road",other candidate,oppose,favor,,not too happy,good,routine,,more or less satisfied,30,none,about once or twice a year,"don't know, no way to find out",,
2022,2965,,female,white,bachelor's,16,west,divorced,4,retired,,,lower class,"independent (neither, no response)",conservative,,don't know,don't know,,pretty happy,good,routine,,not satisfied at all,,protestant,every week,,yes,inspired word
2022,2966,70,female,white,high school,14,west,widowed,0,retired,,,middle class,"independent, close to republican",conservative,trump,favor,favor,,pretty happy,good,exciting,,more or less satisfied,,catholic,every week,,yes,inspired word
2022,2967,41,male,white,high school,20,west,married,2,working part time,30,11868.75,working class,"independent (neither, no response)","moderate, middle of the road",,,favor,,pretty happy,good,,,not satisfied at all,0,none,never,believe with doubts,,
2022,2968,40,female,white,bachelor's,16,west,married,3,keeping house,,,upper class,strong democrat,liberal,biden,favor,oppose,should be legal,pretty happy,excellent,exciting,can't be too careful,pretty well satisfied,,catholic,several times a year,believe with doubts,yes,inspired word
2022,2969,75,male,white,high school,12,west,married,1,retired,,,working class,"independent, close to democrat","moderate, middle of the road",biden,favor,favor,,very happy,fair,exciting,,pretty well satisfied,,protestant,never,,yes,word of god
2022,2970,58,female,white,bachelor's,16,west,married,2,retired,,,middle class,"independent, close to republican",slightly conservative,trump,,favor,,pretty happy,good,,,pretty well satisfied,,catholic,less than once a year,believe with doubts,,
2022,2971,66,female,white,bachelor's,16,west,married,5,retired,,,middle class,"independent, close to republican",conservative,didn't vote for president,favor,favor,,very happy,fair,exciting,,pretty well satisfied,,protestant,several times a week,,,
2022,2972,68,female,white,high school,15,west,married,1,retired,,,middle class,"independent (neither, no response)",slightly conservative,trump,,favor,should be legal,pretty happy,good,,most people can be trusted,pretty well satisfied,,protestant,about once or twice a year,no doubts,yes,inspired word
2022,2973,29,female,other,bachelor's,16,west,married,0,working full time,50,1266,working class,not very strong republican,conservative,trump,favor,oppose,should be legal,very happy,good,exciting,most people can be trusted,pretty well satisfied,0,protestant,2-3 times a month,no doubts,yes,inspired word
2022,2974,41,male,white,graduate,20,west,married,1,working full time,52,75960,middle class,"independent (neither, no response)","moderate, middle of the road",trump,favor,oppose,,not too happy,fair,routine,,more or less satisfied,10,none,never,,,
2022,2975,70,male,white,graduate,18,west,married,1,retired,,,middle class,"independent, close to democrat",slightly conservative,biden,oppose,favor,should be legal,pretty happy,fair,exciting,can't be too careful,pretty well satisfied,,catholic,several times a year,believe with doubts,yes,inspired word
2022,2976,65,female,white,high school,12,west,married,3,working part time,30,7121.25,working class,"independent (neither, no response)",slightly conservative,biden,favor,favor,,very happy,good,exciting,,pretty well satisfied,0,catholic,about once a month,,,
2022,2977,47,female,white,bachelor's,16,west,married,2,working full time,60,163572.71343,upper class,not very strong democrat,slightly liberal,biden,,oppose,should be legal,very happy,excellent,,most people can be trusted,pretty well satisfied,1,protestant,several times a year,no doubts,yes,inspired word
2022,2978,50,male,other,less than high school,12,west,married,4,working full time,50,42727.5,working class,not very strong democrat,"moderate, middle of the road",biden,favor,oppose,,pretty happy,good,routine,,more or less satisfied,0,catholic,never,,,
2022,2979,68,male,white,associate/junior college,15,west,married,2,retired,,63300,middle class,"independent, close to republican",conservative,trump,oppose,favor,should be legal,pretty happy,excellent,exciting,most people can be trusted,more or less satisfied,,protestant,2-3 times a month,believe with doubts,yes,inspired word
2022,2980,46,male,white,graduate,20,west,married,2,working full time,45,163572.71343,middle class,not very strong republican,slightly conservative,trump,,favor,,very happy,excellent,,,pretty well satisfied,0,protestant,every week,no doubts,,
2022,2981,42,male,white,graduate,19,west,,2,working full time,40,163572.71343,upper class,"independent, close to democrat",liberal,other candidate,oppose,favor,,pretty happy,good,exciting,,not satisfied at all,0,none,never,,,
2022,2982,83,male,white,graduate,18,west,married,3,retired,,,middle class,strong republican,conservative,trump,,favor,should not be legal,pretty happy,good,,most people can be trusted,more or less satisfied,,christian,several times a week,believe with doubts,yes,inspired word
2022,2983,21,male,white,high school,15,west,never married,0,in school,,2848.5,upper class,not very strong democrat,liberal,biden,favor,oppose,,pretty happy,good,exciting,,pretty well satisfied,,none,never,,,
2022,2984,73,male,white,bachelor's,16,west,married,3,retired,,,middle class,"independent (neither, no response)","moderate, middle of the road",biden,,favor,,pretty happy,good,,,not satisfied at all,,none,never,higher power,,
2022,2985,45,female,other,graduate,19,west,married,2,keeping house,,,middle class,not very strong democrat,slightly liberal,,favor,oppose,should be legal,pretty happy,excellent,routine,can't be too careful,pretty well satisfied,,hinduism,about once or twice a year,no doubts,yes,inspired word
2022,2986,32,male,white,bachelor's,16,west,married,1,working full time,40,52222.5,middle class,other party,slightly conservative,,favor,favor,,pretty happy,good,routine,,more or less satisfied,5,protestant,about once a month,no doubts,,
2022,2987,33,male,other,high school,14,west,divorced,4,working full time,40,42727.5,working class,"independent (neither, no response)",,,favor,oppose,should be legal,pretty happy,fair,routine,can't be too careful,not satisfied at all,0,catholic,every week,no doubts,yes,inspired word
2022,2988,56,female,white,associate/junior college,16,west,married,3,working part time,24,34815,middle class,"independent, close to democrat",slightly liberal,biden,,oppose,,very happy,excellent,,,pretty well satisfied,0,protestant,never,believe with doubts,,
2022,2989,51,male,white,associate/junior college,14,west,married,4,working full time,60,163572.71343,middle class,"independent, close to republican","moderate, middle of the road",trump,,favor,should not be legal,pretty happy,good,,most people can be trusted,more or less satisfied,0,protestant,never,no doubts,yes,word of god
2022,2990,26,female,white,graduate,18,west,never married,0,in school,,28485,working class,strong republican,conservative,trump,oppose,favor,,very happy,excellent,routine,,more or less satisfied,,protestant,every week,no doubts,,
2022,2991,63,female,white,bachelor's,16,west,married,3,working part time,10,4747.5,middle class,"independent (neither, no response)","moderate, middle of the road",other candidate,favor,oppose,should be legal,pretty happy,good,exciting,most people can be trusted,more or less satisfied,2,protestant,every week,believe with doubts,yes,inspired word
2022,2992,32,male,white,bachelor's,17,west,never married,0,working full time,40,,lower class,"independent, close to democrat",liberal,biden,oppose,favor,,pretty happy,excellent,routine,,not satisfied at all,7,none,never,higher power,,
2022,2993,55,female,white,high school,12,west,married,1,retired,,,middle class,"independent, close to republican",slightly conservative,,,favor,should be legal,very happy,excellent,,most people can be trusted,more or less satisfied,,none,never,don't believe,no,ancient book
2022,2994,25,female,white,high school,12,west,never married,0,working part time,28,10286.25,working class,"independent (neither, no response)","moderate, middle of the road",,,favor,,pretty happy,good,,,more or less satisfied,0,inter-nondenominational,every week,no doubts,,
2022,2995,66,female,white,bachelor's,18,west,divorced,3,retired,,,middle class,not very strong republican,conservative,trump,,favor,should not be legal,very happy,good,,can't be too careful,more or less satisfied,,other,never,higher power,yes,ancient book
2022,2996,64,male,black,high school,12,west,married,0,retired,,,lower class,strong democrat,"moderate, middle of the road",biden,,oppose,should be legal,very happy,good,,can't be too careful,more or less satisfied,,protestant,every week,no doubts,yes,inspired word
2022,2997,27,male,white,high school,12,west,married,2,working full time,50,316.5,working class,"independent, close to democrat","moderate, middle of the road",,oppose,favor,,pretty happy,good,routine,,not satisfied at all,2,catholic,never,,yes,inspired word
2022,2998,35,male,white,high school,9,west,divorced,0,working full time,35,23737.5,working class,"independent (neither, no response)","moderate, middle of the road",,don't know,favor,should be legal,pretty happy,good,routine,most people can be trusted,more or less satisfied,5,none,never,higher power,no,ancient book
2022,2999,68,female,white,bachelor's,16,west,divorced,6,retired,,,working class,not very strong republican,conservative,trump,,favor,should not be legal,pretty happy,poor,,most people can be trusted,not satisfied at all,,protestant,about once or twice a year,no doubts,yes,inspired word
2022,3000,44,male,white,high school,14,west,never married,0,working part time,10,13451.25,working class,other party,extremely liberal,biden,favor,oppose,,pretty happy,good,exciting,,more or less satisfied,3,none,never,don't believe,,
2022,3001,72,male,white,associate/junior college,15,west,divorced,0,retired,,,lower class,strong democrat,liberal,biden,,oppose,,not too happy,fair,,,not satisfied at all,,buddhism,every week,higher power,,
2022,3002,41,female,other,high school,14,west,married,0,"with a job, but not at work because of temporary illness, vacation, strike",,17407.5,working class,not very strong democrat,extremely liberal,other candidate,,oppose,,not too happy,fair,,,more or less satisfied,12,none,never,"don't know, no way to find out",,
2022,3003,36,female,white,high school,16,west,married,1,other,,,lower class,"independent (neither, no response)",slightly liberal,biden,favor,favor,should be legal,pretty happy,fair,exciting,most people can be trusted,not satisfied at all,,other,never,higher power,don't know,ancient book
2022,3004,36,male,white,high school,12,west,married,1,working full time,60,20572.5,working class,strong republican,conservative,trump,oppose,favor,should be legal,pretty happy,good,exciting,can't be too careful,more or less satisfied,5,protestant,several times a year,believe with doubts,yes,word of god
2022,3005,48,male,other,less than high school,4,west,never married,4,keeping house,,,working class,"independent (neither, no response)",liberal,,favor,oppose,should not be legal,pretty happy,excellent,exciting,can't be too careful,more or less satisfied,,catholic,less than once a year,no doubts,don't know,word of god
2022,3006,31,female,white,high school,12,west,married,3,keeping house,,,working class,"independent, close to democrat",liberal,,,oppose,should be legal,very happy,good,,most people can be trusted,more or less satisfied,,none,never,higher power,yes,inspired word
2022,3007,36,female,other,less than high school,8,west,never married,3,working part time,40,42727.5,working class,"independent (neither, no response)","moderate, middle of the road",,favor,favor,,very happy,fair,routine,,more or less satisfied,0,catholic,several times a year,,yes,word of god
2022,3008,52,male,white,high school,12,west,divorced,2,"unemployed, laid off, looking for work",,34815,middle class,not very strong republican,"moderate, middle of the road",,oppose,oppose,,not too happy,good,routine,,pretty well satisfied,,none,never,,,
2022,3009,30,male,white,high school,12,west,never married,0,working part time,6,,working class,strong republican,conservative,biden,,oppose,should be legal,pretty happy,excellent,,can't be too careful,pretty well satisfied,0,don't know,about once or twice a year,no doubts,yes,inspired word
2022,3010,62,male,other,high school,12,west,divorced,0,keeping house,,,lower class,"independent (neither, no response)","moderate, middle of the road",,,favor,should be legal,not too happy,poor,,can't be too careful,not satisfied at all,,catholic,less than once a year,no doubts,yes,word of god
2022,3011,35,male,black,less than high school,12,west,never married,3,working full time,40,23737.5,middle class,"independent (neither, no response)","moderate, middle of the road",,favor,favor,,pretty happy,good,exciting,,more or less satisfied,0,none,never,,,
2022,3012,45,male,white,graduate,20,west,never married,0,other,,42727.5,working class,"independent, close to republican","moderate, middle of the road",biden,favor,oppose,,very happy,good,exciting,,not satisfied at all,,protestant,about once or twice a year,,yes,inspired word
2022,3013,57,female,white,high school,12,west,married,3,working full time,50,42727.5,working class,"independent (neither, no response)",slightly conservative,,favor,favor,,pretty happy,fair,routine,,not satisfied at all,7,protestant,several times a week,no doubts,,
2022,3014,20,male,white,high school,15,west,married,2,working full time,40,15033.75,working class,other party,"moderate, middle of the road",,,favor,,pretty happy,excellent,,,not satisfied at all,0,none,never,don't believe,,
2022,3015,20,male,black,high school,12,west,married,0,working full time,40,,middle class,"independent (neither, no response)","moderate, middle of the road",biden,favor,favor,don't know,pretty happy,excellent,routine,can't be too careful,more or less satisfied,0,buddhism,about once or twice a year,"don't know, no way to find out",no,ancient book
2022,3016,41,male,other,high school,12,west,divorced,0,working part time,35,4747.5,working class,not very strong republican,slightly conservative,,favor,favor,,very happy,good,routine,,not satisfied at all,2,catholic,nearly every week,,yes,word of god
2022,3017,26,female,other,bachelor's,17,west,never married,0,working full time,40,,working class,"independent (neither, no response)",liberal,,favor,don't know,should be legal,pretty happy,excellent,exciting,can't be too careful,not satisfied at all,2,none,never,believe sometimes,yes,ancient book
2022,3018,54,male,other,less than high school,4,west,married,8,working full time,60,15033.75,lower class,strong democrat,slightly conservative,,,oppose,should not be legal,very happy,fair,,can't be too careful,not satisfied at all,5,catholic,never,no doubts,no,word of god
2022,3019,32,male,white,less than high school,8,west,never married,1,"unemployed, laid off, looking for work",,,working class,strong democrat,liberal,,,favor,,pretty happy,excellent,,,pretty well satisfied,,none,never,higher power,,
2022,3020,48,male,other,bachelor's,16,west,divorced,1,working full time,50,42727.5,working class,"independent (neither, no response)","moderate, middle of the road",biden,,oppose,should not be legal,pretty happy,good,,depends,not satisfied at all,0,catholic,2-3 times a month,believe with doubts,yes,inspired word
2022,3021,49,male,white,less than high school,6,west,married,2,working full time,45,23737.5,working class,"independent (neither, no response)",liberal,,favor,oppose,,pretty happy,good,routine,,more or less satisfied,3,catholic,about once a month,,,
2022,3022,46,male,other,high school,12,west,married,0,"with a job, but not at work because of temporary illness, vacation, strike",,17407.5,working class,"independent (neither, no response)","moderate, middle of the road",,oppose,favor,,very happy,fair,exciting,,more or less satisfied,0,none,never,,no,ancient book
2022,3023,68,male,white,less than high school,3,west,divorced,3,working part time,4,4114.5,working class,"independent, close to democrat","moderate, middle of the road",,favor,oppose,should not be legal,pretty happy,fair,routine,can't be too careful,more or less satisfied,0,catholic,less than once a year,no doubts,yes,inspired word
2022,3024,85,female,white,high school,14,west,widowed,3,retired,,,middle class,"independent, close to democrat","moderate, middle of the road",biden,favor,favor,should be legal,pretty happy,fair,routine,most people can be trusted,pretty well satisfied,,protestant,every week,no doubts,yes,inspired word
2022,3025,60,male,white,less than high school,,west,married,2,working full time,60,,middle class,not very strong republican,"moderate, middle of the road",trump,favor,favor,,pretty happy,good,routine,,pretty well satisfied,0,none,less than once a year,,,
2022,3026,49,female,other,graduate,18,west,married,1,working full time,45,63300,middle class,strong democrat,"moderate, middle of the road",biden,,oppose,should be legal,very happy,excellent,,most people can be trusted,not satisfied at all,0,none,never,higher power,yes,inspired word
2022,3027,41,female,white,bachelor's,16,west,married,2,working full time,40,42727.5,middle class,not very strong republican,conservative,,don't know,favor,should not be legal,pretty happy,good,routine,can't be too careful,not satisfied at all,14,protestant,every week,no doubts,yes,inspired word
2022,3028,39,female,white,high school,14,west,married,2,keeping house,,,working class,"independent, close to republican",extremely conservative,trump,,favor,should not be legal,pretty happy,good,,can't be too careful,more or less satisfied,,protestant,several times a week,no doubts,yes,word of god
2022,3029,45,female,white,less than high school,9,west,married,4,keeping house,,,working class,"independent (neither, no response)",slightly conservative,,favor,oppose,,very happy,good,routine,,more or less satisfied,,catholic,every week,,,
2022,3030,28,male,white,high school,12,west,never married,0,working full time,40,23737.5,working class,"independent (neither, no response)","moderate, middle of the road",biden,,favor,,very happy,excellent,,,not satisfied at all,0,catholic,every week,believe sometimes,,
2022,3031,24,female,white,high school,12,west,never married,0,working full time,40,7121.25,working class,"independent, close to democrat",liberal,biden,,favor,,,fair,,,pretty well satisfied,20,protestant,about once a month,believe sometimes,,
2022,3032,33,female,white,bachelor's,16,west,married,3,keeping house,,7121.25,working class,strong democrat,liberal,biden,favor,oppose,,not too happy,good,routine,,more or less satisfied,,none,several times a year,believe with doubts,,
2022,3033,47,male,other,high school,13,west,divorced,2,working full time,40,3481.5,middle class,"independent (neither, no response)",,,favor,oppose,should be legal,pretty happy,good,exciting,can't be too careful,more or less satisfied,2,protestant,several times a week,no doubts,no,word of god
2022,3034,89,female,white,less than high school,8,west,widowed,5,retired,,,middle class,not very strong democrat,"moderate, middle of the road",biden,,oppose,,pretty happy,poor,,,pretty well satisfied,,protestant,never,"don't know, no way to find out",,
2022,3035,36,male,other,high school,14,west,married,4,keeping house,,,lower class,"independent (neither, no response)","moderate, middle of the road",biden,oppose,favor,,not too happy,excellent,exciting,,not satisfied at all,,none,never,don't believe,,
2022,3036,40,male,white,less than high school,10,west,never married,0,keeping house,,,lower class,other party,"moderate, middle of the road",,,oppose,,pretty happy,fair,,,not satisfied at all,,none,never,higher power,,
2022,3037,60,female,other,associate/junior college,14,west,married,6,working full time,45,52222.5,working class,strong republican,extremely conservative,trump,,oppose,should be legal,pretty happy,good,,can't be too careful,more or less satisfied,0,catholic,every week,no doubts,yes,inspired word
2022,3038,27,female,white,high school,14,west,never married,3,in school,,34815,working class,"independent (neither, no response)","moderate, middle of the road",trump,,favor,,not too happy,good,,,not satisfied at all,,catholic,less than once a year,no doubts,,
2022,3039,57,female,white,high school,14,west,divorced,0,"unemployed, laid off, looking for work",,,lower class,"independent (neither, no response)",slightly liberal,,favor,don't know,should be legal,not too happy,poor,routine,can't be too careful,not satisfied at all,,none,never,no doubts,yes,inspired word
2022,3040,30,female,black,high school,12,west,never married,5,in school,,,lower class,"independent (neither, no response)",slightly conservative,,favor,favor,,not too happy,fair,routine,,not satisfied at all,,none,less than once a year,no doubts,,
2022,3041,18,female,black,less than high school,11,west,never married,0,working full time,48,,working class,"independent, close to democrat","moderate, middle of the road",,,oppose,should be legal,pretty happy,excellent,,can't be too careful,more or less satisfied,0,protestant,never,no doubts,yes,word of god
2022,3042,71,female,other,high school,12,west,divorced,5,retired,,,lower class,"independent (neither, no response)",slightly liberal,,favor,favor,,pretty happy,fair,exciting,,more or less satisfied,,catholic,about once or twice a year,,don't know,ancient book
2022,3043,32,female,white,high school,14,west,never married,3,working part time,30,,working class,"independent (neither, no response)",extremely conservative,,oppose,favor,,pretty happy,good,routine,,more or less satisfied,0,catholic,never,,,
2022,3044,80,male,other,high school,9,west,divorced,1,retired,,,working class,strong republican,,trump,,favor,don't know,pretty happy,fair,,depends,more or less satisfied,,protestant,several times a week,no doubts,yes,word of god
2022,3045,29,female,white,bachelor's,16,west,married,0,working full time,40,52222.5,working class,strong democrat,extremely liberal,biden,favor,oppose,,very happy,excellent,routine,,more or less satisfied,2,none,about once or twice a year,higher power,,
2022,3046,56,female,white,less than high school,7,west,never married,7,keeping house,,,middle class,"independent (neither, no response)",conservative,,oppose,don't know,should not be legal,very happy,excellent,exciting,can't be too careful,pretty well satisfied,,protestant,about once or twice a year,no doubts,no,word of god
2022,3047,48,female,other,less than high school,11,west,divorced,3,other,,,lower class,"independent, close to democrat",slightly liberal,,oppose,oppose,should be legal,not too happy,poor,dull,can't be too careful,not satisfied at all,,protestant,never,no doubts,yes,inspired word
2022,3048,59,female,other,less than high school,3,west,separated,5,other,,,middle class,not very strong democrat,"moderate, middle of the road",,favor,favor,should not be legal,pretty happy,good,routine,most people can be trusted,pretty well satisfied,,catholic,less than once a year,no doubts,no,ancient book
2022,3049,34,female,other,less than high school,11,west,never married,3,working part time,15,,working class,not very strong republican,slightly conservative,biden,,oppose,should be legal,pretty happy,fair,,can't be too careful,not satisfied at all,7,catholic,several times a year,no doubts,yes,word of god
2022,3050,36,male,black,high school,13,west,married,1,"unemployed, laid off, looking for work",,,lower class,"independent, close to democrat","moderate, middle of the road",,,favor,,not too happy,good,,,not satisfied at all,,protestant,about once or twice a year,no doubts,,
2022,3051,45,female,other,less than high school,8,west,married,4,working part time,20,,lower class,"independent (neither, no response)",conservative,,favor,oppose,should not be legal,not too happy,good,exciting,can't be too careful,not satisfied at all,0,catholic,nearly every week,believe with doubts,don't know,inspired word
2022,3052,73,male,black,high school,13,west,widowed,4,retired,,,don't know,strong democrat,extremely liberal,biden,favor,favor,,not too happy,good,routine,,not satisfied at all,,protestant,never,,yes,word of god
2022,3053,68,female,white,less than high school,11,west,separated,1,other,,,lower class,not very strong democrat,"moderate, middle of the road",biden,favor,favor,,not too happy,fair,dull,,not satisfied at all,,catholic,about once or twice a year,no doubts,,
2022,3054,24,male,white,high school,14,west,never married,0,working full time,27,17407.5,lower class,not very strong democrat,"moderate, middle of the road",biden,,favor,,not too happy,good,,,not satisfied at all,15,christian,never,believe with doubts,,
2022,3055,68,male,white,high school,18,west,never married,0,retired,,,lower class,strong republican,"moderate, middle of the road",trump,favor,favor,should be legal,pretty happy,poor,exciting,can't be too careful,more or less satisfied,,inter-nondenominational,never,no doubts,yes,inspired word
2022,3056,26,female,other,associate/junior college,14,west,never married,0,working part time,27,17407.5,working class,strong republican,conservative,,oppose,favor,,pretty happy,fair,routine,,more or less satisfied,5,catholic,about once a month,,,
2022,3057,31,male,white,high school,13,west,divorced,3,"unemployed, laid off, looking for work",,2848.5,lower class,"independent (neither, no response)","moderate, middle of the road",,oppose,favor,,not too happy,fair,routine,,not satisfied at all,,christian,never,believe with doubts,,
2022,3058,62,male,white,high school,13,west,never married,1,working full time,40,23737.5,working class,not very strong republican,conservative,trump,oppose,favor,,very happy,good,exciting,,more or less satisfied,0,protestant,several times a year,,yes,word of god
2022,3059,60,male,other,less than high school,,west,divorced,6,retired,,316.5,working class,"independent (neither, no response)",extremely conservative,,oppose,favor,,pretty happy,fair,dull,,pretty well satisfied,,none,2-3 times a month,,,
2022,3060,20,male,other,high school,15,west,never married,0,in school,,7121.25,working class,"independent, close to democrat",slightly liberal,biden,oppose,oppose,,pretty happy,good,routine,,not satisfied at all,,catholic,less than once a year,,,
2022,3061,,female,other,high school,11,west,married,4,retired,,,working class,strong democrat,don't know,biden,favor,don't know,should not be legal,very happy,fair,exciting,most people can be trusted,more or less satisfied,,catholic,2-3 times a month,no doubts,yes,word of god
2022,3062,,male,white,high school,14,west,never married,0,retired,,,middle class,"independent, close to republican",slightly conservative,trump,oppose,favor,,not too happy,good,routine,,more or less satisfied,,muslim/islam,several times a year,,,
2022,3063,69,male,white,high school,12,west,married,1,retired,,,working class,"independent, close to democrat",slightly liberal,biden,,favor,should be legal,very happy,excellent,,can't be too careful,pretty well satisfied,,none,never,higher power,no,ancient book
2022,3064,,female,white,bachelor's,16,west,widowed,4,keeping house,,,middle class,strong democrat,extremely liberal,biden,favor,oppose,,pretty happy,good,routine,,pretty well satisfied,,protestant,nearly every week,,yes,inspired word
2022,3065,46,female,other,high school,12,west,married,2,working full time,40,28485,lower class,not very strong republican,extremely conservative,trump,,favor,,not too happy,excellent,,,not satisfied at all,0,protestant,never,no doubts,,
2022,3066,58,female,white,less than high school,10,west,separated,3,other,,,lower class,"independent (neither, no response)",slightly liberal,biden,,favor,should be legal,not too happy,poor,,most people can be trusted,not satisfied at all,,protestant,never,no doubts,yes,word of god
2022,3067,,male,other,high school,12,west,never married,0,working full time,60,,working class,not very strong republican,don't know,,oppose,favor,should be legal,not too happy,good,exciting,can't be too careful,not satisfied at all,0,catholic,never,believe sometimes,yes,don't know
2022,3068,56,male,white,less than high school,10,west,divorced,6,keeping house,,,lower class,not very strong republican,slightly liberal,,favor,favor,,not too happy,poor,routine,,not satisfied at all,,protestant,less than once a year,no doubts,,
2022,3069,62,male,white,bachelor's,17,west,married,4,"with a job, but not at work because of temporary illness, vacation, strike",,,working class,"independent (neither, no response)",slightly liberal,trump,favor,oppose,,pretty happy,good,exciting,,more or less satisfied,0,none,several times a year,higher power,,
2022,3070,76,male,white,high school,16,west,widowed,2,retired,,,middle class,strong republican,slightly conservative,trump,favor,favor,,pretty happy,good,exciting,,more or less satisfied,,protestant,every week,higher power,,
2022,3071,38,female,white,high school,14,west,divorced,2,"with a job, but not at work because of temporary illness, vacation, strike",,20572.5,working class,"independent (neither, no response)","moderate, middle of the road",,,favor,,pretty happy,good,,,pretty well satisfied,2,none,never,"don't know, no way to find out",,
2022,3072,,male,white,high school,12,west,widowed,2,retired,,,working class,"independent, close to democrat","moderate, middle of the road",biden,favor,favor,,not too happy,poor,routine,,pretty well satisfied,,none,never,,no,inspired word
2022,3073,47,male,other,less than high school,11,west,never married,3,"unemployed, laid off, looking for work",,,lower class,"independent (neither, no response)","moderate, middle of the road",,,favor,,pretty happy,fair,,,not satisfied at all,,protestant,2-3 times a month,believe with doubts,,
2022,3074,50,male,white,less than high school,8,west,divorced,1,"unemployed, laid off, looking for work",,,working class,"independent (neither, no response)",liberal,,,favor,should be legal,pretty happy,fair,,can't be too careful,not satisfied at all,,catholic,less than once a year,higher power,don't know,ancient book
2022,3075,50,female,white,high school,14,west,divorced,2,working part time,10,7121.25,lower class,"independent (neither, no response)","moderate, middle of the road",,,favor,,pretty happy,good,,,more or less satisfied,0,protestant,less than once a year,believe with doubts,,
2022,3076,,male,white,bachelor's,16,west,married,0,retired,,,upper class,"independent (neither, no response)","moderate, middle of the road",biden,,oppose,don't know,very happy,good,,most people can be trusted,pretty well satisfied,,none,never,,no,ancient book
2022,3077,61,male,white,bachelor's,16,west,married,0,working full time,40,163572.71343,middle class,strong democrat,extremely liberal,biden,oppose,oppose,,very happy,excellent,exciting,,more or less satisfied,0,other,never,,no,ancient book
2022,3078,49,female,white,high school,12,west,married,3,other,,,working class,"independent (neither, no response)",slightly conservative,,,,,pretty happy,fair,exciting,,not satisfied at all,,protestant,several times a week,,yes,inspired word
2022,3079,57,female,white,high school,12,west,married,2,other,,,middle class,"independent, close to republican",conservative,other candidate,favor,favor,,pretty happy,good,routine,,pretty well satisfied,,protestant,about once or twice a year,no doubts,,
2022,3080,,female,white,graduate,18,west,widowed,5,keeping house,,52222.5,middle class,not very strong democrat,extremely liberal,biden,favor,oppose,should be legal,pretty happy,good,exciting,most people can be trusted,more or less satisfied,,jewish,2-3 times a month,higher power,don't know,ancient book
2022,3081,51,male,white,bachelor's,16,west,married,2,working full time,40,52222.5,working class,strong democrat,liberal,biden,favor,favor,,pretty happy,good,routine,,more or less satisfied,0,catholic,less than once a year,believe with doubts,,
2022,3082,,male,white,high school,14,west,never married,0,working full time,54,,middle class,"independent, close to democrat","moderate, middle of the road",biden,favor,favor,should be legal,pretty happy,good,routine,most people can be trusted,more or less satisfied,0,catholic,several times a year,no doubts,yes,inspired word
2022,3083,25,female,other,high school,13,west,never married,1,working full time,40,7121.25,working class,not very strong democrat,"moderate, middle of the road",biden,favor,favor,,very happy,good,exciting,,more or less satisfied,20,christian,never,,,
2022,3084,60,female,white,high school,12,west,divorced,2,working full time,46,42727.5,working class,"independent, close to republican",slightly conservative,other candidate,,favor,,pretty happy,good,,,more or less satisfied,2,protestant,nearly every week,no doubts,,
2022,3085,,male,other,associate/junior college,15,west,never married,0,keeping house,,,working class,"independent, close to democrat",slightly conservative,biden,oppose,favor,should be legal,not too happy,good,routine,can't be too careful,not satisfied at all,,catholic,never,higher power,yes,ancient book
2022,3086,36,male,white,associate/junior college,14,west,never married,0,working part time,24,4114.5,working class,strong democrat,liberal,biden,favor,oppose,,pretty happy,fair,routine,,more or less satisfied,20,protestant,about once or twice a year,,yes,inspired word
2022,3087,52,female,white,high school,13,west,divorced,3,"with a job, but not at work because of temporary illness, vacation, strike",,7121.25,middle class,strong republican,extremely conservative,trump,favor,oppose,,pretty happy,fair,exciting,,not satisfied at all,0,protestant,several times a year,no doubts,,
2022,3088,,male,white,high school,13,west,never married,0,keeping house,,,don't know,"independent (neither, no response)",don't know,,don't know,don't know,should be legal,pretty happy,excellent,exciting,can't be too careful,more or less satisfied,,protestant,never,no doubts,don't know,other (vol)
2022,3089,68,female,white,bachelor's,16,west,married,2,retired,,,middle class,strong republican,conservative,trump,favor,favor,,pretty happy,fair,routine,,pretty well satisfied,,protestant,every week,,,
2022,3090,27,male,white,high school,15,west,never married,1,working full time,31,,working class,"independent, close to republican","moderate, middle of the road",other candidate,,favor,,not too happy,fair,,,not satisfied at all,30,none,never,"don't know, no way to find out",,
2022,3091,59,female,white,high school,14,west,separated,8,working part time,20,11868.75,middle class,strong republican,extremely conservative,trump,favor,favor,,very happy,excellent,exciting,,pretty well satisfied,0,protestant,every week,no doubts,,
2022,3092,33,female,white,high school,12,west,never married,0,working full time,40,23737.5,working class,"independent (neither, no response)","moderate, middle of the road",,oppose,favor,,pretty happy,excellent,routine,,more or less satisfied,3,none,never,don't believe,,
2022,3093,62,male,white,associate/junior college,14,west,married,3,working full time,40,63300,middle class,"independent, close to democrat","moderate, middle of the road",biden,,favor,,pretty happy,good,,,pretty well satisfied,0,none,never,higher power,,
2022,3094,56,female,white,high school,12,west,divorced,3,keeping house,,23737.5,lower class,"independent (neither, no response)","moderate, middle of the road",biden,,favor,should be legal,very happy,good,,depends,more or less satisfied,,protestant,several times a year,no doubts,yes,inspired word
2022,3095,19,female,white,associate/junior college,14,west,never married,0,in school,,8703.75,working class,not very strong democrat,liberal,,favor,oppose,,very happy,excellent,exciting,,pretty well satisfied,,catholic,every week,,yes,inspired word
2022,3096,20,female,black,bachelor's,16,west,never married,0,working part time,25,,middle class,"independent (neither, no response)","moderate, middle of the road",biden,oppose,favor,,pretty happy,good,exciting,,not satisfied at all,7,none,less than once a year,,,
2022,3097,23,male,other,less than high school,10,west,never married,1,working part time,30,10286.25,middle class,not very strong republican,"moderate, middle of the road",other candidate,,favor,,not too happy,good,,,more or less satisfied,14,other,about once or twice a year,higher power,,
2022,3098,24,male,white,high school,14,west,married,1,working full time,45,,working class,not very strong republican,slightly conservative,,oppose,favor,,very happy,excellent,routine,,more or less satisfied,0,protestant,every week,,yes,inspired word
2022,3099,48,female,white,high school,12,west,married,0,"with a job, but not at work because of temporary illness, vacation, strike",,34815,working class,strong democrat,liberal,biden,,oppose,should be legal,pretty happy,good,,can't be too careful,pretty well satisfied,0,none,never,"don't know, no way to find out",no,ancient book
2022,3100,75,male,white,associate/junior college,17,west,married,5,working full time,40,,middle class,not very strong republican,"moderate, middle of the road",trump,favor,favor,should not be legal,pretty happy,good,exciting,can't be too careful,more or less satisfied,0,protestant,nearly every week,no doubts,yes,inspired word
2022,3101,42,female,white,bachelor's,16,west,married,4,working full time,40,,middle class,not very strong republican,conservative,trump,oppose,favor,,pretty happy,excellent,routine,,more or less satisfied,0,protestant,2-3 times a month,,yes,word of god
2022,3102,64,female,white,bachelor's,16,west,married,2,working full time,40,63300,middle class,strong democrat,liberal,biden,,oppose,,very happy,excellent,,,pretty well satisfied,0,none,never,don't believe,,
2022,3103,57,female,white,less than high school,9,west,divorced,1,other,,,lower class,"independent (neither, no response)","moderate, middle of the road",,oppose,favor,,pretty happy,fair,routine,,not satisfied at all,,other,never,higher power,,
2022,3104,52,female,white,graduate,18,west,married,2,working full time,80,34815,working class,not very strong republican,"moderate, middle of the road",,favor,favor,,not too happy,good,dull,,more or less satisfied,10,protestant,less than once a year,,,
2022,3105,,female,,high school,12,west,divorced,3,retired,,,working class,,,,,don't know,should be legal,very happy,good,,most people can be trusted,pretty well satisfied,,,less than once a year,higher power,yes,
2022,3106,70,male,white,high school,14,west,married,2,retired,,,middle class,"independent (neither, no response)","moderate, middle of the road",biden,,favor,,pretty happy,good,,,more or less satisfied,,none,about once or twice a year,higher power,,
2022,3107,37,female,white,high school,12,west,never married,0,"unemployed, laid off, looking for work",,15033.75,don't know,"independent (neither, no response)",slightly conservative,,,favor,should be legal,very happy,fair,,can't be too careful,more or less satisfied,,none,never,higher power,yes,don't know
2022,3108,50,male,white,high school,15,west,divorced,1,working full time,50,,middle class,strong republican,conservative,trump,,favor,,pretty happy,good,,,more or less satisfied,0,none,never,higher power,,
2022,3109,69,male,white,high school,12,west,widowed,2,retired,,42727.5,working class,"independent, close to democrat","moderate, middle of the road",biden,favor,favor,,pretty happy,good,routine,,not satisfied at all,,catholic,about once or twice a year,,yes,word of god
2022,3110,25,male,white,high school,12,west,never married,0,"with a job, but not at work because of temporary illness, vacation, strike",,23737.5,working class,"independent, close to democrat",slightly liberal,,,favor,should be legal,very happy,good,,can't be too careful,more or less satisfied,0,catholic,every week,no doubts,yes,inspired word
2022,3111,58,male,white,bachelor's,17,west,divorced,0,working full time,40,42727.5,working class,strong democrat,liberal,biden,,oppose,,not too happy,fair,,,more or less satisfied,0,none,never,don't believe,,
2022,3112,35,female,white,associate/junior college,14,west,married,1,working full time,55,34815,middle class,not very strong republican,"moderate, middle of the road",trump,favor,favor,should be legal,pretty happy,good,exciting,can't be too careful,more or less satisfied,1,catholic,never,higher power,yes,inspired word
2022,3113,68,female,white,associate/junior college,14,west,divorced,0,retired,,,lower class,strong democrat,slightly liberal,biden,favor,favor,,not too happy,fair,routine,,not satisfied at all,,none,never,,,
2022,3114,44,male,black,associate/junior college,14,west,divorced,1,working full time,40,,working class,"independent (neither, no response)","moderate, middle of the road",,oppose,don't know,,pretty happy,good,exciting,,more or less satisfied,0,protestant,about once a month,,yes,inspired word
2022,3115,27,female,white,high school,10,west,never married,0,"unemployed, laid off, looking for work",,,middle class,other party,slightly liberal,biden,,favor,,not too happy,good,,,more or less satisfied,,none,never,don't believe,,
2022,3116,33,female,white,graduate,19,west,never married,0,working full time,45,42727.5,middle class,strong democrat,extremely liberal,biden,,oppose,,pretty happy,good,,,not satisfied at all,,other,never,higher power,,
2022,3117,44,female,white,less than high school,6,west,divorced,4,other,,,lower class,not very strong democrat,liberal,biden,,oppose,should be legal,not too happy,poor,,can't be too careful,more or less satisfied,,other,never,higher power,yes,ancient book
2022,3118,31,female,other,high school,12,west,never married,2,working part time,25,10286.25,working class,"independent (neither, no response)",slightly liberal,,,favor,should be legal,pretty happy,poor,,can't be too careful,more or less satisfied,0,protestant,several times a year,higher power,yes,ancient book
2022,3119,37,male,,associate/junior college,14,west,married,0,"with a job, but not at work because of temporary illness, vacation, strike",,,don't know,"independent (neither, no response)","moderate, middle of the road",,,don't know,should be legal,very happy,good,exciting,depends,more or less satisfied,0,don't know,,don't know,don't know,ancient book
2022,3120,53,female,white,high school,17,west,divorced,3,"with a job, but not at work because of temporary illness, vacation, strike",,,working class,not very strong republican,slightly conservative,trump,,favor,,pretty happy,good,,,not satisfied at all,25,buddhism,less than once a year,higher power,,
2022,3121,62,female,white,high school,12,west,married,2,retired,,,middle class,strong republican,conservative,trump,favor,favor,,very happy,excellent,routine,,pretty well satisfied,,protestant,about once or twice a year,no doubts,,
2022,3122,61,female,white,less than high school,9,west,married,3,other,,,middle class,"independent (neither, no response)",don't know,,,,should be legal,not too happy,poor,routine,depends,more or less satisfied,,protestant,never,no doubts,yes,word of god
2022,3123,20,female,black,associate/junior college,16,west,never married,1,"with a job, but not at work because of temporary illness, vacation, strike",,,middle class,,conservative,,oppose,favor,should be legal,pretty happy,poor,exciting,can't be too careful,more or less satisfied,30,,,,don't know,
2022,3124,46,female,white,graduate,18,west,married,2,working full time,60,13451.25,middle class,"independent, close to democrat",liberal,biden,,oppose,should be legal,pretty happy,good,,most people can be trusted,more or less satisfied,3,none,about once or twice a year,higher power,yes,ancient book
2022,3125,60,female,white,bachelor's,16,west,divorced,2,working part time,30,28485,middle class,"independent, close to democrat","moderate, middle of the road",biden,favor,oppose,,very happy,excellent,exciting,,more or less satisfied,2,protestant,several times a year,,yes,inspired word
2022,3126,25,female,white,less than high school,11,west,never married,0,"with a job, but not at work because of temporary illness, vacation, strike",,17407.5,middle class,"independent (neither, no response)",slightly liberal,trump,,favor,should be legal,very happy,excellent,,most people can be trusted,more or less satisfied,0,none,about once or twice a year,"don't know, no way to find out",don't know,ancient book
2022,3127,56,female,white,graduate,20,west,divorced,1,retired,,,lower class,"independent, close to democrat",liberal,biden,,oppose,,pretty happy,fair,,,not satisfied at all,,buddhism,never,higher power,,
2022,3128,68,male,white,bachelor's,16,west,divorced,4,retired,,,middle class,"independent (neither, no response)","moderate, middle of the road",biden,,favor,should be legal,pretty happy,good,,most people can be trusted,pretty well satisfied,,none,never,higher power,yes,ancient book
2022,3129,45,female,white,graduate,19,west,divorced,2,working part time,20,34815,middle class,strong democrat,slightly liberal,biden,,favor,,pretty happy,good,,,not satisfied at all,2,protestant,every week,no doubts,,
2022,3130,47,female,white,bachelor's,16,west,never married,0,working full time,40,28485,middle class,strong democrat,liberal,biden,,favor,,pretty happy,good,,,not satisfied at all,0,none,less than once a year,higher power,,
2022,3131,23,male,white,bachelor's,16,west,never married,0,working full time,37,7121.25,working class,"independent, close to democrat",slightly liberal,biden,favor,oppose,,pretty happy,good,routine,,not satisfied at all,0,none,never,,yes,ancient book
2022,3132,24,female,other,bachelor's,17,west,never married,0,in school,,7121.25,middle class,not very strong democrat,slightly liberal,biden,,favor,,pretty happy,excellent,,,more or less satisfied,,none,never,higher power,,
2022,3133,61,female,white,graduate,20,west,divorced,2,other,,,working class,"independent (neither, no response)",slightly liberal,,oppose,favor,,pretty happy,fair,exciting,,more or less satisfied,,none,never,,no,ancient book
2022,3134,29,male,white,high school,12,west,never married,0,"unemployed, laid off, looking for work",,,middle class,"independent (neither, no response)","moderate, middle of the road",,favor,favor,,not too happy,good,routine,,not satisfied at all,,other,never,higher power,,
2022,3135,73,male,white,graduate,18,west,married,2,working part time,20,17407.5,working class,strong republican,"moderate, middle of the road",,favor,favor,,very happy,excellent,exciting,,not satisfied at all,0,protestant,never,,yes,word of god
2022,3136,68,male,white,high school,15,west,divorced,0,retired,,,working class,strong republican,extremely conservative,,,favor,should be legal,not too happy,fair,,can't be too careful,pretty well satisfied,,protestant,never,believe with doubts,don't know,inspired word
2022,3137,63,female,white,high school,14,west,widowed,0,other,,,middle class,strong republican,conservative,trump,,favor,,not too happy,good,,,more or less satisfied,,none,never,believe sometimes,,
2022,3138,72,female,white,high school,12,west,widowed,3,working part time,30,34815,working class,not very strong democrat,slightly liberal,biden,favor,oppose,should be legal,pretty happy,excellent,routine,most people can be trusted,more or less satisfied,2,protestant,never,no doubts,yes,inspired word
2022,3139,43,male,white,associate/junior college,15,west,married,4,working full time,55,52222.5,working class,strong republican,conservative,trump,,favor,should be legal,very happy,good,,most people can be trusted,pretty well satisfied,0,protestant,never,believe with doubts,yes,inspired word
2022,3140,50,male,white,graduate,18,west,married,0,working full time,40,101280,upper class,strong democrat,liberal,biden,favor,oppose,,very happy,excellent,exciting,,pretty well satisfied,0,none,never,,,
2022,3141,60,male,white,less than high school,12,west,never married,1,other,,,lower class,"independent, close to republican",slightly conservative,trump,favor,favor,,pretty happy,fair,routine,,more or less satisfied,,protestant,never,,yes,word of god
2022,3142,68,male,white,high school,14,west,divorced,5,retired,,,working class,"independent, close to republican","moderate, middle of the road",trump,favor,favor,,pretty happy,fair,routine,,not satisfied at all,,catholic,several times a year,,,
2022,3143,77,male,white,high school,13,west,widowed,0,retired,,,working class,strong democrat,liberal,biden,favor,oppose,,not too happy,good,routine,,more or less satisfied,,none,never,,,
2022,3144,53,male,white,high school,13,west,never married,0,retired,,17407.5,working class,strong republican,conservative,trump,,favor,,pretty happy,fair,,,more or less satisfied,,catholic,less than once a year,no doubts,,
2022,3145,65,female,white,high school,14,west,divorced,0,retired,,,working class,"independent, close to democrat","moderate, middle of the road",biden,favor,favor,,pretty happy,fair,routine,,more or less satisfied,,none,less than once a year,,,
2022,3146,45,male,white,bachelor's,16,west,married,1,working full time,80,75960,middle class,"independent, close to republican","moderate, middle of the road",other candidate,,favor,should be legal,very happy,good,,most people can be trusted,pretty well satisfied,2,none,about once or twice a year,"don't know, no way to find out",yes,inspired word
2022,3147,54,female,white,high school,14,west,divorced,2,working part time,30,8703.75,working class,"independent (neither, no response)",slightly liberal,other candidate,,favor,,pretty happy,good,,,not satisfied at all,4,christian,less than once a year,believe with doubts,,
2022,3148,84,male,white,high school,14,west,married,2,retired,,,middle class,"independent (neither, no response)","moderate, middle of the road",biden,favor,favor,,not too happy,fair,routine,,more or less satisfied,,none,never,,,
2022,3149,,male,white,bachelor's,16,west,divorced,4,working full time,40,,middle class,not very strong republican,slightly conservative,trump,,oppose,should be legal,not too happy,good,,can't be too careful,not satisfied at all,30,protestant,2-3 times a month,no doubts,yes,word of god
2022,3150,63,female,white,less than high school,10,west,married,5,other,,,lower class,"independent, close to republican",conservative,trump,,don't know,should be legal,very happy,fair,,can't be too careful,not satisfied at all,,protestant,2-3 times a month,no doubts,yes,word of god
2022,3151,66,female,white,graduate,19,west,married,2,"with a job, but not at work because of temporary illness, vacation, strike",,52222.5,middle class,strong democrat,extremely liberal,biden,,oppose,should be legal,not too happy,excellent,,most people can be trusted,more or less satisfied,0,none,never,don't believe,don't know,ancient book
2022,3152,74,male,white,high school,12,west,married,2,retired,,,middle class,strong republican,extremely conservative,trump,oppose,favor,,very happy,excellent,exciting,,more or less satisfied,,none,never,,,
2022,3153,63,female,white,bachelor's,17,west,never married,2,working full time,50,52222.5,middle class,"independent (neither, no response)",slightly conservative,trump,favor,oppose,,very happy,excellent,exciting,,pretty well satisfied,0,protestant,less than once a year,,yes,inspired word
2022,3154,,male,other,less than high school,12,west,divorced,1,"unemployed, laid off, looking for work",,,middle class,"independent, close to republican","moderate, middle of the road",,oppose,don't know,should be legal,not too happy,good,exciting,can't be too careful,not satisfied at all,,none,,no doubts,yes,other (vol)
2022,3155,,male,white,less than high school,13,west,separated,3,retired,,,middle class,"independent (neither, no response)",liberal,trump,oppose,favor,,pretty happy,poor,exciting,,pretty well satisfied,,none,never,,yes,ancient book
2022,3156,73,female,white,bachelor's,16,west,widowed,1,other,,,lower class,not very strong democrat,"moderate, middle of the road",trump,oppose,favor,,pretty happy,good,routine,,not satisfied at all,,protestant,several times a year,,yes,inspired word
2022,3157,54,female,white,high school,12,west,divorced,4,"unemployed, laid off, looking for work",,,lower class,"independent, close to republican","moderate, middle of the road",,oppose,favor,,pretty happy,good,exciting,,not satisfied at all,,jewish,every week,,don't know,word of god
2022,3158,51,female,white,high school,17,west,married,0,working full time,45,63300,working class,"independent, close to republican",slightly conservative,trump,favor,favor,,pretty happy,good,routine,,not satisfied at all,0,none,less than once a year,,,
2022,3159,,female,white,associate/junior college,14,west,married,6,keeping house,,,middle class,not very strong republican,"moderate, middle of the road",biden,favor,favor,,pretty happy,good,routine,,more or less satisfied,,,,,yes,word of god
2022,3160,32,male,white,bachelor's,16,west,married,0,keeping house,,,working class,"independent, close to republican",conservative,,,oppose,,pretty happy,good,,,more or less satisfied,,catholic,several times a year,no doubts,,
2022,3161,,male,white,less than high school,8,west,married,4,working full time,60,23737.5,working class,"independent, close to republican",conservative,,,favor,should be legal,pretty happy,fair,,can't be too careful,not satisfied at all,0,protestant,2-3 times a month,no doubts,don't know,word of god
2022,3162,56,male,white,high school,13,west,never married,0,"unemployed, laid off, looking for work",,,lower class,"independent (neither, no response)","moderate, middle of the road",,favor,favor,,not too happy,fair,routine,,more or less satisfied,,none,never,,,
2022,3163,42,female,white,high school,9,west,never married,2,working full time,60,13451.25,lower class,"independent (neither, no response)","moderate, middle of the road",,favor,oppose,,pretty happy,fair,routine,,not satisfied at all,19,catholic,never,,,
2022,3164,31,female,white,high school,12,west,divorced,0,working full time,40,11868.75,working class,"independent (neither, no response)","moderate, middle of the road",,,oppose,,pretty happy,fair,,,not satisfied at all,30,none,less than once a year,believe sometimes,,
2022,3165,24,male,other,high school,12,west,married,2,working full time,60,20572.5,working class,"independent, close to republican",slightly conservative,trump,oppose,favor,should not be legal,very happy,good,exciting,can't be too careful,more or less satisfied,0,none,about once or twice a year,no doubts,yes,inspired word
2022,3166,33,male,white,high school,14,west,never married,0,working part time,30,23737.5,working class,strong republican,slightly conservative,trump,oppose,favor,,pretty happy,fair,exciting,,not satisfied at all,1,catholic,never,,yes,inspired word
2022,3167,43,female,white,high school,13,west,divorced,1,other,,,lower class,strong republican,"moderate, middle of the road",trump,favor,favor,,not too happy,poor,routine,,not satisfied at all,,protestant,never,,,
2022,3168,32,male,white,bachelor's,16,west,divorced,2,working full time,48,17407.5,lower class,"independent, close to democrat",slightly liberal,other candidate,oppose,favor,,pretty happy,fair,routine,,not satisfied at all,28,other,about once a month,,no,inspired word
2022,3169,58,male,white,bachelor's,16,west,divorced,2,other,,,working class,"independent (neither, no response)","moderate, middle of the road",biden,,favor,should be legal,not too happy,good,,can't be too careful,not satisfied at all,,protestant,never,higher power,yes,inspired word
2022,3170,50,female,white,high school,12,west,divorced,4,"with a job, but not at work because of temporary illness, vacation, strike",,17407.5,working class,"independent, close to republican",extremely conservative,trump,,favor,don't know,pretty happy,fair,,can't be too careful,not satisfied at all,15,protestant,several times a year,no doubts,yes,word of god
2022,3171,18,female,white,less than high school,10,west,never married,0,"unemployed, laid off, looking for work",,1266,middle class,"independent (neither, no response)","moderate, middle of the road",,favor,oppose,,pretty happy,excellent,exciting,,pretty well satisfied,,protestant,less than once a year,,yes,word of god
2022,3172,52,male,other,associate/junior college,14,west,divorced,3,other,,,lower class,strong republican,conservative,trump,oppose,favor,,pretty happy,fair,routine,,not satisfied at all,,protestant,every week,,yes,word of god
2022,3173,38,male,white,high school,10,west,never married,0,working part time,28,17407.5,working class,"independent (neither, no response)","moderate, middle of the road",,oppose,favor,should be legal,pretty happy,poor,dull,can't be too careful,not satisfied at all,5,none,never,"don't know, no way to find out",no,ancient book
2022,3174,33,female,white,associate/junior college,14,west,separated,2,working full time,40,20572.5,working class,"independent (neither, no response)",slightly conservative,,oppose,favor,,not too happy,fair,routine,,not satisfied at all,30,none,about once or twice a year,,,
2022,3175,65,female,white,associate/junior college,15,west,divorced,2,working full time,45,42727.5,working class,"independent, close to democrat","moderate, middle of the road",trump,,oppose,should not be legal,pretty happy,good,,can't be too careful,more or less satisfied,0,protestant,never,believe with doubts,yes,inspired word
2022,3176,43,female,white,high school,14,west,never married,2,"with a job, but not at work because of temporary illness, vacation, strike",,17407.5,working class,"independent (neither, no response)",slightly conservative,biden,favor,oppose,,very happy,good,exciting,,not satisfied at all,14,protestant,several times a year,,yes,inspired word
2022,3177,71,male,white,associate/junior college,14,west,married,2,retired,,,working class,not very strong democrat,"moderate, middle of the road",biden,oppose,favor,should be legal,not too happy,poor,dull,can't be too careful,not satisfied at all,,protestant,about once or twice a year,believe with doubts,no,word of god
2022,3178,56,male,white,high school,13,west,divorced,3,retired,,,lower class,"independent, close to democrat",slightly conservative,biden,,favor,should be legal,not too happy,poor,,can't be too careful,not satisfied at all,,catholic,several times a week,no doubts,yes,word of god
2022,3179,51,female,white,high school,12,west,divorced,5,other,,,lower class,"independent (neither, no response)","moderate, middle of the road",,favor,oppose,,pretty happy,fair,dull,,not satisfied at all,,protestant,about once or twice a year,,no,ancient book
2022,3180,34,male,white,high school,15,west,never married,0,"with a job, but not at work because of temporary illness, vacation, strike",,,lower class,not very strong republican,slightly conservative,,,favor,,not too happy,poor,,,not satisfied at all,30,catholic,never,no doubts,,
2022,3181,38,female,white,bachelor's,16,west,married,0,working full time,55,28485,middle class,"independent, close to republican",liberal,trump,favor,favor,,not too happy,poor,routine,,more or less satisfied,30,none,less than once a year,,,
2022,3182,42,male,other,high school,13,west,divorced,2,working full time,40,42727.5,middle class,"independent (neither, no response)",don't know,,oppose,favor,should be legal,pretty happy,good,exciting,can't be too careful,more or less satisfied,5,catholic,never,no doubts,yes,inspired word
2022,3183,81,female,black,less than high school,8,west,widowed,4,retired,,,middle class,"independent, close to democrat",liberal,,,oppose,should not be legal,pretty happy,fair,,can't be too careful,more or less satisfied,,protestant,several times a year,no doubts,don't know,word of god
2022,3184,47,female,white,high school,14,west,married,2,working full time,42,23737.5,middle class,"independent, close to republican",slightly conservative,trump,oppose,favor,should be legal,very happy,good,routine,can't be too careful,more or less satisfied,0,protestant,about once or twice a year,no doubts,yes,inspired word
2022,3185,26,male,white,high school,12,west,never married,2,working full time,45,23737.5,working class,"independent (neither, no response)","moderate, middle of the road",,oppose,oppose,,pretty happy,good,routine,,more or less satisfied,5,protestant,never,higher power,,
2022,3186,49,female,white,bachelor's,16,west,divorced,2,keeping house,,,middle class,not very strong republican,don't know,trump,favor,favor,should be legal,very happy,excellent,exciting,can't be too careful,not satisfied at all,,protestant,every week,no doubts,yes,word of god
2022,3187,75,female,white,high school,13,west,widowed,3,retired,,,middle class,strong republican,conservative,trump,favor,favor,,very happy,good,routine,,pretty well satisfied,,catholic,about once or twice a year,believe with doubts,,
2022,3188,84,female,white,associate/junior college,16,west,widowed,4,retired,,,middle class,"independent, close to republican","moderate, middle of the road",trump,favor,oppose,,pretty happy,fair,routine,,not satisfied at all,,catholic,every week,,yes,word of god
2022,3189,35,male,white,bachelor's,16,west,never married,0,working full time,45,13451.25,working class,"independent, close to republican",slightly conservative,trump,favor,favor,,pretty happy,excellent,routine,,more or less satisfied,3,none,less than once a year,,no,ancient book
2022,3190,34,male,white,associate/junior college,14,west,married,1,keeping house,,,working class,"independent (neither, no response)","moderate, middle of the road",,favor,favor,,very happy,good,exciting,,more or less satisfied,,other,never,higher power,,
2022,3191,76,male,white,graduate,20,west,married,0,retired,,,upper class,"independent, close to republican",slightly conservative,trump,,favor,should be legal,very happy,excellent,,most people can be trusted,pretty well satisfied,,none,never,"don't know, no way to find out",don't know,ancient book
2022,3192,67,female,white,high school,12,west,married,0,retired,,,working class,"independent (neither, no response)",liberal,biden,,favor,,pretty happy,good,,,more or less satisfied,,catholic,never,believe with doubts,,
2022,3193,60,female,white,graduate,18,west,married,2,retired,,,middle class,strong democrat,slightly liberal,,,don't know,don't know,pretty happy,good,,can't be too careful,pretty well satisfied,,jewish,about once or twice a year,believe sometimes,don't know,ancient book
2022,3194,38,male,white,high school,12,west,married,0,working full time,45,163572.71343,middle class,strong republican,conservative,trump,,favor,should be legal,pretty happy,good,,most people can be trusted,pretty well satisfied,0,protestant,about once or twice a year,no doubts,yes,inspired word
2022,3195,79,female,white,graduate,18,west,widowed,2,retired,,,middle class,"independent, close to republican",slightly liberal,trump,,favor,don't know,very happy,good,,can't be too careful,pretty well satisfied,,protestant,several times a week,believe with doubts,yes,inspired word
2022,3196,57,female,white,less than high school,12,south,married,2,working full time,36,,working class,"independent (neither, no response)",slightly conservative,,,favor,should be legal,pretty happy,good,,can't be too careful,more or less satisfied,0,none,never,no doubts,don't know,word of god
2022,3197,,male,white,graduate,18,south,married,4,retired,,,working class,not very strong republican,extremely conservative,trump,,favor,should not be legal,very happy,poor,,most people can be trusted,pretty well satisfied,,protestant,several times a week,no doubts,yes,inspired word
2022,3198,,female,white,high school,13,south,married,1,working full time,40,,middle class,not very strong republican,extremely conservative,trump,,favor,should be legal,pretty happy,excellent,,can't be too careful,more or less satisfied,1,protestant,2-3 times a month,no doubts,yes,inspired word
2022,3199,,female,white,high school,12,south,married,6,keeping house,,,working class,not very strong republican,conservative,trump,,oppose,should be legal,pretty happy,poor,,can't be too careful,not satisfied at all,,protestant,several times a year,no doubts,yes,inspired word
2022,3200,40,female,white,graduate,20,south,married,3,working part time,24,52222.5,middle class,not very strong republican,slightly conservative,trump,favor,favor,,pretty happy,good,routine,,not satisfied at all,10,christian,several times a week,,yes,word of god
2022,3201,89,female,white,high school,12,south,widowed,2,retired,,,working class,strong republican,extremely conservative,trump,favor,,should be legal,pretty happy,good,exciting,can't be too careful,not satisfied at all,,protestant,every week,no doubts,yes,word of god
2022,3202,49,male,white,graduate,18,south,married,2,working full time,40,,upper class,not very strong republican,conservative,trump,,favor,should not be legal,pretty happy,good,,can't be too careful,more or less satisfied,0,catholic,several times a year,no doubts,yes,inspired word
2022,3203,36,female,white,bachelor's,16,south,married,2,working part time,20,,upper class,not very strong republican,slightly conservative,trump,,oppose,should be legal,pretty happy,excellent,,most people can be trusted,pretty well satisfied,0,christian,about once a month,no doubts,yes,inspired word
2022,3204,35,female,other,high school,14,south,married,1,working part time,33,8703.75,working class,"independent (neither, no response)","moderate, middle of the road",,oppose,favor,,pretty happy,good,routine,,not satisfied at all,10,none,never,,,
2022,3205,42,female,white,bachelor's,16,south,married,2,working full time,60,63300,working class,"independent (neither, no response)","moderate, middle of the road",trump,,favor,,pretty happy,excellent,,,pretty well satisfied,10,catholic,less than once a year,no doubts,,
2022,3206,39,male,white,high school,14,south,never married,0,working full time,41,20572.5,working class,"independent, close to republican",slightly conservative,trump,,favor,,pretty happy,good,,,more or less satisfied,5,protestant,every week,no doubts,,
2022,3207,64,male,white,bachelor's,16,south,married,1,retired,,,middle class,not very strong republican,conservative,,,oppose,should not be legal,very happy,good,,can't be too careful,more or less satisfied,,protestant,nearly every week,no doubts,yes,inspired word
2022,3208,45,male,white,bachelor's,16,south,married,0,working full time,60,,middle class,strong democrat,liberal,biden,favor,oppose,,not too happy,good,routine,,not satisfied at all,10,none,never,,,
2022,3209,,female,other,high school,12,south,separated,2,working full time,40,,don't know,not very strong republican,slightly conservative,biden,favor,favor,,very happy,good,routine,,more or less satisfied,0,protestant,,,yes,word of god
2022,3210,,female,other,high school,14,south,never married,4,working full time,40,34815,lower class,"independent (neither, no response)",slightly liberal,,,favor,should be legal,pretty happy,excellent,,can't be too careful,pretty well satisfied,0,none,never,don't know,don't know,inspired word
2022,3211,45,male,white,bachelor's,17,south,married,2,working full time,40,163572.71343,middle class,not very strong democrat,slightly liberal,biden,favor,oppose,,pretty happy,good,routine,,more or less satisfied,0,none,never,,,
2022,3212,,male,white,associate/junior college,16,south,married,1,working full time,56,,middle class,strong democrat,liberal,biden,favor,favor,should be legal,pretty happy,good,exciting,can't be too careful,more or less satisfied,,protestant,never,believe with doubts,yes,inspired word
2022,3213,,female,white,less than high school,12,south,never married,0,"unemployed, laid off, looking for work",,1266,middle class,"independent (neither, no response)","moderate, middle of the road",,,favor,should be legal,pretty happy,fair,,can't be too careful,more or less satisfied,,none,never,believe with doubts,yes,inspired word
2022,3214,32,male,white,high school,13,south,never married,0,"unemployed, laid off, looking for work",,23737.5,working class,not very strong republican,conservative,,,favor,should be legal,don't know,fair,,depends,not satisfied at all,,none,never,don't believe,don't know,other (vol)
2022,3215,28,male,white,high school,12,south,never married,0,working full time,52,28485,middle class,"independent, close to republican","moderate, middle of the road",don't know,,favor,don't know,pretty happy,good,,can't be too careful,not satisfied at all,0,none,never,"don't know, no way to find out",don't know,ancient book
2022,3216,64,male,white,graduate,20,south,married,4,working full time,55,163572.71343,middle class,not very strong republican,slightly conservative,trump,,oppose,should be legal,very happy,excellent,,most people can be trusted,pretty well satisfied,0,catholic,every week,no doubts,yes,inspired word
2022,3217,,male,black,high school,13,south,married,1,working full time,40,,working class,not very strong democrat,slightly conservative,biden,favor,favor,,pretty happy,good,exciting,,more or less satisfied,0,protestant,about once or twice a year,,yes,word of god
2022,3218,35,female,white,graduate,18,south,married,1,working full time,38,75960,middle class,not very strong republican,slightly conservative,trump,favor,favor,,pretty happy,excellent,routine,,more or less satisfied,5,other,less than once a year,believe with doubts,,
2022,3219,,male,white,associate/junior college,14,south,widowed,4,retired,,,middle class,not very strong democrat,slightly liberal,biden,,favor,should be legal,pretty happy,fair,,most people can be trusted,pretty well satisfied,,protestant,several times a year,no doubts,yes,inspired word
2022,3220,46,male,white,high school,14,south,married,5,working full time,60,,working class,strong republican,"moderate, middle of the road",trump,oppose,favor,,very happy,excellent,routine,,more or less satisfied,0,protestant,about once a month,,,
2022,3221,63,female,white,high school,14,south,married,2,working part time,20,7121.25,middle class,"independent, close to republican",conservative,trump,oppose,favor,,very happy,good,exciting,,more or less satisfied,0,protestant,nearly every week,no doubts,,
2022,3222,69,female,white,high school,12,south,married,2,retired,,,middle class,strong republican,conservative,trump,oppose,favor,,pretty happy,good,exciting,,pretty well satisfied,,protestant,about once or twice a year,,,
2022,3223,46,male,white,high school,14,south,separated,1,working full time,40,28485,middle class,"independent, close to republican",conservative,trump,oppose,oppose,should be legal,pretty happy,good,routine,can't be too careful,more or less satisfied,0,catholic,several times a year,no doubts,yes,word of god
2022,3224,65,female,black,graduate,19,south,widowed,2,working full time,40,101280,middle class,strong democrat,slightly conservative,biden,,oppose,,pretty happy,excellent,,,pretty well satisfied,,protestant,every week,no doubts,,
2022,3225,46,female,white,bachelor's,20,south,married,1,working full time,40,42727.5,middle class,not very strong republican,"moderate, middle of the road",trump,favor,favor,,pretty happy,fair,routine,,more or less satisfied,0,protestant,several times a year,,,
2022,3226,74,female,white,high school,12,south,married,1,working full time,35,13451.25,upper class,"independent, close to republican","moderate, middle of the road",trump,favor,favor,,pretty happy,good,routine,,pretty well satisfied,0,protestant,never,,yes,word of god
2022,3227,44,female,white,bachelor's,17,south,divorced,3,keeping house,,,lower class,"independent, close to republican",extremely liberal,,favor,favor,,not too happy,fair,dull,,not satisfied at all,,protestant,never,believe with doubts,,
2022,3228,48,male,white,high school,14,south,never married,0,"unemployed, laid off, looking for work",,,middle class,strong democrat,slightly liberal,biden,,oppose,,pretty happy,excellent,,,not satisfied at all,,protestant,2-3 times a month,no doubts,,
2022,3229,38,female,white,bachelor's,18,south,divorced,2,working full time,42,42727.5,middle class,not very strong republican,conservative,trump,,favor,,not too happy,good,,,more or less satisfied,25,protestant,about once or twice a year,believe with doubts,,
2022,3230,,female,white,high school,14,south,divorced,0,working full time,54,,middle class,not very strong republican,"moderate, middle of the road",trump,,favor,should not be legal,very happy,excellent,,can't be too careful,more or less satisfied,0,christian,about once or twice a year,believe with doubts,yes,inspired word
2022,3231,38,female,white,graduate,20,south,married,3,working part time,36,52222.5,middle class,strong democrat,slightly liberal,biden,,favor,don't know,pretty happy,good,,can't be too careful,more or less satisfied,2,protestant,about once a month,no doubts,yes,ancient book
2022,3232,60,male,white,graduate,20,south,never married,0,working full time,40,75960,middle class,strong democrat,slightly liberal,biden,favor,favor,,very happy,good,exciting,,more or less satisfied,0,none,never,,don't know,ancient book
2022,3233,23,male,white,less than high school,9,south,never married,0,"unemployed, laid off, looking for work",,,lower class,"independent, close to republican",conservative,,favor,don't know,,pretty happy,fair,exciting,,pretty well satisfied,,none,never,,yes,ancient book
2022,3234,36,female,white,high school,11,south,widowed,4,working full time,36,13451.25,working class,"independent (neither, no response)","moderate, middle of the road",,,don't know,don't know,pretty happy,good,,can't be too careful,more or less satisfied,0,protestant,several times a year,no doubts,yes,word of god
2022,3235,52,male,white,less than high school,11,south,divorced,3,other,,,lower class,"independent, close to democrat",conservative,,,favor,should be legal,pretty happy,poor,,can't be too careful,not satisfied at all,,none,never,no doubts,yes,word of god
2022,3236,65,female,white,less than high school,10,south,widowed,0,retired,,,middle class,not very strong republican,extremely conservative,,favor,favor,don't know,not too happy,good,dull,can't be too careful,not satisfied at all,,protestant,never,no doubts,yes,word of god
2022,3237,18,female,white,high school,12,south,never married,0,working part time,20,7121.25,working class,"independent (neither, no response)","moderate, middle of the road",,favor,favor,,pretty happy,good,routine,,more or less satisfied,0,none,never,,no,ancient book
2022,3238,59,male,white,high school,12,south,married,2,retired,,,lower class,"independent (neither, no response)",conservative,,favor,favor,,pretty happy,poor,dull,,not satisfied at all,,protestant,never,,,
2022,3239,39,male,other,less than high school,9,south,never married,2,working full time,45,42727.5,working class,"independent (neither, no response)","moderate, middle of the road",,oppose,oppose,,pretty happy,excellent,routine,,more or less satisfied,0,none,about once a month,,,
2022,3240,28,female,,less than high school,6,south,married,3,keeping house,,,lower class,"independent (neither, no response)",slightly liberal,,,oppose,should not be legal,pretty happy,fair,,can't be too careful,not satisfied at all,,catholic,several times a year,no doubts,no,word of god
2022,3241,65,female,white,associate/junior college,16,south,divorced,2,working full time,40,28485,working class,not very strong republican,"moderate, middle of the road",trump,favor,favor,,very happy,good,routine,,more or less satisfied,0,protestant,about once a month,,yes,word of god
2022,3242,34,female,black,high school,12,south,married,4,keeping house,,,lower class,not very strong democrat,"moderate, middle of the road",,favor,oppose,,very happy,good,exciting,,not satisfied at all,,protestant,less than once a year,,,
2022,3243,31,male,white,high school,11,south,married,2,working full time,40,34815,working class,"independent (neither, no response)","moderate, middle of the road",,oppose,oppose,,pretty happy,fair,routine,,more or less satisfied,0,none,never,,yes,ancient book
2022,3244,57,male,white,graduate,19,south,married,2,working full time,36,163572.71343,working class,strong republican,extremely conservative,trump,favor,favor,,very happy,good,exciting,,more or less satisfied,0,protestant,every week,,yes,word of god
2022,3245,44,male,white,high school,13,south,married,2,working full time,50,34815,working class,not very strong republican,"moderate, middle of the road",trump,,favor,,very happy,good,,,more or less satisfied,0,protestant,less than once a year,believe with doubts,,
2022,3246,47,female,white,high school,12,south,separated,4,"unemployed, laid off, looking for work",,15033.75,working class,strong republican,"moderate, middle of the road",,oppose,favor,,pretty happy,fair,routine,,not satisfied at all,,protestant,several times a year,,,
2022,3247,89,female,white,high school,12,south,widowed,2,retired,,,middle class,strong republican,conservative,trump,oppose,don't know,,pretty happy,fair,routine,,pretty well satisfied,,protestant,every week,,yes,word of god
2022,3248,61,female,black,graduate,20,south,married,1,"with a job, but not at work because of temporary illness, vacation, strike",,163572.71343,middle class,strong democrat,"moderate, middle of the road",biden,,oppose,,pretty happy,good,,,more or less satisfied,0,protestant,several times a week,no doubts,,
2022,3249,31,male,white,high school,12,south,never married,1,working part time,24,,lower class,strong republican,slightly conservative,,,favor,,not too happy,fair,,,more or less satisfied,0,none,never,"don't know, no way to find out",,
2022,3250,70,female,white,high school,15,south,widowed,3,retired,,52222.5,middle class,strong republican,extremely conservative,trump,favor,favor,should not be legal,pretty happy,good,exciting,can't be too careful,pretty well satisfied,,protestant,every week,no doubts,yes,word of god
2022,3251,40,female,white,high school,11,south,married,1,working full time,40,2215.5,working class,strong republican,extremely conservative,,oppose,favor,should be legal,pretty happy,fair,routine,can't be too careful,more or less satisfied,14,protestant,every week,no doubts,yes,word of god
2022,3252,66,male,white,high school,12,south,married,2,retired,,,working class,not very strong republican,"moderate, middle of the road",,favor,favor,,pretty happy,excellent,routine,,not satisfied at all,,catholic,about once or twice a year,no doubts,,
2022,3253,70,male,white,high school,12,south,divorced,4,retired,,,middle class,"independent (neither, no response)","moderate, middle of the road",don't know,oppose,favor,don't know,not too happy,good,exciting,can't be too careful,pretty well satisfied,,protestant,never,no doubts,yes,word of god
2022,3254,42,female,white,bachelor's,17,south,married,3,working part time,10,,middle class,"independent, close to republican",conservative,,favor,favor,,pretty happy,good,exciting,,more or less satisfied,0,protestant,every week,,,
2022,3255,64,female,white,high school,12,south,widowed,2,working full time,60,20572.5,working class,not very strong republican,"moderate, middle of the road",,oppose,favor,should be legal,very happy,excellent,exciting,most people can be trusted,pretty well satisfied,5,protestant,several times a week,no doubts,yes,word of god
2022,3256,37,female,white,high school,14,south,divorced,6,in school,,5697,lower class,"independent (neither, no response)",slightly liberal,trump,oppose,favor,,pretty happy,good,routine,,not satisfied at all,,protestant,about once or twice a year,higher power,,
2022,3257,45,male,white,high school,12,south,divorced,0,working full time,80,42727.5,working class,"independent, close to republican","moderate, middle of the road",trump,favor,favor,should be legal,pretty happy,good,routine,most people can be trusted,pretty well satisfied,5,christian,about once or twice a year,believe with doubts,yes,inspired word
2022,3258,51,male,white,high school,12,south,married,0,working full time,45,20572.5,working class,"independent, close to republican",conservative,trump,,favor,,pretty happy,good,,,not satisfied at all,0,protestant,less than once a year,no doubts,,
2022,3259,38,female,white,high school,12,south,never married,3,keeping house,,,lower class,"independent, close to republican",slightly conservative,trump,,favor,,pretty happy,fair,,,not satisfied at all,,catholic,every week,higher power,,
2022,3260,46,female,white,high school,12,south,separated,2,working full time,40,11868.75,working class,"independent (neither, no response)",liberal,,,favor,,pretty happy,good,,,not satisfied at all,4,none,never,higher power,,
2022,3261,71,male,white,less than high school,11,south,divorced,3,retired,,,middle class,"independent (neither, no response)","moderate, middle of the road",trump,favor,favor,,not too happy,fair,routine,,pretty well satisfied,,protestant,about once or twice a year,,yes,inspired word
2022,3262,38,male,white,bachelor's,16,south,married,3,working full time,40,13451.25,working class,"independent, close to republican",slightly conservative,trump,oppose,favor,,very happy,good,routine,,not satisfied at all,5,protestant,2-3 times a month,,,
2022,3263,60,female,white,high school,15,south,divorced,1,working full time,40,20572.5,middle class,"independent, close to democrat","moderate, middle of the road",trump,favor,favor,,pretty happy,excellent,exciting,,pretty well satisfied,0,protestant,about once or twice a year,,yes,inspired word
2022,3264,62,male,white,high school,14,south,married,2,working full time,65,52222.5,working class,"independent (neither, no response)",slightly conservative,,favor,favor,,pretty happy,fair,exciting,,pretty well satisfied,1,protestant,every week,,yes,inspired word
2022,3265,39,male,other,high school,12,south,separated,4,other,,,lower class,not very strong republican,conservative,,oppose,favor,,not too happy,poor,dull,,not satisfied at all,,protestant,nearly every week,,,
2022,3266,57,male,white,high school,12,south,married,1,other,,,lower class,"independent (neither, no response)","moderate, middle of the road",,favor,favor,should be legal,pretty happy,fair,exciting,most people can be trusted,more or less satisfied,,don't know,never,higher power,yes,ancient book
2022,3267,25,female,white,less than high school,0,south,married,1,working part time,12,10286.25,lower class,"independent, close to democrat","moderate, middle of the road",,favor,favor,,very happy,poor,exciting,,pretty well satisfied,6,,never,no doubts,,
2022,3268,49,male,white,high school,12,south,married,2,working full time,40,23737.5,working class,not very strong republican,slightly liberal,,favor,favor,,pretty happy,fair,exciting,,not satisfied at all,0,protestant,about once or twice a year,,yes,inspired word
2022,3269,58,male,white,associate/junior college,14,south,married,0,working full time,20,17407.5,working class,not very strong republican,"moderate, middle of the road",trump,oppose,favor,,very happy,good,exciting,,not satisfied at all,0,protestant,never,no doubts,,
2022,3270,22,male,white,high school,15,south,never married,0,other,,,middle class,strong republican,slightly conservative,,oppose,favor,,very happy,excellent,exciting,,pretty well satisfied,,none,several times a year,,,
2022,3271,28,female,white,less than high school,8,south,separated,3,working full time,40,,working class,not very strong republican,conservative,,favor,favor,,not too happy,good,exciting,,not satisfied at all,30,protestant,every week,,yes,word of god
2022,3272,,male,white,associate/junior college,14,south,married,1,working full time,35,,middle class,not very strong republican,slightly conservative,didn't vote for president,,favor,,very happy,good,,,pretty well satisfied,,protestant,nearly every week,no doubts,,
2022,3273,56,female,white,associate/junior college,15,south,widowed,2,other,,,working class,"independent (neither, no response)","moderate, middle of the road",biden,,favor,,pretty happy,fair,,,not satisfied at all,,none,nearly every week,higher power,,
2022,3274,87,male,white,high school,13,south,married,3,retired,,,middle class,not very strong democrat,"moderate, middle of the road",biden,,favor,should be legal,very happy,fair,,most people can be trusted,pretty well satisfied,,catholic,every week,no doubts,yes,word of god
2022,3275,55,male,white,less than high school,11,south,divorced,2,other,,,working class,not very strong democrat,conservative,trump,,favor,should be legal,not too happy,fair,,can't be too careful,not satisfied at all,,protestant,about once or twice a year,no doubts,yes,word of god
2022,3276,46,male,white,high school,11,south,never married,1,"unemployed, laid off, looking for work",,8703.75,working class,other party,slightly conservative,,favor,oppose,,pretty happy,good,routine,,not satisfied at all,,protestant,never,,yes,inspired word
2022,3277,56,female,white,high school,13,south,divorced,0,working full time,40,15033.75,working class,other party,liberal,other candidate,favor,favor,,not too happy,good,routine,,not satisfied at all,0,protestant,less than once a year,no doubts,,
2022,3278,74,male,white,graduate,18,south,widowed,3,retired,,,middle class,strong republican,conservative,trump,oppose,oppose,,pretty happy,fair,exciting,,not satisfied at all,,protestant,about once or twice a year,,,
2022,3279,66,male,white,high school,15,south,married,1,retired,,52222.5,middle class,"independent, close to republican",slightly conservative,trump,,favor,should be legal,very happy,excellent,,most people can be trusted,not satisfied at all,,protestant,less than once a year,no doubts,yes,ancient book
2022,3280,70,male,white,graduate,20,south,never married,0,retired,,4114.5,middle class,"independent (neither, no response)","moderate, middle of the road",,favor,oppose,,very happy,good,exciting,,pretty well satisfied,,catholic,several times a week,no doubts,,
2022,3281,22,male,white,high school,12,south,married,1,working full time,50,15033.75,working class,other party,conservative,trump,,favor,,very happy,good,,,more or less satisfied,0,protestant,every week,no doubts,,
2022,3282,56,female,white,associate/junior college,13,south,married,2,keeping house,,,working class,"independent, close to republican",conservative,trump,,favor,,pretty happy,good,,,not satisfied at all,,protestant,every week,no doubts,,
2022,3283,39,female,white,associate/junior college,16,south,divorced,1,working full time,30,8703.75,working class,"independent, close to democrat","moderate, middle of the road",biden,,favor,,pretty happy,fair,,,not satisfied at all,5,none,never,higher power,,
2022,3284,63,female,white,associate/junior college,14,south,married,1,retired,,17407.5,working class,not very strong republican,conservative,trump,oppose,favor,should not be legal,pretty happy,good,exciting,can't be too careful,more or less satisfied,,protestant,nearly every week,no doubts,yes,word of god
2022,3285,62,female,white,high school,14,south,married,0,retired,,,upper class,strong republican,conservative,trump,favor,oppose,,very happy,fair,exciting,,more or less satisfied,,protestant,several times a year,,,
2022,3286,79,male,white,graduate,20,south,married,3,retired,,163572.71343,upper class,"independent, close to democrat","moderate, middle of the road",biden,,favor,,very happy,good,,,pretty well satisfied,,protestant,nearly every week,no doubts,,
2022,3287,26,male,white,high school,12,south,married,2,working full time,60,28485,working class,strong republican,conservative,trump,,favor,don't know,pretty happy,fair,,can't be too careful,more or less satisfied,0,protestant,every week,no doubts,yes,word of god
2022,3288,39,male,white,graduate,19,south,married,1,working full time,60,163572.71343,middle class,strong republican,conservative,trump,oppose,favor,,very happy,excellent,exciting,,pretty well satisfied,0,protestant,several times a year,no doubts,,
2022,3289,56,male,white,high school,15,south,divorced,0,retired,,,working class,strong republican,conservative,trump,,favor,should be legal,not too happy,fair,,can't be too careful,pretty well satisfied,,protestant,less than once a year,believe with doubts,yes,inspired word
2022,3290,24,male,white,less than high school,10,south,married,3,working full time,56,20572.5,working class,"independent, close to republican","moderate, middle of the road",,oppose,favor,,pretty happy,good,routine,,more or less satisfied,7,catholic,several times a year,believe with doubts,,
2022,3291,48,male,white,bachelor's,16,midwest,separated,1,working full time,40,42727.5,middle class,"independent (neither, no response)",extremely conservative,trump,oppose,favor,should be legal,not too happy,good,routine,can't be too careful,not satisfied at all,0,catholic,several times a week,no doubts,yes,inspired word
2022,3292,45,female,white,bachelor's,18,midwest,married,3,working full time,60,15033.75,middle class,not very strong republican,conservative,trump,oppose,don't know,,very happy,good,exciting,,more or less satisfied,0,protestant,nearly every week,,yes,inspired word
2022,3293,45,male,black,high school,12,midwest,divorced,2,retired,,10286.25,middle class,not very strong democrat,slightly liberal,biden,favor,favor,,pretty happy,fair,dull,,more or less satisfied,,protestant,less than once a year,,yes,inspired word
2022,3294,50,female,white,graduate,19,midwest,married,1,working full time,40,42727.5,working class,strong democrat,slightly liberal,biden,oppose,favor,should not be legal,pretty happy,good,routine,can't be too careful,more or less satisfied,3,catholic,several times a year,no doubts,yes,inspired word
2022,3295,36,female,black,high school,12,midwest,never married,1,working full time,25,20572.5,upper class,strong democrat,conservative,,oppose,favor,,pretty happy,fair,dull,,not satisfied at all,0,protestant,every week,,yes,word of god
2022,3296,26,male,white,bachelor's,16,midwest,married,0,working full time,40,34815,middle class,"independent, close to republican","moderate, middle of the road",,,favor,,very happy,excellent,,,more or less satisfied,0,none,never,higher power,,
2022,3297,30,female,white,high school,14,midwest,married,2,keeping house,,,working class,other party,"moderate, middle of the road",don't know,oppose,favor,should be legal,pretty happy,good,exciting,can't be too careful,not satisfied at all,,none,about once or twice a year,"don't know, no way to find out",don't know,inspired word
2022,3298,39,male,black,high school,12,midwest,never married,0,working full time,40,20572.5,lower class,"independent (neither, no response)","moderate, middle of the road",,oppose,favor,should be legal,not too happy,excellent,exciting,can't be too careful,more or less satisfied,0,jewish,every week,no doubts,yes,word of god
2022,3299,61,female,white,high school,12,midwest,separated,1,other,,,working class,"independent (neither, no response)",slightly liberal,,,favor,should be legal,not too happy,fair,,can't be too careful,not satisfied at all,,protestant,never,no doubts,yes,word of god
2022,3300,28,female,white,bachelor's,16,midwest,married,0,working full time,40,,working class,not very strong republican,slightly conservative,trump,favor,oppose,,not too happy,good,exciting,,more or less satisfied,5,protestant,less than once a year,,,
2022,3301,23,male,white,high school,15,midwest,never married,0,working full time,40,17407.5,working class,"independent (neither, no response)","moderate, middle of the road",,oppose,favor,,pretty happy,fair,dull,,more or less satisfied,0,none,never,,,
2022,3302,25,female,white,bachelor's,16,midwest,never married,0,working full time,45,28485,middle class,not very strong democrat,slightly liberal,biden,favor,favor,,pretty happy,excellent,routine,,pretty well satisfied,0,protestant,about once or twice a year,,don't know,ancient book
2022,3303,51,female,other,high school,12,midwest,divorced,3,working full time,45,13451.25,working class,"independent (neither, no response)",slightly conservative,,favor,favor,should be legal,not too happy,fair,routine,can't be too careful,more or less satisfied,2,,never,believe sometimes,yes,inspired word
2022,3304,,female,white,high school,14,midwest,never married,0,retired,,,working class,"independent (neither, no response)","moderate, middle of the road",biden,favor,favor,,pretty happy,good,exciting,,pretty well satisfied,,protestant,several times a year,,yes,inspired word
2022,3305,29,female,black,less than high school,8,midwest,never married,5,working full time,35,,working class,"independent (neither, no response)",liberal,,favor,favor,should be legal,not too happy,fair,routine,can't be too careful,more or less satisfied,0,none,never,higher power,no,inspired word
2022,3306,77,male,white,associate/junior college,14,midwest,divorced,2,retired,,23737.5,middle class,strong republican,extremely conservative,trump,,oppose,should not be legal,not too happy,good,,can't be too careful,more or less satisfied,,none,never,higher power,no,ancient book
2022,3307,46,female,white,associate/junior college,16,midwest,divorced,8,working full time,45,17407.5,working class,not very strong republican,conservative,trump,favor,favor,should be legal,pretty happy,good,routine,can't be too careful,not satisfied at all,0,catholic,never,higher power,don't know,ancient book
2022,3308,47,male,white,associate/junior college,14,midwest,married,2,retired,,,lower class,not very strong republican,slightly conservative,,favor,favor,,pretty happy,poor,exciting,,more or less satisfied,,protestant,every week,,yes,word of god
2022,3309,44,female,white,graduate,20,midwest,married,1,working full time,45,42727.5,middle class,not very strong republican,slightly conservative,trump,,favor,,pretty happy,good,,,more or less satisfied,0,protestant,about once a month,no doubts,,
2022,3310,49,female,white,associate/junior college,14,midwest,married,2,working full time,40,52222.5,middle class,strong democrat,extremely liberal,biden,favor,oppose,,very happy,good,exciting,,pretty well satisfied,15,none,never,,,
2022,3311,48,male,white,bachelor's,16,midwest,married,1,working full time,50,101280,middle class,other party,slightly conservative,other candidate,oppose,favor,should be legal,very happy,good,routine,can't be too careful,pretty well satisfied,0,protestant,never,believe with doubts,yes,inspired word
2022,3312,31,female,white,bachelor's,17,midwest,married,4,working full time,40,28485,working class,strong republican,"moderate, middle of the road",trump,,oppose,,very happy,excellent,,,not satisfied at all,0,protestant,about once or twice a year,no doubts,,
2022,3313,38,female,white,high school,12,midwest,separated,4,working full time,50,17407.5,lower class,strong republican,"moderate, middle of the road",trump,,favor,should not be legal,not too happy,fair,,can't be too careful,not satisfied at all,0,protestant,never,no doubts,yes,word of god
2022,3314,45,female,white,graduate,20,midwest,divorced,4,working full time,40,75960,middle class,"independent, close to republican",slightly conservative,trump,oppose,favor,should be legal,very happy,good,exciting,most people can be trusted,more or less satisfied,0,none,never,higher power,yes,ancient book
2022,3315,34,male,white,associate/junior college,15,midwest,married,2,working full time,40,23737.5,middle class,other party,"moderate, middle of the road",,oppose,favor,,very happy,excellent,routine,,more or less satisfied,0,other,several times a year,believe sometimes,,
2022,3316,55,male,white,less than high school,11,midwest,widowed,1,working full time,89,42727.5,lower class,"independent, close to republican",extremely conservative,,oppose,favor,should be legal,not too happy,good,routine,can't be too careful,not satisfied at all,4,protestant,never,no doubts,yes,inspired word
2022,3317,59,female,black,bachelor's,16,midwest,divorced,2,working full time,58,15033.75,working class,"independent (neither, no response)","moderate, middle of the road",,favor,favor,,pretty happy,fair,exciting,,pretty well satisfied,5,protestant,several times a year,no doubts,,
2022,3318,56,male,white,high school,13,midwest,divorced,1,working full time,35,20572.5,working class,"independent, close to republican","moderate, middle of the road",trump,,favor,should be legal,pretty happy,fair,,can't be too careful,pretty well satisfied,30,protestant,less than once a year,no doubts,yes,inspired word
2022,3319,47,male,white,high school,12,midwest,married,3,working full time,45,52222.5,working class,not very strong republican,slightly conservative,trump,,favor,,pretty happy,good,,,not satisfied at all,5,protestant,less than once a year,no doubts,,
2022,3320,47,male,black,high school,12,midwest,divorced,2,working part time,27,1266,middle class,"independent, close to democrat","moderate, middle of the road",,favor,oppose,,not too happy,good,exciting,,more or less satisfied,0,none,never,,yes,ancient book
2022,3321,19,male,white,high school,13,midwest,never married,0,in school,,,middle class,other party,"moderate, middle of the road",,oppose,don't know,,not too happy,fair,routine,,not satisfied at all,,none,never,,don't know,ancient book
2022,3322,66,male,white,high school,12,midwest,married,3,retired,,,working class,strong republican,slightly liberal,trump,,don't know,should not be legal,pretty happy,good,,depends,not satisfied at all,,protestant,several times a week,no doubts,don't know,word of god
2022,3323,30,female,white,high school,12,midwest,married,2,"with a job, but not at work because of temporary illness, vacation, strike",,10286.25,middle class,"independent (neither, no response)","moderate, middle of the road",,don't know,oppose,,pretty happy,good,routine,,more or less satisfied,3,protestant,never,,yes,ancient book
2022,3324,49,male,white,high school,12,midwest,married,1,working full time,40,20572.5,working class,"independent, close to republican",slightly conservative,other candidate,oppose,favor,,pretty happy,good,routine,,not satisfied at all,30,none,never,higher power,,
2022,3325,38,female,white,high school,14,midwest,married,3,working full time,40,15033.75,working class,"independent (neither, no response)","moderate, middle of the road",,oppose,favor,,not too happy,fair,routine,,not satisfied at all,15,none,never,higher power,,
2022,3326,57,female,white,bachelor's,18,midwest,divorced,2,working part time,30,2215.5,working class,"independent, close to democrat",slightly liberal,,favor,favor,,pretty happy,good,exciting,,pretty well satisfied,0,catholic,less than once a year,,no,inspired word
2022,3327,70,female,white,high school,12,midwest,divorced,1,working part time,25,10286.25,lower class,,don't know,,oppose,don't know,,pretty happy,good,routine,,not satisfied at all,10,protestant,several times a week,,yes,word of god
2022,3328,45,male,white,high school,12,midwest,divorced,1,"unemployed, laid off, looking for work",,11868.75,working class,not very strong democrat,"moderate, middle of the road",,,favor,should be legal,not too happy,fair,,can't be too careful,not satisfied at all,,none,never,higher power,don't know,inspired word
2022,3329,84,female,white,high school,12,midwest,divorced,5,retired,,,middle class,not very strong republican,slightly conservative,other candidate,,favor,should not be legal,pretty happy,good,,most people can be trusted,more or less satisfied,,protestant,every week,no doubts,yes,word of god
2022,3330,69,female,white,bachelor's,16,midwest,separated,1,retired,,,middle class,"independent, close to republican",conservative,trump,favor,favor,,pretty happy,fair,exciting,,more or less satisfied,,protestant,2-3 times a month,,,
2022,3331,27,male,white,bachelor's,16,midwest,never married,0,working full time,40,23737.5,lower class,other party,slightly liberal,,,favor,should be legal,pretty happy,good,,can't be too careful,pretty well satisfied,3,none,about once or twice a year,"don't know, no way to find out",yes,ancient book
2022,3332,70,male,white,high school,14,midwest,divorced,2,keeping house,,,middle class,"independent, close to republican","moderate, middle of the road",trump,favor,don't know,should be legal,pretty happy,poor,routine,can't be too careful,pretty well satisfied,,none,less than once a year,don't believe,no,ancient book
2022,3333,38,male,white,high school,12,midwest,divorced,0,other,,,lower class,"independent (neither, no response)",extremely liberal,,oppose,favor,should be legal,not too happy,poor,dull,can't be too careful,not satisfied at all,,other,never,"don't know, no way to find out",no,ancient book
2022,3334,76,male,white,bachelor's,16,midwest,married,3,retired,,,working class,not very strong republican,"moderate, middle of the road",trump,,favor,should be legal,pretty happy,excellent,,depends,more or less satisfied,,catholic,less than once a year,believe with doubts,yes,inspired word
2022,3335,40,female,white,graduate,18,midwest,divorced,4,working full time,40,52222.5,working class,not very strong democrat,slightly liberal,biden,favor,oppose,,very happy,good,routine,,more or less satisfied,0,none,about once or twice a year,"don't know, no way to find out",,
2022,3336,61,female,white,high school,13,midwest,married,3,working full time,40,,middle class,"independent (neither, no response)",conservative,trump,,favor,,pretty happy,good,,,not satisfied at all,0,protestant,never,no doubts,,
2022,3337,36,male,white,less than high school,11,midwest,married,1,working full time,46,28485,working class,"independent (neither, no response)","moderate, middle of the road",trump,,favor,,not too happy,good,,,not satisfied at all,14,other,never,believe with doubts,,
2022,3338,36,female,white,high school,12,midwest,married,8,keeping house,,,working class,"independent (neither, no response)","moderate, middle of the road",,oppose,favor,,very happy,excellent,exciting,,pretty well satisfied,,none,never,,,
2022,3339,35,male,white,high school,14,midwest,married,3,working part time,25,13451.25,working class,other party,extremely conservative,trump,oppose,favor,,not too happy,good,routine,,not satisfied at all,0,christian,2-3 times a month,no doubts,,
2022,3340,74,male,white,graduate,18,midwest,widowed,2,retired,,,middle class,"independent, close to republican","moderate, middle of the road",trump,oppose,favor,should be legal,not too happy,good,exciting,can't be too careful,not satisfied at all,,protestant,never,no doubts,yes,word of god
2022,3341,56,male,white,bachelor's,16,midwest,married,2,working full time,40,63300,middle class,not very strong republican,slightly conservative,trump,,favor,should be legal,pretty happy,good,,most people can be trusted,pretty well satisfied,3,protestant,never,believe sometimes,no,inspired word
2022,3342,49,male,white,high school,18,midwest,married,1,in school,,28485,working class,not very strong republican,conservative,trump,,favor,should be legal,pretty happy,good,,can't be too careful,more or less satisfied,,catholic,about once or twice a year,believe with doubts,no,inspired word
2022,3343,65,male,black,high school,12,midwest,married,3,retired,,,middle class,"independent, close to republican",conservative,,favor,favor,,not too happy,good,routine,,more or less satisfied,,protestant,never,no doubts,,
2022,3344,48,female,white,high school,14,midwest,married,2,working full time,40,20572.5,middle class,strong republican,"moderate, middle of the road",trump,oppose,favor,,pretty happy,good,routine,,pretty well satisfied,10,protestant,several times a year,,don't know,inspired word
2022,3345,33,female,white,bachelor's,18,midwest,married,1,working full time,60,20572.5,working class,"independent (neither, no response)","moderate, middle of the road",trump,oppose,favor,,pretty happy,fair,exciting,,more or less satisfied,0,protestant,several times a year,,yes,ancient book
2022,3346,56,male,white,high school,14,midwest,married,2,working full time,45,28485,middle class,"independent, close to democrat",slightly liberal,biden,favor,oppose,,pretty happy,good,routine,,pretty well satisfied,12,catholic,less than once a year,,,
2022,3347,40,male,white,bachelor's,18,midwest,never married,0,working full time,40,34815,working class,"independent, close to republican","moderate, middle of the road",trump,oppose,favor,,pretty happy,good,routine,,pretty well satisfied,0,protestant,about once or twice a year,,yes,ancient book
2022,3348,60,male,white,high school,13,midwest,never married,0,working full time,45,34815,working class,not very strong republican,"moderate, middle of the road",biden,favor,favor,,pretty happy,good,routine,,more or less satisfied,0,protestant,less than once a year,,don't know,inspired word
2022,3349,68,male,white,graduate,19,midwest,widowed,5,retired,,,working class,"independent (neither, no response)",conservative,,favor,favor,should not be legal,not too happy,poor,dull,can't be too careful,not satisfied at all,,none,never,believe sometimes,no,inspired word
2022,3350,62,female,white,less than high school,7,midwest,widowed,2,working part time,0,4747.5,working class,"independent, close to republican",slightly conservative,trump,favor,favor,should not be legal,pretty happy,good,routine,can't be too careful,more or less satisfied,15,protestant,about once or twice a year,believe with doubts,yes,inspired word
2022,3351,72,male,white,high school,12,midwest,married,2,retired,,,working class,"independent, close to republican",conservative,trump,favor,favor,,very happy,good,routine,,more or less satisfied,,catholic,never,,don't know,inspired word
2022,3352,24,male,white,associate/junior college,14,midwest,never married,0,working full time,44,11868.75,middle class,not very strong republican,slightly conservative,trump,oppose,oppose,should be legal,pretty happy,good,routine,most people can be trusted,more or less satisfied,2,protestant,several times a year,believe sometimes,yes,inspired word
2022,3353,,female,white,associate/junior college,14,midwest,married,2,retired,,,middle class,strong republican,extremely conservative,trump,oppose,favor,,very happy,excellent,exciting,,not satisfied at all,,protestant,every week,,,
2022,3354,71,female,white,bachelor's,16,midwest,widowed,0,retired,,,middle class,"independent (neither, no response)","moderate, middle of the road",biden,favor,oppose,,pretty happy,good,exciting,,more or less satisfied,,none,never,,,
2022,3355,59,female,white,high school,12,midwest,married,3,working full time,50,34815,working class,strong republican,slightly conservative,trump,favor,favor,,pretty happy,good,routine,,more or less satisfied,0,none,about once or twice a year,,,
2022,3356,62,male,white,bachelor's,17,midwest,divorced,2,working part time,20,52222.5,middle class,strong republican,conservative,trump,oppose,favor,,very happy,good,routine,,more or less satisfied,0,none,less than once a year,"don't know, no way to find out",,
2022,3357,32,male,white,high school,12,midwest,married,0,working full time,30,34815,working class,not very strong republican,conservative,trump,favor,favor,should be legal,very happy,good,exciting,can't be too careful,more or less satisfied,0,catholic,about once or twice a year,no doubts,yes,inspired word
2022,3358,38,male,white,high school,12,midwest,never married,0,"unemployed, laid off, looking for work",,,lower class,not very strong republican,conservative,,oppose,favor,,not too happy,fair,routine,,not satisfied at all,,none,never,no doubts,,
2022,3359,38,male,white,high school,12,midwest,married,1,working full time,52,63300,middle class,not very strong democrat,"moderate, middle of the road",other candidate,,favor,,pretty happy,good,,,more or less satisfied,,protestant,about once or twice a year,no doubts,,
2022,3360,62,female,white,high school,12,midwest,widowed,3,retired,,,working class,"independent (neither, no response)",liberal,biden,oppose,favor,,pretty happy,fair,routine,,pretty well satisfied,,catholic,less than once a year,believe with doubts,,
2022,3361,,male,white,high school,14,midwest,,0,working full time,44,,middle class,not very strong republican,"moderate, middle of the road",trump,,favor,,pretty happy,good,,,pretty well satisfied,0,none,never,don't believe,,
2022,3362,70,male,white,high school,12,midwest,married,2,working full time,32,42727.5,working class,strong democrat,"moderate, middle of the road",biden,oppose,favor,,pretty happy,good,routine,,more or less satisfied,0,catholic,never,higher power,,
2022,3363,42,female,white,bachelor's,16,midwest,married,6,working part time,30,42727.5,upper class,strong democrat,"moderate, middle of the road",biden,favor,favor,,pretty happy,good,exciting,,more or less satisfied,1,none,less than once a year,,yes,ancient book
2022,3364,31,female,white,high school,15,midwest,married,1,keeping house,,,middle class,not very strong democrat,liberal,biden,,favor,,not too happy,fair,,,not satisfied at all,,none,never,don't believe,,
2022,3365,63,male,white,associate/junior college,14,midwest,married,1,working full time,40,42727.5,working class,strong republican,conservative,trump,,favor,should be legal,pretty happy,good,,can't be too careful,more or less satisfied,0,protestant,several times a year,no doubts,yes,word of god
2022,3366,50,male,white,high school,16,midwest,never married,0,"unemployed, laid off, looking for work",,,lower class,not very strong democrat,liberal,biden,favor,favor,,not too happy,poor,routine,,not satisfied at all,,catholic,less than once a year,"don't know, no way to find out",,
2022,3367,35,male,white,graduate,17,midwest,married,2,working full time,60,,middle class,not very strong republican,slightly conservative,trump,favor,favor,,very happy,good,routine,,more or less satisfied,0,protestant,nearly every week,no doubts,,
2022,3368,39,female,white,bachelor's,16,midwest,married,3,working full time,65,28485,working class,"independent (neither, no response)","moderate, middle of the road",trump,favor,favor,,pretty happy,good,routine,,not satisfied at all,25,none,less than once a year,,,
2022,3369,40,male,white,high school,13,midwest,married,2,working full time,55,42727.5,middle class,strong republican,conservative,trump,oppose,favor,,very happy,good,exciting,,more or less satisfied,0,protestant,about once or twice a year,,yes,inspired word
2022,3370,62,female,white,high school,12,midwest,divorced,1,other,,20572.5,working class,strong democrat,"moderate, middle of the road",,favor,favor,,pretty happy,good,exciting,,more or less satisfied,,catholic,about once or twice a year,,yes,inspired word
2022,3371,67,male,white,high school,13,midwest,married,2,retired,,,middle class,strong democrat,liberal,biden,,oppose,,pretty happy,excellent,,,more or less satisfied,,catholic,2-3 times a month,no doubts,,
2022,3372,57,female,white,high school,12,midwest,married,1,retired,,2215.5,middle class,not very strong democrat,liberal,biden,,favor,should be legal,pretty happy,good,,can't be too careful,pretty well satisfied,,catholic,never,no doubts,yes,inspired word
2022,3373,46,female,white,bachelor's,16,midwest,married,2,keeping house,,,upper class,strong republican,conservative,trump,oppose,favor,,pretty happy,good,routine,,more or less satisfied,,protestant,every week,no doubts,,
2022,3374,28,female,white,bachelor's,16,midwest,married,1,keeping house,,13451.25,middle class,strong republican,extremely conservative,trump,,favor,,very happy,excellent,,,more or less satisfied,,protestant,every week,no doubts,,
2022,3375,74,female,white,graduate,20,midwest,married,0,working part time,24,23737.5,middle class,not very strong democrat,"moderate, middle of the road",biden,,oppose,should be legal,very happy,excellent,,most people can be trusted,pretty well satisfied,15,protestant,every week,no doubts,yes,inspired word
2022,3376,66,female,white,high school,12,midwest,married,2,retired,,1266,working class,strong democrat,conservative,biden,favor,favor,should be legal,pretty happy,good,routine,most people can be trusted,more or less satisfied,,protestant,less than once a year,no doubts,yes,word of god
2022,3377,53,female,white,associate/junior college,14,midwest,divorced,2,working full time,32,20572.5,working class,strong democrat,liberal,biden,favor,oppose,,not too happy,good,routine,,more or less satisfied,2,buddhism,never,,,
2022,3378,43,male,white,high school,14,midwest,never married,0,"unemployed, laid off, looking for work",,,working class,"independent, close to democrat",extremely liberal,biden,favor,oppose,should be legal,not too happy,fair,exciting,most people can be trusted,not satisfied at all,,protestant,never,higher power,yes,ancient book
2022,3379,42,female,white,associate/junior college,14,midwest,married,1,working full time,43,42727.5,middle class,"independent, close to republican",slightly conservative,biden,,favor,,not too happy,fair,,,pretty well satisfied,10,catholic,less than once a year,believe with doubts,,
2022,3380,65,male,white,associate/junior college,14,midwest,married,4,retired,,,middle class,"independent, close to republican",slightly conservative,biden,favor,favor,,pretty happy,fair,exciting,,pretty well satisfied,,catholic,about once or twice a year,,yes,ancient book
2022,3381,75,male,white,bachelor's,19,midwest,married,1,retired,,,middle class,"independent, close to democrat",slightly conservative,biden,favor,favor,,very happy,good,exciting,,more or less satisfied,,protestant,nearly every week,,,
2022,3382,72,male,white,bachelor's,20,midwest,divorced,0,retired,,,lower class,strong democrat,extremely conservative,trump,,favor,should not be legal,pretty happy,excellent,,most people can be trusted,more or less satisfied,,catholic,every week,no doubts,yes,word of god
2022,3383,69,male,white,bachelor's,16,midwest,widowed,2,retired,,,working class,strong democrat,slightly liberal,biden,favor,oppose,,pretty happy,good,exciting,,pretty well satisfied,,catholic,never,believe with doubts,,
2022,3384,27,male,white,high school,14,south,married,1,working full time,57,13451.25,working class,strong republican,conservative,trump,oppose,favor,should not be legal,very happy,good,routine,can't be too careful,pretty well satisfied,0,protestant,about once or twice a year,no doubts,yes,word of god
2022,3385,29,female,white,graduate,20,south,married,1,working full time,40,20572.5,middle class,"independent, close to democrat",liberal,biden,,oppose,,not too happy,good,,,more or less satisfied,10,none,never,"don't know, no way to find out",,
2022,3386,67,female,white,high school,12,south,married,3,retired,,,working class,not very strong democrat,"moderate, middle of the road",,favor,favor,should be legal,pretty happy,good,routine,depends,pretty well satisfied,,protestant,every week,no doubts,yes,word of god
2022,3387,41,male,white,high school,12,south,never married,3,working full time,45,28485,middle class,"independent, close to democrat",extremely conservative,,oppose,favor,should be legal,pretty happy,fair,exciting,can't be too careful,pretty well satisfied,,protestant,several times a year,no doubts,yes,word of god
2022,3388,74,male,white,bachelor's,16,south,divorced,2,retired,,,middle class,"independent (neither, no response)",slightly conservative,trump,favor,favor,,pretty happy,fair,exciting,,more or less satisfied,,protestant,nearly every week,,yes,inspired word
2022,3389,64,male,white,high school,12,south,married,1,working full time,60,163572.71343,middle class,strong democrat,liberal,biden,favor,favor,should be legal,pretty happy,fair,routine,can't be too careful,pretty well satisfied,,none,less than once a year,don't believe,no,inspired word
2022,3390,,female,white,associate/junior college,14,midwest,widowed,3,retired,,,,other party,conservative,trump,,favor,,pretty happy,fair,,,not satisfied at all,,protestant,nearly every week,no doubts,,
2022,3391,34,female,white,high school,12,midwest,married,3,keeping house,,,working class,"independent (neither, no response)","moderate, middle of the road",trump,,oppose,should be legal,pretty happy,good,,can't be too careful,pretty well satisfied,,don't know,several times a year,no doubts,yes,inspired word
2022,3392,35,female,white,high school,14,midwest,divorced,1,working full time,40,17407.5,working class,not very strong republican,"moderate, middle of the road",,favor,favor,,very happy,excellent,routine,,more or less satisfied,0,christian,never,,don't know,ancient book
2022,3393,21,female,white,high school,12,midwest,never married,0,working full time,40,5697,working class,"independent (neither, no response)","moderate, middle of the road",,favor,oppose,,pretty happy,good,routine,,not satisfied at all,30,none,never,,yes,ancient book
2022,3394,42,male,white,high school,12,midwest,never married,2,working full time,40,11868.75,,"independent (neither, no response)","moderate, middle of the road",,,favor,,pretty happy,excellent,,,,0,none,never,don't believe,,
2022,3395,68,female,white,high school,12,midwest,widowed,3,retired,,,middle class,strong republican,"moderate, middle of the road",,,favor,,pretty happy,good,,,more or less satisfied,,protestant,less than once a year,no doubts,,
2022,3396,39,male,white,high school,15,midwest,married,3,working full time,35,63300,middle class,strong republican,"moderate, middle of the road",trump,,favor,,not too happy,fair,,,not satisfied at all,30,none,never,"don't know, no way to find out",,
2022,3397,31,male,white,high school,12,midwest,married,4,working full time,89,8703.75,lower class,"independent, close to democrat",extremely liberal,,,favor,,pretty happy,good,,,not satisfied at all,0,none,several times a week,"don't know, no way to find out",,
2022,3398,69,male,white,less than high school,11,midwest,divorced,1,retired,,,working class,strong republican,"moderate, middle of the road",trump,oppose,favor,,very happy,good,routine,,not satisfied at all,,protestant,never,,yes,ancient book
2022,3399,77,female,white,associate/junior college,16,midwest,widowed,0,retired,,,middle class,strong republican,"moderate, middle of the road",trump,favor,favor,,pretty happy,fair,dull,,more or less satisfied,,protestant,never,,yes,inspired word
2022,3400,23,female,white,high school,12,midwest,never married,0,keeping house,,,working class,"independent (neither, no response)","moderate, middle of the road",,,favor,should be legal,very happy,good,,most people can be trusted,pretty well satisfied,,catholic,never,believe with doubts,don't know,inspired word
2022,3401,22,female,white,high school,12,midwest,married,1,"unemployed, laid off, looking for work",,,working class,"independent (neither, no response)","moderate, middle of the road",,oppose,favor,,pretty happy,good,routine,,pretty well satisfied,,none,never,,,
2022,3402,47,female,white,less than high school,12,midwest,widowed,1,working part time,36,,working class,strong republican,extremely conservative,trump,favor,don't know,,pretty happy,excellent,exciting,,more or less satisfied,0,protestant,never,,yes,word of god
2022,3403,45,male,white,associate/junior college,14,midwest,never married,1,working full time,60,28485,middle class,"independent (neither, no response)",slightly conservative,biden,,favor,should be legal,pretty happy,excellent,,can't be too careful,not satisfied at all,0,buddhism,several times a week,no doubts,yes,ancient book
2022,3404,50,female,white,bachelor's,16,midwest,divorced,0,working full time,40,52222.5,middle class,not very strong republican,"moderate, middle of the road",biden,,don't know,should be legal,very happy,good,,can't be too careful,more or less satisfied,0,protestant,never,believe with doubts,no,don't know
2022,3405,61,male,white,bachelor's,18,midwest,widowed,3,other,,42727.5,middle class,strong republican,conservative,trump,,favor,,pretty happy,good,,,more or less satisfied,,catholic,every week,no doubts,,
2022,3406,55,female,white,bachelor's,17,midwest,divorced,0,working full time,40,13451.25,lower class,strong democrat,extremely liberal,biden,favor,favor,,not too happy,good,dull,,not satisfied at all,25,none,never,,,
2022,3407,26,female,other,high school,14,midwest,married,1,keeping house,,10286.25,working class,strong republican,extremely conservative,,favor,favor,,very happy,excellent,routine,,more or less satisfied,,catholic,nearly every week,no doubts,,
2022,3408,85,female,white,high school,13,midwest,widowed,3,retired,,,middle class,strong republican,"moderate, middle of the road",trump,oppose,favor,should not be legal,pretty happy,fair,routine,depends,more or less satisfied,,protestant,several times a week,no doubts,yes,word of god
2022,3409,76,female,white,high school,12,midwest,divorced,2,retired,,,working class,"independent (neither, no response)","moderate, middle of the road",trump,,favor,,not too happy,fair,,,pretty well satisfied,,protestant,nearly every week,no doubts,,
2022,3410,69,female,white,high school,11,midwest,divorced,2,retired,,15033.75,lower class,not very strong republican,"moderate, middle of the road",trump,oppose,favor,,pretty happy,fair,routine,,not satisfied at all,,protestant,several times a week,,yes,word of god
2022,3411,40,male,white,high school,15,south,never married,0,working full time,60,23737.5,working class,strong republican,conservative,trump,,favor,,pretty happy,excellent,,,pretty well satisfied,0,protestant,every week,no doubts,,
2022,3412,72,male,white,high school,12,south,married,2,retired,,,middle class,strong republican,conservative,trump,,favor,should be legal,pretty happy,fair,,depends,more or less satisfied,,protestant,every week,no doubts,yes,word of god
2022,3413,33,male,white,high school,15,south,divorced,2,working full time,30,,working class,strong republican,conservative,,oppose,favor,,pretty happy,good,exciting,,more or less satisfied,0,protestant,about once or twice a year,,yes,word of god
2022,3414,43,female,white,graduate,14,south,married,2,working full time,40,28485,middle class,strong republican,conservative,trump,oppose,oppose,,very happy,excellent,exciting,,pretty well satisfied,0,protestant,several times a week,,,
2022,3415,61,female,white,associate/junior college,14,south,married,2,working full time,40,23737.5,middle class,strong republican,extremely liberal,trump,oppose,favor,,very happy,good,routine,,not satisfied at all,0,protestant,every week,no doubts,,
2022,3416,68,female,black,high school,13,south,divorced,1,retired,,,lower class,strong democrat,conservative,biden,favor,favor,should be legal,pretty happy,poor,routine,can't be too careful,not satisfied at all,,protestant,every week,no doubts,yes,word of god
2022,3417,62,male,black,high school,12,south,never married,0,retired,,7121.25,working class,not very strong democrat,liberal,trump,oppose,oppose,,pretty happy,poor,exciting,,more or less satisfied,,protestant,never,,no,word of god
2022,3418,52,female,black,less than high school,9,south,never married,3,other,,,working class,"independent, close to republican",extremely conservative,,,favor,should not be legal,not too happy,fair,,can't be too careful,not satisfied at all,,protestant,every week,no doubts,yes,word of god
2022,3420,,female,black,high school,12,south,never married,2,working part time,15,,working class,strong democrat,liberal,,,oppose,should be legal,pretty happy,excellent,,most people can be trusted,not satisfied at all,0,,,no doubts,yes,word of god
2022,3421,70,female,black,less than high school,9,south,divorced,4,retired,,13451.25,lower class,strong democrat,"moderate, middle of the road",biden,,favor,,very happy,fair,,,not satisfied at all,,protestant,about once a month,no doubts,,
2022,3422,33,male,other,less than high school,3,south,never married,1,working part time,15,1266,middle class,"independent (neither, no response)","moderate, middle of the road",,,oppose,should not be legal,not too happy,fair,,can't be too careful,more or less satisfied,0,none,2-3 times a month,no doubts,yes,inspired word
2022,3423,55,female,white,associate/junior college,15,south,never married,0,working full time,40,13451.25,working class,strong republican,conservative,trump,oppose,favor,,not too happy,fair,routine,,not satisfied at all,30,protestant,2-3 times a month,no doubts,,
2022,3424,,female,,high school,12,south,never married,0,in school,,,lower class,"independent (neither, no response)","moderate, middle of the road",,oppose,oppose,should be legal,pretty happy,excellent,routine,can't be too careful,more or less satisfied,,,,no doubts,yes,inspired word
2022,3425,,female,black,less than high school,,south,never married,,,,,working class,strong democrat,"moderate, middle of the road",biden,,oppose,should not be legal,pretty happy,fair,,can't be too careful,more or less satisfied,,don't know,several times a year,no doubts,yes,other (vol)
2022,3426,,female,black,bachelor's,16,south,never married,2,working full time,40,,upper class,strong democrat,extremely liberal,,oppose,oppose,,very happy,excellent,exciting,,more or less satisfied,0,don't know,every week,,yes,word of god
2022,3427,64,female,black,high school,12,south,never married,3,"unemployed, laid off, looking for work",,7121.25,working class,strong democrat,"moderate, middle of the road",biden,favor,favor,,not too happy,fair,exciting,,pretty well satisfied,,protestant,every week,no doubts,,
2022,3428,,female,black,high school,12,south,never married,2,don't know,,,middle class,strong democrat,liberal,,oppose,favor,should be legal,pretty happy,excellent,exciting,can't be too careful,pretty well satisfied,,,every week,"don't know, no way to find out",yes,word of god
2022,3429,25,female,white,high school,9,south,divorced,3,keeping house,,15033.75,lower class,"independent (neither, no response)","moderate, middle of the road",,,favor,,not too happy,good,,,not satisfied at all,,none,never,higher power,,
2022,3430,84,female,white,less than high school,10,south,widowed,3,"unemployed, laid off, looking for work",,,middle class,strong republican,"moderate, middle of the road",,favor,don't know,should not be legal,pretty happy,fair,exciting,can't be too careful,more or less satisfied,,protestant,never,believe sometimes,yes,inspired word
2022,3431,49,male,white,high school,12,south,married,3,working full time,50,28485,working class,"independent (neither, no response)","moderate, middle of the road",,favor,favor,,pretty happy,good,routine,,more or less satisfied,0,none,less than once a year,,,
2022,3432,60,female,white,high school,12,south,divorced,1,retired,,,working class,"independent (neither, no response)","moderate, middle of the road",,oppose,favor,,not too happy,poor,routine,,not satisfied at all,,protestant,never,no doubts,,
2022,3433,26,female,other,high school,12,south,never married,3,working part time,36,,lower class,"independent (neither, no response)",slightly liberal,,favor,favor,,not too happy,fair,dull,,more or less satisfied,,none,never,,,
2022,3434,25,female,black,high school,13,south,never married,1,working full time,40,15033.75,working class,strong democrat,"moderate, middle of the road",biden,,oppose,should be legal,very happy,excellent,,can't be too careful,pretty well satisfied,0,protestant,2-3 times a month,no doubts,yes,word of god
2022,3435,54,male,white,bachelor's,16,south,married,3,working full time,40,88620,working class,strong republican,conservative,trump,oppose,favor,,pretty happy,good,routine,,more or less satisfied,0,protestant,every week,no doubts,,
2022,3436,50,male,white,high school,12,south,married,2,working full time,40,28485,middle class,not very strong republican,conservative,trump,favor,favor,should not be legal,pretty happy,good,routine,most people can be trusted,not satisfied at all,0,protestant,every week,no doubts,yes,word of god
2022,3437,38,female,black,bachelor's,14,south,never married,0,working full time,40,20572.5,middle class,not very strong democrat,"moderate, middle of the road",biden,,favor,,pretty happy,fair,,,pretty well satisfied,0,none,about once or twice a year,believe with doubts,,
2022,3438,66,female,black,less than high school,10,south,divorced,1,retired,,,middle class,strong democrat,slightly liberal,biden,,favor,should be legal,pretty happy,fair,,can't be too careful,more or less satisfied,,protestant,every week,no doubts,yes,word of god
2022,3439,72,female,white,bachelor's,16,south,widowed,2,retired,,,upper class,not very strong republican,slightly liberal,trump,,don't know,should be legal,pretty happy,poor,,can't be too careful,pretty well satisfied,,protestant,every week,no doubts,yes,inspired word
2022,3440,54,male,white,high school,12,south,married,1,working full time,82,52222.5,middle class,not very strong republican,slightly conservative,trump,oppose,favor,,pretty happy,good,routine,,not satisfied at all,0,protestant,several times a year,no doubts,,
2022,3441,51,female,black,less than high school,11,south,never married,4,keeping house,,,lower class,not very strong democrat,conservative,,,favor,should be legal,not too happy,fair,,can't be too careful,not satisfied at all,,protestant,several times a year,believe with doubts,yes,word of god
2022,3442,71,female,black,less than high school,10,south,widowed,5,other,,,middle class,strong democrat,"moderate, middle of the road",biden,favor,favor,should be legal,not too happy,fair,dull,can't be too careful,more or less satisfied,,protestant,several times a year,no doubts,yes,word of god
2022,3443,45,female,black,high school,12,south,widowed,6,other,,,lower class,not very strong democrat,liberal,,,favor,should be legal,pretty happy,poor,,most people can be trusted,more or less satisfied,,protestant,never,no doubts,yes,word of god
2022,3444,29,male,black,less than high school,11,south,married,7,"with a job, but not at work because of temporary illness, vacation, strike",,10286.25,middle class,"independent, close to republican",slightly conservative,biden,oppose,favor,,very happy,excellent,exciting,,pretty well satisfied,0,none,about once a month,,yes,word of god
2022,3445,56,female,white,less than high school,11,south,widowed,4,keeping house,,,lower class,"independent (neither, no response)","moderate, middle of the road",,,favor,,not too happy,poor,,,more or less satisfied,,protestant,every week,no doubts,,
2022,3446,52,female,white,high school,12,south,married,1,other,,7121.25,working class,strong republican,conservative,trump,oppose,favor,,very happy,good,routine,,more or less satisfied,,protestant,every week,,yes,word of god
2022,3447,36,male,white,high school,12,south,married,3,retired,,,working class,strong republican,don't know,trump,oppose,favor,should be legal,pretty happy,poor,routine,can't be too careful,pretty well satisfied,,protestant,less than once a year,believe with doubts,yes,inspired word
2022,3448,33,female,white,high school,13,south,separated,4,keeping house,,7121.25,lower class,"independent, close to republican","moderate, middle of the road",,,oppose,,not too happy,fair,,,not satisfied at all,,catholic,several times a year,believe with doubts,,
2022,3449,28,female,white,high school,12,south,married,3,keeping house,,,working class,not very strong republican,liberal,trump,,favor,should not be legal,pretty happy,good,,can't be too careful,not satisfied at all,,protestant,nearly every week,no doubts,,
2022,3450,51,male,white,high school,12,south,never married,0,working full time,46,20572.5,working class,strong republican,liberal,trump,favor,oppose,should not be legal,pretty happy,fair,routine,most people can be trusted,more or less satisfied,0,protestant,about once or twice a year,no doubts,yes,word of god
2022,3451,33,male,white,less than high school,10,south,never married,0,retired,,,lower class,"independent, close to republican",conservative,trump,favor,favor,,not too happy,poor,dull,,not satisfied at all,,protestant,about once a month,no doubts,,
2022,3452,33,female,white,graduate,19,south,married,2,working full time,0,28485,working class,strong republican,conservative,trump,favor,favor,should not be legal,pretty happy,fair,routine,can't be too careful,more or less satisfied,8,protestant,several times a year,no doubts,yes,word of god
2022,3453,34,female,other,high school,13,south,married,0,keeping house,,5697,working class,"independent (neither, no response)","moderate, middle of the road",,favor,favor,,very happy,fair,routine,,more or less satisfied,,catholic,2-3 times a month,,don't know,inspired word
2022,3454,49,male,white,high school,12,south,married,2,working full time,25,5697,working class,not very strong republican,slightly conservative,trump,favor,favor,should not be legal,very happy,excellent,routine,can't be too careful,pretty well satisfied,0,protestant,several times a week,no doubts,yes,word of god
2022,3455,31,male,white,less than high school,10,south,never married,0,"unemployed, laid off, looking for work",,10286.25,middle class,not very strong republican,extremely conservative,trump,oppose,favor,should not be legal,pretty happy,excellent,exciting,can't be too careful,not satisfied at all,,protestant,less than once a year,no doubts,yes,word of god
2022,3456,40,female,white,bachelor's,18,south,married,3,working full time,40,20572.5,working class,not very strong republican,conservative,trump,,oppose,,pretty happy,good,,,not satisfied at all,0,protestant,2-3 times a month,no doubts,,
2022,3457,33,female,white,associate/junior college,14,south,divorced,3,working full time,55,42727.5,working class,not very strong republican,"moderate, middle of the road",,favor,favor,,pretty happy,good,exciting,,more or less satisfied,10,protestant,every week,,yes,word of god
2022,3458,55,male,black,high school,12,south,divorced,2,working full time,32,34815,working class,"independent (neither, no response)",slightly conservative,,favor,favor,,pretty happy,fair,routine,,more or less satisfied,5,protestant,several times a year,,,
2022,3459,49,female,white,high school,11,south,married,3,keeping house,,,middle class,strong republican,conservative,trump,oppose,favor,,not too happy,fair,routine,,more or less satisfied,,protestant,less than once a year,,,
2022,3460,40,female,white,high school,13,south,divorced,2,keeping house,,20572.5,working class,not very strong republican,conservative,trump,oppose,favor,should be legal,very happy,good,routine,can't be too careful,not satisfied at all,,protestant,about once a month,no doubts,yes,inspired word
2022,3461,22,male,black,less than high school,7,south,never married,0,in school,,,middle class,"independent, close to democrat",slightly liberal,,oppose,oppose,,not too happy,good,routine,,not satisfied at all,,protestant,about once a month,believe with doubts,,
2022,3462,,male,other,high school,13,south,never married,8,other,,,upper class,"independent (neither, no response)","moderate, middle of the road",biden,oppose,oppose,,not too happy,poor,dull,,not satisfied at all,,none,several times a week,no doubts,,
2022,3463,43,female,white,less than high school,10,south,divorced,5,keeping house,,,lower class,"independent, close to republican","moderate, middle of the road",,favor,favor,should be legal,not too happy,fair,routine,can't be too careful,not satisfied at all,,none,never,no doubts,yes,inspired word
2022,3464,51,male,white,less than high school,11,south,married,3,working full time,50,34815,lower class,not very strong republican,extremely conservative,trump,favor,favor,,pretty happy,good,routine,,more or less satisfied,0,protestant,every week,,,
2022,3465,20,female,white,high school,14,south,never married,0,in school,,,middle class,"independent, close to republican",conservative,trump,,oppose,,very happy,good,,,pretty well satisfied,,protestant,every week,no doubts,,
2022,3466,28,female,white,high school,13,south,divorced,0,working full time,32,1266,working class,strong republican,slightly conservative,trump,,oppose,should not be legal,very happy,good,,can't be too careful,pretty well satisfied,0,protestant,nearly every week,no doubts,yes,word of god
2022,3467,34,male,white,less than high school,9,south,never married,4,"with a job, but not at work because of temporary illness, vacation, strike",,,middle class,"independent (neither, no response)",extremely liberal,,oppose,oppose,,not too happy,fair,exciting,,pretty well satisfied,0,protestant,several times a year,,,
2022,3468,29,male,white,high school,15,south,never married,0,working full time,40,34815,working class,strong republican,slightly conservative,,favor,favor,,not too happy,good,exciting,,not satisfied at all,14,catholic,never,,,
2022,3469,40,female,black,bachelor's,16,south,never married,2,working full time,40,13451.25,working class,strong democrat,"moderate, middle of the road",biden,oppose,favor,,very happy,poor,routine,,more or less satisfied,1,protestant,never,,,
2022,3470,33,female,black,less than high school,5,south,never married,2,working full time,37,,lower class,not very strong democrat,liberal,,favor,favor,,pretty happy,excellent,dull,,not satisfied at all,5,protestant,every week,,yes,inspired word
2022,3471,74,female,black,high school,12,south,married,1,keeping house,,,middle class,strong democrat,"moderate, middle of the road",biden,,favor,should be legal,pretty happy,good,,can't be too careful,more or less satisfied,,protestant,nearly every week,no doubts,yes,inspired word
2022,3472,74,male,black,high school,12,south,separated,6,retired,,13451.25,lower class,not very strong democrat,"moderate, middle of the road",biden,favor,oppose,,pretty happy,good,exciting,,not satisfied at all,,protestant,nearly every week,,yes,word of god
2022,3473,59,female,black,less than high school,5,south,divorced,3,working full time,40,23737.5,working class,strong democrat,"moderate, middle of the road",,favor,favor,,pretty happy,fair,dull,,not satisfied at all,10,protestant,every week,,,
2022,3474,28,female,black,high school,12,south,never married,3,working full time,40,,lower class,,slightly conservative,,favor,favor,,pretty happy,excellent,routine,,pretty well satisfied,,none,2-3 times a month,believe sometimes,yes,inspired word
2022,3475,24,female,black,high school,12,south,never married,3,working full time,40,,working class,"independent (neither, no response)",slightly liberal,,oppose,oppose,,pretty happy,good,routine,,pretty well satisfied,5,protestant,never,,yes,inspired word
2022,3476,42,female,white,graduate,18,south,never married,0,working full time,40,,working class,"independent, close to democrat","moderate, middle of the road",,favor,favor,,pretty happy,excellent,routine,,more or less satisfied,0,protestant,2-3 times a month,no doubts,,
2022,3477,21,female,black,high school,12,south,never married,0,working part time,25,,working class,"independent (neither, no response)","moderate, middle of the road",,favor,oppose,,not too happy,good,routine,,not satisfied at all,15,none,less than once a year,no doubts,,
2022,3478,31,female,other,less than high school,,south,never married,2,keeping house,,,middle class,"independent (neither, no response)","moderate, middle of the road",,favor,oppose,,not too happy,fair,,,not satisfied at all,,none,every week,no doubts,,
2022,3479,73,male,white,associate/junior college,14,south,divorced,2,working full time,40,34815,middle class,"independent, close to republican",extremely conservative,trump,oppose,favor,,not too happy,excellent,exciting,,not satisfied at all,0,protestant,every week,no doubts,,
2022,3480,66,male,white,high school,12,south,married,2,retired,,,middle class,strong republican,conservative,trump,,favor,,pretty happy,good,,,pretty well satisfied,,protestant,2-3 times a month,no doubts,,
2022,3481,27,female,black,high school,15,south,never married,4,working full time,40,,middle class,strong democrat,"moderate, middle of the road",,oppose,favor,,pretty happy,fair,exciting,,more or less satisfied,6,protestant,2-3 times a month,,yes,word of god
2022,3482,46,female,black,high school,12,south,never married,2,working full time,53,17407.5,working class,strong democrat,"moderate, middle of the road",biden,favor,favor,don't know,pretty happy,fair,routine,can't be too careful,not satisfied at all,0,protestant,about once or twice a year,no doubts,yes,word of god
2022,3483,69,female,black,high school,12,south,separated,3,other,,,lower class,not very strong democrat,extremely conservative,biden,favor,oppose,,pretty happy,good,exciting,,more or less satisfied,,protestant,every week,,no,ancient book
2022,3484,66,male,black,associate/junior college,14,south,divorced,2,retired,,34815,middle class,strong democrat,"moderate, middle of the road",biden,favor,favor,,very happy,good,exciting,,pretty well satisfied,,protestant,about once a month,,no,ancient book
2022,3485,41,male,white,high school,14,south,never married,2,keeping house,,,lower class,not very strong republican,"moderate, middle of the road",,,favor,,pretty happy,good,,,not satisfied at all,,protestant,about once or twice a year,no doubts,,
2022,3486,25,male,other,high school,14,south,never married,3,other,,,lower class,"independent (neither, no response)",extremely conservative,,oppose,oppose,should be legal,pretty happy,good,exciting,can't be too careful,more or less satisfied,,none,never,believe sometimes,yes,inspired word
2022,3487,84,female,black,less than high school,7,south,divorced,0,keeping house,,,middle class,"independent (neither, no response)","moderate, middle of the road",,,favor,should not be legal,pretty happy,good,,can't be too careful,pretty well satisfied,,protestant,less than once a year,no doubts,yes,ancient book
2022,3488,31,male,white,bachelor's,16,south,married,0,working full time,40,34815,middle class,strong democrat,extremely liberal,biden,favor,oppose,,pretty happy,excellent,exciting,,pretty well satisfied,0,none,never,,,
2022,3489,64,male,white,associate/junior college,14,south,widowed,4,retired,,,lower class,"independent, close to democrat",slightly conservative,biden,favor,favor,should be legal,not too happy,fair,routine,can't be too careful,not satisfied at all,,protestant,never,"don't know, no way to find out",don't know,inspired word
2022,3490,30,female,white,bachelor's,16,south,never married,2,working part time,2,,working class,"independent, close to democrat",slightly liberal,biden,favor,favor,,pretty happy,good,routine,,more or less satisfied,10,none,never,,don't know,ancient book
2022,3491,67,male,white,graduate,16,south,married,3,working full time,30,88620,upper class,strong democrat,extremely liberal,biden,favor,oppose,,very happy,good,exciting,,pretty well satisfied,0,jewish,about once or twice a year,,,
2022,3492,54,male,white,bachelor's,20,south,widowed,0,keeping house,,,working class,not very strong democrat,liberal,,oppose,oppose,,not too happy,poor,routine,,not satisfied at all,,protestant,never,,no,inspired word
2022,3493,66,female,white,less than high school,10,south,married,4,retired,,,middle class,strong republican,extremely conservative,trump,favor,favor,,very happy,good,exciting,,pretty well satisfied,,protestant,several times a week,no doubts,,
2022,3494,36,male,white,graduate,18,south,married,3,working full time,40,42727.5,middle class,"independent, close to republican","moderate, middle of the road",other candidate,favor,favor,,very happy,excellent,exciting,,more or less satisfied,0,protestant,every week,,yes,word of god
2022,3495,57,female,white,high school,12,south,widowed,4,working full time,40,34815,lower class,not very strong republican,"moderate, middle of the road",trump,oppose,favor,should not be legal,pretty happy,excellent,routine,can't be too careful,not satisfied at all,2,protestant,several times a year,no doubts,yes,word of god
2022,3496,81,female,white,high school,12,south,widowed,1,retired,,,upper class,strong republican,extremely conservative,trump,oppose,favor,should not be legal,very happy,good,exciting,can't be too careful,,,protestant,nearly every week,no doubts,yes,word of god
2022,3497,25,female,white,high school,12,south,married,2,working full time,40,23737.5,middle class,strong republican,conservative,,oppose,favor,,very happy,good,exciting,,more or less satisfied,30,protestant,about once or twice a year,,don't know,inspired word
2022,3498,42,male,white,high school,12,south,married,3,working full time,56,34815,working class,other party,liberal,,oppose,oppose,,pretty happy,good,routine,,more or less satisfied,15,other,never,,don't know,ancient book
2022,3499,29,male,white,associate/junior college,14,south,married,0,working full time,40,34815,middle class,"independent, close to democrat","moderate, middle of the road",biden,oppose,oppose,,very happy,excellent,exciting,,pretty well satisfied,5,none,never,,,
2022,3500,66,male,white,high school,12,south,married,2,retired,,,middle class,strong democrat,extremely liberal,biden,favor,oppose,,very happy,good,exciting,,pretty well satisfied,,protestant,every week,no doubts,,
2022,3501,64,female,white,high school,12,south,widowed,4,retired,,,lower class,"independent (neither, no response)",slightly conservative,,,oppose,should not be legal,not too happy,poor,,can't be too careful,not satisfied at all,,protestant,every week,believe with doubts,yes,word of god
2022,3502,62,female,,less than high school,11,south,widowed,3,retired,,,middle class,"independent (neither, no response)",slightly liberal,,favor,favor,should be legal,pretty happy,fair,routine,can't be too careful,more or less satisfied,,protestant,2-3 times a month,no doubts,yes,word of god
2022,3503,31,male,white,high school,12,south,divorced,3,keeping house,,8703.75,working class,"independent (neither, no response)",slightly liberal,,oppose,oppose,should be legal,pretty happy,good,routine,can't be too careful,not satisfied at all,,none,never,don't believe,no,ancient book
2022,3504,65,female,white,associate/junior college,14,south,married,5,retired,,,middle class,strong republican,conservative,don't know,,oppose,,not too happy,good,,,more or less satisfied,,protestant,nearly every week,no doubts,,
2022,3505,78,female,white,graduate,18,south,married,2,retired,,,middle class,strong democrat,"moderate, middle of the road",biden,favor,oppose,,very happy,good,exciting,,pretty well satisfied,,catholic,every week,,,
2022,3506,54,female,white,bachelor's,16,south,never married,0,working full time,40,23737.5,middle class,strong democrat,liberal,biden,favor,oppose,,pretty happy,good,routine,,not satisfied at all,25,none,never,,,
2022,3507,53,male,white,bachelor's,16,south,married,2,working full time,40,163572.71343,middle class,not very strong democrat,"moderate, middle of the road",trump,favor,favor,,pretty happy,good,routine,,pretty well satisfied,2,catholic,nearly every week,,,
2022,3508,80,male,white,high school,14,south,married,2,retired,,,middle class,strong democrat,"moderate, middle of the road",biden,favor,favor,,very happy,good,exciting,,more or less satisfied,,protestant,every week,,,
2022,3509,78,female,white,high school,12,south,widowed,3,retired,,,working class,strong democrat,"moderate, middle of the road",biden,favor,oppose,,pretty happy,fair,exciting,,pretty well satisfied,,protestant,nearly every week,,yes,word of god
2022,3510,86,female,white,high school,11,south,married,2,retired,,,middle class,strong republican,conservative,trump,favor,favor,,pretty happy,fair,routine,,pretty well satisfied,,protestant,nearly every week,no doubts,,
2022,3511,67,male,white,high school,12,south,married,3,working full time,60,17407.5,working class,strong republican,conservative,trump,oppose,favor,,very happy,good,exciting,,more or less satisfied,0,protestant,several times a week,,,
2022,3512,27,male,white,graduate,18,south,never married,0,working full time,40,,working class,"independent (neither, no response)",slightly conservative,,favor,favor,,very happy,good,exciting,,pretty well satisfied,0,protestant,several times a week,,yes,word of god
2022,3513,51,male,white,graduate,20,south,never married,0,working full time,40,63300,middle class,not very strong republican,slightly conservative,trump,oppose,favor,,pretty happy,good,routine,,not satisfied at all,2,protestant,several times a year,no doubts,,
2022,3514,77,male,white,high school,13,south,married,2,retired,,,working class,strong democrat,slightly liberal,other candidate,oppose,favor,should not be legal,very happy,good,routine,most people can be trusted,pretty well satisfied,,protestant,about once a month,no doubts,yes,word of god
2022,3515,67,female,white,high school,12,south,married,2,working part time,30,5697,lower class,"independent, close to republican",extremely liberal,trump,oppose,favor,should be legal,pretty happy,good,exciting,can't be too careful,not satisfied at all,2,protestant,several times a year,believe with doubts,yes,word of god
2022,3516,38,female,white,graduate,20,northeast,married,0,working full time,50,42727.5,middle class,"independent, close to democrat","moderate, middle of the road",,favor,favor,should not be legal,pretty happy,good,exciting,can't be too careful,more or less satisfied,30,protestant,about once a month,no doubts,yes,inspired word
2022,3517,25,male,white,associate/junior college,14,northeast,never married,0,working full time,60,28485,working class,other party,slightly conservative,other candidate,oppose,favor,,very happy,excellent,exciting,,more or less satisfied,3,protestant,about once or twice a year,believe with doubts,,
2022,3518,,male,white,bachelor's,16,northeast,married,0,retired,,,middle class,other party,liberal,biden,,oppose,should be legal,pretty happy,good,,can't be too careful,pretty well satisfied,,none,never,don't believe,no,ancient book
2022,3519,74,female,white,high school,14,northeast,divorced,2,retired,,,working class,strong democrat,liberal,biden,favor,oppose,,not too happy,good,routine,,more or less satisfied,,protestant,several times a year,higher power,,
2022,3520,85,female,white,bachelor's,17,northeast,never married,0,retired,,,working class,other party,extremely liberal,biden,,oppose,,not too happy,good,,,pretty well satisfied,,none,never,don't believe,no,ancient book
2022,3521,58,male,white,high school,12,northeast,married,2,working full time,40,28485,working class,"independent, close to democrat","moderate, middle of the road",biden,favor,oppose,,very happy,good,routine,,more or less satisfied,0,protestant,several times a year,,yes,word of god
2022,3522,30,male,white,bachelor's,16,northeast,married,1,working full time,45,42727.5,middle class,"independent, close to democrat",slightly liberal,biden,oppose,oppose,,pretty happy,good,routine,,pretty well satisfied,10,protestant,about once a month,,yes,inspired word
2022,3523,74,female,white,high school,12,northeast,married,2,working part time,15,7121.25,working class,strong republican,slightly conservative,trump,,favor,should not be legal,pretty happy,good,,can't be too careful,more or less satisfied,0,protestant,several times a year,no doubts,yes,inspired word
2022,3524,29,male,white,high school,12,northeast,never married,0,working full time,40,13451.25,working class,not very strong republican,"moderate, middle of the road",,,favor,should be legal,pretty happy,good,,can't be too careful,more or less satisfied,2,none,about once or twice a year,"don't know, no way to find out",no,ancient book
2022,3525,29,female,white,high school,12,northeast,married,0,working full time,40,52222.5,working class,"independent (neither, no response)",slightly liberal,,favor,oppose,,not too happy,fair,routine,,not satisfied at all,5,none,never,,,
2022,3526,78,female,white,less than high school,11,northeast,married,3,retired,,,lower class,"independent (neither, no response)","moderate, middle of the road",,,favor,,pretty happy,fair,,,more or less satisfied,,protestant,2-3 times a month,no doubts,,
2022,3527,63,female,white,high school,14,northeast,widowed,2,other,,,working class,not very strong democrat,slightly liberal,biden,favor,oppose,,pretty happy,good,routine,,pretty well satisfied,,protestant,never,,yes,inspired word
2022,3528,71,female,white,high school,11,northeast,married,3,working part time,16,5697,working class,strong republican,conservative,trump,,oppose,should not be legal,pretty happy,fair,,can't be too careful,pretty well satisfied,0,protestant,every week,no doubts,yes,word of god
2022,3529,72,male,white,high school,15,northeast,divorced,1,retired,,,middle class,strong republican,conservative,trump,,oppose,should not be legal,not too happy,fair,,can't be too careful,more or less satisfied,,protestant,about once or twice a year,no doubts,yes,word of god
2022,3530,60,female,white,high school,12,northeast,divorced,2,working full time,42,42727.5,working class,strong republican,conservative,trump,,favor,should be legal,not too happy,good,,can't be too careful,pretty well satisfied,0,protestant,about once or twice a year,no doubts,yes,word of god
2022,3531,64,female,white,bachelor's,16,northeast,never married,0,working full time,36,,middle class,strong republican,conservative,trump,,favor,,very happy,excellent,,,pretty well satisfied,0,protestant,every week,no doubts,,
2022,3532,61,male,white,bachelor's,16,northeast,never married,0,working full time,49,28485,working class,strong republican,slightly conservative,trump,favor,favor,should not be legal,not too happy,good,exciting,can't be too careful,more or less satisfied,1,protestant,less than once a year,believe sometimes,yes,inspired word
2022,3533,66,female,white,graduate,17,northeast,never married,1,working full time,40,42727.5,middle class,strong democrat,liberal,biden,favor,oppose,,not too happy,good,exciting,,more or less satisfied,0,jewish,about once or twice a year,"don't know, no way to find out",,
2022,3534,49,male,white,bachelor's,16,northeast,divorced,2,working full time,48,28485,working class,not very strong democrat,"moderate, middle of the road",biden,favor,favor,,pretty happy,good,routine,,pretty well satisfied,3,protestant,about once or twice a year,,no,ancient book
2022,3535,50,male,white,high school,12,northeast,married,0,working full time,78,20572.5,working class,"independent (neither, no response)",slightly liberal,,favor,favor,,pretty happy,poor,exciting,,not satisfied at all,6,catholic,about once or twice a year,,yes,ancient book
2022,3536,69,male,white,high school,14,northeast,married,0,retired,,,middle class,not very strong democrat,slightly liberal,biden,favor,favor,,pretty happy,good,routine,,more or less satisfied,,protestant,less than once a year,,,
2022,3537,66,male,white,bachelor's,17,northeast,married,3,retired,,,working class,strong democrat,liberal,biden,favor,oppose,,very happy,good,exciting,,pretty well satisfied,,none,never,,,
2022,3538,78,male,white,graduate,16,northeast,divorced,4,retired,,,middle class,"independent, close to democrat",slightly liberal,biden,favor,oppose,should be legal,pretty happy,good,exciting,most people can be trusted,pretty well satisfied,,protestant,2-3 times a month,believe with doubts,yes,ancient book
2022,3539,73,male,white,less than high school,9,northeast,divorced,4,retired,,,lower class,"independent, close to democrat",extremely conservative,,favor,favor,should be legal,not too happy,fair,dull,can't be too careful,not satisfied at all,,protestant,about once or twice a year,no doubts,no,word of god
2022,3540,84,female,white,high school,12,northeast,widowed,0,retired,,,middle class,strong republican,conservative,trump,favor,favor,,not too happy,good,routine,,not satisfied at all,,protestant,never,no doubts,,
2022,3541,22,female,white,high school,12,northeast,never married,0,working full time,48,,lower class,"independent, close to democrat",extremely liberal,biden,favor,oppose,,pretty happy,good,routine,,not satisfied at all,10,other,never,,yes,ancient book
2022,3542,29,female,white,graduate,19,northeast,married,2,working full time,50,42727.5,working class,"independent (neither, no response)","moderate, middle of the road",don't know,oppose,favor,,pretty happy,good,routine,,more or less satisfied,15,catholic,several times a year,,,
2022,3543,32,male,white,associate/junior college,15,northeast,never married,1,working full time,38,52222.5,middle class,"independent, close to democrat",slightly liberal,biden,,favor,should be legal,pretty happy,good,,most people can be trusted,pretty well satisfied,5,none,never,no doubts,yes,inspired word
2022,3544,49,female,white,graduate,17,northeast,married,0,working full time,40,42727.5,middle class,"independent, close to democrat",slightly liberal,biden,favor,oppose,should be legal,very happy,good,exciting,most people can be trusted,pretty well satisfied,2,none,several times a year,higher power,yes,ancient book
2022,3545,50,male,white,graduate,20,northeast,married,1,working full time,40,,middle class,not very strong democrat,liberal,biden,,oppose,should be legal,pretty happy,fair,,most people can be trusted,not satisfied at all,4,none,never,higher power,no,ancient book
